weight_type,variable,source,target,spillover_weight,abs_weight,indirect_coef,indirect_pvalue,retained,threshold,sign,rank_within_variable
economic_inv,es,河北,湖北,-0.6129603776216135,0.6129603776216135,-0.9918829739899072,0.0010338605027575,1,0.06803963154718351,negative,1
economic_inv,es,黑龙江,云南,-0.6074981621986074,0.6074981621986074,-0.9918829739899072,0.0010338605027575,1,0.06803963154718351,negative,2
economic_inv,es,云南,黑龙江,-0.6072155497262363,0.6072155497262363,-0.9918829739899072,0.0010338605027575,1,0.06803963154718351,negative,3
economic_inv,es,内蒙古,广西,-0.5517931216816814,0.5517931216816814,-0.9918829739899072,0.0010338605027575,1,0.06803963154718351,negative,4
economic_inv,es,广西,内蒙古,-0.5384269311860134,0.5384269311860134,-0.9918829739899072,0.0010338605027575,1,0.06803963154718351,negative,5
economic_inv,es,湖南,湖北,-0.5255641397605355,0.5255641397605355,-0.9918829739899072,0.0010338605027575,1,0.06803963154718351,negative,6
economic_inv,es,湖北,河北,-0.519722903512354,0.519722903512354,-0.9918829739899072,0.0010338605027575,1,0.06803963154718351,negative,7
economic_inv,es,北京,安徽,-0.4287210643449463,0.4287210643449463,-0.9918829739899072,0.0010338605027575,1,0.06803963154718351,negative,8
economic_inv,es,广东,江苏,-0.4226729342131669,0.4226729342131669,-0.9918829739899072,0.0010338605027575,1,0.06803963154718351,negative,9
economic_inv,es,安徽,北京,-0.42110268492614805,0.42110268492614805,-0.9918829739899072,0.0010338605027575,1,0.06803963154718351,negative,10
economic_inv,es,辽宁,上海,-0.41909586965444934,0.41909586965444934,-0.9918829739899072,0.0010338605027575,1,0.06803963154718351,negative,11
economic_inv,es,青海,宁夏,-0.416495192920831,0.416495192920831,-0.9918829739899072,0.0010338605027575,1,0.06803963154718351,negative,12
economic_inv,es,上海,辽宁,-0.4143700683655525,0.4143700683655525,-0.9918829739899072,0.0010338605027575,1,0.06803963154718351,negative,13
economic_inv,es,江苏,广东,-0.40286155567018833,0.40286155567018833,-0.9918829739899072,0.0010338605027575,1,0.06803963154718351,negative,14
economic_inv,es,湖北,湖南,-0.364376529773846,0.364376529773846,-0.9918829739899072,0.0010338605027575,1,0.06803963154718351,negative,15
economic_inv,es,宁夏,青海,-0.36016043225166283,0.36016043225166283,-0.9918829739899072,0.0010338605027575,1,0.06803963154718351,negative,16
economic_inv,es,海南,宁夏,-0.3246406240391073,0.3246406240391073,-0.9918829739899072,0.0010338605027575,1,0.06803963154718351,negative,17
economic_inv,es,湖南,河北,-0.30895588257875817,0.30895588257875817,-0.9918829739899072,0.0010338605027575,1,0.06803963154718351,negative,18
economic_inv,es,宁夏,海南,-0.26791344852721516,0.26791344852721516,-0.9918829739899072,0.0010338605027575,1,0.06803963154718351,negative,19
economic_inv,es,陕西,江西,-0.25894094988104477,0.25894094988104477,-0.9918829739899072,0.0010338605027575,1,0.06803963154718351,negative,20
economic_inv,es,河北,湖南,-0.25262811724292483,0.25262811724292483,-0.9918829739899072,0.0010338605027575,1,0.06803963154718351,negative,21
economic_inv,es,重庆,广西,-0.23950542164495903,0.23950542164495903,-0.9918829739899072,0.0010338605027575,1,0.06803963154718351,negative,22
economic_inv,es,山西,吉林,-0.2285603532979573,0.2285603532979573,-0.9918829739899072,0.0010338605027575,1,0.06803963154718351,negative,23
economic_inv,es,江西,陕西,-0.21673182565926438,0.21673182565926438,-0.9918829739899072,0.0010338605027575,1,0.06803963154718351,negative,24
economic_inv,es,吉林,山西,-0.20948790249865984,0.20948790249865984,-0.9918829739899072,0.0010338605027575,1,0.06803963154718351,negative,25
economic_inv,es,四川,湖南,-0.19230940706165517,0.19230940706165517,-0.9918829739899072,0.0010338605027575,1,0.06803963154718351,negative,26
economic_inv,es,重庆,内蒙古,-0.19044304320568364,0.19044304320568364,-0.9918829739899072,0.0010338605027575,1,0.06803963154718351,negative,27
economic_inv,es,海南,青海,-0.18616075442488914,0.18616075442488914,-0.9918829739899072,0.0010338605027575,1,0.06803963154718351,negative,28
economic_inv,es,四川,湖北,-0.17772162201634573,0.17772162201634573,-0.9918829739899072,0.0010338605027575,1,0.06803963154718351,negative,29
economic_inv,es,青海,海南,-0.17766168415098027,0.17766168415098027,-0.9918829739899072,0.0010338605027575,1,0.06803963154718351,negative,30
economic_inv,es,天津,重庆,-0.17397665667105974,0.17397665667105974,-0.9918829739899072,0.0010338605027575,1,0.06803963154718351,negative,31
economic_inv,es,贵州,山西,-0.16949260163470134,0.16949260163470134,-0.9918829739899072,0.0010338605027575,1,0.06803963154718351,negative,32
economic_inv,es,四川,河北,-0.16874724997266324,0.16874724997266324,-0.9918829739899072,0.0010338605027575,1,0.06803963154718351,negative,33
economic_inv,es,江西,内蒙古,-0.15112490696754843,0.15112490696754843,-0.9918829739899072,0.0010338605027575,1,0.06803963154718351,negative,34
economic_inv,es,山东,江苏,-0.14843300968702142,0.14843300968702142,-0.9918829739899072,0.0010338605027575,1,0.06803963154718351,negative,35
economic_inv,es,广西,重庆,-0.13871079465588584,0.13871079465588584,-0.9918829739899072,0.0010338605027575,1,0.06803963154718351,negative,36
economic_inv,es,江西,广西,-0.13399770461103366,0.13399770461103366,-0.9918829739899072,0.0010338605027575,1,0.06803963154718351,negative,37
economic_inv,es,吉林,黑龙江,-0.13130511205095352,0.13130511205095352,-0.9918829739899072,0.0010338605027575,1,0.06803963154718351,negative,38
economic_inv,es,重庆,天津,-0.13065614742263773,0.13065614742263773,-0.9918829739899072,0.0010338605027575,1,0.06803963154718351,negative,39
economic_inv,es,新疆,贵州,-0.1303691344435441,0.1303691344435441,-0.9918829739899072,0.0010338605027575,1,0.06803963154718351,negative,40
economic_inv,es,山西,贵州,-0.13027980747324472,0.13027980747324472,-0.9918829739899072,0.0010338605027575,1,0.06803963154718351,negative,41
economic_inv,es,福建,辽宁,-0.12354498400605851,0.12354498400605851,-0.9918829739899072,0.0010338605027575,1,0.06803963154718351,negative,42
economic_inv,es,吉林,云南,-0.11934222254639301,0.11934222254639301,-0.9918829739899072,0.0010338605027575,1,0.06803963154718351,negative,43
economic_inv,es,浙江,河南,-0.1166148188954318,0.1166148188954318,-0.9918829739899072,0.0010338605027575,1,0.06803963154718351,negative,44
economic_inv,es,甘肃,新疆,-0.11616245045279051,0.11616245045279051,-0.9918829739899072,0.0010338605027575,1,0.06803963154718351,negative,45
economic_inv,es,江苏,山东,-0.11538534817511958,0.11538534817511958,-0.9918829739899072,0.0010338605027575,1,0.06803963154718351,negative,46
economic_inv,es,山东,广东,-0.11538506598239202,0.11538506598239202,-0.9918829739899072,0.0010338605027575,1,0.06803963154718351,negative,47
economic_inv,es,内蒙古,重庆,-0.11303411325805901,0.11303411325805901,-0.9918829739899072,0.0010338605027575,1,0.06803963154718351,negative,48
economic_inv,es,天津,广西,-0.11256801352268575,0.11256801352268575,-0.9918829739899072,0.0010338605027575,1,0.06803963154718351,negative,49
economic_inv,es,贵州,吉林,-0.10795694893168288,0.10795694893168288,-0.9918829739899072,0.0010338605027575,1,0.06803963154718351,negative,50
economic_inv,es,甘肃,海南,-0.10725736824037709,0.10725736824037709,-0.9918829739899072,0.0010338605027575,1,0.06803963154718351,negative,51
economic_inv,es,陕西,内蒙古,-0.10637953173079728,0.10637953173079728,-0.9918829739899072,0.0010338605027575,1,0.06803963154718351,negative,52
economic_inv,es,福建,上海,-0.10414496629511356,0.10414496629511356,-0.9918829739899072,0.0010338605027575,1,0.06803963154718351,negative,53
economic_inv,es,天津,内蒙古,-0.10318507461308796,0.10318507461308796,-0.9918829739899072,0.0010338605027575,1,0.06803963154718351,negative,54
economic_inv,es,贵州,新疆,-0.09900521632086041,0.09900521632086041,-0.9918829739899072,0.0010338605027575,1,0.06803963154718351,negative,55
economic_inv,es,陕西,广西,-0.0989294881646268,0.0989294881646268,-0.9918829739899072,0.0010338605027575,1,0.06803963154718351,negative,56
economic_inv,es,新疆,甘肃,-0.09791954731137932,0.09791954731137932,-0.9918829739899072,0.0010338605027575,1,0.06803963154718351,negative,57
economic_inv,es,天津,云南,-0.09620475117888065,0.09620475117888065,-0.9918829739899072,0.0010338605027575,1,0.06803963154718351,negative,58
economic_inv,es,广东,山东,-0.09410623260177835,0.09410623260177835,-0.9918829739899072,0.0010338605027575,1,0.06803963154718351,negative,59
economic_inv,es,江西,重庆,-0.09305957727814802,0.09305957727814802,-0.9918829739899072,0.0010338605027575,1,0.06803963154718351,negative,60
economic_inv,es,天津,黑龙江,-0.08876099346857012,0.08876099346857012,-0.9918829739899072,0.0010338605027575,1,0.06803963154718351,negative,61
economic_inv,es,山西,黑龙江,-0.08806267006339198,0.08806267006339198,-0.9918829739899072,0.0010338605027575,1,0.06803963154718351,negative,62
economic_inv,es,福建,河北,-0.0877473886569104,0.0877473886569104,-0.9918829739899072,0.0010338605027575,1,0.06803963154718351,negative,63
economic_inv,es,甘肃,宁夏,-0.08564102389867337,0.08564102389867337,-0.9918829739899072,0.0010338605027575,1,0.06803963154718351,negative,64
economic_inv,es,福建,湖北,-0.08563363329812759,0.08563363329812759,-0.9918829739899072,0.0010338605027575,1,0.06803963154718351,negative,65
economic_inv,es,河南,浙江,-0.08538924138136579,0.08538924138136579,-0.9918829739899072,0.0010338605027575,1,0.06803963154718351,negative,66
economic_inv,es,安徽,上海,-0.08394133167656873,0.08394133167656873,-0.9918829739899072,0.0010338605027575,1,0.06803963154718351,negative,67
economic_inv,es,上海,安徽,-0.08373579193602014,0.08373579193602014,-0.9918829739899072,0.0010338605027575,1,0.06803963154718351,negative,68
economic_inv,es,河南,四川,-0.08349127789104326,0.08349127789104326,-0.9918829739899072,0.0010338605027575,1,0.06803963154718351,negative,69
economic_inv,es,山西,云南,-0.08295134317402003,0.08295134317402003,-0.9918829739899072,0.0010338605027575,1,0.06803963154718351,negative,70
economic_inv,es,福建,湖南,-0.08278907390586718,0.08278907390586718,-0.9918829739899072,0.0010338605027575,1,0.06803963154718351,negative,71
economic_inv,es,新疆,山西,-0.08229714467681862,0.08229714467681862,-0.9918829739899072,0.0010338605027575,1,0.06803963154718351,negative,72
economic_inv,es,海南,甘肃,-0.08194137805765767,0.08194137805765767,-0.9918829739899072,0.0010338605027575,1,0.06803963154718351,negative,73
economic_inv,es,辽宁,福建,-0.07806874958153158,0.07806874958153158,-0.9918829739899072,0.0010338605027575,1,0.06803963154718351,negative,74
economic_inv,es,陕西,重庆,-0.07778439010072109,0.07778439010072109,-0.9918829739899072,0.0010338605027575,1,0.06803963154718351,negative,75
economic_inv,es,吉林,贵州,-0.07605626847017868,0.07605626847017868,-0.9918829739899072,0.0010338605027575,1,0.06803963154718351,negative,76
economic_inv,es,甘肃,青海,-0.07447576938072852,0.07447576938072852,-0.9918829739899072,0.0010338605027575,1,0.06803963154718351,negative,77
economic_inv,es,重庆,江西,-0.07317217467774786,0.07317217467774786,-0.9918829739899072,0.0010338605027575,1,0.06803963154718351,negative,78
economic_inv,es,北京,上海,-0.0712560012115047,0.0712560012115047,-0.9918829739899072,0.0010338605027575,1,0.06803963154718351,negative,79
economic_inv,es,河南,湖南,-0.07075388218523739,0.07075388218523739,-0.9918829739899072,0.0010338605027575,1,0.06803963154718351,negative,80
economic_inv,es,内蒙古,江西,-0.07052861451174564,0.07052861451174564,-0.9918829739899072,0.0010338605027575,1,0.06803963154718351,negative,81
economic_inv,es,辽宁,安徽,-0.07045354680504225,0.07045354680504225,-0.9918829739899072,0.0010338605027575,1,0.06803963154718351,negative,82
economic_inv,es,河南,湖北,-0.06987882942117049,0.06987882942117049,-0.9918829739899072,0.0010338605027575,1,0.06803963154718351,negative,83
economic_inv,es,安徽,辽宁,-0.06983008656924622,0.06983008656924622,-0.9918829739899072,0.0010338605027575,1,0.06803963154718351,negative,84
economic_inv,es,上海,北京,-0.06981840324703585,0.06981840324703585,-0.9918829739899072,0.0010338605027575,1,0.06803963154718351,negative,85
economic_inv,es,河南,河北,-0.06927812801269191,0.06927812801269191,-0.9918829739899072,0.0010338605027575,1,0.06803963154718351,negative,86
economic_inv,es,贵州,黑龙江,-0.06836036315213948,0.06836036315213948,-0.9918829739899072,0.0010338605027575,1,0.06803963154718351,negative,87
economic_inv,es,新疆,吉林,-0.06800399470218839,0.06800399470218839,-0.9918829739899072,0.0010338605027575,0,0.06803963154718351,negative,88
economic_inv,es,甘肃,贵州,-0.0663370518588777,0.0663370518588777,-0.9918829739899072,0.0010338605027575,0,0.06803963154718351,negative,89
economic_inv,es,贵州,云南,-0.06593613982280576,0.06593613982280576,-0.9918829739899072,0.0010338605027575,0,0.06803963154718351,negative,90
economic_inv,es,上海,福建,-0.06506768955324937,0.06506768955324937,-0.9918829739899072,0.0010338605027575,0,0.06803963154718351,negative,91
economic_inv,es,天津,江西,-0.062455747957910285,0.062455747957910285,-0.9918829739899072,0.0010338605027575,0,0.06803963154718351,negative,92
economic_inv,es,广西,江西,-0.06102069599020931,0.06102069599020931,-0.9918829739899072,0.0010338605027575,0,0.06803963154718351,negative,93
economic_inv,es,北京,辽宁,-0.06098111752874151,0.06098111752874151,-0.9918829739899072,0.0010338605027575,0,0.06803963154718351,negative,94
economic_inv,es,黑龙江,吉林,-0.060895743631557926,0.060895743631557926,-0.9918829739899072,0.0010338605027575,0,0.06803963154718351,negative,95
economic_inv,es,辽宁,北京,-0.06043226169605199,0.06043226169605199,-0.9918829739899072,0.0010338605027575,0,0.06803963154718351,negative,96
economic_inv,es,江西,天津,-0.059652190248389116,0.059652190248389116,-0.9918829739899072,0.0010338605027575,0,0.06803963154718351,negative,97
economic_inv,es,福建,四川,-0.05893764795005723,0.05893764795005723,-0.9918829739899072,0.0010338605027575,0,0.06803963154718351,negative,98
economic_inv,es,福建,安徽,-0.05860522308747117,0.05860522308747117,-0.9918829739899072,0.0010338605027575,0,0.06803963154718351,negative,99
economic_inv,es,浙江,四川,-0.05765212170450651,0.05765212170450651,-0.9918829739899072,0.0010338605027575,0,0.06803963154718351,negative,100
economic_inv,es,吉林,天津,-0.05720043690255416,0.05720043690255416,-0.9918829739899072,0.0010338605027575,0,0.06803963154718351,negative,101
economic_inv,es,山东,浙江,-0.05669907709600386,0.05669907709600386,-0.9918829739899072,0.0010338605027575,0,0.06803963154718351,negative,102
economic_inv,es,陕西,天津,-0.05588743891240284,0.05588743891240284,-0.9918829739899072,0.0010338605027575,0,0.06803963154718351,negative,103
economic_inv,es,四川,福建,-0.055404093399422996,0.055404093399422996,-0.9918829739899072,0.0010338605027575,0,0.06803963154718351,negative,104
economic_inv,es,云南,吉林,-0.05532193235558907,0.05532193235558907,-0.9918829739899072,0.0010338605027575,0,0.06803963154718351,negative,105
economic_inv,es,青海,甘肃,-0.054299617435231144,0.054299617435231144,-0.9918829739899072,0.0010338605027575,0,0.06803963154718351,negative,106
economic_inv,es,宁夏,甘肃,-0.053994512937808305,0.053994512937808305,-0.9918829739899072,0.0010338605027575,0,0.06803963154718351,negative,107
economic_inv,es,福建,北京,-0.053906485850308716,0.053906485850308716,-0.9918829739899072,0.0010338605027575,0,0.06803963154718351,negative,108
economic_inv,es,新疆,黑龙江,-0.053249189005590315,0.053249189005590315,-0.9918829739899072,0.0010338605027575,0,0.06803963154718351,negative,109
economic_inv,es,甘肃,山西,-0.05304635150862116,0.05304635150862116,-0.9918829739899072,0.0010338605027575,0,0.06803963154718351,negative,110
economic_inv,es,浙江,湖南,-0.05284223197740024,0.05284223197740024,-0.9918829739899072,0.0010338605027575,0,0.06803963154718351,negative,111
economic_inv,es,浙江,湖北,-0.05248282531918065,0.05248282531918065,-0.9918829739899072,0.0010338605027575,0,0.06803963154718351,negative,112
economic_inv,es,浙江,河北,-0.05223374770819084,0.05223374770819084,-0.9918829739899072,0.0010338605027575,0,0.06803963154718351,negative,113
economic_inv,es,新疆,云南,-0.052115719660733605,0.052115719660733605,-0.9918829739899072,0.0010338605027575,0,0.06803963154718351,negative,114
economic_inv,es,河南,福建,-0.051383387342771626,0.051383387342771626,-0.9918829739899072,0.0010338605027575,0,0.06803963154718351,negative,115
economic_inv,es,重庆,陕西,-0.05119166915219936,0.05119166915219936,-0.9918829739899072,0.0010338605027575,0,0.06803963154718351,negative,116
economic_inv,es,云南,天津,-0.050922880124033246,0.050922880124033246,-0.9918829739899072,0.0010338605027575,0,0.06803963154718351,negative,117
economic_inv,es,天津,吉林,-0.050094048008451665,0.050094048008451665,-0.9918829739899072,0.0010338605027575,0,0.06803963154718351,negative,118
economic_inv,es,山西,天津,-0.049022586051559125,0.049022586051559125,-0.9918829739899072,0.0010338605027575,0,0.06803963154718351,negative,119
economic_inv,es,天津,陕西,-0.0489758723324879,0.0489758723324879,-0.9918829739899072,0.0010338605027575,0,0.06803963154718351,negative,120
economic_inv,es,广西,天津,-0.04896083102662642,0.04896083102662642,-0.9918829739899072,0.0010338605027575,0,0.06803963154718351,negative,121
economic_inv,es,山西,新疆,-0.04803905156228329,0.04803905156228329,-0.9918829739899072,0.0010338605027575,0,0.06803963154718351,negative,122
economic_inv,es,甘肃,吉林,-0.04760934204584054,0.04760934204584054,-0.9918829739899072,0.0010338605027575,0,0.06803963154718351,negative,123
economic_inv,es,新疆,海南,-0.04700833169295434,0.04700833169295434,-0.9918829739899072,0.0010338605027575,0,0.06803963154718351,negative,124
economic_inv,es,黑龙江,天津,-0.04700463411055567,0.04700463411055567,-0.9918829739899072,0.0010338605027575,0,0.06803963154718351,negative,125
economic_inv,es,重庆,云南,-0.0465233424194959,0.0465233424194959,-0.9918829739899072,0.0010338605027575,0,0.06803963154718351,negative,126
economic_inv,es,贵州,天津,-0.046340517186639264,0.046340517186639264,-0.9918829739899072,0.0010338605027575,0,0.06803963154718351,negative,127
economic_inv,es,内蒙古,天津,-0.04599389284268349,0.04599389284268349,-0.9918829739899072,0.0010338605027575,0,0.06803963154718351,negative,128
economic_inv,es,吉林,重庆,-0.044412502681533204,0.044412502681533204,-0.9918829739899072,0.0010338605027575,0,0.06803963154718351,negative,129
economic_inv,es,重庆,黑龙江,-0.04413973194114514,0.04413973194114514,-0.9918829739899072,0.0010338605027575,0,0.06803963154718351,negative,130
economic_inv,es,浙江,福建,-0.043810406110546075,0.043810406110546075,-0.9918829739899072,0.0010338605027575,0,0.06803963154718351,negative,131
economic_inv,es,河南,辽宁,-0.04341798042574448,0.04341798042574448,-0.9918829739899072,0.0010338605027575,0,0.06803963154718351,negative,132
economic_inv,es,湖南,四川,-0.0431394706584597,0.0431394706584597,-0.9918829739899072,0.0010338605027575,0,0.06803963154718351,negative,133
economic_inv,es,山东,河南,-0.042977176555820486,0.042977176555820486,-0.9918829739899072,0.0010338605027575,0,0.06803963154718351,negative,134
economic_inv,es,海南,新疆,-0.04260370151731564,0.04260370151731564,-0.9918829739899072,0.0010338605027575,0,0.06803963154718351,negative,135
economic_inv,es,贵州,甘肃,-0.042466169978637724,0.042466169978637724,-0.9918829739899072,0.0010338605027575,0,0.06803963154718351,negative,136
economic_inv,es,河南,上海,-0.04219939684442888,0.04219939684442888,-0.9918829739899072,0.0010338605027575,0,0.06803963154718351,negative,137
economic_inv,es,新疆,天津,-0.04156553460150349,0.04156553460150349,-0.9918829739899072,0.0010338605027575,0,0.06803963154718351,negative,138
economic_inv,es,新疆,宁夏,-0.04155493515853922,0.04155493515853922,-0.9918829739899072,0.0010338605027575,0,0.06803963154718351,negative,139
economic_inv,es,内蒙古,陕西,-0.04155366486076084,0.04155366486076084,-0.9918829739899072,0.0010338605027575,0,0.06803963154718351,negative,140
economic_inv,es,甘肃,黑龙江,-0.04091822443065055,0.04091822443065055,-0.9918829739899072,0.0010338605027575,0,0.06803963154718351,negative,141
economic_inv,es,甘肃,云南,-0.04034977792270627,0.04034977792270627,-0.9918829739899072,0.0010338605027575,0,0.06803963154718351,negative,142
economic_inv,es,山西,重庆,-0.03997999647355312,0.03997999647355312,-0.9918829739899072,0.0010338605027575,0,0.06803963154718351,negative,143
economic_inv,es,贵州,重庆,-0.03979984387722057,0.03979984387722057,-0.9918829739899072,0.0010338605027575,0,0.06803963154718351,negative,144
economic_inv,es,吉林,广西,-0.039584765458775754,0.039584765458775754,-0.9918829739899072,0.0010338605027575,0,0.06803963154718351,negative,145
economic_inv,es,天津,山西,-0.03934966586285037,0.03934966586285037,-0.9918829739899072,0.0010338605027575,0,0.06803963154718351,negative,146
economic_inv,es,浙江,辽宁,-0.03930819912982785,0.03930819912982785,-0.9918829739899072,0.0010338605027575,0,0.06803963154718351,negative,147
economic_inv,es,浙江,上海,-0.03856985299741857,0.03856985299741857,-0.9918829739899072,0.0010338605027575,0,0.06803963154718351,negative,148
economic_inv,es,吉林,内蒙古,-0.038506427025056314,0.038506427025056314,-0.9918829739899072,0.0010338605027575,0,0.06803963154718351,negative,149
economic_inv,es,新疆,青海,-0.038253785782289156,0.038253785782289156,-0.9918829739899072,0.0010338605027575,0,0.06803963154718351,negative,150
economic_inv,es,广西,陕西,-0.037707480276225114,0.037707480276225114,-0.9918829739899072,0.0010338605027575,0,0.06803963154718351,negative,151
economic_inv,es,四川,辽宁,-0.037509859209776515,0.037509859209776515,-0.9918829739899072,0.0010338605027575,0,0.06803963154718351,negative,152
economic_inv,es,黑龙江,山西,-0.037433048976457134,0.037433048976457134,-0.9918829739899072,0.0010338605027575,0,0.06803963154718351,negative,153
economic_inv,es,新疆,重庆,-0.03738099453905958,0.03738099453905958,-0.9918829739899072,0.0010338605027575,0,0.06803963154718351,negative,154
economic_inv,es,浙江,山东,-0.03723317990227732,0.03723317990227732,-0.9918829739899072,0.0010338605027575,0,0.06803963154718351,negative,155
economic_inv,es,河南,安徽,-0.03705317632719397,0.03705317632719397,-0.9918829739899072,0.0010338605027575,0,0.06803963154718351,negative,156
economic_inv,es,陕西,云南,-0.03703412359412561,0.03703412359412561,-0.9918829739899072,0.0010338605027575,0,0.06803963154718351,negative,157
economic_inv,es,贵州,广西,-0.036954447378343,0.036954447378343,-0.9918829739899072,0.0010338605027575,0,0.06803963154718351,negative,158
economic_inv,es,安徽,福建,-0.036705246782891346,0.036705246782891346,-0.9918829739899072,0.0010338605027575,0,0.06803963154718351,negative,159
economic_inv,es,吉林,新疆,-0.03638330369832596,0.03638330369832596,-0.9918829739899072,0.0010338605027575,0,0.06803963154718351,negative,160
economic_inv,es,山西,广西,-0.03632477241548582,0.03632477241548582,-0.9918829739899072,0.0010338605027575,0,0.06803963154718351,negative,161
economic_inv,es,贵州,内蒙古,-0.03628612575772436,0.03628612575772436,-0.9918829739899072,0.0010338605027575,0,0.06803963154718351,negative,162
economic_inv,es,河南,北京,-0.036173821041759265,0.036173821041759265,-0.9918829739899072,0.0010338605027575,0,0.06803963154718351,negative,163
economic_inv,es,江西,云南,-0.036170465562280395,0.036170465562280395,-0.9918829739899072,0.0010338605027575,0,0.06803963154718351,negative,164
economic_inv,es,陕西,黑龙江,-0.03601522781448999,0.03601522781448999,-0.9918829739899072,0.0010338605027575,0,0.06803963154718351,negative,165
economic_inv,es,山西,内蒙古,-0.03548888630635667,0.03548888630635667,-0.9918829739899072,0.0010338605027575,0,0.06803963154718351,negative,166
economic_inv,es,新疆,广西,-0.03543491641177551,0.03543491641177551,-0.9918829739899072,0.0010338605027575,0,0.06803963154718351,negative,167
economic_inv,es,四川,上海,-0.035381192939557445,0.035381192939557445,-0.9918829739899072,0.0010338605027575,0,0.06803963154718351,negative,168
economic_inv,es,浙江,安徽,-0.03528964494299027,0.03528964494299027,-0.9918829739899072,0.0010338605027575,0,0.06803963154718351,negative,169
economic_inv,es,云南,山西,-0.0352439593840671,0.0352439593840671,-0.9918829739899072,0.0010338605027575,0,0.06803963154718351,negative,170
economic_inv,es,江西,黑龙江,-0.03501456002209626,0.03501456002209626,-0.9918829739899072,0.0010338605027575,0,0.06803963154718351,negative,171
economic_inv,es,新疆,内蒙古,-0.03496595373115911,0.03496595373115911,-0.9918829739899072,0.0010338605027575,0,0.06803963154718351,negative,172
economic_inv,es,浙江,北京,-0.034701359981024894,0.034701359981024894,-0.9918829739899072,0.0010338605027575,0,0.06803963154718351,negative,173
economic_inv,es,四川,河南,-0.034620305487628095,0.034620305487628095,-0.9918829739899072,0.0010338605027575,0,0.06803963154718351,negative,174
economic_inv,es,甘肃,天津,-0.03461556094370007,0.03461556094370007,-0.9918829739899072,0.0010338605027575,0,0.06803963154718351,negative,175
economic_inv,es,北京,陕西,-0.034490672859920524,0.034490672859920524,-0.9918829739899072,0.0010338605027575,0,0.06803963154718351,negative,176
economic_inv,es,山东,四川,-0.03445024717124689,0.03445024717124689,-0.9918829739899072,0.0010338605027575,0,0.06803963154718351,negative,177
economic_inv,es,北京,福建,-0.0343731756875892,0.0343731756875892,-0.9918829739899072,0.0010338605027575,0,0.06803963154718351,negative,178
economic_inv,es,山东,湖南,-0.03326219355858982,0.03326219355858982,-0.9918829739899072,0.0010338605027575,0,0.06803963154718351,negative,179
economic_inv,es,山东,湖北,-0.033168304269042534,0.033168304269042534,-0.9918829739899072,0.0010338605027575,0,0.06803963154718351,negative,180
economic_inv,es,山东,河北,-0.033102794154444636,0.033102794154444636,-0.9918829739899072,0.0010338605027575,0,0.06803963154718351,negative,181
economic_inv,es,青海,新疆,-0.033086631974608614,0.033086631974608614,-0.9918829739899072,0.0010338605027575,0,0.06803963154718351,negative,182
economic_inv,es,云南,重庆,-0.03279053322928777,0.03279053322928777,-0.9918829739899072,0.0010338605027575,0,0.06803963154718351,negative,183
economic_inv,es,陕西,北京,-0.032521032546036575,0.032521032546036575,-0.9918829739899072,0.0010338605027575,0,0.06803963154718351,negative,184
economic_inv,es,辽宁,河北,-0.032421089437133024,0.032421089437133024,-0.9918829739899072,0.0010338605027575,0,0.06803963154718351,negative,185
economic_inv,es,甘肃,重庆,-0.03209349989759799,0.03209349989759799,-0.9918829739899072,0.0010338605027575,0,0.06803963154718351,negative,186
economic_inv,es,辽宁,湖北,-0.03195981864621328,0.03195981864621328,-0.9918829739899072,0.0010338605027575,0,0.06803963154718351,negative,187
economic_inv,es,江苏,浙江,-0.03189282990550261,0.03189282990550261,-0.9918829739899072,0.0010338605027575,0,0.06803963154718351,negative,188
economic_inv,es,贵州,江西,-0.03178835076525798,0.03178835076525798,-0.9918829739899072,0.0010338605027575,0,0.06803963154718351,negative,189
economic_inv,es,吉林,江西,-0.03174147087156823,0.03174147087156823,-0.9918829739899072,0.0010338605027575,0,0.06803963154718351,negative,190
economic_inv,es,新疆,江西,-0.03168519574000266,0.03168519574000266,-0.9918829739899072,0.0010338605027575,0,0.06803963154718351,negative,191
economic_inv,es,安徽,陕西,-0.03135523947184461,0.03135523947184461,-0.9918829739899072,0.0010338605027575,0,0.06803963154718351,negative,192
economic_inv,es,辽宁,湖南,-0.03132415241695529,0.03132415241695529,-0.9918829739899072,0.0010338605027575,0,0.06803963154718351,negative,193
economic_inv,es,海南,贵州,-0.031312927238614806,0.031312927238614806,-0.9918829739899072,0.0010338605027575,0,0.06803963154718351,negative,194
economic_inv,es,黑龙江,重庆,-0.03112499897237871,0.03112499897237871,-0.9918829739899072,0.0010338605027575,0,0.06803963154718351,negative,195
economic_inv,es,宁夏,新疆,-0.031080411048515902,0.031080411048515902,-0.9918829739899072,0.0010338605027575,0,0.06803963154718351,negative,196
economic_inv,es,广东,浙江,-0.03100655552599007,0.03100655552599007,-0.9918829739899072,0.0010338605027575,0,0.06803963154718351,negative,197
economic_inv,es,河北,四川,-0.030952533599502122,0.030952533599502122,-0.9918829739899072,0.0010338605027575,0,0.06803963154718351,negative,198
economic_inv,es,甘肃,广西,-0.03086665873088373,0.03086665873088373,-0.9918829739899072,0.0010338605027575,0,0.06803963154718351,negative,199
economic_inv,es,山东,福建,-0.030650292217770936,0.030650292217770936,-0.9918829739899072,0.0010338605027575,0,0.06803963154718351,negative,200
economic_inv,es,北京,江西,-0.0306422385451971,0.0306422385451971,-0.9918829739899072,0.0010338605027575,0,0.06803963154718351,negative,201
economic_inv,es,甘肃,内蒙古,-0.03056564362526308,0.03056564362526308,-0.9918829739899072,0.0010338605027575,0,0.06803963154718351,negative,202
economic_inv,es,陕西,安徽,-0.030099521594317048,0.030099521594317048,-0.9918829739899072,0.0010338605027575,0,0.06803963154718351,negative,203
economic_inv,es,山西,江西,-0.030074454430017838,0.030074454430017838,-0.9918829739899072,0.0010338605027575,0,0.06803963154718351,negative,204
economic_inv,es,上海,河北,-0.02975376400828718,0.02975376400828718,-0.9918829739899072,0.0010338605027575,0,0.06803963154718351,negative,205
economic_inv,es,新疆,陕西,-0.029739496179515854,0.029739496179515854,-0.9918829739899072,0.0010338605027575,0,0.06803963154718351,negative,206
economic_inv,es,上海,湖北,-0.029360437260584717,0.029360437260584717,-0.9918829739899072,0.0010338605027575,0,0.06803963154718351,negative,207
economic_inv,es,贵州,陕西,-0.029259423995948785,0.029259423995948785,-0.9918829739899072,0.0010338605027575,0,0.06803963154718351,negative,208
economic_inv,es,重庆,吉林,-0.02920995554037925,0.02920995554037925,-0.9918829739899072,0.0010338605027575,0,0.06803963154718351,negative,209
economic_inv,es,山东,辽宁,-0.029118088034869868,0.029118088034869868,-0.9918829739899072,0.0010338605027575,0,0.06803963154718351,negative,210
economic_inv,es,山东,上海,-0.02884944025360949,0.02884944025360949,-0.9918829739899072,0.0010338605027575,0,0.06803963154718351,negative,211
economic_inv,es,上海,湖南,-0.028817083039103995,0.028817083039103995,-0.9918829739899072,0.0010338605027575,0,0.06803963154718351,negative,212
economic_inv,es,浙江,陕西,-0.028745056925938265,0.028745056925938265,-0.9918829739899072,0.0010338605027575,0,0.06803963154718351,negative,213
economic_inv,es,天津,贵州,-0.028591179358911843,0.028591179358911843,-0.9918829739899072,0.0010338605027575,0,0.06803963154718351,negative,214
economic_inv,es,甘肃,江西,-0.02839888335549635,0.02839888335549635,-0.9918829739899072,0.0010338605027575,0,0.06803963154718351,negative,215
economic_inv,es,吉林,陕西,-0.028277415440134394,0.028277415440134394,-0.9918829739899072,0.0010338605027575,0,0.06803963154718351,negative,216
economic_inv,es,陕西,吉林,-0.028259112738885983,0.028259112738885983,-0.9918829739899072,0.0010338605027575,0,0.06803963154718351,negative,217
economic_inv,es,浙江,江西,-0.02813846820342167,0.02813846820342167,-0.9918829739899072,0.0010338605027575,0,0.06803963154718351,negative,218
economic_inv,es,安徽,江西,-0.02809002992258897,0.02809002992258897,-0.9918829739899072,0.0010338605027575,0,0.06803963154718351,negative,219
economic_inv,es,河南,陕西,-0.027933597967661556,0.027933597967661556,-0.9918829739899072,0.0010338605027575,0,0.06803963154718351,negative,220
economic_inv,es,湖北,四川,-0.027640075299027702,0.027640075299027702,-0.9918829739899072,0.0010338605027575,0,0.06803963154718351,negative,221
economic_inv,es,四川,安徽,-0.027623702100968938,0.027623702100968938,-0.9918829739899072,0.0010338605027575,0,0.06803963154718351,negative,222
economic_inv,es,山东,安徽,-0.027589800915535822,0.027589800915535822,-0.9918829739899072,0.0010338605027575,0,0.06803963154718351,negative,223
economic_inv,es,云南,广西,-0.02745706542043525,0.02745706542043525,-0.9918829739899072,0.0010338605027575,0,0.06803963154718351,negative,224
economic_inv,es,山东,北京,-0.027351743516983655,0.027351743516983655,-0.9918829739899072,0.0010338605027575,0,0.06803963154718351,negative,225
economic_inv,es,浙江,内蒙古,-0.027311916588072256,0.027311916588072256,-0.9918829739899072,0.0010338605027575,0,0.06803963154718351,negative,226
economic_inv,es,浙江,广西,-0.0272097560327278,0.0272097560327278,-0.9918829739899072,0.0010338605027575,0,0.06803963154718351,negative,227
economic_inv,es,山西,陕西,-0.027182669530527677,0.027182669530527677,-0.9918829739899072,0.0010338605027575,0,0.06803963154718351,negative,228
economic_inv,es,河南,江西,-0.027156663161749826,0.027156663161749826,-0.9918829739899072,0.0010338605027575,0,0.06803963154718351,negative,229
economic_inv,es,海南,山西,-0.027115347980409047,0.027115347980409047,-0.9918829739899072,0.0010338605027575,0,0.06803963154718351,negative,230
economic_inv,es,甘肃,陕西,-0.027061245776062625,0.027061245776062625,-0.9918829739899072,0.0010338605027575,0,0.06803963154718351,negative,231
economic_inv,es,福建,陕西,-0.026999231203418878,0.026999231203418878,-0.9918829739899072,0.0010338605027575,0,0.06803963154718351,negative,232
economic_inv,es,浙江,江苏,-0.02694182582445173,0.02694182582445173,-0.9918829739899072,0.0010338605027575,0,0.06803963154718351,negative,233
economic_inv,es,浙江,重庆,-0.026820341738108835,0.026820341738108835,-0.9918829739899072,0.0010338605027575,0,0.06803963154718351,negative,234
economic_inv,es,江西,吉林,-0.02655020079293896,0.02655020079293896,-0.9918829739899072,0.0010338605027575,0,0.06803963154718351,negative,235
economic_inv,es,四川,北京,-0.026466949377888193,0.026466949377888193,-0.9918829739899072,0.0010338605027575,0,0.06803963154718351,negative,236
economic_inv,es,北京,内蒙古,-0.026415311176165773,0.026415311176165773,-0.9918829739899072,0.0010338605027575,0,0.06803963154718351,negative,237
economic_inv,es,云南,内蒙古,-0.026352804934960464,0.026352804934960464,-0.9918829739899072,0.0010338605027575,0,0.06803963154718351,negative,238
economic_inv,es,黑龙江,广西,-0.02628145028508223,0.02628145028508223,-0.9918829739899072,0.0010338605027575,0,0.06803963154718351,negative,239
economic_inv,es,贵州,海南,-0.026238226024499423,0.026238226024499423,-0.9918829739899072,0.0010338605027575,0,0.06803963154718351,negative,240
economic_inv,es,浙江,天津,-0.02613471074652216,0.02613471074652216,-0.9918829739899072,0.0010338605027575,0,0.06803963154718351,negative,241
economic_inv,es,河南,内蒙古,-0.026114983700080183,0.026114983700080183,-0.9918829739899072,0.0010338605027575,0,0.06803963154718351,negative,242
economic_inv,es,山西,甘肃,-0.026101700848857757,0.026101700848857757,-0.9918829739899072,0.0010338605027575,0,0.06803963154718351,negative,243
economic_inv,es,河南,广西,-0.025987571077205944,0.025987571077205944,-0.9918829739899072,0.0010338605027575,0,0.06803963154718351,negative,244
economic_inv,es,北京,广西,-0.025957634812242565,0.025957634812242565,-0.9918829739899072,0.0010338605027575,0,0.06803963154718351,negative,245
economic_inv,es,江苏,河南,-0.02590738025920126,0.02590738025920126,-0.9918829739899072,0.0010338605027575,0,0.06803963154718351,negative,246
economic_inv,es,青海,贵州,-0.025580600587426564,0.025580600587426564,-0.9918829739899072,0.0010338605027575,0,0.06803963154718351,negative,247
economic_inv,es,广东,河南,-0.0255390433269081,0.0255390433269081,-0.9918829739899072,0.0010338605027575,0,0.06803963154718351,negative,248
economic_inv,es,河南,重庆,-0.025504560047647055,0.025504560047647055,-0.9918829739899072,0.0010338605027575,0,0.06803963154718351,negative,249
economic_inv,es,福建,江西,-0.02540651963924042,0.02540651963924042,-0.9918829739899072,0.0010338605027575,0,0.06803963154718351,negative,250
economic_inv,es,黑龙江,内蒙古,-0.02526843465110462,0.02526843465110462,-0.9918829739899072,0.0010338605027575,0,0.06803963154718351,negative,251
economic_inv,es,辽宁,四川,-0.02521439125146439,0.02521439125146439,-0.9918829739899072,0.0010338605027575,0,0.06803963154718351,negative,252
economic_inv,es,海南,吉林,-0.025190533772213114,0.025190533772213114,-0.9918829739899072,0.0010338605027575,0,0.06803963154718351,negative,253
economic_inv,es,浙江,云南,-0.02497989880117821,0.02497989880117821,-0.9918829739899072,0.0010338605027575,0,0.06803963154718351,negative,254
economic_inv,es,浙江,广东,-0.024965420072443022,0.024965420072443022,-0.9918829739899072,0.0010338605027575,0,0.06803963154718351,negative,255
economic_inv,es,陕西,山西,-0.024898258103678034,0.024898258103678034,-0.9918829739899072,0.0010338605027575,0,0.06803963154718351,negative,256
economic_inv,es,浙江,黑龙江,-0.024887673952244307,0.024887673952244307,-0.9918829739899072,0.0010338605027575,0,0.06803963154718351,negative,257
economic_inv,es,山东,陕西,-0.024702360613489467,0.024702360613489467,-0.9918829739899072,0.0010338605027575,0,0.06803963154718351,negative,258
economic_inv,es,河南,天津,-0.024664240240453036,0.024664240240453036,-0.9918829739899072,0.0010338605027575,0,0.06803963154718351,negative,259
economic_inv,es,安徽,内蒙古,-0.024440055899083865,0.024440055899083865,-0.9918829739899072,0.0010338605027575,0,0.06803963154718351,negative,260
economic_inv,es,山东,江西,-0.024405460536188806,0.024405460536188806,-0.9918829739899072,0.0010338605027575,0,0.06803963154718351,negative,261
economic_inv,es,北京,重庆,-0.024321886342469887,0.024321886342469887,-0.9918829739899072,0.0010338605027575,0,0.06803963154718351,negative,262
economic_inv,es,江西,北京,-0.02418271740737985,0.02418271740737985,-0.9918829739899072,0.0010338605027575,0,0.06803963154718351,negative,263
economic_inv,es,重庆,山西,-0.02410052206844839,0.02410052206844839,-0.9918829739899072,0.0010338605027575,0,0.06803963154718351,negative,264
economic_inv,es,安徽,广西,-0.024040778101169606,0.024040778101169606,-0.9918829739899072,0.0010338605027575,0,0.06803963154718351,negative,265
economic_inv,es,浙江,吉林,-0.024003593925220966,0.024003593925220966,-0.9918829739899072,0.0010338605027575,0,0.06803963154718351,negative,266
economic_inv,es,山东,内蒙古,-0.02399191493188437,0.02399191493188437,-0.9918829739899072,0.0010338605027575,0,0.06803963154718351,negative,267
economic_inv,es,山东,广西,-0.023940064689465287,0.023940064689465287,-0.9918829739899072,0.0010338605027575,0,0.06803963154718351,negative,268
economic_inv,es,贵州,宁夏,-0.02393007188634444,0.02393007188634444,-0.9918829739899072,0.0010338605027575,0,0.06803963154718351,negative,269
economic_inv,es,山东,重庆,-0.02374090580823583,0.02374090580823583,-0.9918829739899072,0.0010338605027575,0,0.06803963154718351,negative,270
economic_inv,es,宁夏,贵州,-0.023568115249499158,0.023568115249499158,-0.9918829739899072,0.0010338605027575,0,0.06803963154718351,negative,271
economic_inv,es,上海,四川,-0.0235152998838295,0.0235152998838295,-0.9918829739899072,0.0010338605027575,0,0.06803963154718351,negative,272
economic_inv,es,浙江,山西,-0.023480785499606038,0.023480785499606038,-0.9918829739899072,0.0010338605027575,0,0.06803963154718351,negative,273
economic_inv,es,福建,内蒙古,-0.02342477451925281,0.02342477451925281,-0.9918829739899072,0.0010338605027575,0,0.06803963154718351,negative,274
economic_inv,es,山东,天津,-0.02338430338026241,0.02338430338026241,-0.9918829739899072,0.0010338605027575,0,0.06803963154718351,negative,275
economic_inv,es,河南,云南,-0.023277311817611224,0.023277311817611224,-0.9918829739899072,0.0010338605027575,0,0.06803963154718351,negative,276
economic_inv,es,福建,广西,-0.023193536803515113,0.023193536803515113,-0.9918829739899072,0.0010338605027575,0,0.06803963154718351,negative,277
economic_inv,es,河南,黑龙江,-0.02316805564857695,0.02316805564857695,-0.9918829739899072,0.0010338605027575,0,0.06803963154718351,negative,278
economic_inv,es,江西,山西,-0.02305666924938083,0.02305666924938083,-0.9918829739899072,0.0010338605027575,0,0.06803963154718351,negative,279
economic_inv,es,上海,陕西,-0.022772193330341205,0.022772193330341205,-0.9918829739899072,0.0010338605027575,0,0.06803963154718351,negative,280
economic_inv,es,山东,云南,-0.02276590770775839,0.02276590770775839,-0.9918829739899072,0.0010338605027575,0,0.06803963154718351,negative,281
economic_inv,es,山东,黑龙江,-0.02271553039922995,0.02271553039922995,-0.9918829739899072,0.0010338605027575,0,0.06803963154718351,negative,282
economic_inv,es,福建,河南,-0.022665404067998565,0.022665404067998565,-0.9918829739899072,0.0010338605027575,0,0.06803963154718351,negative,283
economic_inv,es,海南,黑龙江,-0.022627854136301494,0.022627854136301494,-0.9918829739899072,0.0010338605027575,0,0.06803963154718351,negative,284
economic_inv,es,浙江,贵州,-0.022616579990576854,0.022616579990576854,-0.9918829739899072,0.0010338605027575,0,0.06803963154718351,negative,285
economic_inv,es,安徽,重庆,-0.022607153749427053,0.022607153749427053,-0.9918829739899072,0.0010338605027575,0,0.06803963154718351,negative,286
economic_inv,es,青海,山西,-0.022587426974752158,0.022587426974752158,-0.9918829739899072,0.0010338605027575,0,0.06803963154718351,negative,287
economic_inv,es,江西,安徽,-0.022569587688895304,0.022569587688895304,-0.9918829739899072,0.0010338605027575,0,0.06803963154718351,negative,288
economic_inv,es,广西,云南,-0.022561681228683177,0.022561681228683177,-0.9918829739899072,0.0010338605027575,0,0.06803963154718351,negative,289
economic_inv,es,贵州,青海,-0.02246031756178659,0.02246031756178659,-0.9918829739899072,0.0010338605027575,0,0.06803963154718351,negative,290
economic_inv,es,海南,云南,-0.0223994331795847,0.0223994331795847,-0.9918829739899072,0.0010338605027575,0,0.06803963154718351,negative,291
economic_inv,es,福建,重庆,-0.022337610296791103,0.022337610296791103,-0.9918829739899072,0.0010338605027575,0,0.06803963154718351,negative,292
economic_inv,es,黑龙江,贵州,-0.022335417591709712,0.022335417591709712,-0.9918829739899072,0.0010338605027575,0,0.06803963154718351,negative,293
economic_inv,es,山东,吉林,-0.022224907314371385,0.022224907314371385,-0.9918829739899072,0.0010338605027575,0,0.06803963154718351,negative,294
economic_inv,es,内蒙古,云南,-0.022191859585126948,0.022191859585126948,-0.9918829739899072,0.0010338605027575,0,0.06803963154718351,negative,295
economic_inv,es,河南,吉林,-0.02213175213220862,0.02213175213220862,-0.9918829739899072,0.0010338605027575,0,0.06803963154718351,negative,296
economic_inv,es,安徽,河北,-0.022007052124438962,0.022007052124438962,-0.9918829739899072,0.0010338605027575,0,0.06803963154718351,negative,297
economic_inv,es,山东,山西,-0.0219280499717713,0.0219280499717713,-0.9918829739899072,0.0010338605027575,0,0.06803963154718351,negative,298
economic_inv,es,陕西,上海,-0.021913868732496768,0.021913868732496768,-0.9918829739899072,0.0010338605027575,0,0.06803963154718351,negative,299
economic_inv,es,辽宁,陕西,-0.021832096788572168,0.021832096788572168,-0.9918829739899072,0.0010338605027575,0,0.06803963154718351,negative,300
economic_inv,es,北京,天津,-0.021803288086615042,0.021803288086615042,-0.9918829739899072,0.0010338605027575,0,0.06803963154718351,negative,301
economic_inv,es,安徽,湖北,-0.0217916567136348,0.0217916567136348,-0.9918829739899072,0.0010338605027575,0,0.06803963154718351,negative,302
economic_inv,es,江苏,四川,-0.021735471211858745,0.021735471211858745,-0.9918829739899072,0.0010338605027575,0,0.06803963154718351,negative,303
economic_inv,es,广东,四川,-0.021636975324780983,0.021636975324780983,-0.9918829739899072,0.0010338605027575,0,0.06803963154718351,negative,304
economic_inv,es,广西,黑龙江,-0.02158562279681181,0.02158562279681181,-0.9918829739899072,0.0010338605027575,0,0.06803963154718351,negative,305
economic_inv,es,云南,贵州,-0.02153332770194588,0.02153332770194588,-0.9918829739899072,0.0010338605027575,0,0.06803963154718351,negative,306
economic_inv,es,河南,山西,-0.021528182424232243,0.021528182424232243,-0.9918829739899072,0.0010338605027575,0,0.06803963154718351,negative,307
economic_inv,es,安徽,湖南,-0.021491626276717565,0.021491626276717565,-0.9918829739899072,0.0010338605027575,0,0.06803963154718351,negative,308
economic_inv,es,吉林,甘肃,-0.021471556022710968,0.021471556022710968,-0.9918829739899072,0.0010338605027575,0,0.06803963154718351,negative,309
economic_inv,es,山东,贵州,-0.02142597087823508,0.02142597087823508,-0.9918829739899072,0.0010338605027575,0,0.06803963154718351,negative,310
economic_inv,es,北京,河北,-0.021292438466097425,0.021292438466097425,-0.9918829739899072,0.0010338605027575,0,0.06803963154718351,negative,311
economic_inv,es,浙江,新疆,-0.02127601647334348,0.02127601647334348,-0.9918829739899072,0.0010338605027575,0,0.06803963154718351,negative,312
economic_inv,es,内蒙古,黑龙江,-0.021268805675488795,0.021268805675488795,-0.9918829739899072,0.0010338605027575,0,0.06803963154718351,negative,313
economic_inv,es,青海,吉林,-0.02117513781349623,0.02117513781349623,-0.9918829739899072,0.0010338605027575,0,0.06803963154718351,negative,314
economic_inv,es,江苏,湖南,-0.02112312111860544,0.02112312111860544,-0.9918829739899072,0.0010338605027575,0,0.06803963154718351,negative,315
economic_inv,es,北京,湖北,-0.02109429130550994,0.02109429130550994,-0.9918829739899072,0.0010338605027575,0,0.06803963154718351,negative,316
economic_inv,es,江苏,湖北,-0.021074386815220243,0.021074386815220243,-0.9918829739899072,0.0010338605027575,0,0.06803963154718351,negative,317
economic_inv,es,广东,湖南,-0.02105776947073176,0.02105776947073176,-0.9918829739899072,0.0010338605027575,0,0.06803963154718351,negative,318
economic_inv,es,江苏,河北,-0.02104035318793688,0.02104035318793688,-0.9918829739899072,0.0010338605027575,0,0.06803963154718351,negative,319
economic_inv,es,广东,湖北,-0.02101160109168868,0.02101160109168868,-0.9918829739899072,0.0010338605027575,0,0.06803963154718351,negative,320
economic_inv,es,上海,江西,-0.020995379039400852,0.020995379039400852,-0.9918829739899072,0.0010338605027575,0,0.06803963154718351,negative,321
economic_inv,es,广东,河北,-0.020979353083788878,0.020979353083788878,-0.9918829739899072,0.0010338605027575,0,0.06803963154718351,negative,322
economic_inv,es,福建,天津,-0.020922261063922507,0.020922261063922507,-0.9918829739899072,0.0010338605027575,0,0.06803963154718351,negative,323
economic_inv,es,北京,湖南,-0.020817965027209753,0.020817965027209753,-0.9918829739899072,0.0010338605027575,0,0.06803963154718351,negative,324
economic_inv,es,陕西,辽宁,-0.020772302475656864,0.020772302475656864,-0.9918829739899072,0.0010338605027575,0,0.06803963154718351,negative,325
economic_inv,es,河南,山东,-0.02066528658752244,0.02066528658752244,-0.9918829739899072,0.0010338605027575,0,0.06803963154718351,negative,326
economic_inv,es,宁夏,山西,-0.020652290119594068,0.020652290119594068,-0.9918829739899072,0.0010338605027575,0,0.06803963154718351,negative,327
economic_inv,es,山东,新疆,-0.02061779298032873,0.02061779298032873,-0.9918829739899072,0.0010338605027575,0,0.06803963154718351,negative,328
economic_inv,es,陕西,贵州,-0.020600084120922308,0.020600084120922308,-0.9918829739899072,0.0010338605027575,0,0.06803963154718351,negative,329
economic_inv,es,河南,贵州,-0.020545199894553928,0.020545199894553928,-0.9918829739899072,0.0010338605027575,0,0.06803963154718351,negative,330
economic_inv,es,安徽,天津,-0.02037941590491833,0.02037941590491833,-0.9918829739899072,0.0010338605027575,0,0.06803963154718351,negative,331
economic_inv,es,辽宁,江西,-0.020210783124133293,0.020210783124133293,-0.9918829739899072,0.0010338605027575,0,0.06803963154718351,negative,332
economic_inv,es,云南,江西,-0.02004548443765737,0.02004548443765737,-0.9918829739899072,0.0010338605027575,0,0.06803963154718351,negative,333
economic_inv,es,海南,天津,-0.019992868141077078,0.019992868141077078,-0.9918829739899072,0.0010338605027575,0,0.06803963154718351,negative,334
economic_inv,es,新疆,北京,-0.019973599359455765,0.019973599359455765,-0.9918829739899072,0.0010338605027575,0,0.06803963154718351,negative,335
economic_inv,es,广东,福建,-0.01975126821549995,0.01975126821549995,-0.9918829739899072,0.0010338605027575,0,0.06803963154718351,negative,336
economic_inv,es,江苏,福建,-0.01974832160006376,0.01974832160006376,-0.9918829739899072,0.0010338605027575,0,0.06803963154718351,negative,337
economic_inv,es,浙江,甘肃,-0.019719805493054535,0.019719805493054535,-0.9918829739899072,0.0010338605027575,0,0.06803963154718351,negative,338
economic_inv,es,甘肃,北京,-0.019680382714992475,0.019680382714992475,-0.9918829739899072,0.0010338605027575,0,0.06803963154718351,negative,339
economic_inv,es,山东,甘肃,-0.019631890483137765,0.019631890483137765,-0.9918829739899072,0.0010338605027575,0,0.06803963154718351,negative,340
economic_inv,es,天津,新疆,-0.019475466042151446,0.019475466042151446,-0.9918829739899072,0.0010338605027575,0,0.06803963154718351,negative,341
economic_inv,es,新疆,安徽,-0.01945951155152513,0.01945951155152513,-0.9918829739899072,0.0010338605027575,0,0.06803963154718351,negative,342
economic_inv,es,黑龙江,江西,-0.019413919075157684,0.019413919075157684,-0.9918829739899072,0.0010338605027575,0,0.06803963154718351,negative,343
economic_inv,es,宁夏,吉林,-0.019291828707821625,0.019291828707821625,-0.9918829739899072,0.0010338605027575,0,0.06803963154718351,negative,344
economic_inv,es,甘肃,安徽,-0.0192578179475762,0.0192578179475762,-0.9918829739899072,0.0010338605027575,0,0.06803963154718351,negative,345
economic_inv,es,青海,黑龙江,-0.01925441575707382,0.01925441575707382,-0.9918829739899072,0.0010338605027575,0,0.06803963154718351,negative,346
economic_inv,es,青海,云南,-0.019080923681654077,0.019080923681654077,-0.9918829739899072,0.0010338605027575,0,0.06803963154718351,negative,347
economic_inv,es,河南,新疆,-0.019055650586348116,0.019055650586348116,-0.9918829739899072,0.0010338605027575,0,0.06803963154718351,negative,348
economic_inv,es,广东,辽宁,-0.018962863365606458,0.018962863365606458,-0.9918829739899072,0.0010338605027575,0,0.06803963154718351,negative,349
economic_inv,es,江苏,辽宁,-0.01892300734383712,0.01892300734383712,-0.9918829739899072,0.0010338605027575,0,0.06803963154718351,negative,350
economic_inv,es,上海,内蒙古,-0.018882462030139945,0.018882462030139945,-0.9918829739899072,0.0010338605027575,0,0.06803963154718351,negative,351
economic_inv,es,海南,重庆,-0.018871684428249522,0.018871684428249522,-0.9918829739899072,0.0010338605027575,0,0.06803963154718351,negative,352
economic_inv,es,广东,上海,-0.018822903102639312,0.018822903102639312,-0.9918829739899072,0.0010338605027575,0,0.06803963154718351,negative,353
economic_inv,es,江苏,上海,-0.01877683160084512,0.01877683160084512,-0.9918829739899072,0.0010338605027575,0,0.06803963154718351,negative,354
economic_inv,es,福建,云南,-0.018771374804378543,0.018771374804378543,-0.9918829739899072,0.0010338605027575,0,0.06803963154718351,negative,355
economic_inv,es,江西,贵州,-0.018732389118500326,0.018732389118500326,-0.9918829739899072,0.0010338605027575,0,0.06803963154718351,negative,356
economic_inv,es,山东,海南,-0.01866525158282974,0.01866525158282974,-0.9918829739899072,0.0010338605027575,0,0.06803963154718351,negative,357
economic_inv,es,上海,广西,-0.01864265846631905,0.01864265846631905,-0.9918829739899072,0.0010338605027575,0,0.06803963154718351,negative,358
economic_inv,es,福建,黑龙江,-0.018610922190679596,0.018610922190679596,-0.9918829739899072,0.0010338605027575,0,0.06803963154718351,negative,359
economic_inv,es,重庆,贵州,-0.018441295609991852,0.018441295609991852,-0.9918829739899072,0.0010338605027575,0,0.06803963154718351,negative,360
economic_inv,es,山东,宁夏,-0.018436126714115614,0.018436126714115614,-0.9918829739899072,0.0010338605027575,0,0.06803963154718351,negative,361
economic_inv,es,安徽,四川,-0.018404526737482944,0.018404526737482944,-0.9918829739899072,0.0010338605027575,0,0.06803963154718351,negative,362
economic_inv,es,北京,云南,-0.018364301259927055,0.018364301259927055,-0.9918829739899072,0.0010338605027575,0,0.06803963154718351,negative,363
economic_inv,es,海南,广西,-0.018311488651936735,0.018311488651936735,-0.9918829739899072,0.0010338605027575,0,0.06803963154718351,negative,364
economic_inv,es,浙江,海南,-0.018272331555605533,0.018272331555605533,-0.9918829739899072,0.0010338605027575,0,0.06803963154718351,negative,365
economic_inv,es,山东,青海,-0.018269302585271784,0.018269302585271784,-0.9918829739899072,0.0010338605027575,0,0.06803963154718351,negative,366
economic_inv,es,辽宁,内蒙古,-0.01826547172964468,0.01826547172964468,-0.9918829739899072,0.0010338605027575,0,0.06803963154718351,negative,367
economic_inv,es,海南,内蒙古,-0.018172516519338402,0.018172516519338402,-0.9918829739899072,0.0010338605027575,0,0.06803963154718351,negative,368
economic_inv,es,广东,安徽,-0.01815964077272242,0.01815964077272242,-0.9918829739899072,0.0010338605027575,0,0.06803963154718351,negative,369
economic_inv,es,北京,黑龙江,-0.018124558211828505,0.018124558211828505,-0.9918829739899072,0.0010338605027575,0,0.06803963154718351,negative,370
economic_inv,es,江苏,安徽,-0.01808549002157275,0.01808549002157275,-0.9918829739899072,0.0010338605027575,0,0.06803963154718351,negative,371
economic_inv,es,辽宁,广西,-0.01804349082249937,0.01804349082249937,-0.9918829739899072,0.0010338605027575,0,0.06803963154718351,negative,372
economic_inv,es,广东,北京,-0.018032976542639516,0.018032976542639516,-0.9918829739899072,0.0010338605027575,0,0.06803963154718351,negative,373
economic_inv,es,天津,北京,-0.01801576151945374,0.01801576151945374,-0.9918829739899072,0.0010338605027575,0,0.06803963154718351,negative,374
economic_inv,es,江苏,北京,-0.017953721192426043,0.017953721192426043,-0.9918829739899072,0.0010338605027575,0,0.06803963154718351,negative,375
economic_inv,es,北京,四川,-0.017952852836684515,0.017952852836684515,-0.9918829739899072,0.0010338605027575,0,0.06803963154718351,negative,376
economic_inv,es,浙江,宁夏,-0.01793995538234217,0.01793995538234217,-0.9918829739899072,0.0010338605027575,0,0.06803963154718351,negative,377
economic_inv,es,贵州,北京,-0.01791277630732822,0.01791277630732822,-0.9918829739899072,0.0010338605027575,0,0.06803963154718351,negative,378
economic_inv,es,上海,重庆,-0.01776682150909227,0.01776682150909227,-0.9918829739899072,0.0010338605027575,0,0.06803963154718351,negative,379
economic_inv,es,浙江,青海,-0.017700448116254288,0.017700448116254288,-0.9918829739899072,0.0010338605027575,0,0.06803963154718351,negative,380
economic_inv,es,四川,浙江,-0.017504692872311496,0.017504692872311496,-0.9918829739899072,0.0010338605027575,0,0.06803963154718351,negative,381
economic_inv,es,山西,海南,-0.01746434670405748,0.01746434670405748,-0.9918829739899072,0.0010338605027575,0,0.06803963154718351,negative,382
economic_inv,es,湖南,福建,-0.017458075202695707,0.017458075202695707,-0.9918829739899072,0.0010338605027575,0,0.06803963154718351,negative,383
economic_inv,es,宁夏,黑龙江,-0.0174571169438685,0.0174571169438685,-0.9918829739899072,0.0010338605027575,0,0.06803963154718351,negative,384
economic_inv,es,四川,陕西,-0.017406588906207915,0.017406588906207915,-0.9918829739899072,0.0010338605027575,0,0.06803963154718351,negative,385
economic_inv,es,甘肃,上海,-0.017385190621118207,0.017385190621118207,-0.9918829739899072,0.0010338605027575,0,0.06803963154718351,negative,386
economic_inv,es,河南,甘肃,-0.017378182551535358,0.017378182551535358,-0.9918829739899072,0.0010338605027575,0,0.06803963154718351,negative,387
economic_inv,es,贵州,安徽,-0.017370838529788466,0.017370838529788466,-0.9918829739899072,0.0010338605027575,0,0.06803963154718351,negative,388
economic_inv,es,安徽,云南,-0.01729704696749672,0.01729704696749672,-0.9918829739899072,0.0010338605027575,0,0.06803963154718351,negative,389
economic_inv,es,宁夏,云南,-0.01729226717022984,0.01729226717022984,-0.9918829739899072,0.0010338605027575,0,0.06803963154718351,negative,390
economic_inv,es,新疆,上海,-0.017234229805957856,0.017234229805957856,-0.9918829739899072,0.0010338605027575,0,0.06803963154718351,negative,391
economic_inv,es,辽宁,重庆,-0.017230654650910174,0.017230654650910174,-0.9918829739899072,0.0010338605027575,0,0.06803963154718351,negative,392
economic_inv,es,青海,天津,-0.017229707539171177,0.017229707539171177,-0.9918829739899072,0.0010338605027575,0,0.06803963154718351,negative,393
economic_inv,es,云南,陕西,-0.017178549144072058,0.017178549144072058,-0.9918829739899072,0.0010338605027575,0,0.06803963154718351,negative,394
economic_inv,es,海南,江西,-0.017153972707283898,0.017153972707283898,-0.9918829739899072,0.0010338605027575,0,0.06803963154718351,negative,395
economic_inv,es,福建,吉林,-0.01714861754559814,0.01714861754559814,-0.9918829739899072,0.0010338605027575,0,0.06803963154718351,negative,396
economic_inv,es,天津,安徽,-0.017143882260576265,0.017143882260576265,-0.9918829739899072,0.0010338605027575,0,0.06803963154718351,negative,397
economic_inv,es,安徽,黑龙江,-0.017080395870122955,0.017080395870122955,-0.9918829739899072,0.0010338605027575,0,0.06803963154718351,negative,398
economic_inv,es,甘肃,辽宁,-0.01705015168436421,0.01705015168436421,-0.9918829739899072,0.0010338605027575,0,0.06803963154718351,negative,399
economic_inv,es,江西,上海,-0.016910633049123002,0.016910633049123002,-0.9918829739899072,0.0010338605027575,0,0.06803963154718351,negative,400
economic_inv,es,新疆,辽宁,-0.01684496430078841,0.01684496430078841,-0.9918829739899072,0.0010338605027575,0,0.06803963154718351,negative,401
economic_inv,es,黑龙江,陕西,-0.01671370221650721,0.01671370221650721,-0.9918829739899072,0.0010338605027575,0,0.06803963154718351,negative,402
economic_inv,es,四川,江西,-0.01668906371690289,0.01668906371690289,-0.9918829739899072,0.0010338605027575,0,0.06803963154718351,negative,403
economic_inv,es,广东,陕西,-0.016594252248005762,0.016594252248005762,-0.9918829739899072,0.0010338605027575,0,0.06803963154718351,negative,404
economic_inv,es,海南,陕西,-0.01650877495338168,0.01650877495338168,-0.9918829739899072,0.0010338605027575,0,0.06803963154718351,negative,405
economic_inv,es,江苏,陕西,-0.016462785594809,0.016462785594809,-0.9918829739899072,0.0010338605027575,0,0.06803963154718351,negative,406
economic_inv,es,广东,江西,-0.016429625119602293,0.016429625119602293,-0.9918829739899072,0.0010338605027575,0,0.06803963154718351,negative,407
economic_inv,es,上海,天津,-0.016358074204358235,0.016358074204358235,-0.9918829739899072,0.0010338605027575,0,0.06803963154718351,negative,408
economic_inv,es,青海,重庆,-0.01635241358412665,0.01635241358412665,-0.9918829739899072,0.0010338605027575,0,0.06803963154718351,negative,409
economic_inv,es,福建,山西,-0.016343714766861514,0.016343714766861514,-0.9918829739899072,0.0010338605027575,0,0.06803963154718351,negative,410
economic_inv,es,江苏,江西,-0.01629285747383599,0.01629285747383599,-0.9918829739899072,0.0010338605027575,0,0.06803963154718351,negative,411
economic_inv,es,陕西,福建,-0.01623277218489771,0.01623277218489771,-0.9918829739899072,0.0010338605027575,0,0.06803963154718351,negative,412
economic_inv,es,广东,内蒙古,-0.016199150766012357,0.016199150766012357,-0.9918829739899072,0.0010338605027575,0,0.06803963154718351,negative,413
economic_inv,es,广东,广西,-0.016170157424611066,0.016170157424611066,-0.9918829739899072,0.0010338605027575,0,0.06803963154718351,negative,414
economic_inv,es,山西,宁夏,-0.016118095678347127,0.016118095678347127,-0.9918829739899072,0.0010338605027575,0,0.06803963154718351,negative,415
economic_inv,es,江西,辽宁,-0.016095122418275692,0.016095122418275692,-0.9918829739899072,0.0010338605027575,0,0.06803963154718351,negative,416
economic_inv,es,广东,重庆,-0.01605859190352304,0.01605859190352304,-0.9918829739899072,0.0010338605027575,0,0.06803963154718351,negative,417
economic_inv,es,江苏,内蒙古,-0.016055193087206987,0.016055193087206987,-0.9918829739899072,0.0010338605027575,0,0.06803963154718351,negative,418
economic_inv,es,北京,吉林,-0.01603608889415797,0.01603608889415797,-0.9918829739899072,0.0010338605027575,0,0.06803963154718351,negative,419
economic_inv,es,河南,江苏,-0.01602532626105766,0.01602532626105766,-0.9918829739899072,0.0010338605027575,0,0.06803963154718351,negative,420
economic_inv,es,江苏,广西,-0.01602531433358224,0.01602531433358224,-0.9918829739899072,0.0010338605027575,0,0.06803963154718351,negative,421
economic_inv,es,辽宁,天津,-0.015916306962540327,0.015916306962540327,-0.9918829739899072,0.0010338605027575,0,0.06803963154718351,negative,422
economic_inv,es,青海,广西,-0.01591047207318182,0.01591047207318182,-0.9918829739899072,0.0010338605027575,0,0.06803963154718351,negative,423
economic_inv,es,江苏,重庆,-0.01591038151625108,0.01591038151625108,-0.9918829739899072,0.0010338605027575,0,0.06803963154718351,negative,424
economic_inv,es,陕西,新疆,-0.015900842037075976,0.015900842037075976,-0.9918829739899072,0.0010338605027575,0,0.06803963154718351,negative,425
economic_inv,es,河南,海南,-0.01586557928324889,0.01586557928324889,-0.9918829739899072,0.0010338605027575,0,0.06803963154718351,negative,426
economic_inv,es,广东,天津,-0.015858029068234372,0.015858029068234372,-0.9918829739899072,0.0010338605027575,0,0.06803963154718351,negative,427
economic_inv,es,青海,内蒙古,-0.015800461056429915,0.015800461056429915,-0.9918829739899072,0.0010338605027575,0,0.06803963154718351,negative,428
economic_inv,es,四川,内蒙古,-0.015757530636120565,0.015757530636120565,-0.9918829739899072,0.0010338605027575,0,0.06803963154718351,negative,429
economic_inv,es,江苏,天津,-0.01570392377343185,0.01570392377343185,-0.9918829739899072,0.0010338605027575,0,0.06803963154718351,negative,430
economic_inv,es,四川,广西,-0.01564590701060308,0.01564590701060308,-0.9918829739899072,0.0010338605027575,0,0.06803963154718351,negative,431
economic_inv,es,宁夏,天津,-0.015542187196435929,0.015542187196435929,-0.9918829739899072,0.0010338605027575,0,0.06803963154718351,negative,432
economic_inv,es,河南,宁夏,-0.015524512788512801,0.015524512788512801,-0.9918829739899072,0.0010338605027575,0,0.06803963154718351,negative,433
economic_inv,es,广东,云南,-0.015507772033094797,0.015507772033094797,-0.9918829739899072,0.0010338605027575,0,0.06803963154718351,negative,434
economic_inv,es,广东,黑龙江,-0.01547910033288731,0.01547910033288731,-0.9918829739899072,0.0010338605027575,0,0.06803963154718351,negative,435
economic_inv,es,甘肃,福建,-0.015451604147314198,0.015451604147314198,-0.9918829739899072,0.0010338605027575,0,0.06803963154718351,negative,436
economic_inv,es,山西,北京,-0.015395670522708746,0.015395670522708746,-0.9918829739899072,0.0010338605027575,0,0.06803963154718351,negative,437
economic_inv,es,江苏,云南,-0.015343859805638715,0.015343859805638715,-0.9918829739899072,0.0010338605027575,0,0.06803963154718351,negative,438
economic_inv,es,江苏,黑龙江,-0.015314412747996883,0.015314412747996883,-0.9918829739899072,0.0010338605027575,0,0.06803963154718351,negative,439
economic_inv,es,河南,青海,-0.015280164296160277,0.015280164296160277,-0.9918829739899072,0.0010338605027575,0,0.06803963154718351,negative,440
economic_inv,es,山西,青海,-0.015243976804240665,0.015243976804240665,-0.9918829739899072,0.0010338605027575,0,0.06803963154718351,negative,441
economic_inv,es,四川,重庆,-0.015227205350054455,0.015227205350054455,-0.9918829739899072,0.0010338605027575,0,0.06803963154718351,negative,442
economic_inv,es,广东,吉林,-0.015198769734289247,0.015198769734289247,-0.9918829739899072,0.0010338605027575,0,0.06803963154718351,negative,443
economic_inv,es,安徽,吉林,-0.015183207374775926,0.015183207374775926,-0.9918829739899072,0.0010338605027575,0,0.06803963154718351,negative,444
economic_inv,es,河北,福建,-0.015130133255007363,0.015130133255007363,-0.9918829739899072,0.0010338605027575,0,0.06803963154718351,negative,445
economic_inv,es,吉林,北京,-0.015130117631930675,0.015130117631930675,-0.9918829739899072,0.0010338605027575,0,0.06803963154718351,negative,446
economic_inv,es,福建,贵州,-0.01510027974406062,0.01510027974406062,-0.9918829739899072,0.0010338605027575,0,0.06803963154718351,negative,447
economic_inv,es,重庆,北京,-0.015092693528912647,0.015092693528912647,-0.9918829739899072,0.0010338605027575,0,0.06803963154718351,negative,448
economic_inv,es,贵州,上海,-0.015081805703802059,0.015081805703802059,-0.9918829739899072,0.0010338605027575,0,0.06803963154718351,negative,449
economic_inv,es,广西,吉林,-0.01507817002253051,0.01507817002253051,-0.9918829739899072,0.0010338605027575,0,0.06803963154718351,negative,450
economic_inv,es,河南,广东,-0.015057032650134076,0.015057032650134076,-0.9918829739899072,0.0010338605027575,0,0.06803963154718351,negative,451
economic_inv,es,内蒙古,吉林,-0.015031533562765025,0.015031533562765025,-0.9918829739899072,0.0010338605027575,0,0.06803963154718351,negative,452
economic_inv,es,广东,山西,-0.015028179622955835,0.015028179622955835,-0.9918829739899072,0.0010338605027575,0,0.06803963154718351,negative,453
economic_inv,es,江苏,吉林,-0.015026719613645857,0.015026719613645857,-0.9918829739899072,0.0010338605027575,0,0.06803963154718351,negative,454
economic_inv,es,新疆,福建,-0.01502334791974936,0.01502334791974936,-0.9918829739899072,0.0010338605027575,0,0.06803963154718351,negative,455
economic_inv,es,青海,江西,-0.014989586460575592,0.014989586460575592,-0.9918829739899072,0.0010338605027575,0,0.06803963154718351,negative,456
economic_inv,es,北京,山西,-0.014955908812508054,0.014955908812508054,-0.9918829739899072,0.0010338605027575,0,0.06803963154718351,negative,457
economic_inv,es,山西,安徽,-0.01487669780522375,0.01487669780522375,-0.9918829739899072,0.0010338605027575,0,0.06803963154718351,negative,458
economic_inv,es,吉林,海南,-0.014870740049728454,0.014870740049728454,-0.9918829739899072,0.0010338605027575,0,0.06803963154718351,negative,459
economic_inv,es,江苏,山西,-0.014851842820548746,0.014851842820548746,-0.9918829739899072,0.0010338605027575,0,0.06803963154718351,negative,460
economic_inv,es,广东,贵州,-0.014737973232672693,0.014737973232672693,-0.9918829739899072,0.0010338605027575,0,0.06803963154718351,negative,461
economic_inv,es,宁夏,重庆,-0.01471847712603912,0.01471847712603912,-0.9918829739899072,0.0010338605027575,0,0.06803963154718351,negative,462
economic_inv,es,贵州,辽宁,-0.014690610223528026,0.014690610223528026,-0.9918829739899072,0.0010338605027575,0,0.06803963154718351,negative,463
economic_inv,es,吉林,安徽,-0.014584588662789486,0.014584588662789486,-0.9918829739899072,0.0010338605027575,0,0.06803963154718351,negative,464
economic_inv,es,江苏,贵州,-0.014554680014846746,0.014554680014846746,-0.9918829739899072,0.0010338605027575,0,0.06803963154718351,negative,465
economic_inv,es,四川,天津,-0.014515154354982799,0.014515154354982799,-0.9918829739899072,0.0010338605027575,0,0.06803963154718351,negative,466
economic_inv,es,青海,陕西,-0.014471720393711047,0.014471720393711047,-0.9918829739899072,0.0010338605027575,0,0.06803963154718351,negative,467
economic_inv,es,上海,云南,-0.014306648776647394,0.014306648776647394,-0.9918829739899072,0.0010338605027575,0,0.06803963154718351,negative,468
economic_inv,es,宁夏,广西,-0.014304895321717784,0.014304895321717784,-0.9918829739899072,0.0010338605027575,0,0.06803963154718351,negative,469
economic_inv,es,重庆,安徽,-0.014282433097636101,0.014282433097636101,-0.9918829739899072,0.0010338605027575,0,0.06803963154718351,negative,470
economic_inv,es,广东,新疆,-0.014266338492736884,0.014266338492736884,-0.9918829739899072,0.0010338605027575,0,0.06803963154718351,negative,471
economic_inv,es,宁夏,内蒙古,-0.014202085606119567,0.014202085606119567,-0.9918829739899072,0.0010338605027575,0,0.06803963154718351,negative,472
economic_inv,es,安徽,山西,-0.014194952042784361,0.014194952042784361,-0.9918829739899072,0.0010338605027575,0,0.06803963154718351,negative,473
economic_inv,es,江西,新疆,-0.01417962884721687,0.01417962884721687,-0.9918829739899072,0.0010338605027575,0,0.06803963154718351,negative,474
economic_inv,es,上海,黑龙江,-0.014157751104626822,0.014157751104626822,-0.9918829739899072,0.0010338605027575,0,0.06803963154718351,negative,475
economic_inv,es,福建,浙江,-0.014150357984799423,0.014150357984799423,-0.9918829739899072,0.0010338605027575,0,0.06803963154718351,negative,476
economic_inv,es,江苏,新疆,-0.014072640792598099,0.014072640792598099,-0.9918829739899072,0.0010338605027575,0,0.06803963154718351,negative,477
economic_inv,es,辽宁,云南,-0.01398689775097086,0.01398689775097086,-0.9918829739899072,0.0010338605027575,0,0.06803963154718351,negative,478
economic_inv,es,辽宁,黑龙江,-0.013846137268009326,0.013846137268009326,-0.9918829739899072,0.0010338605027575,0,0.06803963154718351,negative,479
economic_inv,es,吉林,宁夏,-0.013799932401307051,0.013799932401307051,-0.9918829739899072,0.0010338605027575,0,0.06803963154718351,negative,480
economic_inv,es,天津,上海,-0.013794766050110732,0.013794766050110732,-0.9918829739899072,0.0010338605027575,0,0.06803963154718351,negative,481
economic_inv,es,广东,甘肃,-0.013683342452549423,0.013683342452549423,-0.9918829739899072,0.0010338605027575,0,0.06803963154718351,negative,482
economic_inv,es,天津,甘肃,-0.013671919551348574,0.013671919551348574,-0.9918829739899072,0.0010338605027575,0,0.06803963154718351,negative,483
economic_inv,es,甘肃,河北,-0.013649774596848822,0.013649774596848822,-0.9918829739899072,0.0010338605027575,0,0.06803963154718351,negative,484
economic_inv,es,甘肃,湖北,-0.01361059791167333,0.01361059791167333,-0.9918829739899072,0.0010338605027575,0,0.06803963154718351,negative,485
economic_inv,es,甘肃,湖南,-0.013555106394589176,0.013555106394589176,-0.9918829739899072,0.0010338605027575,0,0.06803963154718351,negative,486
economic_inv,es,江苏,甘肃,-0.013478320080156071,0.013478320080156071,-0.9918829739899072,0.0010338605027575,0,0.06803963154718351,negative,487
economic_inv,es,宁夏,江西,-0.013446028777804809,0.013446028777804809,-0.9918829739899072,0.0010338605027575,0,0.06803963154718351,negative,488
economic_inv,es,四川,云南,-0.013383400872044827,0.013383400872044827,-0.9918829739899072,0.0010338605027575,0,0.06803963154718351,negative,489
economic_inv,es,北京,贵州,-0.013375297939541394,0.013375297939541394,-0.9918829739899072,0.0010338605027575,0,0.06803963154718351,negative,490
economic_inv,es,福建,新疆,-0.013360168810220051,0.013360168810220051,-0.9918829739899072,0.0010338605027575,0,0.06803963154718351,negative,491
economic_inv,es,四川,黑龙江,-0.013296457554673239,0.013296457554673239,-0.9918829739899072,0.0010338605027575,0,0.06803963154718351,negative,492
economic_inv,es,天津,辽宁,-0.013270872242445627,0.013270872242445627,-0.9918829739899072,0.0010338605027575,0,0.06803963154718351,negative,493
economic_inv,es,黑龙江,新疆,-0.013212530660403825,0.013212530660403825,-0.9918829739899072,0.0010338605027575,0,0.06803963154718351,negative,494
economic_inv,es,重庆,新疆,-0.013153587185493091,0.013153587185493091,-0.9918829739899072,0.0010338605027575,0,0.06803963154718351,negative,495
economic_inv,es,广东,海南,-0.013103411755588417,0.013103411755588417,-0.9918829739899072,0.0010338605027575,0,0.06803963154718351,negative,496
economic_inv,es,吉林,青海,-0.013098326535545868,0.013098326535545868,-0.9918829739899072,0.0010338605027575,0,0.06803963154718351,negative,497
economic_inv,es,新疆,河北,-0.013038190041044418,0.013038190041044418,-0.9918829739899072,0.0010338605027575,0,0.06803963154718351,negative,498
economic_inv,es,新疆,湖北,-0.012995802153977262,0.012995802153977262,-0.9918829739899072,0.0010338605027575,0,0.06803963154718351,negative,499
economic_inv,es,宁夏,陕西,-0.01296476805113055,0.01296476805113055,-0.9918829739899072,0.0010338605027575,0,0.06803963154718351,negative,500
economic_inv,es,广东,宁夏,-0.01296472101223247,0.01296472101223247,-0.9918829739899072,0.0010338605027575,0,0.06803963154718351,negative,501
economic_inv,es,新疆,湖南,-0.012935817548915662,0.012935817548915662,-0.9918829739899072,0.0010338605027575,0,0.06803963154718351,negative,502
economic_inv,es,云南,新疆,-0.012925271242352463,0.012925271242352463,-0.9918829739899072,0.0010338605027575,0,0.06803963154718351,negative,503
economic_inv,es,甘肃,四川,-0.0129136750747665,0.0129136750747665,-0.9918829739899072,0.0010338605027575,0,0.06803963154718351,negative,504
economic_inv,es,贵州,福建,-0.012895051093621684,0.012895051093621684,-0.9918829739899072,0.0010338605027575,0,0.06803963154718351,negative,505
economic_inv,es,江苏,海南,-0.012888802889355913,0.012888802889355913,-0.9918829739899072,0.0010338605027575,0,0.06803963154718351,negative,506
economic_inv,es,广东,青海,-0.012863442152969867,0.012863442152969867,-0.9918829739899072,0.0010338605027575,0,0.06803963154718351,negative,507
economic_inv,es,上海,吉林,-0.012826066136833607,0.012826066136833607,-0.9918829739899072,0.0010338605027575,0,0.06803963154718351,negative,508
economic_inv,es,江西,福建,-0.012785226455238084,0.012785226455238084,-0.9918829739899072,0.0010338605027575,0,0.06803963154718351,negative,509
economic_inv,es,江苏,宁夏,-0.012748066813238144,0.012748066813238144,-0.9918829739899072,0.0010338605027575,0,0.06803963154718351,negative,510
economic_inv,es,安徽,贵州,-0.01274014978300963,0.01274014978300963,-0.9918829739899072,0.0010338605027575,0,0.06803963154718351,negative,511
economic_inv,es,山西,上海,-0.012724853411930371,0.012724853411930371,-0.9918829739899072,0.0010338605027575,0,0.06803963154718351,negative,512
economic_inv,es,海南,北京,-0.012704161435281639,0.012704161435281639,-0.9918829739899072,0.0010338605027575,0,0.06803963154718351,negative,513
economic_inv,es,内蒙古,山西,-0.01269756628487956,0.01269756628487956,-0.9918829739899072,0.0010338605027575,0,0.06803963154718351,negative,514
economic_inv,es,广西,山西,-0.012681817870425214,0.012681817870425214,-0.9918829739899072,0.0010338605027575,0,0.06803963154718351,negative,515
economic_inv,es,江苏,青海,-0.012645354530386722,0.012645354530386722,-0.9918829739899072,0.0010338605027575,0,0.06803963154718351,negative,516
economic_inv,es,辽宁,吉林,-0.012582865123822281,0.012582865123822281,-0.9918829739899072,0.0010338605027575,0,0.06803963154718351,negative,517
economic_inv,es,湖北,福建,-0.012519655447182405,0.012519655447182405,-0.9918829739899072,0.0010338605027575,0,0.06803963154718351,negative,518
economic_inv,es,四川,吉林,-0.01248718940242432,0.01248718940242432,-0.9918829739899072,0.0010338605027575,0,0.06803963154718351,negative,519
economic_inv,es,海南,安徽,-0.01247290691777953,0.01247290691777953,-0.9918829739899072,0.0010338605027575,0,0.06803963154718351,negative,520
economic_inv,es,陕西,河北,-0.012413292623531233,0.012413292623531233,-0.9918829739899072,0.0010338605027575,0,0.06803963154718351,negative,521
economic_inv,es,山西,辽宁,-0.012363470612610889,0.012363470612610889,-0.9918829739899072,0.0010338605027575,0,0.06803963154718351,negative,522
economic_inv,es,吉林,上海,-0.012350622822824994,0.012350622822824994,-0.9918829739899072,0.0010338605027575,0,0.06803963154718351,negative,523
economic_inv,es,陕西,湖北,-0.012341613319038,0.012341613319038,-0.9918829739899072,0.0010338605027575,0,0.06803963154718351,negative,524
economic_inv,es,新疆,四川,-0.01224713041697227,0.01224713041697227,-0.9918829739899072,0.0010338605027575,0,0.06803963154718351,negative,525
economic_inv,es,陕西,湖南,-0.012240795363175567,0.012240795363175567,-0.9918829739899072,0.0010338605027575,0,0.06803963154718351,negative,526
economic_inv,es,陕西,甘肃,-0.012196576220245427,0.012196576220245427,-0.9918829739899072,0.0010338605027575,0,0.06803963154718351,negative,527
economic_inv,es,上海,山西,-0.012111988611628856,0.012111988611628856,-0.9918829739899072,0.0010338605027575,0,0.06803963154718351,negative,528
economic_inv,es,辽宁,河南,-0.012102147991376514,0.012102147991376514,-0.9918829739899072,0.0010338605027575,0,0.06803963154718351,negative,529
economic_inv,es,四川,山西,-0.01202832502968627,0.01202832502968627,-0.9918829739899072,0.0010338605027575,0,0.06803963154718351,negative,530
economic_inv,es,吉林,辽宁,-0.011979809764459759,0.011979809764459759,-0.9918829739899072,0.0010338605027575,0,0.06803963154718351,negative,531
economic_inv,es,辽宁,山西,-0.011902222654837214,0.011902222654837214,-0.9918829739899072,0.0010338605027575,0,0.06803963154718351,negative,532
economic_inv,es,上海,河南,-0.011629849130419046,0.011629849130419046,-0.9918829739899072,0.0010338605027575,0,0.06803963154718351,negative,533
economic_inv,es,福建,甘肃,-0.011583036535615912,0.011583036535615912,-0.9918829739899072,0.0010338605027575,0,0.06803963154718351,negative,534
economic_inv,es,海南,上海,-0.011429213988397751,0.011429213988397751,-0.9918829739899072,0.0010338605027575,0,0.06803963154718351,negative,535
economic_inv,es,青海,北京,-0.011349627492388346,0.011349627492388346,-0.9918829739899072,0.0010338605027575,0,0.06803963154718351,negative,536
economic_inv,es,北京,新疆,-0.011326094778854497,0.011326094778854497,-0.9918829739899072,0.0010338605027575,0,0.06803963154718351,negative,537
economic_inv,es,四川,贵州,-0.011299847731474081,0.011299847731474081,-0.9918829739899072,0.0010338605027575,0,0.06803963154718351,negative,538
economic_inv,es,重庆,上海,-0.011252027178085646,0.011252027178085646,-0.9918829739899072,0.0010338605027575,0,0.06803963154718351,negative,539
economic_inv,es,海南,辽宁,-0.011239166592292581,0.011239166592292581,-0.9918829739899072,0.0010338605027575,0,0.06803963154718351,negative,540
economic_inv,es,青海,安徽,-0.011156002634660848,0.011156002634660848,-0.9918829739899072,0.0010338605027575,0,0.06803963154718351,negative,541
economic_inv,es,陕西,四川,-0.011132838680102416,0.011132838680102416,-0.9918829739899072,0.0010338605027575,0,0.06803963154718351,negative,542
economic_inv,es,上海,贵州,-0.011034238567288138,0.011034238567288138,-0.9918829739899072,0.0010338605027575,0,0.06803963154718351,negative,543
economic_inv,es,天津,福建,-0.011023458833992148,0.011023458833992148,-0.9918829739899072,0.0010338605027575,0,0.06803963154718351,negative,544
economic_inv,es,贵州,河北,-0.01100177648803255,0.01100177648803255,-0.9918829739899072,0.0010338605027575,0,0.06803963154718351,negative,545
economic_inv,es,贵州,湖北,-0.01096204886083801,0.01096204886083801,-0.9918829739899072,0.0010338605027575,0,0.06803963154718351,negative,546
economic_inv,es,贵州,湖南,-0.010905877893807016,0.010905877893807016,-0.9918829739899072,0.0010338605027575,0,0.06803963154718351,negative,547
economic_inv,es,辽宁,贵州,-0.0108706088137052,0.0108706088137052,-0.9918829739899072,0.0010338605027575,0,0.06803963154718351,negative,548
economic_inv,es,安徽,新疆,-0.010838494970857985,0.010838494970857985,-0.9918829739899072,0.0010338605027575,0,0.06803963154718351,negative,549
economic_inv,es,重庆,辽宁,-0.010789412753877403,0.010789412753877403,-0.9918829739899072,0.0010338605027575,0,0.06803963154718351,negative,550
economic_inv,es,山西,福建,-0.010727912205714658,0.010727912205714658,-0.9918829739899072,0.0010338605027575,0,0.06803963154718351,negative,551
economic_inv,es,江西,甘肃,-0.010713055749915617,0.010713055749915617,-0.9918829739899072,0.0010338605027575,0,0.06803963154718351,negative,552
economic_inv,es,湖南,辽宁,-0.010453231248006555,0.010453231248006555,-0.9918829739899072,0.0010338605027575,0,0.06803963154718351,negative,553
economic_inv,es,天津,海南,-0.010336109350143645,0.010336109350143645,-0.9918829739899072,0.0010338605027575,0,0.06803963154718351,negative,554
economic_inv,es,海南,福建,-0.010318118654209736,0.010318118654209736,-0.9918829739899072,0.0010338605027575,0,0.06803963154718351,negative,555
economic_inv,es,吉林,福建,-0.010316956532719888,0.010316956532719888,-0.9918829739899072,0.0010338605027575,0,0.06803963154718351,negative,556
economic_inv,es,青海,上海,-0.010276500482319829,0.010276500482319829,-0.9918829739899072,0.0010338605027575,0,0.06803963154718351,negative,557
economic_inv,es,贵州,四川,-0.010265062857969746,0.010265062857969746,-0.9918829739899072,0.0010338605027575,0,0.06803963154718351,negative,558
economic_inv,es,四川,新疆,-0.010238318026226201,0.010238318026226201,-0.9918829739899072,0.0010338605027575,0,0.06803963154718351,negative,559
economic_inv,es,安徽,河南,-0.010236653497928568,0.010236653497928568,-0.9918829739899072,0.0010338605027575,0,0.06803963154718351,negative,560
economic_inv,es,甘肃,河南,-0.010225775110493,0.010225775110493,-0.9918829739899072,0.0010338605027575,0,0.06803963154718351,negative,561
economic_inv,es,北京,河南,-0.010174515959978552,0.010174515959978552,-0.9918829739899072,0.0010338605027575,0,0.06803963154718351,negative,562
economic_inv,es,福建,海南,-0.010124492047061737,0.010124492047061737,-0.9918829739899072,0.0010338605027575,0,0.06803963154718351,negative,563
economic_inv,es,青海,辽宁,-0.010115349869194476,0.010115349869194476,-0.9918829739899072,0.0010338605027575,0,0.06803963154718351,negative,564
economic_inv,es,宁夏,北京,-0.010089427337631589,0.010089427337631589,-0.9918829739899072,0.0010338605027575,0,0.06803963154718351,negative,565
economic_inv,es,内蒙古,贵州,-0.00997918517215117,0.00997918517215117,-0.9918829739899072,0.0010338605027575,0,0.06803963154718351,negative,566
economic_inv,es,广西,贵州,-0.009916802957476703,0.009916802957476703,-0.9918829739899072,0.0010338605027575,0,0.06803963154718351,negative,567
economic_inv,es,江西,河北,-0.009914551355117443,0.009914551355117443,-0.9918829739899072,0.0010338605027575,0,0.06803963154718351,negative,568
economic_inv,es,宁夏,安徽,-0.009912564162037858,0.009912564162037858,-0.9918829739899072,0.0010338605027575,0,0.06803963154718351,negative,569
economic_inv,es,江西,湖北,-0.009859905312981762,0.009859905312981762,-0.9918829739899072,0.0010338605027575,0,0.06803963154718351,negative,570
economic_inv,es,福建,宁夏,-0.0098126156965142,0.0098126156965142,-0.9918829739899072,0.0010338605027575,0,0.06803963154718351,negative,571
economic_inv,es,江西,湖南,-0.009782995991095562,0.009782995991095562,-0.9918829739899072,0.0010338605027575,0,0.06803963154718351,negative,572
economic_inv,es,陕西,海南,-0.00973932523430133,0.00973932523430133,-0.9918829739899072,0.0010338605027575,0,0.06803963154718351,negative,573
economic_inv,es,天津,宁夏,-0.009736491274657446,0.009736491274657446,-0.9918829739899072,0.0010338605027575,0,0.06803963154718351,negative,574
economic_inv,es,内蒙古,北京,-0.00972903237923677,0.00972903237923677,-0.9918829739899072,0.0010338605027575,0,0.06803963154718351,negative,575
economic_inv,es,湖南,上海,-0.009726268429265918,0.009726268429265918,-0.9918829739899072,0.0010338605027575,0,0.06803963154718351,negative,576
economic_inv,es,福建,青海,-0.009592802768626615,0.009592802768626615,-0.9918829739899072,0.0010338605027575,0,0.06803963154718351,negative,577
economic_inv,es,上海,新疆,-0.009575560452916384,0.009575560452916384,-0.9918829739899072,0.0010338605027575,0,0.06803963154718351,negative,578
economic_inv,es,重庆,甘肃,-0.009519498481748307,0.009519498481748307,-0.9918829739899072,0.0010338605027575,0,0.06803963154718351,negative,579
economic_inv,es,辽宁,新疆,-0.00946602008051868,0.00946602008051868,-0.9918829739899072,0.0010338605027575,0,0.06803963154718351,negative,580
economic_inv,es,新疆,河南,-0.009451903851919604,0.009451903851919604,-0.9918829739899072,0.0010338605027575,0,0.06803963154718351,negative,581
economic_inv,es,北京,甘肃,-0.009407214116082464,0.009407214116082464,-0.9918829739899072,0.0010338605027575,0,0.06803963154718351,negative,582
economic_inv,es,天津,青海,-0.009333708961748692,0.009333708961748692,-0.9918829739899072,0.0010338605027575,0,0.06803963154718351,negative,583
economic_inv,es,青海,福建,-0.009329931043723838,0.009329931043723838,-0.9918829739899072,0.0010338605027575,0,0.06803963154718351,negative,584
economic_inv,es,广西,北京,-0.00932888045374653,0.00932888045374653,-0.9918829739899072,0.0010338605027575,0,0.06803963154718351,negative,585
economic_inv,es,陕西,宁夏,-0.009268023426454948,0.009268023426454948,-0.9918829739899072,0.0010338605027575,0,0.06803963154718351,negative,586
economic_inv,es,海南,河北,-0.009250746601034015,0.009250746601034015,-0.9918829739899072,0.0010338605027575,0,0.06803963154718351,negative,587
economic_inv,es,海南,湖北,-0.009227185536225485,0.009227185536225485,-0.9918829739899072,0.0010338605027575,0,0.06803963154718351,negative,588
economic_inv,es,海南,湖南,-0.009193786494704686,0.009193786494704686,-0.9918829739899072,0.0010338605027575,0,0.06803963154718351,negative,589
economic_inv,es,内蒙古,安徽,-0.009164376527577935,0.009164376527577935,-0.9918829739899072,0.0010338605027575,0,0.06803963154718351,negative,590
economic_inv,es,宁夏,上海,-0.009111320883656703,0.009111320883656703,-0.9918829739899072,0.0010338605027575,0,0.06803963154718351,negative,591
economic_inv,es,四川,甘肃,-0.0091001334253727,0.0091001334253727,-0.9918829739899072,0.0010338605027575,0,0.06803963154718351,negative,592
economic_inv,es,山西,河北,-0.009043484513366243,0.009043484513366243,-0.9918829739899072,0.0010338605027575,0,0.06803963154718351,negative,593
economic_inv,es,安徽,甘肃,-0.009041651307859725,0.009041651307859725,-0.9918829739899072,0.0010338605027575,0,0.06803963154718351,negative,594
economic_inv,es,山西,湖北,-0.009008570210055538,0.009008570210055538,-0.9918829739899072,0.0010338605027575,0,0.06803963154718351,negative,595
economic_inv,es,宁夏,辽宁,-0.008964885546262106,0.008964885546262106,-0.9918829739899072,0.0010338605027575,0,0.06803963154718351,negative,596
economic_inv,es,山西,湖南,-0.008959234662374813,0.008959234662374813,-0.9918829739899072,0.0010338605027575,0,0.06803963154718351,negative,597
economic_inv,es,陕西,青海,-0.008945992714192904,0.008945992714192904,-0.9918829739899072,0.0010338605027575,0,0.06803963154718351,negative,598
economic_inv,es,江西,四川,-0.008934004535439723,0.008934004535439723,-0.9918829739899072,0.0010338605027575,0,0.06803963154718351,negative,599
economic_inv,es,天津,河北,-0.008901102829858126,0.008901102829858126,-0.9918829739899072,0.0010338605027575,0,0.06803963154718351,negative,600
economic_inv,es,天津,湖北,-0.008859001532658053,0.008859001532658053,-0.9918829739899072,0.0010338605027575,0,0.06803963154718351,negative,601
economic_inv,es,河北,辽宁,-0.00884675602550588,0.00884675602550588,-0.9918829739899072,0.0010338605027575,0,0.06803963154718351,negative,602
economic_inv,es,重庆,福建,-0.008838627787848339,0.008838627787848339,-0.9918829739899072,0.0010338605027575,0,0.06803963154718351,negative,603
economic_inv,es,海南,四川,-0.008805485100434727,0.008805485100434727,-0.9918829739899072,0.0010338605027575,0,0.06803963154718351,negative,604
economic_inv,es,天津,湖南,-0.008799635530403005,0.008799635530403005,-0.9918829739899072,0.0010338605027575,0,0.06803963154718351,negative,605
economic_inv,es,广西,安徽,-0.008796294096666709,0.008796294096666709,-0.9918829739899072,0.0010338605027575,0,0.06803963154718351,negative,606
economic_inv,es,吉林,河北,-0.008630318993130564,0.008630318993130564,-0.9918829739899072,0.0010338605027575,0,0.06803963154718351,negative,607
economic_inv,es,吉林,湖北,-0.008595632662481607,0.008595632662481607,-0.9918829739899072,0.0010338605027575,0,0.06803963154718351,negative,608
economic_inv,es,黑龙江,甘肃,-0.008558416592120038,0.008558416592120038,-0.9918829739899072,0.0010338605027575,0,0.06803963154718351,negative,609
economic_inv,es,吉林,湖南,-0.008546638054830366,0.008546638054830366,-0.9918829739899072,0.0010338605027575,0,0.06803963154718351,negative,610
economic_inv,es,甘肃,浙江,-0.008496575527587194,0.008496575527587194,-0.9918829739899072,0.0010338605027575,0,0.06803963154718351,negative,611
economic_inv,es,江西,海南,-0.008470336988017906,0.008470336988017906,-0.9918829739899072,0.0010338605027575,0,0.06803963154718351,negative,612
economic_inv,es,云南,甘肃,-0.008435594740285992,0.008435594740285992,-0.9918829739899072,0.0010338605027575,0,0.06803963154718351,negative,613
economic_inv,es,青海,河北,-0.008410473345556276,0.008410473345556276,-0.9918829739899072,0.0010338605027575,0,0.06803963154718351,negative,614
economic_inv,es,山西,四川,-0.008398863809056559,0.008398863809056559,-0.9918829739899072,0.0010338605027575,0,0.06803963154718351,negative,615
economic_inv,es,青海,湖北,-0.008390064006333485,0.008390064006333485,-0.9918829739899072,0.0010338605027575,0,0.06803963154718351,negative,616
economic_inv,es,青海,湖南,-0.008361124265066706,0.008361124265066706,-0.9918829739899072,0.0010338605027575,0,0.06803963154718351,negative,617
economic_inv,es,宁夏,福建,-0.008252845495940162,0.008252845495940162,-0.9918829739899072,0.0010338605027575,0,0.06803963154718351,negative,618
economic_inv,es,河北,上海,-0.00821151639041329,0.00821151639041329,-0.9918829739899072,0.0010338605027575,0,0.06803963154718351,negative,619
economic_inv,es,上海,甘肃,-0.008142455838395506,0.008142455838395506,-0.9918829739899072,0.0010338605027575,0,0.06803963154718351,negative,620
economic_inv,es,天津,四川,-0.0081354554991556,0.0081354554991556,-0.9918829739899072,0.0010338605027575,0,0.06803963154718351,negative,621
economic_inv,es,四川,海南,-0.00812222591162912,0.00812222591162912,-0.9918829739899072,0.0010338605027575,0,0.06803963154718351,negative,622
economic_inv,es,辽宁,甘肃,-0.00807661173392367,0.00807661173392367,-0.9918829739899072,0.0010338605027575,0,0.06803963154718351,negative,623
economic_inv,es,江西,宁夏,-0.008045228074954064,0.008045228074954064,-0.9918829739899072,0.0010338605027575,0,0.06803963154718351,negative,624
economic_inv,es,云南,北京,-0.008031958905856436,0.008031958905856436,-0.9918829739899072,0.0010338605027575,0,0.06803963154718351,negative,625
economic_inv,es,青海,四川,-0.008023939511365553,0.008023939511365553,-0.9918829739899072,0.0010338605027575,0,0.06803963154718351,negative,626
economic_inv,es,辽宁,浙江,-0.008022789573213642,0.008022789573213642,-0.9918829739899072,0.0010338605027575,0,0.06803963154718351,negative,627
economic_inv,es,吉林,四川,-0.007991680864876524,0.007991680864876524,-0.9918829739899072,0.0010338605027575,0,0.06803963154718351,negative,628
economic_inv,es,北京,海南,-0.007948723062845869,0.007948723062845869,-0.9918829739899072,0.0010338605027575,0,0.06803963154718351,negative,629
economic_inv,es,黑龙江,北京,-0.007930792413952416,0.007930792413952416,-0.9918829739899072,0.0010338605027575,0,0.06803963154718351,negative,630
economic_inv,es,四川,宁夏,-0.007907738061008309,0.007907738061008309,-0.9918829739899072,0.0010338605027575,0,0.06803963154718351,negative,631
economic_inv,es,上海,浙江,-0.007783326230575671,0.007783326230575671,-0.9918829739899072,0.0010338605027575,0,0.06803963154718351,negative,632
economic_inv,es,江西,青海,-0.007755681775562585,0.007755681775562585,-0.9918829739899072,0.0010338605027575,0,0.06803963154718351,negative,633
economic_inv,es,四川,青海,-0.0077553924566610526,0.0077553924566610526,-0.9918829739899072,0.0010338605027575,0,0.06803963154718351,negative,634
economic_inv,es,贵州,河南,-0.007739077226005249,0.007739077226005249,-0.9918829739899072,0.0010338605027575,0,0.06803963154718351,negative,635
economic_inv,es,新疆,浙江,-0.007727432948798778,0.007727432948798778,-0.9918829739899072,0.0010338605027575,0,0.06803963154718351,negative,636
economic_inv,es,云南,安徽,-0.007702041345582597,0.007702041345582597,-0.9918829739899072,0.0010338605027575,0,0.06803963154718351,negative,637
economic_inv,es,安徽,海南,-0.0076653542791888215,0.0076653542791888215,-0.9918829739899072,0.0010338605027575,0,0.06803963154718351,negative,638
economic_inv,es,北京,宁夏,-0.00764937988238813,0.00764937988238813,-0.9918829739899072,0.0010338605027575,0,0.06803963154718351,negative,639
economic_inv,es,黑龙江,安徽,-0.007609110603688423,0.007609110603688423,-0.9918829739899072,0.0010338605027575,0,0.06803963154718351,negative,640
economic_inv,es,北京,青海,-0.007440931828992776,0.007440931828992776,-0.9918829739899072,0.0010338605027575,0,0.06803963154718351,negative,641
economic_inv,es,宁夏,河北,-0.007422771719385309,0.007422771719385309,-0.9918829739899072,0.0010338605027575,0,0.06803963154718351,negative,642
economic_inv,es,陕西,河南,-0.007408135360378213,0.007408135360378213,-0.9918829739899072,0.0010338605027575,0,0.06803963154718351,negative,643
economic_inv,es,宁夏,湖北,-0.007404388881800296,0.007404388881800296,-0.9918829739899072,0.0010338605027575,0,0.06803963154718351,negative,644
economic_inv,es,湖北,辽宁,-0.007394353456950484,0.007394353456950484,-0.9918829739899072,0.0010338605027575,0,0.06803963154718351,negative,645
economic_inv,es,安徽,宁夏,-0.0073817428496958,0.0073817428496958,-0.9918829739899072,0.0010338605027575,0,0.06803963154718351,negative,646
economic_inv,es,宁夏,湖南,-0.007378325801946641,0.007378325801946641,-0.9918829739899072,0.0010338605027575,0,0.06803963154718351,negative,647
economic_inv,es,重庆,海南,-0.007327090012167231,0.007327090012167231,-0.9918829739899072,0.0010338605027575,0,0.06803963154718351,negative,648
economic_inv,es,内蒙古,新疆,-0.007302694847252733,0.007302694847252733,-0.9918829739899072,0.0010338605027575,0,0.06803963154718351,negative,649
economic_inv,es,湖南,安徽,-0.007236037193065944,0.007236037193065944,-0.9918829739899072,0.0010338605027575,0,0.06803963154718351,negative,650
economic_inv,es,广西,新疆,-0.007221371363410813,0.007221371363410813,-0.9918829739899072,0.0010338605027575,0,0.06803963154718351,negative,651
economic_inv,es,安徽,青海,-0.007184019696873618,0.007184019696873618,-0.9918829739899072,0.0010338605027575,0,0.06803963154718351,negative,652
economic_inv,es,北京,浙江,-0.007146860089960401,0.007146860089960401,-0.9918829739899072,0.0010338605027575,0,0.06803963154718351,negative,653
economic_inv,es,安徽,浙江,-0.007138866520527298,0.007138866520527298,-0.9918829739899072,0.0010338605027575,0,0.06803963154718351,negative,654
economic_inv,es,海南,河南,-0.007132207058497023,0.007132207058497023,-0.9918829739899072,0.0010338605027575,0,0.06803963154718351,negative,655
economic_inv,es,内蒙古,上海,-0.0070978051390391764,0.0070978051390391764,-0.9918829739899072,0.0010338605027575,0,0.06803963154718351,negative,656
economic_inv,es,宁夏,四川,-0.007074929994835331,0.007074929994835331,-0.9918829739899072,0.0010338605027575,0,0.06803963154718351,negative,657
economic_inv,es,重庆,河北,-0.007045160694603873,0.007045160694603873,-0.9918829739899072,0.0010338605027575,0,0.06803963154718351,negative,658
economic_inv,es,重庆,湖北,-0.007010049950734458,0.007010049950734458,-0.9918829739899072,0.0010338605027575,0,0.06803963154718351,negative,659
economic_inv,es,上海,海南,-0.007006743059649976,0.007006743059649976,-0.9918829739899072,0.0010338605027575,0,0.06803963154718351,negative,660
economic_inv,es,辽宁,海南,-0.006968815075744941,0.006968815075744941,-0.9918829739899072,0.0010338605027575,0,0.06803963154718351,negative,661
economic_inv,es,重庆,湖南,-0.006960571568528063,0.006960571568528063,-0.9918829739899072,0.0010338605027575,0,0.06803963154718351,negative,662
economic_inv,es,重庆,宁夏,-0.006924558495599653,0.006924558495599653,-0.9918829739899072,0.0010338605027575,0,0.06803963154718351,negative,663
economic_inv,es,湖南,北京,-0.00688466754564894,0.00688466754564894,-0.9918829739899072,0.0010338605027575,0,0.06803963154718351,negative,664
economic_inv,es,湖北,上海,-0.006870422151748208,0.006870422151748208,-0.9918829739899072,0.0010338605027575,0,0.06803963154718351,negative,665
economic_inv,es,四川,山东,-0.006868876083145511,0.006868876083145511,-0.9918829739899072,0.0010338605027575,0,0.06803963154718351,negative,666
economic_inv,es,广西,上海,-0.006837916408676609,0.006837916408676609,-0.9918829739899072,0.0010338605027575,0,0.06803963154718351,negative,667
economic_inv,es,内蒙古,辽宁,-0.006788461219195268,0.006788461219195268,-0.9918829739899072,0.0010338605027575,0,0.06803963154718351,negative,668
economic_inv,es,上海,宁夏,-0.006768454594786599,0.006768454594786599,-0.9918829739899072,0.0010338605027575,0,0.06803963154718351,negative,669
economic_inv,es,辽宁,宁夏,-0.006735625477049709,0.006735625477049709,-0.9918829739899072,0.0010338605027575,0,0.06803963154718351,negative,670
economic_inv,es,重庆,青海,-0.006652686823772121,0.006652686823772121,-0.9918829739899072,0.0010338605027575,0,0.06803963154718351,negative,671
economic_inv,es,上海,青海,-0.006601451402216495,0.006601451402216495,-0.9918829739899072,0.0010338605027575,0,0.06803963154718351,negative,672
economic_inv,es,湖南,河南,-0.006581340257264295,0.006581340257264295,-0.9918829739899072,0.0010338605027575,0,0.06803963154718351,negative,673
economic_inv,es,辽宁,青海,-0.006572038455047357,0.006572038455047357,-0.9918829739899072,0.0010338605027575,0,0.06803963154718351,negative,674
economic_inv,es,青海,河南,-0.006555437445843094,0.006555437445843094,-0.9918829739899072,0.0010338605027575,0,0.06803963154718351,negative,675
economic_inv,es,广西,辽宁,-0.006543521042610507,0.006543521042610507,-0.9918829739899072,0.0010338605027575,0,0.06803963154718351,negative,676
economic_inv,es,福建,山东,-0.006500981144224031,0.006500981144224031,-0.9918829739899072,0.0010338605027575,0,0.06803963154718351,negative,677
economic_inv,es,重庆,四川,-0.006409428209255275,0.006409428209255275,-0.9918829739899072,0.0010338605027575,0,0.06803963154718351,negative,678
economic_inv,es,云南,上海,-0.006386111826713833,0.006386111826713833,-0.9918829739899072,0.0010338605027575,0,0.06803963154718351,negative,679
economic_inv,es,黑龙江,上海,-0.006322589134626495,0.006322589134626495,-0.9918829739899072,0.0010338605027575,0,0.06803963154718351,negative,680
economic_inv,es,贵州,浙江,-0.006238140545804002,0.006238140545804002,-0.9918829739899072,0.0010338605027575,0,0.06803963154718351,negative,681
economic_inv,es,山西,河南,-0.006233221159849575,0.006233221159849575,-0.9918829739899072,0.0010338605027575,0,0.06803963154718351,negative,682
economic_inv,es,黑龙江,海南,-0.006195036735999921,0.006195036735999921,-0.9918829739899072,0.0010338605027575,0,0.06803963154718351,negative,683
economic_inv,es,云南,辽宁,-0.006172981849508003,0.006172981849508003,-0.9918829739899072,0.0010338605027575,0,0.06803963154718351,negative,684
economic_inv,es,云南,海南,-0.0061296469371909315,0.0061296469371909315,-0.9918829739899072,0.0010338605027575,0,0.06803963154718351,negative,685
economic_inv,es,黑龙江,辽宁,-0.00611370271176711,0.00611370271176711,-0.9918829739899072,0.0010338605027575,0,0.06803963154718351,negative,686
economic_inv,es,河北,安徽,-0.00605868815174711,0.00605868815174711,-0.9918829739899072,0.0010338605027575,0,0.06803963154718351,negative,687
economic_inv,es,江西,河南,-0.006028099176426318,0.006028099176426318,-0.9918829739899072,0.0010338605027575,0,0.06803963154718351,negative,688
economic_inv,es,海南,浙江,-0.006014664251069335,0.006014664251069335,-0.9918829739899072,0.0010338605027575,0,0.06803963154718351,negative,689
economic_inv,es,吉林,河南,-0.005873257186513827,0.005873257186513827,-0.9918829739899072,0.0010338605027575,0,0.06803963154718351,negative,690
economic_inv,es,黑龙江,宁夏,-0.00579137099481962,0.00579137099481962,-0.9918829739899072,0.0010338605027575,0,0.06803963154718351,negative,691
economic_inv,es,宁夏,河南,-0.005759405260311811,0.005759405260311811,-0.9918829739899072,0.0010338605027575,0,0.06803963154718351,negative,692
economic_inv,es,河北,北京,-0.005757783308512744,0.005757783308512744,-0.9918829739899072,0.0010338605027575,0,0.06803963154718351,negative,693
economic_inv,es,云南,宁夏,-0.0057340135970963355,0.0057340135970963355,-0.9918829739899072,0.0010338605027575,0,0.06803963154718351,negative,694
economic_inv,es,天津,河南,-0.005732152615727147,0.005732152615727147,-0.9918829739899072,0.0010338605027575,0,0.06803963154718351,negative,695
economic_inv,es,陕西,浙江,-0.00558206149887308,0.00558206149887308,-0.9918829739899072,0.0010338605027575,0,0.06803963154718351,negative,696
economic_inv,es,四川,江苏,-0.005574966061430067,0.005574966061430067,-0.9918829739899072,0.0010338605027575,0,0.06803963154718351,negative,697
economic_inv,es,青海,浙江,-0.00556041656008817,0.00556041656008817,-0.9918829739899072,0.0010338605027575,0,0.06803963154718351,negative,698
economic_inv,es,甘肃,山东,-0.0055546609712556145,0.0055546609712556145,-0.9918829739899072,0.0010338605027575,0,0.06803963154718351,negative,699
economic_inv,es,黑龙江,青海,-0.005523638096978216,0.005523638096978216,-0.9918829739899072,0.0010338605027575,0,0.06803963154718351,negative,700
economic_inv,es,内蒙古,福建,-0.005501333500723675,0.005501333500723675,-0.9918829739899072,0.0010338605027575,0,0.06803963154718351,negative,701
economic_inv,es,云南,青海,-0.005471320827298744,0.005471320827298744,-0.9918829739899072,0.0010338605027575,0,0.06803963154718351,negative,702
economic_inv,es,福建,江苏,-0.005388331502112318,0.005388331502112318,-0.9918829739899072,0.0010338605027575,0,0.06803963154718351,negative,703
economic_inv,es,内蒙古,甘肃,-0.005381148191383935,0.005381148191383935,-0.9918829739899072,0.0010338605027575,0,0.06803963154718351,negative,704
economic_inv,es,广西,福建,-0.005315082694041803,0.005315082694041803,-0.9918829739899072,0.0010338605027575,0,0.06803963154718351,negative,705
economic_inv,es,广西,甘肃,-0.005302510280725879,0.005302510280725879,-0.9918829739899072,0.0010338605027575,0,0.06803963154718351,negative,706
economic_inv,es,四川,广东,-0.005289578961041941,0.005289578961041941,-0.9918829739899072,0.0010338605027575,0,0.06803963154718351,negative,707
economic_inv,es,河北,河南,-0.0052692090751873,0.0052692090751873,-0.9918829739899072,0.0010338605027575,0,0.06803963154718351,negative,708
economic_inv,es,云南,福建,-0.005235061488839631,0.005235061488839631,-0.9918829739899072,0.0010338605027575,0,0.06803963154718351,negative,709
economic_inv,es,黑龙江,福建,-0.005192729299685442,0.005192729299685442,-0.9918829739899072,0.0010338605027575,0,0.06803963154718351,negative,710
economic_inv,es,福建,广东,-0.005136537805100814,0.005136537805100814,-0.9918829739899072,0.0010338605027575,0,0.06803963154718351,negative,711
economic_inv,es,湖北,安徽,-0.005086820700371173,0.005086820700371173,-0.9918829739899072,0.0010338605027575,0,0.06803963154718351,negative,712
economic_inv,es,山西,浙江,-0.00497814114161229,0.00497814114161229,-0.9918829739899072,0.0010338605027575,0,0.06803963154718351,negative,713
economic_inv,es,新疆,山东,-0.004917464586563593,0.004917464586563593,-0.9918829739899072,0.0010338605027575,0,0.06803963154718351,negative,714
economic_inv,es,甘肃,江苏,-0.004905813438259942,0.004905813438259942,-0.9918829739899072,0.0010338605027575,0,0.06803963154718351,negative,715
economic_inv,es,宁夏,浙江,-0.004873381731077002,0.004873381731077002,-0.9918829739899072,0.0010338605027575,0,0.06803963154718351,negative,716
economic_inv,es,湖北,北京,-0.004836534706525933,0.004836534706525933,-0.9918829739899072,0.0010338605027575,0,0.06803963154718351,negative,717
economic_inv,es,甘肃,广东,-0.004746995780798664,0.004746995780798664,-0.9918829739899072,0.0010338605027575,0,0.06803963154718351,negative,718
economic_inv,es,吉林,浙江,-0.004664326093031937,0.004664326093031937,-0.9918829739899072,0.0010338605027575,0,0.06803963154718351,negative,719
economic_inv,es,江西,浙江,-0.0045735543886406115,0.0045735543886406115,-0.9918829739899072,0.0010338605027575,0,0.06803963154718351,negative,720
economic_inv,es,湖北,河南,-0.004506447981336206,0.004506447981336206,-0.9918829739899072,0.0010338605027575,0,0.06803963154718351,negative,721
economic_inv,es,重庆,河南,-0.004451503372515459,0.004451503372515459,-0.9918829739899072,0.0010338605027575,0,0.06803963154718351,negative,722
economic_inv,es,天津,浙江,-0.004447511847204715,0.004447511847204715,-0.9918829739899072,0.0010338605027575,0,0.06803963154718351,negative,723
economic_inv,es,内蒙古,河北,-0.004342162957235723,0.004342162957235723,-0.9918829739899072,0.0010338605027575,0,0.06803963154718351,negative,724
economic_inv,es,内蒙古,湖北,-0.0043196960700230555,0.0043196960700230555,-0.9918829739899072,0.0010338605027575,0,0.06803963154718351,negative,725
economic_inv,es,新疆,江苏,-0.004317720218396951,0.004317720218396951,-0.9918829739899072,0.0010338605027575,0,0.06803963154718351,negative,726
economic_inv,es,云南,河北,-0.004312507582487965,0.004312507582487965,-0.9918829739899072,0.0010338605027575,0,0.06803963154718351,negative,727
economic_inv,es,云南,湖北,-0.004293829807362556,0.004293829807362556,-0.9918829739899072,0.0010338605027575,0,0.06803963154718351,negative,728
economic_inv,es,湖南,陕西,-0.004293304357828232,0.004293304357828232,-0.9918829739899072,0.0010338605027575,0,0.06803963154718351,negative,729
economic_inv,es,内蒙古,湖南,-0.004288050122704482,0.004288050122704482,-0.9918829739899072,0.0010338605027575,0,0.06803963154718351,negative,730
economic_inv,es,黑龙江,河北,-0.00428408868492259,0.00428408868492259,-0.9918829739899072,0.0010338605027575,0,0.06803963154718351,negative,731
economic_inv,es,云南,湖南,-0.0042674672867764945,0.0042674672867764945,-0.9918829739899072,0.0010338605027575,0,0.06803963154718351,negative,732
economic_inv,es,黑龙江,湖北,-0.004265664279353923,0.004265664279353923,-0.9918829739899072,0.0010338605027575,0,0.06803963154718351,negative,733
economic_inv,es,黑龙江,湖南,-0.004239657458719298,0.004239657458719298,-0.9918829739899072,0.0010338605027575,0,0.06803963154718351,negative,734
economic_inv,es,广西,河北,-0.004203900634163092,0.004203900634163092,-0.9918829739899072,0.0010338605027575,0,0.06803963154718351,negative,735
economic_inv,es,内蒙古,海南,-0.00418774619206531,0.00418774619206531,-0.9918829739899072,0.0010338605027575,0,0.06803963154718351,negative,736
economic_inv,es,广西,湖北,-0.004182318091573368,0.004182318091573368,-0.9918829739899072,0.0010338605027575,0,0.06803963154718351,negative,737
economic_inv,es,新疆,广东,-0.004171985648788785,0.004171985648788785,-0.9918829739899072,0.0010338605027575,0,0.06803963154718351,negative,738
economic_inv,es,广西,湖南,-0.004151914837986559,0.004151914837986559,-0.9918829739899072,0.0010338605027575,0,0.06803963154718351,negative,739
economic_inv,es,广西,海南,-0.004117555144091886,0.004117555144091886,-0.9918829739899072,0.0010338605027575,0,0.06803963154718351,negative,740
economic_inv,es,湖南,江西,-0.004099510118364681,0.004099510118364681,-0.9918829739899072,0.0010338605027575,0,0.06803963154718351,negative,741
economic_inv,es,海南,山东,-0.004034645753724626,0.004034645753724626,-0.9918829739899072,0.0010338605027575,0,0.06803963154718351,negative,742
economic_inv,es,云南,四川,-0.003970481162801021,0.003970481162801021,-0.9918829739899072,0.0010338605027575,0,0.06803963154718351,negative,743
economic_inv,es,内蒙古,宁夏,-0.003965753864903841,0.003965753864903841,-0.9918829739899072,0.0010338605027575,0,0.06803963154718351,negative,744
economic_inv,es,黑龙江,四川,-0.003946523460192969,0.003946523460192969,-0.9918829739899072,0.0010338605027575,0,0.06803963154718351,negative,745
economic_inv,es,内蒙古,四川,-0.0039366940335243605,0.0039366940335243605,-0.9918829739899072,0.0010338605027575,0,0.06803963154718351,negative,746
economic_inv,es,辽宁,山东,-0.0039026467941253463,0.0039026467941253463,-0.9918829739899072,0.0010338605027575,0,0.06803963154718351,negative,747
economic_inv,es,广西,宁夏,-0.0038977035627643076,0.0038977035627643076,-0.9918829739899072,0.0010338605027575,0,0.06803963154718351,negative,748
economic_inv,es,贵州,山东,-0.003880814386113227,0.003880814386113227,-0.9918829739899072,0.0010338605027575,0,0.06803963154718351,negative,749
economic_inv,es,湖南,内蒙古,-0.0038502651135141545,0.0038502651135141545,-0.9918829739899072,0.0010338605027575,0,0.06803963154718351,negative,750
economic_inv,es,上海,山东,-0.0038230394575980166,0.0038230394575980166,-0.9918829739899072,0.0010338605027575,0,0.06803963154718351,negative,751
economic_inv,es,湖南,广西,-0.003820574970007089,0.003820574970007089,-0.9918829739899072,0.0010338605027575,0,0.06803963154718351,negative,752
economic_inv,es,内蒙古,青海,-0.0038153061753102018,0.0038153061753102018,-0.9918829739899072,0.0010338605027575,0,0.06803963154718351,negative,753
economic_inv,es,广西,四川,-0.0038141233879289485,0.0038141233879289485,-0.9918829739899072,0.0010338605027575,0,0.06803963154718351,negative,754
economic_inv,es,青海,山东,-0.0037687660105668523,0.0037687660105668523,-0.9918829739899072,0.0010338605027575,0,0.06803963154718351,negative,755
economic_inv,es,广西,青海,-0.0037488079578714877,0.0037488079578714877,-0.9918829739899072,0.0010338605027575,0,0.06803963154718351,negative,756
economic_inv,es,湖南,重庆,-0.003709540383278263,0.003709540383278263,-0.9918829739899072,0.0010338605027575,0,0.06803963154718351,negative,757
economic_inv,es,北京,山东,-0.003699201077779744,0.003699201077779744,-0.9918829739899072,0.0010338605027575,0,0.06803963154718351,negative,758
economic_inv,es,安徽,山东,-0.003665090294321073,0.003665090294321073,-0.9918829739899072,0.0010338605027575,0,0.06803963154718351,negative,759
economic_inv,es,湖南,浙江,-0.003599105993296431,0.003599105993296431,-0.9918829739899072,0.0010338605027575,0,0.06803963154718351,negative,760
economic_inv,es,海南,江苏,-0.0035839667492363913,0.0035839667492363913,-0.9918829739899072,0.0010338605027575,0,0.06803963154718351,negative,761
economic_inv,es,河北,陕西,-0.0035600348523357936,0.0035600348523357936,-0.9918829739899072,0.0010338605027575,0,0.06803963154718351,negative,762
economic_inv,es,湖南,天津,-0.0035219140431545027,0.0035219140431545027,-0.9918829739899072,0.0010338605027575,0,0.06803963154718351,negative,763
economic_inv,es,海南,广东,-0.0034728591096592353,0.0034728591096592353,-0.9918829739899072,0.0010338605027575,0,0.06803963154718351,negative,764
economic_inv,es,重庆,浙江,-0.0034276983121461413,0.0034276983121461413,-0.9918829739899072,0.0010338605027575,0,0.06803963154718351,negative,765
economic_inv,es,河北,江西,-0.0033971785285719733,0.0033971785285719733,-0.9918829739899072,0.0010338605027575,0,0.06803963154718351,negative,766
economic_inv,es,贵州,江苏,-0.003391289394594194,0.003391289394594194,-0.9918829739899072,0.0010338605027575,0,0.06803963154718351,negative,767
economic_inv,es,青海,江苏,-0.00335573798665067,0.00335573798665067,-0.9918829739899072,0.0010338605027575,0,0.06803963154718351,negative,768
economic_inv,es,宁夏,山东,-0.0032887654071064665,0.0032887654071064665,-0.9918829739899072,0.0010338605027575,0,0.06803963154718351,negative,769
economic_inv,es,贵州,广东,-0.0032730402040828323,0.0032730402040828323,-0.9918829739899072,0.0010338605027575,0,0.06803963154718351,negative,770
economic_inv,es,辽宁,江苏,-0.0032626191379839884,0.0032626191379839884,-0.9918829739899072,0.0010338605027575,0,0.06803963154718351,negative,771
economic_inv,es,青海,广东,-0.0032536109328989192,0.0032536109328989192,-0.9918829739899072,0.0010338605027575,0,0.06803963154718351,negative,772
economic_inv,es,湖南,云南,-0.003226768659990932,0.003226768659990932,-0.9918829739899072,0.0010338605027575,0,0.06803963154718351,negative,773
economic_inv,es,湖南,黑龙江,-0.0032042494250892482,0.0032042494250892482,-0.9918829739899072,0.0010338605027575,0,0.06803963154718351,negative,774
economic_inv,es,上海,江苏,-0.0032009104851248487,0.0032009104851248487,-0.9918829739899072,0.0010338605027575,0,0.06803963154718351,negative,775
economic_inv,es,河北,内蒙古,-0.0031880279183125826,0.0031880279183125826,-0.9918829739899072,0.0010338605027575,0,0.06803963154718351,negative,776
economic_inv,es,河北,广西,-0.0031631366065834267,0.0031631366065834267,-0.9918829739899072,0.0010338605027575,0,0.06803963154718351,negative,777
economic_inv,es,陕西,山东,-0.003150097820198725,0.003150097820198725,-0.9918829739899072,0.0010338605027575,0,0.06803963154718351,negative,778
economic_inv,es,北京,江苏,-0.0031236130517824675,0.0031236130517824675,-0.9918829739899072,0.0010338605027575,0,0.06803963154718351,negative,779
economic_inv,es,辽宁,广东,-0.003116244492437387,0.003116244492437387,-0.9918829739899072,0.0010338605027575,0,0.06803963154718351,negative,780
economic_inv,es,安徽,江苏,-0.0030906243418029698,0.0030906243418029698,-0.9918829739899072,0.0010338605027575,0,0.06803963154718351,negative,781
economic_inv,es,河北,重庆,-0.003070091507481666,0.003070091507481666,-0.9918829739899072,0.0010338605027575,0,0.06803963154718351,negative,782
economic_inv,es,上海,广东,-0.0030583642678850844,0.0030583642678850844,-0.9918829739899072,0.0010338605027575,0,0.06803963154718351,negative,783
economic_inv,es,山西,山东,-0.003052872983632015,0.003052872983632015,-0.9918829739899072,0.0010338605027575,0,0.06803963154718351,negative,784
economic_inv,es,湖北,陕西,-0.0030010874135320115,0.0030010874135320115,-0.9918829739899072,0.0010338605027575,0,0.06803963154718351,negative,785
economic_inv,es,湖南,吉林,-0.002995685115247255,0.002995685115247255,-0.9918829739899072,0.0010338605027575,0,0.06803963154718351,negative,786
economic_inv,es,北京,广东,-0.0029903467923851723,0.0029903467923851723,-0.9918829739899072,0.0010338605027575,0,0.06803963154718351,negative,787
economic_inv,es,安徽,广东,-0.0029578393365008314,0.0029578393365008314,-0.9918829739899072,0.0010338605027575,0,0.06803963154718351,negative,788
economic_inv,es,宁夏,江苏,-0.00292541423812446,0.00292541423812446,-0.9918829739899072,0.0010338605027575,0,0.06803963154718351,negative,789
economic_inv,es,河北,天津,-0.0029130175601598976,0.0029130175601598976,-0.9918829739899072,0.0010338605027575,0,0.06803963154718351,negative,790
economic_inv,es,河北,浙江,-0.002909041301814303,0.002909041301814303,-0.9918829739899072,0.0010338605027575,0,0.06803963154718351,negative,791
economic_inv,es,湖南,山西,-0.0028782585995160027,0.0028782585995160027,-0.9918829739899072,0.0010338605027575,0,0.06803963154718351,negative,792
economic_inv,es,湖北,江西,-0.002864557221699798,0.002864557221699798,-0.9918829739899072,0.0010338605027575,0,0.06803963154718351,negative,793
economic_inv,es,云南,河南,-0.0028635136995281006,0.0028635136995281006,-0.9918829739899072,0.0010338605027575,0,0.06803963154718351,negative,794
economic_inv,es,黑龙江,河南,-0.002851399784358494,0.002851399784358494,-0.9918829739899072,0.0010338605027575,0,0.06803963154718351,negative,795
economic_inv,es,吉林,山东,-0.0028360032981809237,0.0028360032981809237,-0.9918829739899072,0.0010338605027575,0,0.06803963154718351,negative,796
economic_inv,es,宁夏,广东,-0.0028356824943280537,0.0028356824943280537,-0.9918829739899072,0.0010338605027575,0,0.06803963154718351,negative,797
economic_inv,es,内蒙古,河南,-0.002705347441227069,0.002705347441227069,-0.9918829739899072,0.0010338605027575,0,0.06803963154718351,negative,798
economic_inv,es,陕西,江苏,-0.0027006526710810223,0.0027006526710810223,-0.9918829739899072,0.0010338605027575,0,0.06803963154718351,negative,799
economic_inv,es,湖南,贵州,-0.002693059148151335,0.002693059148151335,-0.9918829739899072,0.0010338605027575,0,0.06803963154718351,negative,800
economic_inv,es,湖北,内蒙古,-0.0026891104663850263,0.0026891104663850263,-0.9918829739899072,0.0010338605027575,0,0.06803963154718351,negative,801
economic_inv,es,湖北,广西,-0.002668222366807563,0.002668222366807563,-0.9918829739899072,0.0010338605027575,0,0.06803963154718351,negative,802
economic_inv,es,河北,云南,-0.0026663227486034497,0.0026663227486034497,-0.9918829739899072,0.0010338605027575,0,0.06803963154718351,negative,803
economic_inv,es,山西,江苏,-0.0026599219684376764,0.0026599219684376764,-0.9918829739899072,0.0010338605027575,0,0.06803963154718351,negative,804
economic_inv,es,河北,黑龙江,-0.002647519789469709,0.002647519789469709,-0.9918829739899072,0.0010338605027575,0,0.06803963154718351,negative,805
economic_inv,es,广西,河南,-0.0026269358739184406,0.0026269358739184406,-0.9918829739899072,0.0010338605027575,0,0.06803963154718351,negative,806
economic_inv,es,天津,山东,-0.002613232143740611,0.002613232143740611,-0.9918829739899072,0.0010338605027575,0,0.06803963154718351,negative,807
economic_inv,es,江西,山东,-0.0026049209141823736,0.0026049209141823736,-0.9918829739899072,0.0010338605027575,0,0.06803963154718351,negative,808
economic_inv,es,陕西,广东,-0.002594624326158513,0.002594624326158513,-0.9918829739899072,0.0010338605027575,0,0.06803963154718351,negative,809
economic_inv,es,湖北,重庆,-0.002590126547754602,0.002590126547754602,-0.9918829739899072,0.0010338605027575,0,0.06803963154718351,negative,810
economic_inv,es,山西,广东,-0.00256534816943364,0.00256534816943364,-0.9918829739899072,0.0010338605027575,0,0.06803963154718351,negative,811
economic_inv,es,湖北,浙江,-0.002478308466525064,0.002478308466525064,-0.9918829739899072,0.0010338605027575,0,0.06803963154718351,negative,812
economic_inv,es,河北,吉林,-0.0024735056938503383,0.0024735056938503383,-0.9918829739899072,0.0010338605027575,0,0.06803963154718351,negative,813
economic_inv,es,吉林,江苏,-0.0024666684817670824,0.0024666684817670824,-0.9918829739899072,0.0010338605027575,0,0.06803963154718351,negative,814
economic_inv,es,湖北,天津,-0.002458235663682035,0.002458235663682035,-0.9918829739899072,0.0010338605027575,0,0.06803963154718351,negative,815
economic_inv,es,湖南,新疆,-0.0024258415898112035,0.0024258415898112035,-0.9918829739899072,0.0010338605027575,0,0.06803963154718351,negative,816
economic_inv,es,吉林,广东,-0.0023779702869441933,0.0023779702869441933,-0.9918829739899072,0.0010338605027575,0,0.06803963154718351,negative,817
economic_inv,es,河北,山西,-0.0023756360934875085,0.0023756360934875085,-0.9918829739899072,0.0010338605027575,0,0.06803963154718351,negative,818
economic_inv,es,天津,江苏,-0.0022575717497946824,0.0022575717497946824,-0.9918829739899072,0.0010338605027575,0,0.06803963154718351,negative,819
economic_inv,es,湖北,云南,-0.0022509566264294306,0.0022509566264294306,-0.9918829739899072,0.0010338605027575,0,0.06803963154718351,negative,820
economic_inv,es,云南,浙江,-0.002250124396971861,0.002250124396971861,-0.9918829739899072,0.0010338605027575,0,0.06803963154718351,negative,821
economic_inv,es,黑龙江,浙江,-0.0022428604167825817,0.0022428604167825817,-0.9918829739899072,0.0010338605027575,0,0.06803963154718351,negative,822
economic_inv,es,江西,江苏,-0.002237096005243848,0.002237096005243848,-0.9918829739899072,0.0010338605027575,0,0.06803963154718351,negative,823
economic_inv,es,湖北,黑龙江,-0.0022351511049098515,0.0022351511049098515,-0.9918829739899072,0.0010338605027575,0,0.06803963154718351,negative,824
economic_inv,es,河北,贵州,-0.002221433390446944,0.002221433390446944,-0.9918829739899072,0.0010338605027575,0,0.06803963154718351,negative,825
economic_inv,es,天津,广东,-0.002172871179840969,0.002172871179840969,-0.9918829739899072,0.0010338605027575,0,0.06803963154718351,negative,826
economic_inv,es,江西,广东,-0.0021501383466203255,0.0021501383466203255,-0.9918829739899072,0.0010338605027575,0,0.06803963154718351,negative,827
economic_inv,es,湖南,甘肃,-0.0021427678364758685,0.0021427678364758685,-0.9918829739899072,0.0010338605027575,0,0.06803963154718351,negative,828
economic_inv,es,湖北,吉林,-0.002088831304082241,0.002088831304082241,-0.9918829739899072,0.0010338605027575,0,0.06803963154718351,negative,829
economic_inv,es,内蒙古,浙江,-0.002071738227952081,0.002071738227952081,-0.9918829739899072,0.0010338605027575,0,0.06803963154718351,negative,830
economic_inv,es,广西,浙江,-0.00201399246826922,0.00201399246826922,-0.9918829739899072,0.0010338605027575,0,0.06803963154718351,negative,831
economic_inv,es,湖北,山西,-0.0020065012621993616,0.0020065012621993616,-0.9918829739899072,0.0010338605027575,0,0.06803963154718351,negative,832
economic_inv,es,河北,新疆,-0.0019992682987495045,0.0019992682987495045,-0.9918829739899072,0.0010338605027575,0,0.06803963154718351,negative,833
economic_inv,es,重庆,山东,-0.001992460439933123,0.001992460439933123,-0.9918829739899072,0.0010338605027575,0,0.06803963154718351,negative,834
economic_inv,es,湖南,海南,-0.0019023502298496121,0.0019023502298496121,-0.9918829739899072,0.0010338605027575,0,0.06803963154718351,negative,835
economic_inv,es,湖北,贵州,-0.0018767294334385714,0.0018767294334385714,-0.9918829739899072,0.0010338605027575,0,0.06803963154718351,negative,836
economic_inv,es,湖南,宁夏,-0.0018499595795765547,0.0018499595795765547,-0.9918829739899072,0.0010338605027575,0,0.06803963154718351,negative,837
economic_inv,es,湖南,青海,-0.0018128217153392373,0.0018128217153392373,-0.9918829739899072,0.0010338605027575,0,0.06803963154718351,negative,838
economic_inv,es,河北,甘肃,-0.0017643424554139298,0.0017643424554139298,-0.9918829739899072,0.0010338605027575,0,0.06803963154718351,negative,839
economic_inv,es,重庆,江苏,-0.0017177218682105193,0.0017177218682105193,-0.9918829739899072,0.0010338605027575,0,0.06803963154718351,negative,840
economic_inv,es,湖北,新疆,-0.0016896483078514967,0.0016896483078514967,-0.9918829739899072,0.0010338605027575,0,0.06803963154718351,negative,841
economic_inv,es,重庆,广东,-0.0016524605461514291,0.0016524605461514291,-0.9918829739899072,0.0010338605027575,0,0.06803963154718351,negative,842
economic_inv,es,河北,海南,-0.0015651575581206991,0.0015651575581206991,-0.9918829739899072,0.0010338605027575,0,0.06803963154718351,negative,843
economic_inv,es,河北,宁夏,-0.0015217935264803836,0.0015217935264803836,-0.9918829739899072,0.0010338605027575,0,0.06803963154718351,negative,844
economic_inv,es,湖北,甘肃,-0.0014916744906613546,0.0014916744906613546,-0.9918829739899072,0.0010338605027575,0,0.06803963154718351,negative,845
economic_inv,es,河北,青海,-0.0014910632705027703,0.0014910632705027703,-0.9918829739899072,0.0010338605027575,0,0.06803963154718351,negative,846
economic_inv,es,湖南,山东,-0.0014877107763301208,0.0014877107763301208,-0.9918829739899072,0.0010338605027575,0,0.06803963154718351,negative,847
economic_inv,es,云南,山东,-0.0013466507078728315,0.0013466507078728315,-0.9918829739899072,0.0010338605027575,0,0.06803963154718351,negative,848
economic_inv,es,黑龙江,山东,-0.0013442961616292105,0.0013442961616292105,-0.9918829739899072,0.0010338605027575,0,0.06803963154718351,negative,849
economic_inv,es,湖北,海南,-0.0013237012686915955,0.0013237012686915955,-0.9918829739899072,0.0010338605027575,0,0.06803963154718351,negative,850
economic_inv,es,湖北,宁夏,-0.0012871178160481975,0.0012871178160481975,-0.9918829739899072,0.0010338605027575,0,0.06803963154718351,negative,851
economic_inv,es,湖北,青海,-0.0012611895435401678,0.0012611895435401678,-0.9918829739899072,0.0010338605027575,0,0.06803963154718351,negative,852
economic_inv,es,湖南,江苏,-0.001215361683357273,0.001215361683357273,-0.9918829739899072,0.0010338605027575,0,0.06803963154718351,negative,853
economic_inv,es,河北,山东,-0.0012106468951878224,0.0012106468951878224,-0.9918829739899072,0.0010338605027575,0,0.06803963154718351,negative,854
economic_inv,es,内蒙古,山东,-0.0011950931417896045,0.0011950931417896045,-0.9918829739899072,0.0010338605027575,0,0.06803963154718351,negative,855
economic_inv,es,云南,江苏,-0.0011675740746993697,0.0011675740746993697,-0.9918829739899072,0.0010338605027575,0,0.06803963154718351,negative,856
economic_inv,es,黑龙江,江苏,-0.0011658757070366916,0.0011658757070366916,-0.9918829739899072,0.0010338605027575,0,0.06803963154718351,negative,857
economic_inv,es,广西,山东,-0.0011636239535785433,0.0011636239535785433,-0.9918829739899072,0.0010338605027575,0,0.06803963154718351,negative,858
economic_inv,es,湖南,广东,-0.0011548117780283758,0.0011548117780283758,-0.9918829739899072,0.0010338605027575,0,0.06803963154718351,negative,859
economic_inv,es,云南,广东,-0.001124736052397579,0.001124736052397579,-0.9918829739899072,0.0010338605027575,0,0.06803963154718351,negative,860
economic_inv,es,黑龙江,广东,-0.0011231790837516224,0.0011231790837516224,-0.9918829739899072,0.0010338605027575,0,0.06803963154718351,negative,861
economic_inv,es,内蒙古,江苏,-0.0010288029545858302,0.0010288029545858302,-0.9918829739899072,0.0010338605027575,0,0.06803963154718351,negative,862
economic_inv,es,湖北,山东,-0.0010285266799350832,0.0010285266799350832,-0.9918829739899072,0.0010338605027575,0,0.06803963154718351,negative,863
economic_inv,es,广西,江苏,-0.001002013836548211,0.001002013836548211,-0.9918829739899072,0.0010338605027575,0,0.06803963154718351,negative,864
economic_inv,es,河北,江苏,-0.0009898871656080243,0.0009898871656080243,-0.9918829739899072,0.0010338605027575,0,0.06803963154718351,negative,865
economic_inv,es,内蒙古,广东,-0.0009893735688342282,0.0009893735688342282,-0.9918829739899072,0.0010338605027575,0,0.06803963154718351,negative,866
economic_inv,es,广西,广东,-0.0009636798904468755,0.0009636798904468755,-0.9918829739899072,0.0010338605027575,0,0.06803963154718351,negative,867
economic_inv,es,河北,广东,-0.0009407541583123045,0.0009407541583123045,-0.9918829739899072,0.0010338605027575,0,0.06803963154718351,negative,868
economic_inv,es,湖北,江苏,-0.0008406729407427233,0.0008406729407427233,-0.9918829739899072,0.0010338605027575,0,0.06803963154718351,negative,869
economic_inv,es,湖北,广东,-0.0007988820356488286,0.0007988820356488286,-0.9918829739899072,0.0010338605027575,0,0.06803963154718351,negative,870
economic_inv,ind,河北,湖北,-0.1884807942686623,0.1884807942686623,-0.3049966973144017,0.3102578526765697,1,0.020921684767815064,negative,1
economic_inv,ind,黑龙江,云南,-0.18680120332121897,0.18680120332121897,-0.3049966973144017,0.3102578526765697,1,0.020921684767815064,negative,2
economic_inv,ind,云南,黑龙江,-0.18671430207081607,0.18671430207081607,-0.3049966973144017,0.3102578526765697,1,0.020921684767815064,negative,3
economic_inv,ind,内蒙古,广西,-0.1696723143020994,0.1696723143020994,-0.3049966973144017,0.3102578526765697,1,0.020921684767815064,negative,4
economic_inv,ind,广西,内蒙古,-0.16556230932796887,0.16556230932796887,-0.3049966973144017,0.3102578526765697,1,0.020921684767815064,negative,5
economic_inv,ind,湖南,湖北,-0.161607095854313,0.161607095854313,-0.3049966973144017,0.3102578526765697,1,0.020921684767815064,negative,6
economic_inv,ind,湖北,河北,-0.1598109587991903,0.1598109587991903,-0.3049966973144017,0.3102578526765697,1,0.020921684767815064,negative,7
economic_inv,ind,北京,安徽,-0.13182856458190825,0.13182856458190825,-0.3049966973144017,0.3102578526765697,1,0.020921684767815064,negative,8
economic_inv,ind,广东,江苏,-0.12996880918384937,0.12996880918384937,-0.3049966973144017,0.3102578526765697,1,0.020921684767815064,negative,9
economic_inv,ind,安徽,北京,-0.12948596911192584,0.12948596911192584,-0.3049966973144017,0.3102578526765697,1,0.020921684767815064,negative,10
economic_inv,ind,辽宁,上海,-0.12886888822028986,0.12886888822028986,-0.3049966973144017,0.3102578526765697,1,0.020921684767815064,negative,11
economic_inv,ind,青海,宁夏,-0.12806919931006963,0.12806919931006963,-0.3049966973144017,0.3102578526765697,1,0.020921684767815064,negative,12
economic_inv,ind,上海,辽宁,-0.12741573918650845,0.12741573918650845,-0.3049966973144017,0.3102578526765697,1,0.020921684767815064,negative,13
economic_inv,ind,江苏,广东,-0.12387695643175714,0.12387695643175714,-0.3049966973144017,0.3102578526765697,1,0.020921684767815064,negative,14
economic_inv,ind,湖北,湖南,-0.11204309487525957,0.11204309487525957,-0.3049966973144017,0.3102578526765697,1,0.020921684767815064,negative,15
economic_inv,ind,宁夏,青海,-0.11074667598962358,0.11074667598962358,-0.3049966973144017,0.3102578526765697,1,0.020921684767815064,negative,16
economic_inv,ind,海南,宁夏,-0.09982459699627994,0.09982459699627994,-0.3049966973144017,0.3102578526765697,1,0.020921684767815064,negative,17
economic_inv,ind,湖南,河北,-0.09500165470461658,0.09500165470461658,-0.3049966973144017,0.3102578526765697,1,0.020921684767815064,negative,18
economic_inv,ind,宁夏,海南,-0.08238140900656699,0.08238140900656699,-0.3049966973144017,0.3102578526765697,1,0.020921684767815064,negative,19
economic_inv,ind,陕西,江西,-0.07962243186359631,0.07962243186359631,-0.3049966973144017,0.3102578526765697,1,0.020921684767815064,negative,20
economic_inv,ind,河北,湖南,-0.07768128239756594,0.07768128239756594,-0.3049966973144017,0.3102578526765697,1,0.020921684767815064,negative,21
economic_inv,ind,重庆,广西,-0.0736461503082006,0.0736461503082006,-0.3049966973144017,0.3102578526765697,1,0.020921684767815064,negative,22
economic_inv,ind,山西,吉林,-0.07028062253400383,0.07028062253400383,-0.3049966973144017,0.3102578526765697,1,0.020921684767815064,negative,23
economic_inv,ind,江西,陕西,-0.0666434375449507,0.0666434375449507,-0.3049966973144017,0.3102578526765697,1,0.020921684767815064,negative,24
economic_inv,ind,吉林,山西,-0.06441598461197379,0.06441598461197379,-0.3049966973144017,0.3102578526765697,1,0.020921684767815064,negative,25
economic_inv,ind,四川,湖南,-0.05913372399201252,0.05913372399201252,-0.3049966973144017,0.3102578526765697,1,0.020921684767815064,negative,26
economic_inv,ind,重庆,内蒙古,-0.05855983087459313,0.05855983087459313,-0.3049966973144017,0.3102578526765697,1,0.020921684767815064,negative,27
economic_inv,ind,海南,青海,-0.05724305866523153,0.05724305866523153,-0.3049966973144017,0.3102578526765697,1,0.020921684767815064,negative,28
economic_inv,ind,四川,湖北,-0.05464808770565252,0.05464808770565252,-0.3049966973144017,0.3102578526765697,1,0.020921684767815064,negative,29
economic_inv,ind,青海,海南,-0.05462965725421831,0.05462965725421831,-0.3049966973144017,0.3102578526765697,1,0.020921684767815064,negative,30
economic_inv,ind,天津,重庆,-0.053496538488838626,0.053496538488838626,-0.3049966973144017,0.3102578526765697,1,0.020921684767815064,negative,31
economic_inv,ind,贵州,山西,-0.05211772464433439,0.05211772464433439,-0.3049966973144017,0.3102578526765697,1,0.020921684767815064,negative,32
economic_inv,ind,四川,河北,-0.05188853450676708,0.05188853450676708,-0.3049966973144017,0.3102578526765697,1,0.020921684767815064,negative,33
economic_inv,ind,江西,内蒙古,-0.04646979403390535,0.04646979403390535,-0.3049966973144017,0.3102578526765697,1,0.020921684767815064,negative,34
economic_inv,ind,山东,江苏,-0.045642055478450815,0.045642055478450815,-0.3049966973144017,0.3102578526765697,1,0.020921684767815064,negative,35
economic_inv,ind,广西,重庆,-0.042652546077811625,0.042652546077811625,-0.3049966973144017,0.3102578526765697,1,0.020921684767815064,negative,36
economic_inv,ind,江西,广西,-0.041203305657802225,0.041203305657802225,-0.3049966973144017,0.3102578526765697,1,0.020921684767815064,negative,37
economic_inv,ind,吉林,黑龙江,-0.04037535330901423,0.04037535330901423,-0.3049966973144017,0.3102578526765697,1,0.020921684767815064,negative,38
economic_inv,ind,重庆,天津,-0.040175801473262884,0.040175801473262884,-0.3049966973144017,0.3102578526765697,1,0.020921684767815064,negative,39
economic_inv,ind,新疆,贵州,-0.04008754709950567,0.04008754709950567,-0.3049966973144017,0.3102578526765697,1,0.020921684767815064,negative,40
economic_inv,ind,山西,贵州,-0.040060079715109685,0.040060079715109685,-0.3049966973144017,0.3102578526765697,1,0.020921684767815064,negative,41
economic_inv,ind,福建,辽宁,-0.037989171182196184,0.037989171182196184,-0.3049966973144017,0.3102578526765697,1,0.020921684767815064,negative,42
economic_inv,ind,吉林,云南,-0.03669685303740335,0.03669685303740335,-0.3049966973144017,0.3102578526765697,1,0.020921684767815064,negative,43
economic_inv,ind,浙江,河南,-0.03585819653497318,0.03585819653497318,-0.3049966973144017,0.3102578526765697,1,0.020921684767815064,negative,44
economic_inv,ind,甘肃,新疆,-0.03571909657601345,0.03571909657601345,-0.3049966973144017,0.3102578526765697,1,0.020921684767815064,negative,45
economic_inv,ind,江苏,山东,-0.035480143358365475,0.035480143358365475,-0.3049966973144017,0.3102578526765697,1,0.020921684767815064,negative,46
economic_inv,ind,山东,广东,-0.03548005658618351,0.03548005658618351,-0.3049966973144017,0.3102578526765697,1,0.020921684767815064,negative,47
economic_inv,ind,内蒙古,重庆,-0.03475715596658767,0.03475715596658767,-0.3049966973144017,0.3102578526765697,1,0.020921684767815064,negative,48
economic_inv,ind,天津,广西,-0.03461383373640953,0.03461383373640953,-0.3049966973144017,0.3102578526765697,1,0.020921684767815064,negative,49
economic_inv,ind,贵州,吉林,-0.03319596539081015,0.03319596539081015,-0.3049966973144017,0.3102578526765697,1,0.020921684767815064,negative,50
economic_inv,ind,甘肃,海南,-0.03298084948908749,0.03298084948908749,-0.3049966973144017,0.3102578526765697,1,0.020921684767815064,negative,51
economic_inv,ind,陕西,内蒙古,-0.03271092123825075,0.03271092123825075,-0.3049966973144017,0.3102578526765697,1,0.020921684767815064,negative,52
economic_inv,ind,福建,上海,-0.032023808851317705,0.032023808851317705,-0.3049966973144017,0.3102578526765697,1,0.020921684767815064,negative,53
economic_inv,ind,天津,内蒙古,-0.03172864924028041,0.03172864924028041,-0.3049966973144017,0.3102578526765697,1,0.020921684767815064,negative,54
economic_inv,ind,贵州,新疆,-0.030443373650516546,0.030443373650516546,-0.3049966973144017,0.3102578526765697,1,0.020921684767815064,negative,55
economic_inv,ind,陕西,广西,-0.030420087801126414,0.030420087801126414,-0.3049966973144017,0.3102578526765697,1,0.020921684767815064,negative,56
economic_inv,ind,新疆,甘肃,-0.030109538439154503,0.030109538439154503,-0.3049966973144017,0.3102578526765697,1,0.020921684767815064,negative,57
economic_inv,ind,天津,云南,-0.02958225127857771,0.02958225127857771,-0.3049966973144017,0.3102578526765697,1,0.020921684767815064,negative,58
economic_inv,ind,广东,山东,-0.028936972297031613,0.028936972297031613,-0.3049966973144017,0.3102578526765697,1,0.020921684767815064,negative,59
economic_inv,ind,江西,重庆,-0.028615133506262092,0.028615133506262092,-0.3049966973144017,0.3102578526765697,1,0.020921684767815064,negative,60
economic_inv,ind,天津,黑龙江,-0.027293350695759132,0.027293350695759132,-0.3049966973144017,0.3102578526765697,1,0.020921684767815064,negative,61
economic_inv,ind,山西,黑龙江,-0.027078621400245636,0.027078621400245636,-0.3049966973144017,0.3102578526765697,1,0.020921684767815064,negative,62
economic_inv,ind,福建,河北,-0.02698167469360472,0.02698167469360472,-0.3049966973144017,0.3102578526765697,1,0.020921684767815064,negative,63
economic_inv,ind,甘肃,宁夏,-0.0263339830692415,0.0263339830692415,-0.3049966973144017,0.3102578526765697,1,0.020921684767815064,negative,64
economic_inv,ind,福建,湖北,-0.026331710514094633,0.026331710514094633,-0.3049966973144017,0.3102578526765697,1,0.020921684767815064,negative,65
economic_inv,ind,河南,浙江,-0.026256561802586006,0.026256561802586006,-0.3049966973144017,0.3102578526765697,1,0.020921684767815064,negative,66
economic_inv,ind,安徽,上海,-0.025811340249688307,0.025811340249688307,-0.3049966973144017,0.3102578526765697,1,0.020921684767815064,negative,67
economic_inv,ind,上海,安徽,-0.025748138295750123,0.025748138295750123,-0.3049966973144017,0.3102578526765697,1,0.020921684767815064,negative,68
economic_inv,ind,河南,四川,-0.02567295203071631,0.02567295203071631,-0.3049966973144017,0.3102578526765697,1,0.020921684767815064,negative,69
economic_inv,ind,山西,云南,-0.02550692608836643,0.02550692608836643,-0.3049966973144017,0.3102578526765697,1,0.020921684767815064,negative,70
economic_inv,ind,福建,湖南,-0.02545702948548075,0.02545702948548075,-0.3049966973144017,0.3102578526765697,1,0.020921684767815064,negative,71
economic_inv,ind,新疆,山西,-0.025305764876543367,0.025305764876543367,-0.3049966973144017,0.3102578526765697,1,0.020921684767815064,negative,72
economic_inv,ind,海南,甘肃,-0.025196369265665684,0.025196369265665684,-0.3049966973144017,0.3102578526765697,1,0.020921684767815064,negative,73
economic_inv,ind,辽宁,福建,-0.024005564577897973,0.024005564577897973,-0.3049966973144017,0.3102578526765697,1,0.020921684767815064,negative,74
economic_inv,ind,陕西,重庆,-0.02391812613528779,0.02391812613528779,-0.3049966973144017,0.3102578526765697,1,0.020921684767815064,negative,75
economic_inv,ind,吉林,贵州,-0.02338674148236564,0.02338674148236564,-0.3049966973144017,0.3102578526765697,1,0.020921684767815064,negative,76
economic_inv,ind,甘肃,青海,-0.02290074967180793,0.02290074967180793,-0.3049966973144017,0.3102578526765697,1,0.020921684767815064,negative,77
economic_inv,ind,重庆,江西,-0.02249990391734729,0.02249990391734729,-0.3049966973144017,0.3102578526765697,1,0.020921684767815064,negative,78
economic_inv,ind,北京,上海,-0.021910694712218216,0.021910694712218216,-0.3049966973144017,0.3102578526765697,1,0.020921684767815064,negative,79
economic_inv,ind,河南,湖南,-0.02175629681580689,0.02175629681580689,-0.3049966973144017,0.3102578526765697,1,0.020921684767815064,negative,80
economic_inv,ind,内蒙古,江西,-0.02168702866802297,0.02168702866802297,-0.3049966973144017,0.3102578526765697,1,0.020921684767815064,negative,81
economic_inv,ind,辽宁,安徽,-0.02166394590199121,0.02166394590199121,-0.3049966973144017,0.3102578526765697,1,0.020921684767815064,negative,82
economic_inv,ind,河南,湖北,-0.021487224546179486,0.021487224546179486,-0.3049966973144017,0.3102578526765697,1,0.020921684767815064,negative,83
economic_inv,ind,安徽,辽宁,-0.021472236478792078,0.021472236478792078,-0.3049966973144017,0.3102578526765697,1,0.020921684767815064,negative,84
economic_inv,ind,上海,北京,-0.02146864394340104,0.02146864394340104,-0.3049966973144017,0.3102578526765697,1,0.020921684767815064,negative,85
economic_inv,ind,河南,河北,-0.02130251329448707,0.02130251329448707,-0.3049966973144017,0.3102578526765697,1,0.020921684767815064,negative,86
economic_inv,ind,贵州,黑龙江,-0.021020307370280374,0.021020307370280374,-0.3049966973144017,0.3102578526765697,1,0.020921684767815064,negative,87
economic_inv,ind,新疆,吉林,-0.02091072670087447,0.02091072670087447,-0.3049966973144017,0.3102578526765697,0,0.020921684767815064,negative,88
economic_inv,ind,甘肃,贵州,-0.020398154073706043,0.020398154073706043,-0.3049966973144017,0.3102578526765697,0,0.020921684767815064,negative,89
economic_inv,ind,贵州,云南,-0.02027487658016901,0.02027487658016901,-0.3049966973144017,0.3102578526765697,0,0.020921684767815064,negative,90
economic_inv,ind,上海,福建,-0.020007834528896547,0.020007834528896547,-0.3049966973144017,0.3102578526765697,0,0.020921684767815064,negative,91
economic_inv,ind,天津,江西,-0.019204681756798816,0.019204681756798816,-0.3049966973144017,0.3102578526765697,0,0.020921684767815064,negative,92
economic_inv,ind,广西,江西,-0.01876341386320577,0.01876341386320577,-0.3049966973144017,0.3102578526765697,0,0.020921684767815064,negative,93
economic_inv,ind,北京,辽宁,-0.0187512437782774,0.0187512437782774,-0.3049966973144017,0.3102578526765697,0,0.020921684767815064,negative,94
economic_inv,ind,黑龙江,吉林,-0.018724991934702437,0.018724991934702437,-0.3049966973144017,0.3102578526765697,0,0.020921684767815064,negative,95
economic_inv,ind,辽宁,北京,-0.01858247465867181,0.01858247465867181,-0.3049966973144017,0.3102578526765697,0,0.020921684767815064,negative,96
economic_inv,ind,江西,天津,-0.01834260844315508,0.01834260844315508,-0.3049966973144017,0.3102578526765697,0,0.020921684767815064,negative,97
economic_inv,ind,福建,四川,-0.018122891957644677,0.018122891957644677,-0.3049966973144017,0.3102578526765697,0,0.020921684767815064,negative,98
economic_inv,ind,福建,安徽,-0.01802067376472006,0.01802067376472006,-0.3049966973144017,0.3102578526765697,0,0.020921684767815064,negative,99
economic_inv,ind,浙江,四川,-0.017727602120551515,0.017727602120551515,-0.3049966973144017,0.3102578526765697,0,0.020921684767815064,negative,100
economic_inv,ind,吉林,天津,-0.017588712376060366,0.017588712376060366,-0.3049966973144017,0.3102578526765697,0,0.020921684767815064,negative,101
economic_inv,ind,山东,浙江,-0.017434547934111207,0.017434547934111207,-0.3049966973144017,0.3102578526765697,0,0.020921684767815064,negative,102
economic_inv,ind,陕西,天津,-0.017184975180163427,0.017184975180163427,-0.3049966973144017,0.3102578526765697,0,0.020921684767815064,negative,103
economic_inv,ind,四川,福建,-0.017036350000594527,0.017036350000594527,-0.3049966973144017,0.3102578526765697,0,0.020921684767815064,negative,104
economic_inv,ind,云南,吉林,-0.01701108608572315,0.01701108608572315,-0.3049966973144017,0.3102578526765697,0,0.020921684767815064,negative,105
economic_inv,ind,青海,甘肃,-0.016696731789399098,0.016696731789399098,-0.3049966973144017,0.3102578526765697,0,0.020921684767815064,negative,106
economic_inv,ind,宁夏,甘肃,-0.016602914407218,0.016602914407218,-0.3049966973144017,0.3102578526765697,0,0.020921684767815064,negative,107
economic_inv,ind,福建,北京,-0.016575846727193626,0.016575846727193626,-0.3049966973144017,0.3102578526765697,0,0.020921684767815064,negative,108
economic_inv,ind,新疆,黑龙江,-0.01637373279636581,0.01637373279636581,-0.3049966973144017,0.3102578526765697,0,0.020921684767815064,negative,109
economic_inv,ind,甘肃,山西,-0.016311361762393665,0.016311361762393665,-0.3049966973144017,0.3102578526765697,0,0.020921684767815064,negative,110
economic_inv,ind,浙江,湖南,-0.016248596512346763,0.016248596512346763,-0.3049966973144017,0.3102578526765697,0,0.020921684767815064,negative,111
economic_inv,ind,浙江,湖北,-0.016138081616311358,0.016138081616311358,-0.3049966973144017,0.3102578526765697,0,0.020921684767815064,negative,112
economic_inv,ind,浙江,河北,-0.016061492088394302,0.016061492088394302,-0.3049966973144017,0.3102578526765697,0,0.020921684767815064,negative,113
economic_inv,ind,新疆,云南,-0.01602519933450206,0.01602519933450206,-0.3049966973144017,0.3102578526765697,0,0.020921684767815064,negative,114
economic_inv,ind,河南,福建,-0.015800012549193575,0.015800012549193575,-0.3049966973144017,0.3102578526765697,0,0.020921684767815064,negative,115
economic_inv,ind,重庆,陕西,-0.015741060619910603,0.015741060619910603,-0.3049966973144017,0.3102578526765697,0,0.020921684767815064,negative,116
economic_inv,ind,云南,天津,-0.015658409976624287,0.015658409976624287,-0.3049966973144017,0.3102578526765697,0,0.020921684767815064,negative,117
economic_inv,ind,天津,吉林,-0.015403550215433283,0.015403550215433283,-0.3049966973144017,0.3102578526765697,0,0.020921684767815064,negative,118
economic_inv,ind,山西,天津,-0.015074083567935838,0.015074083567935838,-0.3049966973144017,0.3102578526765697,0,0.020921684767815064,negative,119
economic_inv,ind,天津,陕西,-0.015059719443931687,0.015059719443931687,-0.3049966973144017,0.3102578526765697,0,0.020921684767815064,negative,120
economic_inv,ind,广西,天津,-0.015055094353340008,0.015055094353340008,-0.3049966973144017,0.3102578526765697,0,0.020921684767815064,negative,121
economic_inv,ind,山西,新疆,-0.014771653968083678,0.014771653968083678,-0.3049966973144017,0.3102578526765697,0,0.020921684767815064,negative,122
economic_inv,ind,甘肃,吉林,-0.014639521461773573,0.014639521461773573,-0.3049966973144017,0.3102578526765697,0,0.020921684767815064,negative,123
economic_inv,ind,新疆,海南,-0.014454715211954914,0.014454715211954914,-0.3049966973144017,0.3102578526765697,0,0.020921684767815064,negative,124
economic_inv,ind,黑龙江,天津,-0.014453578232644638,0.014453578232644638,-0.3049966973144017,0.3102578526765697,0,0.020921684767815064,negative,125
economic_inv,ind,重庆,云南,-0.014305584588164973,0.014305584588164973,-0.3049966973144017,0.3102578526765697,0,0.020921684767815064,negative,126
economic_inv,ind,贵州,天津,-0.014249367177775613,0.014249367177775613,-0.3049966973144017,0.3102578526765697,0,0.020921684767815064,negative,127
economic_inv,ind,内蒙古,天津,-0.014142782749080339,0.014142782749080339,-0.3049966973144017,0.3102578526765697,0,0.020921684767815064,negative,128
economic_inv,ind,吉林,重庆,-0.013656516940548341,0.013656516940548341,-0.3049966973144017,0.3102578526765697,0,0.020921684767815064,negative,129
economic_inv,ind,重庆,黑龙江,-0.013572641950127131,0.013572641950127131,-0.3049966973144017,0.3102578526765697,0,0.020921684767815064,negative,130
economic_inv,ind,浙江,福建,-0.013471376686676749,0.013471376686676749,-0.3049966973144017,0.3102578526765697,0,0.020921684767815064,negative,131
economic_inv,ind,河南,辽宁,-0.013350708683550963,0.013350708683550963,-0.3049966973144017,0.3102578526765697,0,0.020921684767815064,negative,132
economic_inv,ind,湖南,四川,-0.013265068984696201,0.013265068984696201,-0.3049966973144017,0.3102578526765697,0,0.020921684767815064,negative,133
economic_inv,ind,山东,河南,-0.013215164745389167,0.013215164745389167,-0.3049966973144017,0.3102578526765697,0,0.020921684767815064,negative,134
economic_inv,ind,海南,新疆,-0.013100323926199439,0.013100323926199439,-0.3049966973144017,0.3102578526765697,0,0.020921684767815064,negative,135
economic_inv,ind,贵州,甘肃,-0.0130580339926354,0.0130580339926354,-0.3049966973144017,0.3102578526765697,0,0.020921684767815064,negative,136
economic_inv,ind,河南,上海,-0.012976003221869557,0.012976003221869557,-0.3049966973144017,0.3102578526765697,0,0.020921684767815064,negative,137
economic_inv,ind,新疆,天津,-0.01278109525821445,0.01278109525821445,-0.3049966973144017,0.3102578526765697,0,0.020921684767815064,negative,138
economic_inv,ind,新疆,宁夏,-0.01277783600769574,0.01277783600769574,-0.3049966973144017,0.3102578526765697,0,0.020921684767815064,negative,139
economic_inv,ind,内蒙古,陕西,-0.012777445400499965,0.012777445400499965,-0.3049966973144017,0.3102578526765697,0,0.020921684767815064,negative,140
economic_inv,ind,甘肃,黑龙江,-0.012582052155927894,0.012582052155927894,-0.3049966973144017,0.3102578526765697,0,0.020921684767815064,negative,141
economic_inv,ind,甘肃,云南,-0.012407259048203197,0.012407259048203197,-0.3049966973144017,0.3102578526765697,0,0.020921684767815064,negative,142
economic_inv,ind,山西,重庆,-0.012293553980491256,0.012293553980491256,-0.3049966973144017,0.3102578526765697,0,0.020921684767815064,negative,143
economic_inv,ind,贵州,重庆,-0.01223815838611683,0.01223815838611683,-0.3049966973144017,0.3102578526765697,0,0.020921684767815064,negative,144
economic_inv,ind,吉林,广西,-0.012172023359093028,0.012172023359093028,-0.3049966973144017,0.3102578526765697,0,0.020921684767815064,negative,145
economic_inv,ind,天津,山西,-0.012099731967691523,0.012099731967691523,-0.3049966973144017,0.3102578526765697,0,0.020921684767815064,negative,146
economic_inv,ind,浙江,辽宁,-0.01208698125318998,0.01208698125318998,-0.3049966973144017,0.3102578526765697,0,0.020921684767815064,negative,147
economic_inv,ind,浙江,上海,-0.011859945264303269,0.011859945264303269,-0.3049966973144017,0.3102578526765697,0,0.020921684767815064,negative,148
economic_inv,ind,吉林,内蒙古,-0.011840442245699544,0.011840442245699544,-0.3049966973144017,0.3102578526765697,0,0.020921684767815064,negative,149
economic_inv,ind,新疆,青海,-0.011762756927300102,0.011762756927300102,-0.3049966973144017,0.3102578526765697,0,0.020921684767815064,negative,150
economic_inv,ind,广西,陕西,-0.011594772014317918,0.011594772014317918,-0.3049966973144017,0.3102578526765697,0,0.020921684767815064,negative,151
economic_inv,ind,四川,辽宁,-0.011534004994248889,0.011534004994248889,-0.3049966973144017,0.3102578526765697,0,0.020921684767815064,negative,152
economic_inv,ind,黑龙江,山西,-0.011510386414137444,0.011510386414137444,-0.3049966973144017,0.3102578526765697,0,0.020921684767815064,negative,153
economic_inv,ind,新疆,重庆,-0.011494380058646787,0.011494380058646787,-0.3049966973144017,0.3102578526765697,0,0.020921684767815064,negative,154
economic_inv,ind,浙江,山东,-0.011448928148274772,0.011448928148274772,-0.3049966973144017,0.3102578526765697,0,0.020921684767815064,negative,155
economic_inv,ind,河南,安徽,-0.011393578376835136,0.011393578376835136,-0.3049966973144017,0.3102578526765697,0,0.020921684767815064,negative,156
economic_inv,ind,陕西,云南,-0.01138771980196991,0.01138771980196991,-0.3049966973144017,0.3102578526765697,0,0.020921684767815064,negative,157
economic_inv,ind,贵州,广西,-0.011363219953393566,0.011363219953393566,-0.3049966973144017,0.3102578526765697,0,0.020921684767815064,negative,158
economic_inv,ind,安徽,福建,-0.011286592608661758,0.011286592608661758,-0.3049966973144017,0.3102578526765697,0,0.020921684767815064,negative,159
economic_inv,ind,吉林,新疆,-0.011187597485153716,0.011187597485153716,-0.3049966973144017,0.3102578526765697,0,0.020921684767815064,negative,160
economic_inv,ind,山西,广西,-0.01116959954746959,0.01116959954746959,-0.3049966973144017,0.3102578526765697,0,0.020921684767815064,negative,161
economic_inv,ind,贵州,内蒙古,-0.011157715985306937,0.011157715985306937,-0.3049966973144017,0.3102578526765697,0,0.020921684767815064,negative,162
economic_inv,ind,河南,北京,-0.011123183113627122,0.011123183113627122,-0.3049966973144017,0.3102578526765697,0,0.020921684767815064,negative,163
economic_inv,ind,江西,云南,-0.011122151328440969,0.011122151328440969,-0.3049966973144017,0.3102578526765697,0,0.020921684767815064,negative,164
economic_inv,ind,陕西,黑龙江,-0.01107441686619474,0.01107441686619474,-0.3049966973144017,0.3102578526765697,0,0.020921684767815064,negative,165
economic_inv,ind,山西,内蒙古,-0.010912570735300494,0.010912570735300494,-0.3049966973144017,0.3102578526765697,0,0.020921684767815064,negative,166
economic_inv,ind,新疆,广西,-0.010895975390856334,0.010895975390856334,-0.3049966973144017,0.3102578526765697,0,0.020921684767815064,negative,167
economic_inv,ind,四川,上海,-0.01087945581947095,0.01087945581947095,-0.3049966973144017,0.3102578526765697,0,0.020921684767815064,negative,168
economic_inv,ind,浙江,安徽,-0.010851305485882281,0.010851305485882281,-0.3049966973144017,0.3102578526765697,0,0.020921684767815064,negative,169
economic_inv,ind,云南,山西,-0.01083725751353885,0.01083725751353885,-0.3049966973144017,0.3102578526765697,0,0.020921684767815064,negative,170
economic_inv,ind,江西,黑龙江,-0.010766718902027359,0.010766718902027359,-0.3049966973144017,0.3102578526765697,0,0.020921684767815064,negative,171
economic_inv,ind,新疆,内蒙古,-0.010751772826136067,0.010751772826136067,-0.3049966973144017,0.3102578526765697,0,0.020921684767815064,negative,172
economic_inv,ind,浙江,北京,-0.010670412199895708,0.010670412199895708,-0.3049966973144017,0.3102578526765697,0,0.020921684767815064,negative,173
economic_inv,ind,四川,河南,-0.010645488541120646,0.010645488541120646,-0.3049966973144017,0.3102578526765697,0,0.020921684767815064,negative,174
economic_inv,ind,甘肃,天津,-0.010644029628863601,0.010644029628863601,-0.3049966973144017,0.3102578526765697,0,0.020921684767815064,negative,175
economic_inv,ind,北京,陕西,-0.010605627464409193,0.010605627464409193,-0.3049966973144017,0.3102578526765697,0,0.020921684767815064,negative,176
economic_inv,ind,山东,四川,-0.010593196863365078,0.010593196863365078,-0.3049966973144017,0.3102578526765697,0,0.020921684767815064,negative,177
economic_inv,ind,北京,福建,-0.010569497950701863,0.010569497950701863,-0.3049966973144017,0.3102578526765697,0,0.020921684767815064,negative,178
economic_inv,ind,山东,湖南,-0.010227879141824539,0.010227879141824539,-0.3049966973144017,0.3102578526765697,0,0.020921684767815064,negative,179
economic_inv,ind,山东,湖北,-0.010199008877916358,0.010199008877916358,-0.3049966973144017,0.3102578526765697,0,0.020921684767815064,negative,180
economic_inv,ind,山东,河北,-0.010178865000950032,0.010178865000950032,-0.3049966973144017,0.3102578526765697,0,0.020921684767815064,negative,181
economic_inv,ind,青海,新疆,-0.010173895249879945,0.010173895249879945,-0.3049966973144017,0.3102578526765697,0,0.020921684767815064,negative,182
economic_inv,ind,云南,重庆,-0.010082847070034168,0.010082847070034168,-0.3049966973144017,0.3102578526765697,0,0.020921684767815064,negative,183
economic_inv,ind,陕西,北京,-0.009999977598059115,0.009999977598059115,-0.3049966973144017,0.3102578526765697,0,0.020921684767815064,negative,184
economic_inv,ind,辽宁,河北,-0.00996924582935832,0.00996924582935832,-0.3049966973144017,0.3102578526765697,0,0.020921684767815064,negative,185
economic_inv,ind,甘肃,重庆,-0.009868514462601388,0.009868514462601388,-0.3049966973144017,0.3102578526765697,0,0.020921684767815064,negative,186
economic_inv,ind,辽宁,湖北,-0.009827408463976183,0.009827408463976183,-0.3049966973144017,0.3102578526765697,0,0.020921684767815064,negative,187
economic_inv,ind,江苏,浙江,-0.009806809920388104,0.009806809920388104,-0.3049966973144017,0.3102578526765697,0,0.020921684767815064,negative,188
economic_inv,ind,贵州,江西,-0.009774683355512535,0.009774683355512535,-0.3049966973144017,0.3102578526765697,0,0.020921684767815064,negative,189
economic_inv,ind,吉林,江西,-0.009760268134039069,0.009760268134039069,-0.3049966973144017,0.3102578526765697,0,0.020921684767815064,negative,190
economic_inv,ind,新疆,江西,-0.009742963946228093,0.009742963946228093,-0.3049966973144017,0.3102578526765697,0,0.020921684767815064,negative,191
economic_inv,ind,安徽,陕西,-0.0096415048278791,0.0096415048278791,-0.3049966973144017,0.3102578526765697,0,0.020921684767815064,negative,192
economic_inv,ind,辽宁,湖南,-0.009631945787831933,0.009631945787831933,-0.3049966973144017,0.3102578526765697,0,0.020921684767815064,negative,193
economic_inv,ind,海南,贵州,-0.009628494128301131,0.009628494128301131,-0.3049966973144017,0.3102578526765697,0,0.020921684767815064,negative,194
economic_inv,ind,黑龙江,重庆,-0.009570707572793007,0.009570707572793007,-0.3049966973144017,0.3102578526765697,0,0.020921684767815064,negative,195
economic_inv,ind,宁夏,新疆,-0.00955699711513331,0.00955699711513331,-0.3049966973144017,0.3102578526765697,0,0.020921684767815064,negative,196
economic_inv,ind,广东,浙江,-0.00953428708679378,0.00953428708679378,-0.3049966973144017,0.3102578526765697,0,0.020921684767815064,negative,197
economic_inv,ind,河北,四川,-0.009517675742922126,0.009517675742922126,-0.3049966973144017,0.3102578526765697,0,0.020921684767815064,negative,198
economic_inv,ind,甘肃,广西,-0.009491269854326658,0.009491269854326658,-0.3049966973144017,0.3102578526765697,0,0.020921684767815064,negative,199
economic_inv,ind,山东,福建,-0.009424738747694813,0.009424738747694813,-0.3049966973144017,0.3102578526765697,0,0.020921684767815064,negative,200
economic_inv,ind,北京,江西,-0.009422262302790843,0.009422262302790843,-0.3049966973144017,0.3102578526765697,0,0.020921684767815064,negative,201
economic_inv,ind,甘肃,内蒙古,-0.009398709929957014,0.009398709929957014,-0.3049966973144017,0.3102578526765697,0,0.020921684767815064,negative,202
economic_inv,ind,陕西,安徽,-0.00925538084405472,0.00925538084405472,-0.3049966973144017,0.3102578526765697,0,0.020921684767815064,negative,203
economic_inv,ind,山西,江西,-0.009247672875954873,0.009247672875954873,-0.3049966973144017,0.3102578526765697,0,0.020921684767815064,negative,204
economic_inv,ind,上海,河北,-0.009149062937027533,0.009149062937027533,-0.3049966973144017,0.3102578526765697,0,0.020921684767815064,negative,205
economic_inv,ind,新疆,陕西,-0.009144675684935084,0.009144675684935084,-0.3049966973144017,0.3102578526765697,0,0.020921684767815064,negative,206
economic_inv,ind,上海,湖北,-0.009028117863706931,0.009028117863706931,-0.3049966973144017,0.3102578526765697,0,0.020921684767815064,negative,207
economic_inv,ind,贵州,陕西,-0.008997057030013038,0.008997057030013038,-0.3049966973144017,0.3102578526765697,0,0.020921684767815064,negative,208
economic_inv,ind,重庆,吉林,-0.008981845844857533,0.008981845844857533,-0.3049966973144017,0.3102578526765697,0,0.020921684767815064,negative,209
economic_inv,ind,山东,辽宁,-0.008953597264626174,0.008953597264626174,-0.3049966973144017,0.3102578526765697,0,0.020921684767815064,negative,210
economic_inv,ind,山东,上海,-0.008870990053721382,0.008870990053721382,-0.3049966973144017,0.3102578526765697,0,0.020921684767815064,negative,211
economic_inv,ind,上海,湖南,-0.008861040448962292,0.008861040448962292,-0.3049966973144017,0.3102578526765697,0,0.020921684767815064,negative,212
economic_inv,ind,浙江,陕西,-0.008838892950505316,0.008838892950505316,-0.3049966973144017,0.3102578526765697,0,0.020921684767815064,negative,213
economic_inv,ind,天津,贵州,-0.008791576733809866,0.008791576733809866,-0.3049966973144017,0.3102578526765697,0,0.020921684767815064,negative,214
economic_inv,ind,甘肃,江西,-0.00873244713134017,0.00873244713134017,-0.3049966973144017,0.3102578526765697,0,0.020921684767815064,negative,215
economic_inv,ind,吉林,陕西,-0.00869509664344336,0.00869509664344336,-0.3049966973144017,0.3102578526765697,0,0.020921684767815064,negative,216
economic_inv,ind,陕西,吉林,-0.008689468697829732,0.008689468697829732,-0.3049966973144017,0.3102578526765697,0,0.020921684767815064,negative,217
economic_inv,ind,浙江,江西,-0.00865237139317732,0.00865237139317732,-0.3049966973144017,0.3102578526765697,0,0.020921684767815064,negative,218
economic_inv,ind,安徽,江西,-0.008637476979153723,0.008637476979153723,-0.3049966973144017,0.3102578526765697,0,0.020921684767815064,negative,219
economic_inv,ind,河南,陕西,-0.008589375307022609,0.008589375307022609,-0.3049966973144017,0.3102578526765697,0,0.020921684767815064,negative,220
economic_inv,ind,湖北,四川,-0.008499119251754193,0.008499119251754193,-0.3049966973144017,0.3102578526765697,0,0.020921684767815064,negative,221
economic_inv,ind,四川,安徽,-0.008494084614137308,0.008494084614137308,-0.3049966973144017,0.3102578526765697,0,0.020921684767815064,negative,222
economic_inv,ind,山东,安徽,-0.008483660249707953,0.008483660249707953,-0.3049966973144017,0.3102578526765697,0,0.020921684767815064,negative,223
economic_inv,ind,云南,广西,-0.008442845064163212,0.008442845064163212,-0.3049966973144017,0.3102578526765697,0,0.020921684767815064,negative,224
economic_inv,ind,山东,北京,-0.008410459355818621,0.008410459355818621,-0.3049966973144017,0.3102578526765697,0,0.020921684767815064,negative,225
economic_inv,ind,浙江,内蒙古,-0.008398212868984303,0.008398212868984303,-0.3049966973144017,0.3102578526765697,0,0.020921684767815064,negative,226
economic_inv,ind,浙江,广西,-0.008366799251861179,0.008366799251861179,-0.3049966973144017,0.3102578526765697,0,0.020921684767815064,negative,227
economic_inv,ind,山西,陕西,-0.00835847035225359,0.00835847035225359,-0.3049966973144017,0.3102578526765697,0,0.020921684767815064,negative,228
economic_inv,ind,河南,江西,-0.008350473585705136,0.008350473585705136,-0.3049966973144017,0.3102578526765697,0,0.020921684767815064,negative,229
economic_inv,ind,海南,山西,-0.008337769472227722,0.008337769472227722,-0.3049966973144017,0.3102578526765697,0,0.020921684767815064,negative,230
economic_inv,ind,甘肃,陕西,-0.008321133443506802,0.008321133443506802,-0.3049966973144017,0.3102578526765697,0,0.020921684767815064,negative,231
economic_inv,ind,福建,陕西,-0.008302064419904527,0.008302064419904527,-0.3049966973144017,0.3102578526765697,0,0.020921684767815064,negative,232
economic_inv,ind,浙江,江苏,-0.008284412689355477,0.008284412689355477,-0.3049966973144017,0.3102578526765697,0,0.020921684767815064,negative,233
economic_inv,ind,浙江,重庆,-0.008247057229001322,0.008247057229001322,-0.3049966973144017,0.3102578526765697,0,0.020921684767815064,negative,234
economic_inv,ind,江西,吉林,-0.00816399088120953,0.00816399088120953,-0.3049966973144017,0.3102578526765697,0,0.020921684767815064,negative,235
economic_inv,ind,四川,北京,-0.008138391685232714,0.008138391685232714,-0.3049966973144017,0.3102578526765697,0,0.020921684767815064,negative,236
economic_inv,ind,北京,内蒙古,-0.008122513319141562,0.008122513319141562,-0.3049966973144017,0.3102578526765697,0,0.020921684767815064,negative,237
economic_inv,ind,云南,内蒙古,-0.00810329311108368,0.00810329311108368,-0.3049966973144017,0.3102578526765697,0,0.020921684767815064,negative,238
economic_inv,ind,黑龙江,广西,-0.00808135208263418,0.00808135208263418,-0.3049966973144017,0.3102578526765697,0,0.020921684767815064,negative,239
economic_inv,ind,贵州,海南,-0.008068060941373249,0.008068060941373249,-0.3049966973144017,0.3102578526765697,0,0.020921684767815064,negative,240
economic_inv,ind,浙江,天津,-0.008036230757034416,0.008036230757034416,-0.3049966973144017,0.3102578526765697,0,0.020921684767815064,negative,241
economic_inv,ind,河南,内蒙古,-0.00803016483578126,0.00803016483578126,-0.3049966973144017,0.3102578526765697,0,0.020921684767815064,negative,242
economic_inv,ind,山西,甘肃,-0.008026080457018851,0.008026080457018851,-0.3049966973144017,0.3102578526765697,0,0.020921684767815064,negative,243
economic_inv,ind,河南,广西,-0.00799098639417893,0.00799098639417893,-0.3049966973144017,0.3102578526765697,0,0.020921684767815064,negative,244
economic_inv,ind,北京,广西,-0.007981781213544533,0.007981781213544533,-0.3049966973144017,0.3102578526765697,0,0.020921684767815064,negative,245
economic_inv,ind,江苏,河南,-0.007966328309215552,0.007966328309215552,-0.3049966973144017,0.3102578526765697,0,0.020921684767815064,negative,246
economic_inv,ind,青海,贵州,-0.00786584597082048,0.00786584597082048,-0.3049966973144017,0.3102578526765697,0,0.020921684767815064,negative,247
economic_inv,ind,广东,河南,-0.007853067419781761,0.007853067419781761,-0.3049966973144017,0.3102578526765697,0,0.020921684767815064,negative,248
economic_inv,ind,河南,重庆,-0.007842464065794464,0.007842464065794464,-0.3049966973144017,0.3102578526765697,0,0.020921684767815064,negative,249
economic_inv,ind,福建,江西,-0.007812317363460118,0.007812317363460118,-0.3049966973144017,0.3102578526765697,0,0.020921684767815064,negative,250
economic_inv,ind,黑龙江,内蒙古,-0.0077698572482706165,0.0077698572482706165,-0.3049966973144017,0.3102578526765697,0,0.020921684767815064,negative,251
economic_inv,ind,辽宁,四川,-0.007753239301563044,0.007753239301563044,-0.3049966973144017,0.3102578526765697,0,0.020921684767815064,negative,252
economic_inv,ind,海南,吉林,-0.0077459033026915074,0.0077459033026915074,-0.3049966973144017,0.3102578526765697,0,0.020921684767815064,negative,253
economic_inv,ind,浙江,云南,-0.00768113460296664,0.00768113460296664,-0.3049966973144017,0.3102578526765697,0,0.020921684767815064,negative,254
economic_inv,ind,浙江,广东,-0.007676682500691127,0.007676682500691127,-0.3049966973144017,0.3102578526765697,0,0.020921684767815064,negative,255
economic_inv,ind,陕西,山西,-0.00765603069075426,0.00765603069075426,-0.3049966973144017,0.3102578526765697,0,0.020921684767815064,negative,256
economic_inv,ind,浙江,黑龙江,-0.007652776142268386,0.007652776142268386,-0.3049966973144017,0.3102578526765697,0,0.020921684767815064,negative,257
economic_inv,ind,山东,陕西,-0.007595793657670253,0.007595793657670253,-0.3049966973144017,0.3102578526765697,0,0.020921684767815064,negative,258
economic_inv,ind,河南,天津,-0.007584071924178109,0.007584071924178109,-0.3049966973144017,0.3102578526765697,0,0.020921684767815064,negative,259
economic_inv,ind,安徽,内蒙古,-0.007515136893030073,0.007515136893030073,-0.3049966973144017,0.3102578526765697,0,0.020921684767815064,negative,260
economic_inv,ind,山东,江西,-0.007504499074152164,0.007504499074152164,-0.3049966973144017,0.3102578526765697,0,0.020921684767815064,negative,261
economic_inv,ind,北京,重庆,-0.00747880062611605,0.00747880062611605,-0.3049966973144017,0.3102578526765697,0,0.020921684767815064,negative,262
economic_inv,ind,江西,北京,-0.007436007205234471,0.007436007205234471,-0.3049966973144017,0.3102578526765697,0,0.020921684767815064,negative,263
economic_inv,ind,重庆,山西,-0.007410732744873597,0.007410732744873597,-0.3049966973144017,0.3102578526765697,0,0.020921684767815064,negative,264
economic_inv,ind,安徽,广西,-0.007392361915670642,0.007392361915670642,-0.3049966973144017,0.3102578526765697,0,0.020921684767815064,negative,265
economic_inv,ind,浙江,吉林,-0.007380928055876604,0.007380928055876604,-0.3049966973144017,0.3102578526765697,0,0.020921684767815064,negative,266
economic_inv,ind,山东,内蒙古,-0.007377336851582322,0.007377336851582322,-0.3049966973144017,0.3102578526765697,0,0.020921684767815064,negative,267
economic_inv,ind,山东,广西,-0.007361393284541184,0.007361393284541184,-0.3049966973144017,0.3102578526765697,0,0.020921684767815064,negative,268
economic_inv,ind,贵州,宁夏,-0.007358320571299104,0.007358320571299104,-0.3049966973144017,0.3102578526765697,0,0.020921684767815064,negative,269
economic_inv,ind,山东,重庆,-0.007300153397771604,0.007300153397771604,-0.3049966973144017,0.3102578526765697,0,0.020921684767815064,negative,270
economic_inv,ind,宁夏,贵州,-0.007247021575647666,0.007247021575647666,-0.3049966973144017,0.3102578526765697,0,0.020921684767815064,negative,271
economic_inv,ind,上海,四川,-0.007230781240326755,0.007230781240326755,-0.3049966973144017,0.3102578526765697,0,0.020921684767815064,negative,272
economic_inv,ind,浙江,山西,-0.007220168321792977,0.007220168321792977,-0.3049966973144017,0.3102578526765697,0,0.020921684767815064,negative,273
economic_inv,ind,福建,内蒙古,-0.007202945358531133,0.007202945358531133,-0.3049966973144017,0.3102578526765697,0,0.020921684767815064,negative,274
economic_inv,ind,山东,天津,-0.007190500781849903,0.007190500781849903,-0.3049966973144017,0.3102578526765697,0,0.020921684767815064,negative,275
economic_inv,ind,河南,云南,-0.007157601665618626,0.007157601665618626,-0.3049966973144017,0.3102578526765697,0,0.020921684767815064,negative,276
economic_inv,ind,福建,广西,-0.0071318414667979925,0.0071318414667979925,-0.3049966973144017,0.3102578526765697,0,0.020921684767815064,negative,277
economic_inv,ind,河南,黑龙江,-0.007124006199630704,0.007124006199630704,-0.3049966973144017,0.3102578526765697,0,0.020921684767815064,negative,278
economic_inv,ind,江西,山西,-0.007089755703582864,0.007089755703582864,-0.3049966973144017,0.3102578526765697,0,0.020921684767815064,negative,279
economic_inv,ind,上海,陕西,-0.007002281457076191,0.007002281457076191,-0.3049966973144017,0.3102578526765697,0,0.020921684767815064,negative,280
economic_inv,ind,山东,云南,-0.007000348674501437,0.007000348674501437,-0.3049966973144017,0.3102578526765697,0,0.020921684767815064,negative,281
economic_inv,ind,山东,黑龙江,-0.006984858023765739,0.006984858023765739,-0.3049966973144017,0.3102578526765697,0,0.020921684767815064,negative,282
economic_inv,ind,福建,河南,-0.00696944454669741,0.00696944454669741,-0.3049966973144017,0.3102578526765697,0,0.020921684767815064,negative,283
economic_inv,ind,海南,黑龙江,-0.006957898219708935,0.006957898219708935,-0.3049966973144017,0.3102578526765697,0,0.020921684767815064,negative,284
economic_inv,ind,浙江,贵州,-0.006954431503068741,0.006954431503068741,-0.3049966973144017,0.3102578526765697,0,0.020921684767815064,negative,285
economic_inv,ind,安徽,重庆,-0.006951533003453193,0.006951533003453193,-0.3049966973144017,0.3102578526765697,0,0.020921684767815064,negative,286
economic_inv,ind,青海,山西,-0.006945467165766408,0.006945467165766408,-0.3049966973144017,0.3102578526765697,0,0.020921684767815064,negative,287
economic_inv,ind,江西,安徽,-0.006939981716967038,0.006939981716967038,-0.3049966973144017,0.3102578526765697,0,0.020921684767815064,negative,288
economic_inv,ind,广西,云南,-0.006937550538778298,0.006937550538778298,-0.3049966973144017,0.3102578526765697,0,0.020921684767815064,negative,289
economic_inv,ind,贵州,青海,-0.006906381958974195,0.006906381958974195,-0.3049966973144017,0.3102578526765697,0,0.020921684767815064,negative,290
economic_inv,ind,海南,云南,-0.006887660460595301,0.006887660460595301,-0.3049966973144017,0.3102578526765697,0,0.020921684767815064,negative,291
economic_inv,ind,福建,重庆,-0.00686865038020784,0.00686865038020784,-0.3049966973144017,0.3102578526765697,0,0.020921684767815064,negative,292
economic_inv,ind,黑龙江,贵州,-0.006867976139571045,0.006867976139571045,-0.3049966973144017,0.3102578526765697,0,0.020921684767815064,negative,293
economic_inv,ind,山东,吉林,-0.006833995044531268,0.006833995044531268,-0.3049966973144017,0.3102578526765697,0,0.020921684767815064,negative,294
economic_inv,ind,内蒙古,云南,-0.0068238331115839275,0.0068238331115839275,-0.3049966973144017,0.3102578526765697,0,0.020921684767815064,negative,295
economic_inv,ind,河南,吉林,-0.00680535051322827,0.00680535051322827,-0.3049966973144017,0.3102578526765697,0,0.020921684767815064,negative,296
economic_inv,ind,安徽,河北,-0.006767006180759454,0.006767006180759454,-0.3049966973144017,0.3102578526765697,0,0.020921684767815064,negative,297
economic_inv,ind,山东,山西,-0.006742713601618349,0.006742713601618349,-0.3049966973144017,0.3102578526765697,0,0.020921684767815064,negative,298
economic_inv,ind,陕西,上海,-0.006738352975157387,0.006738352975157387,-0.3049966973144017,0.3102578526765697,0,0.020921684767815064,negative,299
economic_inv,ind,辽宁,陕西,-0.00671320870563771,0.00671320870563771,-0.3049966973144017,0.3102578526765697,0,0.020921684767815064,negative,300
economic_inv,ind,北京,天津,-0.006704350242309628,0.006704350242309628,-0.3049966973144017,0.3102578526765697,0,0.020921684767815064,negative,301
economic_inv,ind,安徽,湖北,-0.006700773680923625,0.006700773680923625,-0.3049966973144017,0.3102578526765697,0,0.020921684767815064,negative,302
economic_inv,ind,江苏,四川,-0.006683497053611718,0.006683497053611718,-0.3049966973144017,0.3102578526765697,0,0.020921684767815064,negative,303
economic_inv,ind,广东,四川,-0.0066532102949460985,0.0066532102949460985,-0.3049966973144017,0.3102578526765697,0,0.020921684767815064,negative,304
economic_inv,ind,广西,黑龙江,-0.0066374197714266355,0.0066374197714266355,-0.3049966973144017,0.3102578526765697,0,0.020921684767815064,negative,305
economic_inv,ind,云南,贵州,-0.006621339415539798,0.006621339415539798,-0.3049966973144017,0.3102578526765697,0,0.020921684767815064,negative,306
economic_inv,ind,河南,山西,-0.006619757280599914,0.006619757280599914,-0.3049966973144017,0.3102578526765697,0,0.020921684767815064,negative,307
economic_inv,ind,安徽,湖南,-0.0066085165349163135,0.0066085165349163135,-0.3049966973144017,0.3102578526765697,0,0.020921684767815064,negative,308
economic_inv,ind,吉林,甘肃,-0.0066023450798689005,0.0066023450798689005,-0.3049966973144017,0.3102578526765697,0,0.020921684767815064,negative,309
economic_inv,ind,山东,贵州,-0.0065883279842272454,0.0065883279842272454,-0.3049966973144017,0.3102578526765697,0,0.020921684767815064,negative,310
economic_inv,ind,北京,河北,-0.006547267752572513,0.006547267752572513,-0.3049966973144017,0.3102578526765697,0,0.020921684767815064,negative,311
economic_inv,ind,浙江,新疆,-0.006542218110946822,0.006542218110946822,-0.3049966973144017,0.3102578526765697,0,0.020921684767815064,negative,312
economic_inv,ind,内蒙古,黑龙江,-0.006540000843801047,0.006540000843801047,-0.3049966973144017,0.3102578526765697,0,0.020921684767815064,negative,313
economic_inv,ind,青海,吉林,-0.006511198667232459,0.006511198667232459,-0.3049966973144017,0.3102578526765697,0,0.020921684767815064,negative,314
economic_inv,ind,江苏,湖南,-0.006495203917284202,0.006495203917284202,-0.3049966973144017,0.3102578526765697,0,0.020921684767815064,negative,315
economic_inv,ind,北京,湖北,-0.006486338962436809,0.006486338962436809,-0.3049966973144017,0.3102578526765697,0,0.020921684767815064,negative,316
economic_inv,ind,江苏,湖北,-0.006480218478509492,0.006480218478509492,-0.3049966973144017,0.3102578526765697,0,0.020921684767815064,negative,317
economic_inv,ind,广东,湖南,-0.006475108767666553,0.006475108767666553,-0.3049966973144017,0.3102578526765697,0,0.020921684767815064,negative,318
economic_inv,ind,江苏,河北,-0.006469753389188218,0.006469753389188218,-0.3049966973144017,0.3102578526765697,0,0.020921684767815064,negative,319
economic_inv,ind,广东,湖北,-0.006460912331698047,0.006460912331698047,-0.3049966973144017,0.3102578526765697,0,0.020921684767815064,negative,320
economic_inv,ind,上海,江西,-0.006455924170290712,0.006455924170290712,-0.3049966973144017,0.3102578526765697,0,0.020921684767815064,negative,321
economic_inv,ind,广东,河北,-0.006450996307164584,0.006450996307164584,-0.3049966973144017,0.3102578526765697,0,0.020921684767815064,negative,322
economic_inv,ind,福建,天津,-0.00643344093222735,0.00643344093222735,-0.3049966973144017,0.3102578526765697,0,0.020921684767815064,negative,323
economic_inv,ind,北京,湖南,-0.0064013706703370645,0.0064013706703370645,-0.3049966973144017,0.3102578526765697,0,0.020921684767815064,negative,324
economic_inv,ind,陕西,辽宁,-0.006387329772590269,0.006387329772590269,-0.3049966973144017,0.3102578526765697,0,0.020921684767815064,negative,325
economic_inv,ind,河南,山东,-0.006354423176452346,0.006354423176452346,-0.3049966973144017,0.3102578526765697,0,0.020921684767815064,negative,326
economic_inv,ind,宁夏,山西,-0.006350426858440192,0.006350426858440192,-0.3049966973144017,0.3102578526765697,0,0.020921684767815064,negative,327
economic_inv,ind,山东,新疆,-0.006339819242603821,0.006339819242603821,-0.3049966973144017,0.3102578526765697,0,0.020921684767815064,negative,328
economic_inv,ind,陕西,贵州,-0.006334373898975793,0.006334373898975793,-0.3049966973144017,0.3102578526765697,0,0.020921684767815064,negative,329
economic_inv,ind,河南,贵州,-0.00631749740425215,0.00631749740425215,-0.3049966973144017,0.3102578526765697,0,0.020921684767815064,negative,330
economic_inv,ind,安徽,天津,-0.00626652005043886,0.00626652005043886,-0.3049966973144017,0.3102578526765697,0,0.020921684767815064,negative,331
economic_inv,ind,辽宁,江西,-0.006214666714362841,0.006214666714362841,-0.3049966973144017,0.3102578526765697,0,0.020921684767815064,negative,332
economic_inv,ind,云南,江西,-0.006163838587691037,0.006163838587691037,-0.3049966973144017,0.3102578526765697,0,0.020921684767815064,negative,333
economic_inv,ind,海南,天津,-0.00614765946464656,0.00614765946464656,-0.3049966973144017,0.3102578526765697,0,0.020921684767815064,negative,334
economic_inv,ind,新疆,北京,-0.006141734456445106,0.006141734456445106,-0.3049966973144017,0.3102578526765697,0,0.020921684767815064,negative,335
economic_inv,ind,广东,福建,-0.006073369269830513,0.006073369269830513,-0.3049966973144017,0.3102578526765697,0,0.020921684767815064,negative,336
economic_inv,ind,江苏,福建,-0.006072463207321265,0.006072463207321265,-0.3049966973144017,0.3102578526765697,0,0.020921684767815064,negative,337
economic_inv,ind,浙江,甘肃,-0.006063694714781171,0.006063694714781171,-0.3049966973144017,0.3102578526765697,0,0.020921684767815064,negative,338
economic_inv,ind,甘肃,北京,-0.0060515725013515756,0.0060515725013515756,-0.3049966973144017,0.3102578526765697,0,0.020921684767815064,negative,339
economic_inv,ind,山东,甘肃,-0.0060366614977867125,0.0060366614977867125,-0.3049966973144017,0.3102578526765697,0,0.020921684767815064,negative,340
economic_inv,ind,天津,新疆,-0.005988562136137055,0.005988562136137055,-0.3049966973144017,0.3102578526765697,0,0.020921684767815064,negative,341
economic_inv,ind,新疆,安徽,-0.005983656247966814,0.005983656247966814,-0.3049966973144017,0.3102578526765697,0,0.020921684767815064,negative,342
economic_inv,ind,黑龙江,江西,-0.005969636897822593,0.005969636897822593,-0.3049966973144017,0.3102578526765697,0,0.020921684767815064,negative,343
economic_inv,ind,宁夏,吉林,-0.005932095010535618,0.005932095010535618,-0.3049966973144017,0.3102578526765697,0,0.020921684767815064,negative,344
economic_inv,ind,甘肃,安徽,-0.005921636952659818,0.005921636952659818,-0.3049966973144017,0.3102578526765697,0,0.020921684767815064,negative,345
economic_inv,ind,青海,黑龙江,-0.005920590804178524,0.005920590804178524,-0.3049966973144017,0.3102578526765697,0,0.020921684767815064,negative,346
economic_inv,ind,青海,云南,-0.005867243270849677,0.005867243270849677,-0.3049966973144017,0.3102578526765697,0,0.020921684767815064,negative,347
economic_inv,ind,河南,新疆,-0.00585947198048442,0.00585947198048442,-0.3049966973144017,0.3102578526765697,0,0.020921684767815064,negative,348
economic_inv,ind,广东,辽宁,-0.005830940594603936,0.005830940594603936,-0.3049966973144017,0.3102578526765697,0,0.020921684767815064,negative,349
economic_inv,ind,江苏,辽宁,-0.005818685161930421,0.005818685161930421,-0.3049966973144017,0.3102578526765697,0,0.020921684767815064,negative,350
economic_inv,ind,上海,内蒙古,-0.005806217777074049,0.005806217777074049,-0.3049966973144017,0.3102578526765697,0,0.020921684767815064,negative,351
economic_inv,ind,海南,重庆,-0.00580290374399984,0.00580290374399984,-0.3049966973144017,0.3102578526765697,0,0.020921684767815064,negative,352
economic_inv,ind,广东,上海,-0.005787903846237824,0.005787903846237824,-0.3049966973144017,0.3102578526765697,0,0.020921684767815064,negative,353
economic_inv,ind,江苏,上海,-0.005773737199308681,0.005773737199308681,-0.3049966973144017,0.3102578526765697,0,0.020921684767815064,negative,354
economic_inv,ind,福建,云南,-0.005772059274650363,0.005772059274650363,-0.3049966973144017,0.3102578526765697,0,0.020921684767815064,negative,355
economic_inv,ind,江西,贵州,-0.005760071463842842,0.005760071463842842,-0.3049966973144017,0.3102578526765697,0,0.020921684767815064,negative,356
economic_inv,ind,山东,海南,-0.005739427166902259,0.005739427166902259,-0.3049966973144017,0.3102578526765697,0,0.020921684767815064,negative,357
economic_inv,ind,上海,广西,-0.005732479950246163,0.005732479950246163,-0.3049966973144017,0.3102578526765697,0,0.020921684767815064,negative,358
economic_inv,ind,福建,黑龙江,-0.005722721279607674,0.005722721279607674,-0.3049966973144017,0.3102578526765697,0,0.020921684767815064,negative,359
economic_inv,ind,重庆,贵州,-0.005670562357392901,0.005670562357392901,-0.3049966973144017,0.3102578526765697,0,0.020921684767815064,negative,360
economic_inv,ind,山东,宁夏,-0.005668972960042251,0.005668972960042251,-0.3049966973144017,0.3102578526765697,0,0.020921684767815064,negative,361
economic_inv,ind,安徽,四川,-0.005659256200342861,0.005659256200342861,-0.3049966973144017,0.3102578526765697,0,0.020921684767815064,negative,362
economic_inv,ind,北京,云南,-0.005646887162740481,0.005646887162740481,-0.3049966973144017,0.3102578526765697,0,0.020921684767815064,negative,363
economic_inv,ind,海南,广西,-0.005630647675385624,0.005630647675385624,-0.3049966973144017,0.3102578526765697,0,0.020921684767815064,negative,364
economic_inv,ind,浙江,海南,-0.005618607157128316,0.005618607157128316,-0.3049966973144017,0.3102578526765697,0,0.020921684767815064,negative,365
economic_inv,ind,山东,青海,-0.0056176757710956066,0.0056176757710956066,-0.3049966973144017,0.3102578526765697,0,0.020921684767815064,negative,366
economic_inv,ind,辽宁,内蒙古,-0.005616497811250751,0.005616497811250751,-0.3049966973144017,0.3102578526765697,0,0.020921684767815064,negative,367
economic_inv,ind,海南,内蒙古,-0.005587914769818418,0.005587914769818418,-0.3049966973144017,0.3102578526765697,0,0.020921684767815064,negative,368
economic_inv,ind,广东,安徽,-0.005583955572719252,0.005583955572719252,-0.3049966973144017,0.3102578526765697,0,0.020921684767815064,negative,369
economic_inv,ind,北京,黑龙江,-0.005573167944050788,0.005573167944050788,-0.3049966973144017,0.3102578526765697,0,0.020921684767815064,negative,370
economic_inv,ind,江苏,安徽,-0.005561154763755814,0.005561154763755814,-0.3049966973144017,0.3102578526765697,0,0.020921684767815064,negative,371
economic_inv,ind,辽宁,广西,-0.005548240319871669,0.005548240319871669,-0.3049966973144017,0.3102578526765697,0,0.020921684767815064,negative,372
economic_inv,ind,广东,北京,-0.005545007256379315,0.005545007256379315,-0.3049966973144017,0.3102578526765697,0,0.020921684767815064,negative,373
economic_inv,ind,天津,北京,-0.005539713763746073,0.005539713763746073,-0.3049966973144017,0.3102578526765697,0,0.020921684767815064,negative,374
economic_inv,ind,江苏,北京,-0.005520636820860727,0.005520636820860727,-0.3049966973144017,0.3102578526765697,0,0.020921684767815064,negative,375
economic_inv,ind,北京,四川,-0.005520369807876127,0.005520369807876127,-0.3049966973144017,0.3102578526765697,0,0.020921684767815064,negative,376
economic_inv,ind,浙江,宁夏,-0.005516403935811244,0.005516403935811244,-0.3049966973144017,0.3102578526765697,0,0.020921684767815064,negative,377
economic_inv,ind,贵州,北京,-0.005508046570746322,0.005508046570746322,-0.3049966973144017,0.3102578526765697,0,0.020921684767815064,negative,378
economic_inv,ind,上海,重庆,-0.005463166547007143,0.005463166547007143,-0.3049966973144017,0.3102578526765697,0,0.020921684767815064,negative,379
economic_inv,ind,浙江,青海,-0.005442757218350453,0.005442757218350453,-0.3049966973144017,0.3102578526765697,0,0.020921684767815064,negative,380
economic_inv,ind,四川,浙江,-0.005382563924937661,0.005382563924937661,-0.3049966973144017,0.3102578526765697,0,0.020921684767815064,negative,381
economic_inv,ind,山西,海南,-0.005370157775835951,0.005370157775835951,-0.3049966973144017,0.3102578526765697,0,0.020921684767815064,negative,382
economic_inv,ind,湖南,福建,-0.005368229335432493,0.005368229335432493,-0.3049966973144017,0.3102578526765697,0,0.020921684767815064,negative,383
economic_inv,ind,宁夏,黑龙江,-0.005367934677912267,0.005367934677912267,-0.3049966973144017,0.3102578526765697,0,0.020921684767815064,negative,384
economic_inv,ind,四川,陕西,-0.0053523976790803745,0.0053523976790803745,-0.3049966973144017,0.3102578526765697,0,0.020921684767815064,negative,385
economic_inv,ind,甘肃,上海,-0.005345817864271879,0.005345817864271879,-0.3049966973144017,0.3102578526765697,0,0.020921684767815064,negative,386
economic_inv,ind,河南,甘肃,-0.005343662934574153,0.005343662934574153,-0.3049966973144017,0.3102578526765697,0,0.020921684767815064,negative,387
economic_inv,ind,贵州,安徽,-0.005341404702064328,0.005341404702064328,-0.3049966973144017,0.3102578526765697,0,0.020921684767815064,negative,388
economic_inv,ind,安徽,云南,-0.0053187143410249405,0.0053187143410249405,-0.3049966973144017,0.3102578526765697,0,0.020921684767815064,negative,389
economic_inv,ind,宁夏,云南,-0.005317244588626261,0.005317244588626261,-0.3049966973144017,0.3102578526765697,0,0.020921684767815064,negative,390
economic_inv,ind,新疆,上海,-0.00529939852725817,0.00529939852725817,-0.3049966973144017,0.3102578526765697,0,0.020921684767815064,negative,391
economic_inv,ind,辽宁,重庆,-0.005298299193455167,0.005298299193455167,-0.3049966973144017,0.3102578526765697,0,0.020921684767815064,negative,392
economic_inv,ind,青海,天津,-0.005298007963582333,0.005298007963582333,-0.3049966973144017,0.3102578526765697,0,0.020921684767815064,negative,393
economic_inv,ind,云南,陕西,-0.00528227713448828,0.00528227713448828,-0.3049966973144017,0.3102578526765697,0,0.020921684767815064,negative,394
economic_inv,ind,海南,江西,-0.0052747200614779504,0.0052747200614779504,-0.3049966973144017,0.3102578526765697,0,0.020921684767815064,negative,395
economic_inv,ind,福建,吉林,-0.005273073388764968,0.005273073388764968,-0.3049966973144017,0.3102578526765697,0,0.020921684767815064,negative,396
economic_inv,ind,天津,安徽,-0.005271617323553257,0.005271617323553257,-0.3049966973144017,0.3102578526765697,0,0.020921684767815064,negative,397
economic_inv,ind,安徽,黑龙江,-0.005252095726832243,0.005252095726832243,-0.3049966973144017,0.3102578526765697,0,0.020921684767815064,negative,398
economic_inv,ind,甘肃,辽宁,-0.0052427958628248235,0.0052427958628248235,-0.3049966973144017,0.3102578526765697,0,0.020921684767815064,negative,399
economic_inv,ind,江西,上海,-0.00519989491172652,0.00519989491172652,-0.3049966973144017,0.3102578526765697,0,0.020921684767815064,negative,400
economic_inv,ind,新疆,辽宁,-0.005179702256056411,0.005179702256056411,-0.3049966973144017,0.3102578526765697,0,0.020921684767815064,negative,401
economic_inv,ind,黑龙江,陕西,-0.005139340133469178,0.005139340133469178,-0.3049966973144017,0.3102578526765697,0,0.020921684767815064,negative,402
economic_inv,ind,四川,江西,-0.0051317639766007206,0.0051317639766007206,-0.3049966973144017,0.3102578526765697,0,0.020921684767815064,negative,403
economic_inv,ind,广东,陕西,-0.005102610149345444,0.005102610149345444,-0.3049966973144017,0.3102578526765697,0,0.020921684767815064,negative,404
economic_inv,ind,海南,陕西,-0.005076326511820298,0.005076326511820298,-0.3049966973144017,0.3102578526765697,0,0.020921684767815064,negative,405
economic_inv,ind,江苏,陕西,-0.0050621851233257934,0.0050621851233257934,-0.3049966973144017,0.3102578526765697,0,0.020921684767815064,negative,406
economic_inv,ind,广东,江西,-0.0050519885218267896,0.0050519885218267896,-0.3049966973144017,0.3102578526765697,0,0.020921684767815064,negative,407
economic_inv,ind,上海,天津,-0.005029987143225161,0.005029987143225161,-0.3049966973144017,0.3102578526765697,0,0.020921684767815064,negative,408
economic_inv,ind,青海,重庆,-0.005028246544262726,0.005028246544262726,-0.3049966973144017,0.3102578526765697,0,0.020921684767815064,negative,409
economic_inv,ind,福建,山西,-0.005025571722125458,0.005025571722125458,-0.3049966973144017,0.3102578526765697,0,0.020921684767815064,negative,410
economic_inv,ind,江苏,江西,-0.005009933479697784,0.005009933479697784,-0.3049966973144017,0.3102578526765697,0,0.020921684767815064,negative,411
economic_inv,ind,陕西,福建,-0.004991457696602487,0.004991457696602487,-0.3049966973144017,0.3102578526765697,0,0.020921684767815064,negative,412
economic_inv,ind,广东,内蒙古,-0.004981119358322712,0.004981119358322712,-0.3049966973144017,0.3102578526765697,0,0.020921684767815064,negative,413
economic_inv,ind,广东,广西,-0.004972204119727647,0.004972204119727647,-0.3049966973144017,0.3102578526765697,0,0.020921684767815064,negative,414
economic_inv,ind,山西,宁夏,-0.004956195516814494,0.004956195516814494,-0.3049966973144017,0.3102578526765697,0,0.020921684767815064,negative,415
economic_inv,ind,江西,辽宁,-0.004949131408817814,0.004949131408817814,-0.3049966973144017,0.3102578526765697,0,0.020921684767815064,negative,416
economic_inv,ind,广东,重庆,-0.0049378985450194415,0.0049378985450194415,-0.3049966973144017,0.3102578526765697,0,0.020921684767815064,negative,417
economic_inv,ind,江苏,内蒙古,-0.004936853434075551,0.004936853434075551,-0.3049966973144017,0.3102578526765697,0,0.020921684767815064,negative,418
economic_inv,ind,北京,吉林,-0.004930979035645897,0.004930979035645897,-0.3049966973144017,0.3102578526765697,0,0.020921684767815064,negative,419
economic_inv,ind,河南,江苏,-0.004927669605364221,0.004927669605364221,-0.3049966973144017,0.3102578526765697,0,0.020921684767815064,negative,420
economic_inv,ind,江苏,广西,-0.004927665937753519,0.004927665937753519,-0.3049966973144017,0.3102578526765697,0,0.020921684767815064,negative,421
economic_inv,ind,辽宁,天津,-0.004894146975312848,0.004894146975312848,-0.3049966973144017,0.3102578526765697,0,0.020921684767815064,negative,422
economic_inv,ind,青海,广西,-0.004892352789879479,0.004892352789879479,-0.3049966973144017,0.3102578526765697,0,0.020921684767815064,negative,423
economic_inv,ind,江苏,重庆,-0.004892324944291321,0.004892324944291321,-0.3049966973144017,0.3102578526765697,0,0.020921684767815064,negative,424
economic_inv,ind,陕西,新疆,-0.004889391624818357,0.004889391624818357,-0.3049966973144017,0.3102578526765697,0,0.020921684767815064,negative,425
economic_inv,ind,河南,海南,-0.004878548588152238,0.004878548588152238,-0.3049966973144017,0.3102578526765697,0,0.020921684767815064,negative,426
economic_inv,ind,广东,天津,-0.004876226952733718,0.004876226952733718,-0.3049966973144017,0.3102578526765697,0,0.020921684767815064,negative,427
economic_inv,ind,青海,内蒙古,-0.004858525213786946,0.004858525213786946,-0.3049966973144017,0.3102578526765697,0,0.020921684767815064,negative,428
economic_inv,ind,四川,内蒙古,-0.004845324426242423,0.004845324426242423,-0.3049966973144017,0.3102578526765697,0,0.020921684767815064,negative,429
economic_inv,ind,江苏,天津,-0.0048288407114270805,0.0048288407114270805,-0.3049966973144017,0.3102578526765697,0,0.020921684767815064,negative,430
economic_inv,ind,四川,广西,-0.0048110009848508,0.0048110009848508,-0.3049966973144017,0.3102578526765697,0,0.020921684767815064,negative,431
economic_inv,ind,宁夏,天津,-0.004779107907142454,0.004779107907142454,-0.3049966973144017,0.3102578526765697,0,0.020921684767815064,negative,432
economic_inv,ind,河南,宁夏,-0.004773673157091389,0.004773673157091389,-0.3049966973144017,0.3102578526765697,0,0.020921684767815064,negative,433
economic_inv,ind,广东,云南,-0.004768525498298034,0.004768525498298034,-0.3049966973144017,0.3102578526765697,0,0.020921684767815064,negative,434
economic_inv,ind,广东,黑龙江,-0.004759709161997295,0.004759709161997295,-0.3049966973144017,0.3102578526765697,0,0.020921684767815064,negative,435
economic_inv,ind,甘肃,福建,-0.004751254287774775,0.004751254287774775,-0.3049966973144017,0.3102578526765697,0,0.020921684767815064,negative,436
economic_inv,ind,山西,北京,-0.004734055110834715,0.004734055110834715,-0.3049966973144017,0.3102578526765697,0,0.020921684767815064,negative,437
economic_inv,ind,江苏,云南,-0.004718123697546829,0.004718123697546829,-0.3049966973144017,0.3102578526765697,0,0.020921684767815064,negative,438
economic_inv,ind,江苏,黑龙江,-0.004709068944554892,0.004709068944554892,-0.3049966973144017,0.3102578526765697,0,0.020921684767815064,negative,439
economic_inv,ind,河南,青海,-0.004698537798268272,0.004698537798268272,-0.3049966973144017,0.3102578526765697,0,0.020921684767815064,negative,440
economic_inv,ind,山西,青海,-0.004687410411460555,0.004687410411460555,-0.3049966973144017,0.3102578526765697,0,0.020921684767815064,negative,441
economic_inv,ind,四川,重庆,-0.004682253313022443,0.004682253313022443,-0.3049966973144017,0.3102578526765697,0,0.020921684767815064,negative,442
economic_inv,ind,广东,吉林,-0.004673509570946094,0.004673509570946094,-0.3049966973144017,0.3102578526765697,0,0.020921684767815064,negative,443
economic_inv,ind,安徽,吉林,-0.004668724260200322,0.004668724260200322,-0.3049966973144017,0.3102578526765697,0,0.020921684767815064,negative,444
economic_inv,ind,河北,福建,-0.004652404359902845,0.004652404359902845,-0.3049966973144017,0.3102578526765697,0,0.020921684767815064,negative,445
economic_inv,ind,吉林,北京,-0.004652399555922016,0.004652399555922016,-0.3049966973144017,0.3102578526765697,0,0.020921684767815064,negative,446
economic_inv,ind,福建,贵州,-0.004643224625518082,0.004643224625518082,-0.3049966973144017,0.3102578526765697,0,0.020921684767815064,negative,447
economic_inv,ind,重庆,北京,-0.0046408919203241,0.0046408919203241,-0.3049966973144017,0.3102578526765697,0,0.020921684767815064,negative,448
economic_inv,ind,贵州,上海,-0.004637543994422813,0.004637543994422813,-0.3049966973144017,0.3102578526765697,0,0.020921684767815064,negative,449
economic_inv,ind,广西,吉林,-0.004636426049252478,0.004636426049252478,-0.3049966973144017,0.3102578526765697,0,0.020921684767815064,negative,450
economic_inv,ind,河南,广东,-0.004629926463172394,0.004629926463172394,-0.3049966973144017,0.3102578526765697,0,0.020921684767815064,negative,451
economic_inv,ind,内蒙古,吉林,-0.004622085681914896,0.004622085681914896,-0.3049966973144017,0.3102578526765697,0,0.020921684767815064,negative,452
economic_inv,ind,广东,山西,-0.00462105437016581,0.00462105437016581,-0.3049966973144017,0.3102578526765697,0,0.020921684767815064,negative,453
economic_inv,ind,江苏,吉林,-0.004620605428073578,0.004620605428073578,-0.3049966973144017,0.3102578526765697,0,0.020921684767815064,negative,454
economic_inv,ind,新疆,福建,-0.004619568657073618,0.004619568657073618,-0.3049966973144017,0.3102578526765697,0,0.020921684767815064,negative,455
economic_inv,ind,青海,江西,-0.004609187257438242,0.004609187257438242,-0.3049966973144017,0.3102578526765697,0,0.020921684767815064,negative,456
economic_inv,ind,北京,山西,-0.004598831629099753,0.004598831629099753,-0.3049966973144017,0.3102578526765697,0,0.020921684767815064,negative,457
economic_inv,ind,山西,安徽,-0.004574474828704764,0.004574474828704764,-0.3049966973144017,0.3102578526765697,0,0.020921684767815064,negative,458
economic_inv,ind,吉林,海南,-0.004572642862840723,0.004572642862840723,-0.3049966973144017,0.3102578526765697,0,0.020921684767815064,negative,459
economic_inv,ind,江苏,山西,-0.004566832104274095,0.004566832104274095,-0.3049966973144017,0.3102578526765697,0,0.020921684767815064,negative,460
economic_inv,ind,广东,贵州,-0.004531818046025827,0.004531818046025827,-0.3049966973144017,0.3102578526765697,0,0.020921684767815064,negative,461
economic_inv,ind,宁夏,重庆,-0.004525823137060096,0.004525823137060096,-0.3049966973144017,0.3102578526765697,0,0.020921684767815064,negative,462
economic_inv,ind,贵州,辽宁,-0.00451725427011395,0.00451725427011395,-0.3049966973144017,0.3102578526765697,0,0.020921684767815064,negative,463
economic_inv,ind,吉林,安徽,-0.004484653422315042,0.004484653422315042,-0.3049966973144017,0.3102578526765697,0,0.020921684767815064,negative,464
economic_inv,ind,江苏,贵州,-0.00447545673371076,0.00447545673371076,-0.3049966973144017,0.3102578526765697,0,0.020921684767815064,negative,465
economic_inv,ind,四川,天津,-0.0044633028848860504,0.0044633028848860504,-0.3049966973144017,0.3102578526765697,0,0.020921684767815064,negative,466
economic_inv,ind,青海,陕西,-0.004449947262210244,0.004449947262210244,-0.3049966973144017,0.3102578526765697,0,0.020921684767815064,negative,467
economic_inv,ind,上海,云南,-0.004399188957707607,0.004399188957707607,-0.3049966973144017,0.3102578526765697,0,0.020921684767815064,negative,468
economic_inv,ind,宁夏,广西,-0.0043986497832521065,0.0043986497832521065,-0.3049966973144017,0.3102578526765697,0,0.020921684767815064,negative,469
economic_inv,ind,重庆,安徽,-0.004391742815052329,0.004391742815052329,-0.3049966973144017,0.3102578526765697,0,0.020921684767815064,negative,470
economic_inv,ind,广东,新疆,-0.004386793842776804,0.004386793842776804,-0.3049966973144017,0.3102578526765697,0,0.020921684767815064,negative,471
economic_inv,ind,宁夏,内蒙古,-0.004367036554139851,0.004367036554139851,-0.3049966973144017,0.3102578526765697,0,0.020921684767815064,negative,472
economic_inv,ind,安徽,山西,-0.004364843036039051,0.004364843036039051,-0.3049966973144017,0.3102578526765697,0,0.020921684767815064,negative,473
economic_inv,ind,江西,新疆,-0.004360131266442293,0.004360131266442293,-0.3049966973144017,0.3102578526765697,0,0.020921684767815064,negative,474
economic_inv,ind,上海,黑龙江,-0.0043534040219894345,0.0043534040219894345,-0.3049966973144017,0.3102578526765697,0,0.020921684767815064,negative,475
economic_inv,ind,福建,浙江,-0.004351130692182052,0.004351130692182052,-0.3049966973144017,0.3102578526765697,0,0.020921684767815064,negative,476
economic_inv,ind,江苏,新疆,-0.004327233228905105,0.004327233228905105,-0.3049966973144017,0.3102578526765697,0,0.020921684767815064,negative,477
economic_inv,ind,辽宁,云南,-0.004300867876136922,0.004300867876136922,-0.3049966973144017,0.3102578526765697,0,0.020921684767815064,negative,478
economic_inv,ind,辽宁,黑龙江,-0.004257585066025812,0.004257585066025812,-0.3049966973144017,0.3102578526765697,0,0.020921684767815064,negative,479
economic_inv,ind,吉林,宁夏,-0.004243377410371276,0.004243377410371276,-0.3049966973144017,0.3102578526765697,0,0.020921684767815064,negative,480
economic_inv,ind,天津,上海,-0.004241788795490927,0.004241788795490927,-0.3049966973144017,0.3102578526765697,0,0.020921684767815064,negative,481
economic_inv,ind,广东,甘肃,-0.004207526861220208,0.004207526861220208,-0.3049966973144017,0.3102578526765697,0,0.020921684767815064,negative,482
economic_inv,ind,天津,甘肃,-0.004204014403368458,0.004204014403368458,-0.3049966973144017,0.3102578526765697,0,0.020921684767815064,negative,483
economic_inv,ind,甘肃,河北,-0.004197204993224605,0.004197204993224605,-0.3049966973144017,0.3102578526765697,0,0.020921684767815064,negative,484
economic_inv,ind,甘肃,湖北,-0.004185158451542186,0.004185158451542186,-0.3049966973144017,0.3102578526765697,0,0.020921684767815064,negative,485
economic_inv,ind,甘肃,湖南,-0.004168095219403468,0.004168095219403468,-0.3049966973144017,0.3102578526765697,0,0.020921684767815064,negative,486
economic_inv,ind,江苏,甘肃,-0.004144483994173101,0.004144483994173101,-0.3049966973144017,0.3102578526765697,0,0.020921684767815064,negative,487
economic_inv,ind,宁夏,江西,-0.004134554656915199,0.004134554656915199,-0.3049966973144017,0.3102578526765697,0,0.020921684767815064,negative,488
economic_inv,ind,四川,云南,-0.004115297037904283,0.004115297037904283,-0.3049966973144017,0.3102578526765697,0,0.020921684767815064,negative,489
economic_inv,ind,北京,贵州,-0.004112805445935356,0.004112805445935356,-0.3049966973144017,0.3102578526765697,0,0.020921684767815064,negative,490
economic_inv,ind,福建,新疆,-0.004108153350277649,0.004108153350277649,-0.3049966973144017,0.3102578526765697,0,0.020921684767815064,negative,491
economic_inv,ind,四川,黑龙江,-0.004088562609199227,0.004088562609199227,-0.3049966973144017,0.3102578526765697,0,0.020921684767815064,negative,492
economic_inv,ind,天津,辽宁,-0.004080695314433808,0.004080695314433808,-0.3049966973144017,0.3102578526765697,0,0.020921684767815064,negative,493
economic_inv,ind,黑龙江,新疆,-0.004062755708345733,0.004062755708345733,-0.3049966973144017,0.3102578526765697,0,0.020921684767815064,negative,494
economic_inv,ind,重庆,新疆,-0.004044631024640666,0.004044631024640666,-0.3049966973144017,0.3102578526765697,0,0.020921684767815064,negative,495
economic_inv,ind,广东,海南,-0.004029202450092504,0.004029202450092504,-0.3049966973144017,0.3102578526765697,0,0.020921684767815064,negative,496
economic_inv,ind,吉林,青海,-0.004027638782443431,0.004027638782443431,-0.3049966973144017,0.3102578526765697,0,0.020921684767815064,negative,497
economic_inv,ind,新疆,河北,-0.004009147254015205,0.004009147254015205,-0.3049966973144017,0.3102578526765697,0,0.020921684767815064,negative,498
economic_inv,ind,新疆,湖北,-0.003996113291440352,0.003996113291440352,-0.3049966973144017,0.3102578526765697,0,0.020921684767815064,negative,499
economic_inv,ind,宁夏,陕西,-0.003986570533755654,0.003986570533755654,-0.3049966973144017,0.3102578526765697,0,0.020921684767815064,negative,500
economic_inv,ind,广东,宁夏,-0.003986556069641504,0.003986556069641504,-0.3049966973144017,0.3102578526765697,0,0.020921684767815064,negative,501
economic_inv,ind,新疆,湖南,-0.0039776684678943805,0.0039776684678943805,-0.3049966973144017,0.3102578526765697,0,0.020921684767815064,negative,502
economic_inv,ind,云南,新疆,-0.0039744255564270106,0.0039744255564270106,-0.3049966973144017,0.3102578526765697,0,0.020921684767815064,negative,503
economic_inv,ind,甘肃,四川,-0.003970859820440036,0.003970859820440036,-0.3049966973144017,0.3102578526765697,0,0.020921684767815064,negative,504
economic_inv,ind,贵州,福建,-0.003965133083628369,0.003965133083628369,-0.3049966973144017,0.3102578526765697,0,0.020921684767815064,negative,505
economic_inv,ind,江苏,海南,-0.003963211806910068,0.003963211806910068,-0.3049966973144017,0.3102578526765697,0,0.020921684767815064,negative,506
economic_inv,ind,广东,青海,-0.003955413567559218,0.003955413567559218,-0.3049966973144017,0.3102578526765697,0,0.020921684767815064,negative,507
economic_inv,ind,上海,吉林,-0.003943920718322706,0.003943920718322706,-0.3049966973144017,0.3102578526765697,0,0.020921684767815064,negative,508
economic_inv,ind,江西,福建,-0.003931362817509164,0.003931362817509164,-0.3049966973144017,0.3102578526765697,0,0.020921684767815064,negative,509
economic_inv,ind,江苏,宁夏,-0.003919936501723364,0.003919936501723364,-0.3049966973144017,0.3102578526765697,0,0.020921684767815064,negative,510
economic_inv,ind,安徽,贵州,-0.003917502073332561,0.003917502073332561,-0.3049966973144017,0.3102578526765697,0,0.020921684767815064,negative,511
economic_inv,ind,山西,上海,-0.00391279855206805,0.00391279855206805,-0.3049966973144017,0.3102578526765697,0,0.020921684767815064,negative,512
economic_inv,ind,海南,北京,-0.003906435921894669,0.003906435921894669,-0.3049966973144017,0.3102578526765697,0,0.020921684767815064,negative,513
economic_inv,ind,内蒙古,山西,-0.0039044079617988987,0.0039044079617988987,-0.3049966973144017,0.3102578526765697,0,0.020921684767815064,negative,514
economic_inv,ind,广西,山西,-0.0038995654405313013,0.0038995654405313013,-0.3049966973144017,0.3102578526765697,0,0.020921684767815064,negative,515
economic_inv,ind,江苏,青海,-0.0038883532324619796,0.0038883532324619796,-0.3049966973144017,0.3102578526765697,0,0.020921684767815064,negative,516
economic_inv,ind,辽宁,吉林,-0.0038691382009319744,0.0038691382009319744,-0.3049966973144017,0.3102578526765697,0,0.020921684767815064,negative,517
economic_inv,ind,湖北,福建,-0.003849701691667254,0.003849701691667254,-0.3049966973144017,0.3102578526765697,0,0.020921684767815064,negative,518
economic_inv,ind,四川,吉林,-0.0038397186224083412,0.0038397186224083412,-0.3049966973144017,0.3102578526765697,0,0.020921684767815064,negative,519
economic_inv,ind,海南,安徽,-0.003835326863742919,0.003835326863742919,-0.3049966973144017,0.3102578526765697,0,0.020921684767815064,negative,520
economic_inv,ind,陕西,河北,-0.0038169959080402312,0.0038169959080402312,-0.3049966973144017,0.3102578526765697,0,0.020921684767815064,negative,521
economic_inv,ind,山西,辽宁,-0.003801676007222555,0.003801676007222555,-0.3049966973144017,0.3102578526765697,0,0.020921684767815064,negative,522
economic_inv,ind,吉林,上海,-0.003797725406642403,0.003797725406642403,-0.3049966973144017,0.3102578526765697,0,0.020921684767815064,negative,523
economic_inv,ind,陕西,湖北,-0.003794955050691619,0.003794955050691619,-0.3049966973144017,0.3102578526765697,0,0.020921684767815064,negative,524
economic_inv,ind,新疆,四川,-0.003765902255313137,0.003765902255313137,-0.3049966973144017,0.3102578526765697,0,0.020921684767815064,negative,525
economic_inv,ind,陕西,湖南,-0.0037639542730047697,0.0037639542730047697,-0.3049966973144017,0.3102578526765697,0,0.020921684767815064,negative,526
economic_inv,ind,陕西,甘肃,-0.0037503572127613473,0.0037503572127613473,-0.3049966973144017,0.3102578526765697,0,0.020921684767815064,negative,527
economic_inv,ind,上海,山西,-0.0037243471471202364,0.0037243471471202364,-0.3049966973144017,0.3102578526765697,0,0.020921684767815064,negative,528
economic_inv,ind,辽宁,河南,-0.0037213212289875603,0.0037213212289875603,-0.3049966973144017,0.3102578526765697,0,0.020921684767815064,negative,529
economic_inv,ind,四川,山西,-0.0036986212128647697,0.0036986212128647697,-0.3049966973144017,0.3102578526765697,0,0.020921684767815064,negative,530
economic_inv,ind,吉林,辽宁,-0.003683703126707996,0.003683703126707996,-0.3049966973144017,0.3102578526765697,0,0.020921684767815064,negative,531
economic_inv,ind,辽宁,山西,-0.0036598456628643963,0.0036598456628643963,-0.3049966973144017,0.3102578526765697,0,0.020921684767815064,negative,532
economic_inv,ind,上海,河南,-0.0035760928134236413,0.0035760928134236413,-0.3049966973144017,0.3102578526765697,0,0.020921684767815064,negative,533
economic_inv,ind,福建,甘肃,-0.0035616982858613423,0.0035616982858613423,-0.3049966973144017,0.3102578526765697,0,0.020921684767815064,negative,534
economic_inv,ind,海南,上海,-0.0035143989873510475,0.0035143989873510475,-0.3049966973144017,0.3102578526765697,0,0.020921684767815064,negative,535
economic_inv,ind,青海,北京,-0.0034899267269430955,0.0034899267269430955,-0.3049966973144017,0.3102578526765697,0,0.020921684767815064,negative,536
economic_inv,ind,北京,新疆,-0.0034826905911338494,0.0034826905911338494,-0.3049966973144017,0.3102578526765697,0,0.020921684767815064,negative,537
economic_inv,ind,四川,贵州,-0.0034746198176906075,0.0034746198176906075,-0.3049966973144017,0.3102578526765697,0,0.020921684767815064,negative,538
economic_inv,ind,重庆,上海,-0.0034599153502991066,0.0034599153502991066,-0.3049966973144017,0.3102578526765697,0,0.020921684767815064,negative,539
economic_inv,ind,海南,辽宁,-0.0034559608150411467,0.0034559608150411467,-0.3049966973144017,0.3102578526765697,0,0.020921684767815064,negative,540
economic_inv,ind,青海,安徽,-0.0034303885115755045,0.0034303885115755045,-0.3049966973144017,0.3102578526765697,0,0.020921684767815064,negative,541
economic_inv,ind,陕西,四川,-0.0034232657664308394,0.0034232657664308394,-0.3049966973144017,0.3102578526765697,0,0.020921684767815064,negative,542
economic_inv,ind,上海,贵州,-0.0033929469591201214,0.0033929469591201214,-0.3049966973144017,0.3102578526765697,0,0.020921684767815064,negative,543
economic_inv,ind,天津,福建,-0.0033896322706544225,0.0033896322706544225,-0.3049966973144017,0.3102578526765697,0,0.020921684767815064,negative,544
economic_inv,ind,贵州,河北,-0.0033829651092239727,0.0033829651092239727,-0.3049966973144017,0.3102578526765697,0,0.020921684767815064,negative,545
economic_inv,ind,贵州,湖北,-0.003370749156935033,0.003370749156935033,-0.3049966973144017,0.3102578526765697,0,0.020921684767815064,negative,546
economic_inv,ind,贵州,湖南,-0.003353476998950008,0.003353476998950008,-0.3049966973144017,0.3102578526765697,0,0.020921684767815064,negative,547
economic_inv,ind,辽宁,贵州,-0.0033426320170010793,0.0033426320170010793,-0.3049966973144017,0.3102578526765697,0,0.020921684767815064,negative,548
economic_inv,ind,安徽,新疆,-0.003332757247231542,0.003332757247231542,-0.3049966973144017,0.3102578526765697,0,0.020921684767815064,negative,549
economic_inv,ind,重庆,辽宁,-0.003317664827592833,0.003317664827592833,-0.3049966973144017,0.3102578526765697,0,0.020921684767815064,negative,550
economic_inv,ind,山西,福建,-0.0032987538627264738,0.0032987538627264738,-0.3049966973144017,0.3102578526765697,0,0.020921684767815064,negative,551
economic_inv,ind,江西,甘肃,-0.003294185612165344,0.003294185612165344,-0.3049966973144017,0.3102578526765697,0,0.020921684767815064,negative,552
economic_inv,ind,湖南,辽宁,-0.0032142914945711546,0.0032142914945711546,-0.3049966973144017,0.3102578526765697,0,0.020921684767815064,negative,553
economic_inv,ind,天津,海南,-0.0031782773749944376,0.0031782773749944376,-0.3049966973144017,0.3102578526765697,0,0.020921684767815064,negative,554
economic_inv,ind,海南,福建,-0.003172745368713336,0.003172745368713336,-0.3049966973144017,0.3102578526765697,0,0.020921684767815064,negative,555
economic_inv,ind,吉林,福建,-0.0031723880249282565,0.0031723880249282565,-0.3049966973144017,0.3102578526765697,0,0.020921684767815064,negative,556
economic_inv,ind,青海,上海,-0.0031599480878772464,0.0031599480878772464,-0.3049966973144017,0.3102578526765697,0,0.020921684767815064,negative,557
economic_inv,ind,贵州,四川,-0.003156431102765721,0.003156431102765721,-0.3049966973144017,0.3102578526765697,0,0.020921684767815064,negative,558
economic_inv,ind,四川,新疆,-0.0031482072643030062,0.0031482072643030062,-0.3049966973144017,0.3102578526765697,0,0.020921684767815064,negative,559
economic_inv,ind,安徽,河南,-0.0031476954341308214,0.0031476954341308214,-0.3049966973144017,0.3102578526765697,0,0.020921684767815064,negative,560
economic_inv,ind,甘肃,河南,-0.0031443504102449805,0.0031443504102449805,-0.3049966973144017,0.3102578526765697,0,0.020921684767815064,negative,561
economic_inv,ind,北京,河南,-0.003128588599603993,0.003128588599603993,-0.3049966973144017,0.3102578526765697,0,0.020921684767815064,negative,562
economic_inv,ind,福建,海南,-0.003113206615411847,0.003113206615411847,-0.3049966973144017,0.3102578526765697,0,0.020921684767815064,negative,563
economic_inv,ind,青海,辽宁,-0.003110395463160126,0.003110395463160126,-0.3049966973144017,0.3102578526765697,0,0.020921684767815064,negative,564
economic_inv,ind,宁夏,北京,-0.003102424475936799,0.003102424475936799,-0.3049966973144017,0.3102578526765697,0,0.020921684767815064,negative,565
economic_inv,ind,内蒙古,贵州,-0.0030685258233154487,0.0030685258233154487,-0.3049966973144017,0.3102578526765697,0,0.020921684767815064,negative,566
economic_inv,ind,广西,贵州,-0.003049343752500849,0.003049343752500849,-0.3049966973144017,0.3102578526765697,0,0.020921684767815064,negative,567
economic_inv,ind,江西,河北,-0.003048651401385599,0.003048651401385599,-0.3049966973144017,0.3102578526765697,0,0.020921684767815064,negative,568
economic_inv,ind,宁夏,安徽,-0.0030480403541732833,0.0030480403541732833,-0.3049966973144017,0.3102578526765697,0,0.020921684767815064,negative,569
economic_inv,ind,江西,湖北,-0.00303184814655641,0.00303184814655641,-0.3049966973144017,0.3102578526765697,0,0.020921684767815064,negative,570
economic_inv,ind,福建,宁夏,-0.00301730693835132,0.00301730693835132,-0.3049966973144017,0.3102578526765697,0,0.020921684767815064,negative,571
economic_inv,ind,江西,湖南,-0.0030081990974416503,0.0030081990974416503,-0.3049966973144017,0.3102578526765697,0,0.020921684767815064,negative,572
economic_inv,ind,陕西,海南,-0.0029947706618895374,0.0029947706618895374,-0.3049966973144017,0.3102578526765697,0,0.020921684767815064,negative,573
economic_inv,ind,天津,宁夏,-0.0029938992402053543,0.0029938992402053543,-0.3049966973144017,0.3102578526765697,0,0.020921684767815064,negative,574
economic_inv,ind,内蒙古,北京,-0.0029916056848882703,0.0029916056848882703,-0.3049966973144017,0.3102578526765697,0,0.020921684767815064,negative,575
economic_inv,ind,湖南,上海,-0.0029907557906620782,0.0029907557906620782,-0.3049966973144017,0.3102578526765697,0,0.020921684767815064,negative,576
economic_inv,ind,福建,青海,-0.0029497160846006587,0.0029497160846006587,-0.3049966973144017,0.3102578526765697,0,0.020921684767815064,negative,577
economic_inv,ind,上海,新疆,-0.002944414199717487,0.002944414199717487,-0.3049966973144017,0.3102578526765697,0,0.020921684767815064,negative,578
economic_inv,ind,重庆,甘肃,-0.00292717555715624,0.00292717555715624,-0.3049966973144017,0.3102578526765697,0,0.020921684767815064,negative,579
economic_inv,ind,辽宁,新疆,-0.0029107313432918972,0.0029107313432918972,-0.3049966973144017,0.3102578526765697,0,0.020921684767815064,negative,580
economic_inv,ind,新疆,河南,-0.0029063907071340497,0.0029063907071340497,-0.3049966973144017,0.3102578526765697,0,0.020921684767815064,negative,581
economic_inv,ind,北京,甘肃,-0.0028926489430433204,0.0028926489430433204,-0.3049966973144017,0.3102578526765697,0,0.020921684767815064,negative,582
economic_inv,ind,天津,青海,-0.0028700466503381594,0.0028700466503381594,-0.3049966973144017,0.3102578526765697,0,0.020921684767815064,negative,583
economic_inv,ind,青海,福建,-0.0028688849684154723,0.0028688849684154723,-0.3049966973144017,0.3102578526765697,0,0.020921684767815064,negative,584
economic_inv,ind,广西,北京,-0.0028685619197477224,0.0028685619197477224,-0.3049966973144017,0.3102578526765697,0,0.020921684767815064,negative,585
economic_inv,ind,陕西,宁夏,-0.0028498488328019497,0.0028498488328019497,-0.3049966973144017,0.3102578526765697,0,0.020921684767815064,negative,586
economic_inv,ind,海南,河北,-0.0028445363364373176,0.0028445363364373176,-0.3049966973144017,0.3102578526765697,0,0.020921684767815064,negative,587
economic_inv,ind,海南,湖北,-0.0028372914828202565,0.0028372914828202565,-0.3049966973144017,0.3102578526765697,0,0.020921684767815064,negative,588
economic_inv,ind,海南,湖南,-0.0028270215239395895,0.0028270215239395895,-0.3049966973144017,0.3102578526765697,0,0.020921684767815064,negative,589
economic_inv,ind,内蒙古,安徽,-0.002817978176007421,0.002817978176007421,-0.3049966973144017,0.3102578526765697,0,0.020921684767815064,negative,590
economic_inv,ind,宁夏,上海,-0.0028016639568967,0.0028016639568967,-0.3049966973144017,0.3102578526765697,0,0.020921684767815064,negative,591
economic_inv,ind,四川,甘肃,-0.002798223896005003,0.002798223896005003,-0.3049966973144017,0.3102578526765697,0,0.020921684767815064,negative,592
economic_inv,ind,山西,河北,-0.002780804773465856,0.002780804773465856,-0.3049966973144017,0.3102578526765697,0,0.020921684767815064,negative,593
economic_inv,ind,安徽,甘肃,-0.002780241076296282,0.002780241076296282,-0.3049966973144017,0.3102578526765697,0,0.020921684767815064,negative,594
economic_inv,ind,山西,湖北,-0.002770068882762981,0.002770068882762981,-0.3049966973144017,0.3102578526765697,0,0.020921684767815064,negative,595
economic_inv,ind,宁夏,辽宁,-0.002756636170911207,0.002756636170911207,-0.3049966973144017,0.3102578526765697,0,0.020921684767815064,negative,596
economic_inv,ind,山西,湖南,-0.0027548985658028156,0.0027548985658028156,-0.3049966973144017,0.3102578526765697,0,0.020921684767815064,negative,597
economic_inv,ind,陕西,青海,-0.0027508267644236225,0.0027508267644236225,-0.3049966973144017,0.3102578526765697,0,0.020921684767815064,negative,598
economic_inv,ind,江西,四川,-0.002747140487894621,0.002747140487894621,-0.3049966973144017,0.3102578526765697,0,0.020921684767815064,negative,599
economic_inv,ind,天津,河北,-0.0027370234561463775,0.0027370234561463775,-0.3049966973144017,0.3102578526765697,0,0.020921684767815064,negative,600
economic_inv,ind,天津,湖北,-0.00272407761784146,0.00272407761784146,-0.3049966973144017,0.3102578526765697,0,0.020921684767815064,negative,601
economic_inv,ind,河北,辽宁,-0.002720312214728097,0.002720312214728097,-0.3049966973144017,0.3102578526765697,0,0.020921684767815064,negative,602
economic_inv,ind,重庆,福建,-0.0027178128416109597,0.0027178128416109597,-0.3049966973144017,0.3102578526765697,0,0.020921684767815064,negative,603
economic_inv,ind,海南,四川,-0.002707621709727111,0.002707621709727111,-0.3049966973144017,0.3102578526765697,0,0.020921684767815064,negative,604
economic_inv,ind,天津,湖南,-0.002705823010095029,0.002705823010095029,-0.3049966973144017,0.3102578526765697,0,0.020921684767815064,negative,605
economic_inv,ind,广西,安徽,-0.0027047955438710995,0.0027047955438710995,-0.3049966973144017,0.3102578526765697,0,0.020921684767815064,negative,606
economic_inv,ind,吉林,河北,-0.002653759423943251,0.002653759423943251,-0.3049966973144017,0.3102578526765697,0,0.020921684767815064,negative,607
economic_inv,ind,吉林,湖北,-0.0026430936331520933,0.0026430936331520933,-0.3049966973144017,0.3102578526765697,0,0.020921684767815064,negative,608
economic_inv,ind,黑龙江,甘肃,-0.0026316499660613683,0.0026316499660613683,-0.3049966973144017,0.3102578526765697,0,0.020921684767815064,negative,609
economic_inv,ind,吉林,湖南,-0.002628028152735857,0.002628028152735857,-0.3049966973144017,0.3102578526765697,0,0.020921684767815064,negative,610
economic_inv,ind,甘肃,浙江,-0.0026126342949232165,0.0026126342949232165,-0.3049966973144017,0.3102578526765697,0,0.020921684767815064,negative,611
economic_inv,ind,江西,海南,-0.0026045661375691336,0.0026045661375691336,-0.3049966973144017,0.3102578526765697,0,0.020921684767815064,negative,612
economic_inv,ind,云南,甘肃,-0.0025938831526874716,0.0025938831526874716,-0.3049966973144017,0.3102578526765697,0,0.020921684767815064,negative,613
economic_inv,ind,青海,河北,-0.0025861585091303046,0.0025861585091303046,-0.3049966973144017,0.3102578526765697,0,0.020921684767815064,negative,614
economic_inv,ind,山西,四川,-0.002582588662300974,0.002582588662300974,-0.3049966973144017,0.3102578526765697,0,0.020921684767815064,negative,615
economic_inv,ind,青海,湖北,-0.002579882787880366,0.002579882787880366,-0.3049966973144017,0.3102578526765697,0,0.020921684767815064,negative,616
economic_inv,ind,青海,湖南,-0.0025709840309312516,0.0025709840309312516,-0.3049966973144017,0.3102578526765697,0,0.020921684767815064,negative,617
economic_inv,ind,宁夏,福建,-0.002537689108204611,0.002537689108204611,-0.3049966973144017,0.3102578526765697,0,0.020921684767815064,negative,618
economic_inv,ind,河北,上海,-0.0025249807131426925,0.0025249807131426925,-0.3049966973144017,0.3102578526765697,0,0.020921684767815064,negative,619
economic_inv,ind,上海,甘肃,-0.002503745102861567,0.002503745102861567,-0.3049966973144017,0.3102578526765697,0,0.020921684767815064,negative,620
economic_inv,ind,天津,四川,-0.00250159255018727,0.00250159255018727,-0.3049966973144017,0.3102578526765697,0,0.020921684767815064,negative,621
economic_inv,ind,四川,海南,-0.002497524549618435,0.002497524549618435,-0.3049966973144017,0.3102578526765697,0,0.020921684767815064,negative,622
economic_inv,ind,辽宁,甘肃,-0.00248349852647287,0.00248349852647287,-0.3049966973144017,0.3102578526765697,0,0.020921684767815064,negative,623
economic_inv,ind,江西,宁夏,-0.002473848282859082,0.002473848282859082,-0.3049966973144017,0.3102578526765697,0,0.020921684767815064,negative,624
economic_inv,ind,云南,北京,-0.002469768111249115,0.002469768111249115,-0.3049966973144017,0.3102578526765697,0,0.020921684767815064,negative,625
economic_inv,ind,青海,四川,-0.002467302206602782,0.002467302206602782,-0.3049966973144017,0.3102578526765697,0,0.020921684767815064,negative,626
economic_inv,ind,辽宁,浙江,-0.0024669486091042406,0.0024669486091042406,-0.3049966973144017,0.3102578526765697,0,0.020921684767815064,negative,627
economic_inv,ind,吉林,四川,-0.002457382910781613,0.002457382910781613,-0.3049966973144017,0.3102578526765697,0,0.020921684767815064,negative,628
economic_inv,ind,北京,海南,-0.002444173703559785,0.002444173703559785,-0.3049966973144017,0.3102578526765697,0,0.020921684767815064,negative,629
economic_inv,ind,黑龙江,北京,-0.002438660161300653,0.002438660161300653,-0.3049966973144017,0.3102578526765697,0,0.020921684767815064,negative,630
economic_inv,ind,四川,宁夏,-0.0024315711178438536,0.0024315711178438536,-0.3049966973144017,0.3102578526765697,0,0.020921684767815064,negative,631
economic_inv,ind,上海,浙江,-0.002393315397780269,0.002393315397780269,-0.3049966973144017,0.3102578526765697,0,0.020921684767815064,negative,632
economic_inv,ind,江西,青海,-0.0023848149317987513,0.0023848149317987513,-0.3049966973144017,0.3102578526765697,0,0.020921684767815064,negative,633
economic_inv,ind,四川,青海,-0.002384725968370855,0.002384725968370855,-0.3049966973144017,0.3102578526765697,0,0.020921684767815064,negative,634
economic_inv,ind,贵州,河南,-0.002379709155302751,0.002379709155302751,-0.3049966973144017,0.3102578526765697,0,0.020921684767815064,negative,635
economic_inv,ind,新疆,浙江,-0.002376128625962378,0.002376128625962378,-0.3049966973144017,0.3102578526765697,0,0.020921684767815064,negative,636
economic_inv,ind,云南,安徽,-0.0023683208952889694,0.0023683208952889694,-0.3049966973144017,0.3102578526765697,0,0.020921684767815064,negative,637
economic_inv,ind,安徽,海南,-0.0023570398930158427,0.0023570398930158427,-0.3049966973144017,0.3102578526765697,0,0.020921684767815064,negative,638
economic_inv,ind,北京,宁夏,-0.0023521278838438313,0.0023521278838438313,-0.3049966973144017,0.3102578526765697,0,0.020921684767815064,negative,639
economic_inv,ind,黑龙江,安徽,-0.002339745377712852,0.002339745377712852,-0.3049966973144017,0.3102578526765697,0,0.020921684767815064,negative,640
economic_inv,ind,北京,青海,-0.002288031645160087,0.002288031645160087,-0.3049966973144017,0.3102578526765697,0,0.020921684767815064,negative,641
economic_inv,ind,宁夏,河北,-0.0022824475454241424,0.0022824475454241424,-0.3049966973144017,0.3102578526765697,0,0.020921684767815064,negative,642
economic_inv,ind,陕西,河南,-0.0022779469730028665,0.0022779469730028665,-0.3049966973144017,0.3102578526765697,0,0.020921684767815064,negative,643
economic_inv,ind,宁夏,湖北,-0.0022767949584781818,0.0022767949584781818,-0.3049966973144017,0.3102578526765697,0,0.020921684767815064,negative,644
economic_inv,ind,湖北,辽宁,-0.0022737091393688694,0.0022737091393688694,-0.3049966973144017,0.3102578526765697,0,0.020921684767815064,negative,645
economic_inv,ind,安徽,宁夏,-0.002269831470667353,0.002269831470667353,-0.3049966973144017,0.3102578526765697,0,0.020921684767815064,negative,646
economic_inv,ind,宁夏,湖南,-0.002268780753692278,0.002268780753692278,-0.3049966973144017,0.3102578526765697,0,0.020921684767815064,negative,647
economic_inv,ind,重庆,海南,-0.0022530261263049812,0.0022530261263049812,-0.3049966973144017,0.3102578526765697,0,0.020921684767815064,negative,648
economic_inv,ind,内蒙古,新疆,-0.0022455247930585473,0.0022455247930585473,-0.3049966973144017,0.3102578526765697,0,0.020921684767815064,negative,649
economic_inv,ind,湖南,安徽,-0.0022250280561341134,0.0022250280561341134,-0.3049966973144017,0.3102578526765697,0,0.020921684767815064,negative,650
economic_inv,ind,广西,新疆,-0.0022205184217059734,0.0022205184217059734,-0.3049966973144017,0.3102578526765697,0,0.020921684767815064,negative,651
economic_inv,ind,安徽,青海,-0.002209033059791546,0.002209033059791546,-0.3049966973144017,0.3102578526765697,0,0.020921684767815064,negative,652
economic_inv,ind,北京,浙江,-0.0021976067547946542,0.0021976067547946542,-0.3049966973144017,0.3102578526765697,0,0.020921684767815064,negative,653
economic_inv,ind,安徽,浙江,-0.002195148791163075,0.002195148791163075,-0.3049966973144017,0.3102578526765697,0,0.020921684767815064,negative,654
economic_inv,ind,海南,河南,-0.0021931010557160653,0.0021931010557160653,-0.3049966973144017,0.3102578526765697,0,0.020921684767815064,negative,655
economic_inv,ind,内蒙古,上海,-0.0021825227192680536,0.0021825227192680536,-0.3049966973144017,0.3102578526765697,0,0.020921684767815064,negative,656
economic_inv,ind,宁夏,四川,-0.002175488781176851,0.002175488781176851,-0.3049966973144017,0.3102578526765697,0,0.020921684767815064,negative,657
economic_inv,ind,重庆,河北,-0.00216633494096581,0.00216633494096581,-0.3049966973144017,0.3102578526765697,0,0.020921684767815064,negative,658
economic_inv,ind,重庆,湖北,-0.002155538646240287,0.002155538646240287,-0.3049966973144017,0.3102578526765697,0,0.020921684767815064,negative,659
economic_inv,ind,上海,海南,-0.002154521801626967,0.002154521801626967,-0.3049966973144017,0.3102578526765697,0,0.020921684767815064,negative,660
economic_inv,ind,辽宁,海南,-0.00214285922637346,0.00214285922637346,-0.3049966973144017,0.3102578526765697,0,0.020921684767815064,negative,661
economic_inv,ind,重庆,湖南,-0.0021403244087171776,0.0021403244087171776,-0.3049966973144017,0.3102578526765697,0,0.020921684767815064,negative,662
economic_inv,ind,重庆,宁夏,-0.002129250654462556,0.002129250654462556,-0.3049966973144017,0.3102578526765697,0,0.020921684767815064,negative,663
economic_inv,ind,湖南,北京,-0.002116984481630936,0.002116984481630936,-0.3049966973144017,0.3102578526765697,0,0.020921684767815064,negative,664
economic_inv,ind,湖北,上海,-0.002112604128095691,0.002112604128095691,-0.3049966973144017,0.3102578526765697,0,0.020921684767815064,negative,665
economic_inv,ind,四川,山东,-0.0021121287234058136,0.0021121287234058136,-0.3049966973144017,0.3102578526765697,0,0.020921684767815064,negative,666
economic_inv,ind,广西,上海,-0.00210260885189823,0.00210260885189823,-0.3049966973144017,0.3102578526765697,0,0.020921684767815064,negative,667
economic_inv,ind,内蒙古,辽宁,-0.0020874017459669805,0.0020874017459669805,-0.3049966973144017,0.3102578526765697,0,0.020921684767815064,negative,668
economic_inv,ind,上海,宁夏,-0.0020812498565515305,0.0020812498565515305,-0.3049966973144017,0.3102578526765697,0,0.020921684767815064,negative,669
economic_inv,ind,辽宁,宁夏,-0.002071155145030049,0.002071155145030049,-0.3049966973144017,0.3102578526765697,0,0.020921684767815064,negative,670
economic_inv,ind,重庆,青海,-0.0020456521209912216,0.0020456521209912216,-0.3049966973144017,0.3102578526765697,0,0.020921684767815064,negative,671
economic_inv,ind,上海,青海,-0.0020298976068300213,0.0020298976068300213,-0.3049966973144017,0.3102578526765697,0,0.020921684767815064,negative,672
economic_inv,ind,湖南,河南,-0.0020237135781184905,0.0020237135781184905,-0.3049966973144017,0.3102578526765697,0,0.020921684767815064,negative,673
economic_inv,ind,辽宁,青海,-0.0020208533425568036,0.0020208533425568036,-0.3049966973144017,0.3102578526765697,0,0.020921684767815064,negative,674
economic_inv,ind,青海,河南,-0.0020157486546932557,0.0020157486546932557,-0.3049966973144017,0.3102578526765697,0,0.020921684767815064,negative,675
economic_inv,ind,广西,辽宁,-0.0020120844486073443,0.0020120844486073443,-0.3049966973144017,0.3102578526765697,0,0.020921684767815064,negative,676
economic_inv,ind,福建,山东,-0.0019990037436731977,0.0019990037436731977,-0.3049966973144017,0.3102578526765697,0,0.020921684767815064,negative,677
economic_inv,ind,重庆,四川,-0.001970851891562472,0.001970851891562472,-0.3049966973144017,0.3102578526765697,0,0.020921684767815064,negative,678
economic_inv,ind,云南,上海,-0.001963682275937503,0.001963682275937503,-0.3049966973144017,0.3102578526765697,0,0.020921684767815064,negative,679
economic_inv,ind,黑龙江,上海,-0.0019441495167318236,0.0019441495167318236,-0.3049966973144017,0.3102578526765697,0,0.020921684767815064,negative,680
economic_inv,ind,贵州,浙江,-0.001918182198651834,0.001918182198651834,-0.3049966973144017,0.3102578526765697,0,0.020921684767815064,negative,681
economic_inv,ind,山西,河南,-0.001916669523761489,0.001916669523761489,-0.3049966973144017,0.3102578526765697,0,0.020921684767815064,negative,682
economic_inv,ind,黑龙江,海南,-0.0019049280951167864,0.0019049280951167864,-0.3049966973144017,0.3102578526765697,0,0.020921684767815064,negative,683
economic_inv,ind,云南,辽宁,-0.0018981463802209045,0.0018981463802209045,-0.3049966973144017,0.3102578526765697,0,0.020921684767815064,negative,684
economic_inv,ind,云南,海南,-0.0018848212143679716,0.0018848212143679716,-0.3049966973144017,0.3102578526765697,0,0.020921684767815064,negative,685
economic_inv,ind,黑龙江,辽宁,-0.001879918482671771,0.001879918482671771,-0.3049966973144017,0.3102578526765697,0,0.020921684767815064,negative,686
economic_inv,ind,河北,安徽,-0.001863001911311735,0.001863001911311735,-0.3049966973144017,0.3102578526765697,0,0.020921684767815064,negative,687
economic_inv,ind,江西,河南,-0.0018535960270575226,0.0018535960270575226,-0.3049966973144017,0.3102578526765697,0,0.020921684767815064,negative,688
economic_inv,ind,海南,浙江,-0.0018494648866205993,0.0018494648866205993,-0.3049966973144017,0.3102578526765697,0,0.020921684767815064,negative,689
economic_inv,ind,吉林,河南,-0.0018059832574392185,0.0018059832574392185,-0.3049966973144017,0.3102578526765697,0,0.020921684767815064,negative,690
economic_inv,ind,黑龙江,宁夏,-0.0017808038575732002,0.0017808038575732002,-0.3049966973144017,0.3102578526765697,0,0.020921684767815064,negative,691
economic_inv,ind,宁夏,河南,-0.001770974630025425,0.001770974630025425,-0.3049966973144017,0.3102578526765697,0,0.020921684767815064,negative,692
economic_inv,ind,河北,北京,-0.00177047589181246,0.00177047589181246,-0.3049966973144017,0.3102578526765697,0,0.020921684767815064,negative,693
economic_inv,ind,云南,宁夏,-0.0017631668809026761,0.0017631668809026761,-0.3049966973144017,0.3102578526765697,0,0.020921684767815064,negative,694
economic_inv,ind,天津,河南,-0.0017625946428602355,0.0017625946428602355,-0.3049966973144017,0.3102578526765697,0,0.020921684767815064,negative,695
economic_inv,ind,陕西,浙江,-0.0017164427316598862,0.0017164427316598862,-0.3049966973144017,0.3102578526765697,0,0.020921684767815064,negative,696
economic_inv,ind,四川,江苏,-0.0017142609369896796,0.0017142609369896796,-0.3049966973144017,0.3102578526765697,0,0.020921684767815064,negative,697
economic_inv,ind,青海,浙江,-0.0017097870726596974,0.0017097870726596974,-0.3049966973144017,0.3102578526765697,0,0.020921684767815064,negative,698
economic_inv,ind,甘肃,山东,-0.001708017271553053,0.001708017271553053,-0.3049966973144017,0.3102578526765697,0,0.020921684767815064,negative,699
economic_inv,ind,黑龙江,青海,-0.0016984779665705858,0.0016984779665705858,-0.3049966973144017,0.3102578526765697,0,0.020921684767815064,negative,700
economic_inv,ind,内蒙古,福建,-0.001691619467764823,0.001691619467764823,-0.3049966973144017,0.3102578526765697,0,0.020921684767815064,negative,701
economic_inv,ind,云南,青海,-0.0016823907920921698,0.0016823907920921698,-0.3049966973144017,0.3102578526765697,0,0.020921684767815064,negative,702
economic_inv,ind,福建,江苏,-0.0016568721868151844,0.0016568721868151844,-0.3049966973144017,0.3102578526765697,0,0.020921684767815064,negative,703
economic_inv,ind,内蒙古,甘肃,-0.0016546633717579736,0.0016546633717579736,-0.3049966973144017,0.3102578526765697,0,0.020921684767815064,negative,704
economic_inv,ind,广西,福建,-0.0016343487186948908,0.0016343487186948908,-0.3049966973144017,0.3102578526765697,0,0.020921684767815064,negative,705
economic_inv,ind,广西,甘肃,-0.0016304827943477839,0.0016304827943477839,-0.3049966973144017,0.3102578526765697,0,0.020921684767815064,negative,706
economic_inv,ind,四川,广东,-0.001626506508940189,0.001626506508940189,-0.3049966973144017,0.3102578526765697,0,0.020921684767815064,negative,707
economic_inv,ind,河北,河南,-0.0016202429193099069,0.0016202429193099069,-0.3049966973144017,0.3102578526765697,0,0.020921684767815064,negative,708
economic_inv,ind,云南,福建,-0.0016097427884170425,0.0016097427884170425,-0.3049966973144017,0.3102578526765697,0,0.020921684767815064,negative,709
economic_inv,ind,黑龙江,福建,-0.0015967259525395394,0.0015967259525395394,-0.3049966973144017,0.3102578526765697,0,0.020921684767815064,negative,710
economic_inv,ind,福建,广东,-0.0015794474824832063,0.0015794474824832063,-0.3049966973144017,0.3102578526765697,0,0.020921684767815064,negative,711
economic_inv,ind,湖北,安徽,-0.0015641598395452713,0.0015641598395452713,-0.3049966973144017,0.3102578526765697,0,0.020921684767815064,negative,712
economic_inv,ind,山西,浙江,-0.0015307416769633382,0.0015307416769633382,-0.3049966973144017,0.3102578526765697,0,0.020921684767815064,negative,713
economic_inv,ind,新疆,山东,-0.0015120840839008966,0.0015120840839008966,-0.3049966973144017,0.3102578526765697,0,0.020921684767815064,negative,714
economic_inv,ind,甘肃,江苏,-0.0015085014417488298,0.0015085014417488298,-0.3049966973144017,0.3102578526765697,0,0.020921684767815064,negative,715
economic_inv,ind,宁夏,浙江,-0.0014985289310409636,0.0014985289310409636,-0.3049966973144017,0.3102578526765697,0,0.020921684767815064,negative,716
economic_inv,ind,湖北,北京,-0.0014871987428144912,0.0014871987428144912,-0.3049966973144017,0.3102578526765697,0,0.020921684767815064,negative,717
economic_inv,ind,甘肃,广东,-0.001459666183688041,0.001459666183688041,-0.3049966973144017,0.3102578526765697,0,0.020921684767815064,negative,718
economic_inv,ind,吉林,浙江,-0.0014342458645596262,0.0014342458645596262,-0.3049966973144017,0.3102578526765697,0,0.020921684767815064,negative,719
economic_inv,ind,江西,浙江,-0.0014063342350882696,0.0014063342350882696,-0.3049966973144017,0.3102578526765697,0,0.020921684767815064,negative,720
economic_inv,ind,湖北,河南,-0.0013856995098906508,0.0013856995098906508,-0.3049966973144017,0.3102578526765697,0,0.020921684767815064,negative,721
economic_inv,ind,重庆,河南,-0.0013688044480083504,0.0013688044480083504,-0.3049966973144017,0.3102578526765697,0,0.020921684767815064,negative,722
economic_inv,ind,天津,浙江,-0.0013675770834210474,0.0013675770834210474,-0.3049966973144017,0.3102578526765697,0,0.020921684767815064,negative,723
economic_inv,ind,内蒙古,河北,-0.0013351830769214382,0.0013351830769214382,-0.3049966973144017,0.3102578526765697,0,0.020921684767815064,negative,724
economic_inv,ind,内蒙古,湖北,-0.001328274674843283,0.001328274674843283,-0.3049966973144017,0.3102578526765697,0,0.020921684767815064,negative,725
economic_inv,ind,新疆,江苏,-0.0013276671150442463,0.0013276671150442463,-0.3049966973144017,0.3102578526765697,0,0.020921684767815064,negative,726
economic_inv,ind,云南,河北,-0.0013260642679561992,0.0013260642679561992,-0.3049966973144017,0.3102578526765697,0,0.020921684767815064,negative,727
economic_inv,ind,云南,湖北,-0.0013203209898923409,0.0013203209898923409,-0.3049966973144017,0.3102578526765697,0,0.020921684767815064,negative,728
economic_inv,ind,湖南,陕西,-0.0013201594180368129,0.0013201594180368129,-0.3049966973144017,0.3102578526765697,0,0.020921684767815064,negative,729
economic_inv,ind,内蒙古,湖南,-0.001318543779497106,0.001318543779497106,-0.3049966973144017,0.3102578526765697,0,0.020921684767815064,negative,730
economic_inv,ind,黑龙江,河北,-0.0013173256666029678,0.0013173256666029678,-0.3049966973144017,0.3102578526765697,0,0.020921684767815064,negative,731
economic_inv,ind,云南,湖南,-0.0013122147092902168,0.0013122147092902168,-0.3049966973144017,0.3102578526765697,0,0.020921684767815064,negative,732
economic_inv,ind,黑龙江,湖北,-0.0013116602978086832,0.0013116602978086832,-0.3049966973144017,0.3102578526765697,0,0.020921684767815064,negative,733
economic_inv,ind,黑龙江,湖南,-0.001303663392317603,0.001303663392317603,-0.3049966973144017,0.3102578526765697,0,0.020921684767815064,negative,734
economic_inv,ind,广西,河北,-0.0012926684325470725,0.0012926684325470725,-0.3049966973144017,0.3102578526765697,0,0.020921684767815064,negative,735
economic_inv,ind,内蒙古,海南,-0.0012877010607744118,0.0012877010607744118,-0.3049966973144017,0.3102578526765697,0,0.020921684767815064,negative,736
economic_inv,ind,广西,湖北,-0.0012860319599166021,0.0012860319599166021,-0.3049966973144017,0.3102578526765697,0,0.020921684767815064,negative,737
economic_inv,ind,新疆,广东,-0.0012828548099834696,0.0012828548099834696,-0.3049966973144017,0.3102578526765697,0,0.020921684767815064,negative,738
economic_inv,ind,广西,湖南,-0.0012766831837255077,0.0012766831837255077,-0.3049966973144017,0.3102578526765697,0,0.020921684767815064,negative,739
economic_inv,ind,广西,海南,-0.0012661178313266715,0.0012661178313266715,-0.3049966973144017,0.3102578526765697,0,0.020921684767815064,negative,740
economic_inv,ind,湖南,江西,-0.0012605691190349258,0.0012605691190349258,-0.3049966973144017,0.3102578526765697,0,0.020921684767815064,negative,741
economic_inv,ind,海南,山东,-0.001240623805416895,0.001240623805416895,-0.3049966973144017,0.3102578526765697,0,0.020921684767815064,negative,742
economic_inv,ind,云南,四川,-0.0012208936670543946,0.0012208936670543946,-0.3049966973144017,0.3102578526765697,0,0.020921684767815064,negative,743
economic_inv,ind,内蒙古,宁夏,-0.0012194400578246069,0.0012194400578246069,-0.3049966973144017,0.3102578526765697,0,0.020921684767815064,negative,744
economic_inv,ind,黑龙江,四川,-0.0012135268502400044,0.0012135268502400044,-0.3049966973144017,0.3102578526765697,0,0.020921684767815064,negative,745
economic_inv,ind,内蒙古,四川,-0.0012105043740517497,0.0012105043740517497,-0.3049966973144017,0.3102578526765697,0,0.020921684767815064,negative,746
economic_inv,ind,辽宁,山东,-0.0012000350991053306,0.0012000350991053306,-0.3049966973144017,0.3102578526765697,0,0.020921684767815064,negative,747
economic_inv,ind,广西,宁夏,-0.0011985150919283619,0.0011985150919283619,-0.3049966973144017,0.3102578526765697,0,0.020921684767815064,negative,748
economic_inv,ind,贵州,山东,-0.0011933217947007481,0.0011933217947007481,-0.3049966973144017,0.3102578526765697,0,0.020921684767815064,negative,749
economic_inv,ind,湖南,内蒙古,-0.0011839281187405746,0.0011839281187405746,-0.3049966973144017,0.3102578526765697,0,0.020921684767815064,negative,750
economic_inv,ind,上海,山东,-0.0011755564303918594,0.0011755564303918594,-0.3049966973144017,0.3102578526765697,0,0.020921684767815064,negative,751
economic_inv,ind,湖南,广西,-0.0011747986186383401,0.0011747986186383401,-0.3049966973144017,0.3102578526765697,0,0.020921684767815064,negative,752
economic_inv,ind,内蒙古,青海,-0.0011731785031373005,0.0011731785031373005,-0.3049966973144017,0.3102578526765697,0,0.020921684767815064,negative,753
economic_inv,ind,广西,四川,-0.0011728148047430672,0.0011728148047430672,-0.3049966973144017,0.3102578526765697,0,0.020921684767815064,negative,754
economic_inv,ind,青海,山东,-0.00115886774580865,0.00115886774580865,-0.3049966973144017,0.3102578526765697,0,0.020921684767815064,negative,755
economic_inv,ind,广西,青海,-0.001152730791836724,0.001152730791836724,-0.3049966973144017,0.3102578526765697,0,0.020921684767815064,negative,756
economic_inv,ind,湖南,重庆,-0.0011406563023288498,0.0011406563023288498,-0.3049966973144017,0.3102578526765697,0,0.020921684767815064,negative,757
economic_inv,ind,北京,山东,-0.001137477042161808,0.001137477042161808,-0.3049966973144017,0.3102578526765697,0,0.020921684767815064,negative,758
economic_inv,ind,安徽,山东,-0.0011269882278858133,0.0011269882278858133,-0.3049966973144017,0.3102578526765697,0,0.020921684767815064,negative,759
economic_inv,ind,湖南,浙江,-0.001106698542091368,0.001106698542091368,-0.3049966973144017,0.3102578526765697,0,0.020921684767815064,negative,760
economic_inv,ind,海南,江苏,-0.0011020433362261288,0.0011020433362261288,-0.3049966973144017,0.3102578526765697,0,0.020921684767815064,negative,761
economic_inv,ind,河北,陕西,-0.0010946844544764101,0.0010946844544764101,-0.3049966973144017,0.3102578526765697,0,0.020921684767815064,negative,762
economic_inv,ind,湖南,天津,-0.0010829625868729396,0.0010829625868729396,-0.3049966973144017,0.3102578526765697,0,0.020921684767815064,negative,763
economic_inv,ind,海南,广东,-0.0010678785567046927,0.0010678785567046927,-0.3049966973144017,0.3102578526765697,0,0.020921684767815064,negative,764
economic_inv,ind,重庆,浙江,-0.0010539919446236608,0.0010539919446236608,-0.3049966973144017,0.3102578526765697,0,0.020921684767815064,negative,765
economic_inv,ind,河北,江西,-0.0010446073363211028,0.0010446073363211028,-0.3049966973144017,0.3102578526765697,0,0.020921684767815064,negative,766
economic_inv,ind,贵州,江苏,-0.0010427964710674738,0.0010427964710674738,-0.3049966973144017,0.3102578526765697,0,0.020921684767815064,negative,767
economic_inv,ind,青海,江苏,-0.0010318646753899705,0.0010318646753899705,-0.3049966973144017,0.3102578526765697,0,0.020921684767815064,negative,768
economic_inv,ind,宁夏,山东,-0.0010112711012413573,0.0010112711012413573,-0.3049966973144017,0.3102578526765697,0,0.020921684767815064,negative,769
economic_inv,ind,贵州,广东,-0.0010064357173174714,0.0010064357173174714,-0.3049966973144017,0.3102578526765697,0,0.020921684767815064,negative,770
economic_inv,ind,辽宁,江苏,-0.0010032313163689836,0.0010032313163689836,-0.3049966973144017,0.3102578526765697,0,0.020921684767815064,negative,771
economic_inv,ind,青海,广东,-0.0010004613597594603,0.0010004613597594603,-0.3049966973144017,0.3102578526765697,0,0.020921684767815064,negative,772
economic_inv,ind,湖南,云南,-0.000992207558857509,0.000992207558857509,-0.3049966973144017,0.3102578526765697,0,0.020921684767815064,negative,773
economic_inv,ind,湖南,黑龙江,-0.0009852830602511537,0.0009852830602511537,-0.3049966973144017,0.3102578526765697,0,0.020921684767815064,negative,774
economic_inv,ind,上海,江苏,-0.0009842563608436856,0.0009842563608436856,-0.3049966973144017,0.3102578526765697,0,0.020921684767815064,negative,775
economic_inv,ind,河北,内蒙古,-0.0009802950665844768,0.0009802950665844768,-0.3049966973144017,0.3102578526765697,0,0.020921684767815064,negative,776
economic_inv,ind,河北,广西,-0.0009726411718526442,0.0009726411718526442,-0.3049966973144017,0.3102578526765697,0,0.020921684767815064,negative,777
economic_inv,ind,陕西,山东,-0.0009686318412273536,0.0009686318412273536,-0.3049966973144017,0.3102578526765697,0,0.020921684767815064,negative,778
economic_inv,ind,北京,江苏,-0.0009604879703192746,0.0009604879703192746,-0.3049966973144017,0.3102578526765697,0,0.020921684767815064,negative,779
economic_inv,ind,辽宁,广东,-0.0009582221926790209,0.0009582221926790209,-0.3049966973144017,0.3102578526765697,0,0.020921684767815064,negative,780
economic_inv,ind,安徽,江苏,-0.0009503441853605141,0.0009503441853605141,-0.3049966973144017,0.3102578526765697,0,0.020921684767815064,negative,781
economic_inv,ind,河北,重庆,-0.0009440304902788147,0.0009440304902788147,-0.3049966973144017,0.3102578526765697,0,0.020921684767815064,negative,782
economic_inv,ind,上海,广东,-0.0009404244506155022,0.0009404244506155022,-0.3049966973144017,0.3102578526765697,0,0.020921684767815064,negative,783
economic_inv,ind,山西,山东,-0.0009387359212172571,0.0009387359212172571,-0.3049966973144017,0.3102578526765697,0,0.020921684767815064,negative,784
economic_inv,ind,湖北,陕西,-0.0009228122404371439,0.0009228122404371439,-0.3049966973144017,0.3102578526765697,0,0.020921684767815064,negative,785
economic_inv,ind,湖南,吉林,-0.0009211510735676995,0.0009211510735676995,-0.3049966973144017,0.3102578526765697,0,0.020921684767815064,negative,786
economic_inv,ind,北京,广东,-0.0009195095786687763,0.0009195095786687763,-0.3049966973144017,0.3102578526765697,0,0.020921684767815064,negative,787
economic_inv,ind,安徽,广东,-0.0009095137757940327,0.0009095137757940327,-0.3049966973144017,0.3102578526765697,0,0.020921684767815064,negative,788
economic_inv,ind,宁夏,江苏,-0.0008995432972454328,0.0008995432972454328,-0.3049966973144017,0.3102578526765697,0,0.020921684767815064,negative,789
economic_inv,ind,河北,天津,-0.000895731410222458,0.000895731410222458,-0.3049966973144017,0.3102578526765697,0,0.020921684767815064,negative,790
economic_inv,ind,河北,浙江,-0.0008945087401143133,0.0008945087401143133,-0.3049966973144017,0.3102578526765697,0,0.020921684767815064,negative,791
economic_inv,ind,湖南,山西,-0.0008850432862436539,0.0008850432862436539,-0.3049966973144017,0.3102578526765697,0,0.020921684767815064,negative,792
economic_inv,ind,湖北,江西,-0.0008808302136411576,0.0008808302136411576,-0.3049966973144017,0.3102578526765697,0,0.020921684767815064,negative,793
economic_inv,ind,云南,河南,-0.0008805093382714941,0.0008805093382714941,-0.3049966973144017,0.3102578526765697,0,0.020921684767815064,negative,794
economic_inv,ind,黑龙江,河南,-0.000876784398722008,0.000876784398722008,-0.3049966973144017,0.3102578526765697,0,0.020921684767815064,negative,795
economic_inv,ind,吉林,山东,-0.0008720500928033206,0.0008720500928033206,-0.3049966973144017,0.3102578526765697,0,0.020921684767815064,negative,796
economic_inv,ind,宁夏,广东,-0.0008719514479851545,0.0008719514479851545,-0.3049966973144017,0.3102578526765697,0,0.020921684767815064,negative,797
economic_inv,ind,内蒙古,河南,-0.0008318743806470657,0.0008318743806470657,-0.3049966973144017,0.3102578526765697,0,0.020921684767815064,negative,798
economic_inv,ind,陕西,江苏,-0.0008304307734607918,0.0008304307734607918,-0.3049966973144017,0.3102578526765697,0,0.020921684767815064,negative,799
economic_inv,ind,湖南,贵州,-0.0008280958211778429,0.0008280958211778429,-0.3049966973144017,0.3102578526765697,0,0.020921684767815064,negative,800
economic_inv,ind,湖北,内蒙古,-0.0008268816306643943,0.0008268816306643943,-0.3049966973144017,0.3102578526765697,0,0.020921684767815064,negative,801
economic_inv,ind,湖北,广西,-0.0008204586941372416,0.0008204586941372416,-0.3049966973144017,0.3102578526765697,0,0.020921684767815064,negative,802
economic_inv,ind,河北,云南,-0.0008198745755530882,0.0008198745755530882,-0.3049966973144017,0.3102578526765697,0,0.020921684767815064,negative,803
economic_inv,ind,山西,江苏,-0.0008179063828710992,0.0008179063828710992,-0.3049966973144017,0.3102578526765697,0,0.020921684767815064,negative,804
economic_inv,ind,河北,黑龙江,-0.0008140928043301586,0.0008140928043301586,-0.3049966973144017,0.3102578526765697,0,0.020921684767815064,negative,805
economic_inv,ind,广西,河南,-0.0008077634021470747,0.0008077634021470747,-0.3049966973144017,0.3102578526765697,0,0.020921684767815064,negative,806
economic_inv,ind,天津,山东,-0.0008035496062107326,0.0008035496062107326,-0.3049966973144017,0.3102578526765697,0,0.020921684767815064,negative,807
economic_inv,ind,江西,山东,-0.0008009939644340748,0.0008009939644340748,-0.3049966973144017,0.3102578526765697,0,0.020921684767815064,negative,808
economic_inv,ind,陕西,广东,-0.0007978278395753609,0.0007978278395753609,-0.3049966973144017,0.3102578526765697,0,0.020921684767815064,negative,809
economic_inv,ind,湖北,重庆,-0.0007964448058965723,0.0007964448058965723,-0.3049966973144017,0.3102578526765697,0,0.020921684767815064,negative,810
economic_inv,ind,山西,广东,-0.0007888256373546421,0.0007888256373546421,-0.3049966973144017,0.3102578526765697,0,0.020921684767815064,negative,811
economic_inv,ind,湖北,浙江,-0.0007620615708080048,0.0007620615708080048,-0.3049966973144017,0.3102578526765697,0,0.020921684767815064,negative,812
economic_inv,ind,河北,吉林,-0.000760584753640904,0.000760584753640904,-0.3049966973144017,0.3102578526765697,0,0.020921684767815064,negative,813
economic_inv,ind,吉林,江苏,-0.0007584823613638769,0.0007584823613638769,-0.3049966973144017,0.3102578526765697,0,0.020921684767815064,negative,814
economic_inv,ind,湖北,天津,-0.0007558893320121917,0.0007558893320121917,-0.3049966973144017,0.3102578526765697,0,0.020921684767815064,negative,815
economic_inv,ind,湖南,新疆,-0.0007459283932701755,0.0007459283932701755,-0.3049966973144017,0.3102578526765697,0,0.020921684767815064,negative,816
economic_inv,ind,吉林,广东,-0.0007312083207883948,0.0007312083207883948,-0.3049966973144017,0.3102578526765697,0,0.020921684767815064,negative,817
economic_inv,ind,河北,山西,-0.0007304905735199665,0.0007304905735199665,-0.3049966973144017,0.3102578526765697,0,0.020921684767815064,negative,818
economic_inv,ind,天津,江苏,-0.0006941866588030366,0.0006941866588030366,-0.3049966973144017,0.3102578526765697,0,0.020921684767815064,negative,819
economic_inv,ind,湖北,云南,-0.0006921525571684323,0.0006921525571684323,-0.3049966973144017,0.3102578526765697,0,0.020921684767815064,negative,820
economic_inv,ind,云南,浙江,-0.0006918966527496423,0.0006918966527496423,-0.3049966973144017,0.3102578526765697,0,0.020921684767815064,negative,821
economic_inv,ind,黑龙江,浙江,-0.00068966303242831,0.00068966303242831,-0.3049966973144017,0.3102578526765697,0,0.020921684767815064,negative,822
economic_inv,ind,江西,江苏,-0.0006878905184046015,0.0006878905184046015,-0.3049966973144017,0.3102578526765697,0,0.020921684767815064,negative,823
economic_inv,ind,湖北,黑龙江,-0.0006872924758995583,0.0006872924758995583,-0.3049966973144017,0.3102578526765697,0,0.020921684767815064,negative,824
economic_inv,ind,河北,贵州,-0.0006830743798987176,0.0006830743798987176,-0.3049966973144017,0.3102578526765697,0,0.020921684767815064,negative,825
economic_inv,ind,天津,广东,-0.0006681418583840784,0.0006681418583840784,-0.3049966973144017,0.3102578526765697,0,0.020921684767815064,negative,826
economic_inv,ind,江西,广东,-0.0006611516798703719,0.0006611516798703719,-0.3049966973144017,0.3102578526765697,0,0.020921684767815064,negative,827
economic_inv,ind,湖南,甘肃,-0.0006588853023737011,0.0006588853023737011,-0.3049966973144017,0.3102578526765697,0,0.020921684767815064,negative,828
economic_inv,ind,湖北,吉林,-0.0006423002165560922,0.0006423002165560922,-0.3049966973144017,0.3102578526765697,0,0.020921684767815064,negative,829
economic_inv,ind,内蒙古,浙江,-0.0006370442217428418,0.0006370442217428418,-0.3049966973144017,0.3102578526765697,0,0.020921684767815064,negative,830
economic_inv,ind,广西,浙江,-0.0006192878266347199,0.0006192878266347199,-0.3049966973144017,0.3102578526765697,0,0.020921684767815064,negative,831
economic_inv,ind,湖北,山西,-0.0006169843360313702,0.0006169843360313702,-0.3049966973144017,0.3102578526765697,0,0.020921684767815064,negative,832
economic_inv,ind,河北,新疆,-0.0006147602531285975,0.0006147602531285975,-0.3049966973144017,0.3102578526765697,0,0.020921684767815064,negative,833
economic_inv,ind,重庆,山东,-0.0006126668867645932,0.0006126668867645932,-0.3049966973144017,0.3102578526765697,0,0.020921684767815064,negative,834
economic_inv,ind,湖南,海南,-0.0005849586619130016,0.0005849586619130016,-0.3049966973144017,0.3102578526765697,0,0.020921684767815064,negative,835
economic_inv,ind,湖北,贵州,-0.000577080456022947,0.000577080456022947,-0.3049966973144017,0.3102578526765697,0,0.020921684767815064,negative,836
economic_inv,ind,湖南,宁夏,-0.0005688489234433916,0.0005688489234433916,-0.3049966973144017,0.3102578526765697,0,0.020921684767815064,negative,837
economic_inv,ind,湖南,青海,-0.000557429304158942,0.000557429304158942,-0.3049966973144017,0.3102578526765697,0,0.020921684767815064,negative,838
economic_inv,ind,河北,甘肃,-0.0005425222893666751,0.0005425222893666751,-0.3049966973144017,0.3102578526765697,0,0.020921684767815064,negative,839
economic_inv,ind,重庆,江苏,-0.0005281868027248376,0.0005281868027248376,-0.3049966973144017,0.3102578526765697,0,0.020921684767815064,negative,840
economic_inv,ind,湖北,新疆,-0.0005195543900149835,0.0005195543900149835,-0.3049966973144017,0.3102578526765697,0,0.020921684767815064,negative,841
economic_inv,ind,重庆,广东,-0.000508119427628835,0.000508119427628835,-0.3049966973144017,0.3102578526765697,0,0.020921684767815064,negative,842
economic_inv,ind,河北,海南,-0.0004812744028494075,0.0004812744028494075,-0.3049966973144017,0.3102578526765697,0,0.020921684767815064,negative,843
economic_inv,ind,河北,宁夏,-0.0004679402830193921,0.0004679402830193921,-0.3049966973144017,0.3102578526765697,0,0.020921684767815064,negative,844
economic_inv,ind,湖北,甘肃,-0.00045867890169519617,0.00045867890169519617,-0.3049966973144017,0.3102578526765697,0,0.020921684767815064,negative,845
economic_inv,ind,河北,青海,-0.00045849095600544384,0.00045849095600544384,-0.3049966973144017,0.3102578526765697,0,0.020921684767815064,negative,846
economic_inv,ind,湖南,山东,-0.0004574600887789294,0.0004574600887789294,-0.3049966973144017,0.3102578526765697,0,0.020921684767815064,negative,847
economic_inv,ind,云南,山东,-0.00041408515833793723,0.00041408515833793723,-0.3049966973144017,0.3102578526765697,0,0.020921684767815064,negative,848
economic_inv,ind,黑龙江,山东,-0.00041336115273766995,0.00041336115273766995,-0.3049966973144017,0.3102578526765697,0,0.020921684767815064,negative,849
economic_inv,ind,湖北,海南,-0.00040702837508926545,0.00040702837508926545,-0.3049966973144017,0.3102578526765697,0,0.020921684767815064,negative,850
economic_inv,ind,湖北,宁夏,-0.00039577923328001436,0.00039577923328001436,-0.3049966973144017,0.3102578526765697,0,0.020921684767815064,negative,851
economic_inv,ind,湖北,青海,-0.0003878064807584075,0.0003878064807584075,-0.3049966973144017,0.3102578526765697,0,0.020921684767815064,negative,852
economic_inv,ind,湖南,江苏,-0.0003737147518273781,0.0003737147518273781,-0.3049966973144017,0.3102578526765697,0,0.020921684767815064,negative,853
economic_inv,ind,河北,山东,-0.0003722649892465819,0.0003722649892465819,-0.3049966973144017,0.3102578526765697,0,0.020921684767815064,negative,854
economic_inv,ind,内蒙古,山东,-0.0003674823248177161,0.0003674823248177161,-0.3049966973144017,0.3102578526765697,0,0.020921684767815064,negative,855
economic_inv,ind,云南,江苏,-0.00035902041469748007,0.00035902041469748007,-0.3049966973144017,0.3102578526765697,0,0.020921684767815064,negative,856
economic_inv,ind,黑龙江,江苏,-0.00035849817917017914,0.00035849817917017914,-0.3049966973144017,0.3102578526765697,0,0.020921684767815064,negative,857
economic_inv,ind,广西,山东,-0.0003578057815931354,0.0003578057815931354,-0.3049966973144017,0.3102578526765697,0,0.020921684767815064,negative,858
economic_inv,ind,湖南,广东,-0.0003550961026194714,0.0003550961026194714,-0.3049966973144017,0.3102578526765697,0,0.020921684767815064,negative,859
economic_inv,ind,云南,广东,-0.0003458480388586548,0.0003458480388586548,-0.3049966973144017,0.3102578526765697,0,0.020921684767815064,negative,860
economic_inv,ind,黑龙江,广东,-0.00034536928248588564,0.00034536928248588564,-0.3049966973144017,0.3102578526765697,0,0.020921684767815064,negative,861
economic_inv,ind,内蒙古,江苏,-0.00031634931898646485,0.00031634931898646485,-0.3049966973144017,0.3102578526765697,0,0.020921684767815064,negative,862
economic_inv,ind,湖北,山东,-0.0003162643665694569,0.0003162643665694569,-0.3049966973144017,0.3102578526765697,0,0.020921684767815064,negative,863
economic_inv,ind,广西,江苏,-0.0003081118628150248,0.0003081118628150248,-0.3049966973144017,0.3102578526765697,0,0.020921684767815064,negative,864
economic_inv,ind,河北,江苏,-0.0003043830009601856,0.0003043830009601856,-0.3049966973144017,0.3102578526765697,0,0.020921684767815064,negative,865
economic_inv,ind,内蒙古,广东,-0.0003042250737410812,0.0003042250737410812,-0.3049966973144017,0.3102578526765697,0,0.020921684767815064,negative,866
economic_inv,ind,广西,广东,-0.00029632445718096604,0.00029632445718096604,-0.3049966973144017,0.3102578526765697,0,0.020921684767815064,negative,867
economic_inv,ind,河北,广东,-0.00028927496367425526,0.00028927496367425526,-0.3049966973144017,0.3102578526765697,0,0.020921684767815064,negative,868
economic_inv,ind,湖北,江苏,-0.0002585007275774907,0.0002585007275774907,-0.3049966973144017,0.3102578526765697,0,0.020921684767815064,negative,869
economic_inv,ind,湖北,广东,-0.0002456503325554393,0.0002456503325554393,-0.3049966973144017,0.3102578526765697,0,0.020921684767815064,negative,870
economic_inv,lntl,河北,湖北,0.32398305037272146,0.32398305037272146,0.5242643460461834,0.0057252320803584,1,0.035962662807709815,positive,1
economic_inv,lntl,黑龙江,云南,0.3210959710782897,0.3210959710782897,0.5242643460461834,0.0057252320803584,1,0.035962662807709815,positive,2
economic_inv,lntl,云南,黑龙江,0.3209465949453209,0.3209465949453209,0.5242643460461834,0.0057252320803584,1,0.035962662807709815,positive,3
economic_inv,lntl,内蒙古,广西,0.29165281356485145,0.29165281356485145,0.5242643460461834,0.0057252320803584,1,0.035962662807709815,positive,4
economic_inv,lntl,广西,内蒙古,0.28458805158879663,0.28458805158879663,0.5242643460461834,0.0057252320803584,1,0.035962662807709815,positive,5
economic_inv,lntl,湖南,湖北,0.2777893635259494,0.2777893635259494,0.5242643460461834,0.0057252320803584,1,0.035962662807709815,positive,6
economic_inv,lntl,湖北,河北,0.27470195101655254,0.27470195101655254,0.5242643460461834,0.0057252320803584,1,0.035962662807709815,positive,7
economic_inv,lntl,北京,安徽,0.22660250687730227,0.22660250687730227,0.5242643460461834,0.0057252320803584,1,0.035962662807709815,positive,8
economic_inv,lntl,广东,江苏,0.22340573964619967,0.22340573964619967,0.5242643460461834,0.0057252320803584,1,0.035962662807709815,positive,9
economic_inv,lntl,安徽,北京,0.2225757771030612,0.2225757771030612,0.5242643460461834,0.0057252320803584,1,0.035962662807709815,positive,10
economic_inv,lntl,辽宁,上海,0.2215150655840193,0.2215150655840193,0.5242643460461834,0.0057252320803584,1,0.035962662807709815,positive,11
economic_inv,lntl,青海,宁夏,0.2201404658350757,0.2201404658350757,0.5242643460461834,0.0057252320803584,1,0.035962662807709815,positive,12
economic_inv,lntl,上海,辽宁,0.21901722139550428,0.21901722139550428,0.5242643460461834,0.0057252320803584,1,0.035962662807709815,positive,13
economic_inv,lntl,江苏,广东,0.21293434363631744,0.21293434363631744,0.5242643460461834,0.0057252320803584,1,0.035962662807709815,positive,14
economic_inv,lntl,湖北,湖南,0.1925929047133809,0.1925929047133809,0.5242643460461834,0.0057252320803584,1,0.035962662807709815,positive,15
economic_inv,lntl,宁夏,青海,0.19036446681466082,0.19036446681466082,0.5242643460461834,0.0057252320803584,1,0.035962662807709815,positive,16
economic_inv,lntl,海南,宁夏,0.17159030745054338,0.17159030745054338,0.5242643460461834,0.0057252320803584,1,0.035962662807709815,positive,17
economic_inv,lntl,湖南,河北,0.16330006460915644,0.16330006460915644,0.5242643460461834,0.0057252320803584,1,0.035962662807709815,positive,18
economic_inv,lntl,宁夏,海南,0.14160689574506952,0.14160689574506952,0.5242643460461834,0.0057252320803584,1,0.035962662807709815,positive,19
economic_inv,lntl,陕西,江西,0.13686443997308176,0.13686443997308176,0.5242643460461834,0.0057252320803584,1,0.035962662807709815,positive,20
economic_inv,lntl,河北,湖南,0.13352776300461852,0.13352776300461852,0.5242643460461834,0.0057252320803584,1,0.035962662807709815,positive,21
economic_inv,lntl,重庆,广西,0.1265917013860221,0.1265917013860221,0.5242643460461834,0.0057252320803584,1,0.035962662807709815,positive,22
economic_inv,lntl,山西,吉林,0.12080663475029818,0.12080663475029818,0.5242643460461834,0.0057252320803584,1,0.035962662807709815,positive,23
economic_inv,lntl,江西,陕西,0.11455461160865318,0.11455461160865318,0.5242643460461834,0.0057252320803584,1,0.035962662807709815,positive,24
economic_inv,lntl,吉林,山西,0.11072580242632946,0.11072580242632946,0.5242643460461834,0.0057252320803584,1,0.035962662807709815,positive,25
economic_inv,lntl,四川,湖南,0.10164602899286566,0.10164602899286566,0.5242643460461834,0.0057252320803584,1,0.035962662807709815,positive,26
economic_inv,lntl,重庆,内蒙古,0.1006595537209904,0.1006595537209904,0.5242643460461834,0.0057252320803584,1,0.035962662807709815,positive,27
economic_inv,lntl,海南,青海,0.09839613012555021,0.09839613012555021,0.5242643460461834,0.0057252320803584,1,0.035962662807709815,positive,28
economic_inv,lntl,四川,湖北,0.09393558755210023,0.09393558755210023,0.5242643460461834,0.0057252320803584,1,0.035962662807709815,positive,29
economic_inv,lntl,青海,海南,0.09390390711538216,0.09390390711538216,0.5242643460461834,0.0057252320803584,1,0.035962662807709815,positive,30
economic_inv,lntl,天津,重庆,0.09195616875049073,0.09195616875049073,0.5242643460461834,0.0057252320803584,1,0.035962662807709815,positive,31
economic_inv,lntl,贵州,山西,0.08958610066492295,0.08958610066492295,0.5242643460461834,0.0057252320803584,1,0.035962662807709815,positive,32
economic_inv,lntl,四川,河北,0.08919214158716907,0.08919214158716907,0.5242643460461834,0.0057252320803584,1,0.035962662807709815,positive,33
economic_inv,lntl,江西,内蒙古,0.07987777046310937,0.07987777046310937,0.5242643460461834,0.0057252320803584,1,0.035962662807709815,positive,34
economic_inv,lntl,山东,江苏,0.07845495567103557,0.07845495567103557,0.5242643460461834,0.0057252320803584,1,0.035962662807709815,positive,35
economic_inv,lntl,广西,重庆,0.07331623382674819,0.07331623382674819,0.5242643460461834,0.0057252320803584,1,0.035962662807709815,positive,36
economic_inv,lntl,江西,广西,0.070825108225225,0.070825108225225,0.5242643460461834,0.0057252320803584,1,0.035962662807709815,positive,37
economic_inv,lntl,吉林,黑龙江,0.06940192593991884,0.06940192593991884,0.5242643460461834,0.0057252320803584,1,0.035962662807709815,positive,38
economic_inv,lntl,重庆,天津,0.0690589126758616,0.0690589126758616,0.5242643460461834,0.0057252320803584,1,0.035962662807709815,positive,39
economic_inv,lntl,新疆,贵州,0.06890721063465606,0.06890721063465606,0.5242643460461834,0.0057252320803584,1,0.035962662807709815,positive,40
economic_inv,lntl,山西,贵州,0.0688599964502247,0.0688599964502247,0.5242643460461834,0.0057252320803584,1,0.035962662807709815,positive,41
economic_inv,lntl,福建,辽宁,0.0653002742719541,0.0653002742719541,0.5242643460461834,0.0057252320803584,1,0.035962662807709815,positive,42
economic_inv,lntl,吉林,云南,0.06307888521092757,0.06307888521092757,0.5242643460461834,0.0057252320803584,1,0.035962662807709815,positive,43
economic_inv,lntl,浙江,河南,0.061637303362089724,0.061637303362089724,0.5242643460461834,0.0057252320803584,1,0.035962662807709815,positive,44
economic_inv,lntl,甘肃,新疆,0.061398201923742346,0.061398201923742346,0.5242643460461834,0.0057252320803584,1,0.035962662807709815,positive,45
economic_inv,lntl,江苏,山东,0.06098746091084308,0.06098746091084308,0.5242643460461834,0.0057252320803584,1,0.035962662807709815,positive,46
economic_inv,lntl,山东,广东,0.060987311756568185,0.060987311756568185,0.5242643460461834,0.0057252320803584,1,0.035962662807709815,positive,47
economic_inv,lntl,内蒙古,重庆,0.059744704790899585,0.059744704790899585,0.5242643460461834,0.0057252320803584,1,0.035962662807709815,positive,48
economic_inv,lntl,天津,广西,0.059498345614095886,0.059498345614095886,0.5242643460461834,0.0057252320803584,1,0.035962662807709815,positive,49
economic_inv,lntl,贵州,吉林,0.05706114603937727,0.05706114603937727,0.5242643460461834,0.0057252320803584,1,0.035962662807709815,positive,50
economic_inv,lntl,甘肃,海南,0.056691379420480054,0.056691379420480054,0.5242643460461834,0.0057252320803584,1,0.035962662807709815,positive,51
economic_inv,lntl,陕西,内蒙古,0.05622739486212125,0.05622739486212125,0.5242643460461834,0.0057252320803584,1,0.035962662807709815,positive,52
economic_inv,lntl,福建,上海,0.055046304937647915,0.055046304937647915,0.5242643460461834,0.0057252320803584,1,0.035962662807709815,positive,53
economic_inv,lntl,天津,内蒙古,0.054538949737338326,0.054538949737338326,0.5242643460461834,0.0057252320803584,1,0.035962662807709815,positive,54
economic_inv,lntl,贵州,新疆,0.05232966625168119,0.05232966625168119,0.5242643460461834,0.0057252320803584,1,0.035962662807709815,positive,55
economic_inv,lntl,陕西,广西,0.0522896397834927,0.0522896397834927,0.5242643460461834,0.0057252320803584,1,0.035962662807709815,positive,56
economic_inv,lntl,新疆,甘肃,0.0517558308616163,0.0517558308616163,0.5242643460461834,0.0057252320803584,1,0.035962662807709815,positive,57
economic_inv,lntl,天津,云南,0.05084946741292171,0.05084946741292171,0.5242643460461834,0.0057252320803584,1,0.035962662807709815,positive,58
economic_inv,lntl,广东,山东,0.049740285686508186,0.049740285686508186,0.5242643460461834,0.0057252320803584,1,0.035962662807709815,positive,59
economic_inv,lntl,江西,重庆,0.04918707116103696,0.04918707116103696,0.5242643460461834,0.0057252320803584,1,0.035962662807709815,positive,60
economic_inv,lntl,天津,黑龙江,0.04691503475256042,0.04691503475256042,0.5242643460461834,0.0057252320803584,1,0.035962662807709815,positive,61
economic_inv,lntl,山西,黑龙江,0.04654593267807699,0.04654593267807699,0.5242643460461834,0.0057252320803584,1,0.035962662807709815,positive,62
economic_inv,lntl,福建,河北,0.04637928922847255,0.04637928922847255,0.5242643460461834,0.0057252320803584,1,0.035962662807709815,positive,63
economic_inv,lntl,甘肃,宁夏,0.04526596036663134,0.04526596036663134,0.5242643460461834,0.0057252320803584,1,0.035962662807709815,positive,64
economic_inv,lntl,福建,湖北,0.04526205403043682,0.04526205403043682,0.5242643460461834,0.0057252320803584,1,0.035962662807709815,positive,65
economic_inv,lntl,河南,浙江,0.04513287954939426,0.04513287954939426,0.5242643460461834,0.0057252320803584,1,0.035962662807709815,positive,66
economic_inv,lntl,安徽,上海,0.044367580159824255,0.044367580159824255,0.5242643460461834,0.0057252320803584,1,0.035962662807709815,positive,67
economic_inv,lntl,上海,安徽,0.044258941176707374,0.044258941176707374,0.5242643460461834,0.0057252320803584,1,0.035962662807709815,positive,68
economic_inv,lntl,河南,四川,0.044129702144230336,0.044129702144230336,0.5242643460461834,0.0057252320803584,1,0.035962662807709815,positive,69
economic_inv,lntl,山西,云南,0.043844317145444484,0.043844317145444484,0.5242643460461834,0.0057252320803584,1,0.035962662807709815,positive,70
economic_inv,lntl,福建,湖南,0.043758548971191684,0.043758548971191684,0.5242643460461834,0.0057252320803584,1,0.035962662807709815,positive,71
economic_inv,lntl,新疆,山西,0.04349853749571417,0.04349853749571417,0.5242643460461834,0.0057252320803584,1,0.035962662807709815,positive,72
economic_inv,lntl,海南,甘肃,0.04331049539918618,0.04331049539918618,0.5242643460461834,0.0057252320803584,1,0.035962662807709815,positive,73
economic_inv,lntl,辽宁,福建,0.041263599657696486,0.041263599657696486,0.5242643460461834,0.0057252320803584,1,0.035962662807709815,positive,74
economic_inv,lntl,陕西,重庆,0.041113300135314876,0.041113300135314876,0.5242643460461834,0.0057252320803584,1,0.035962662807709815,positive,75
economic_inv,lntl,吉林,贵州,0.04019989343282841,0.04019989343282841,0.5242643460461834,0.0057252320803584,1,0.035962662807709815,positive,76
economic_inv,lntl,甘肃,青海,0.03936451330907844,0.03936451330907844,0.5242643460461834,0.0057252320803584,1,0.035962662807709815,positive,77
economic_inv,lntl,重庆,江西,0.03867549228302101,0.03867549228302101,0.5242643460461834,0.0057252320803584,1,0.035962662807709815,positive,78
economic_inv,lntl,北京,上海,0.03766268991063021,0.03766268991063021,0.5242643460461834,0.0057252320803584,1,0.035962662807709815,positive,79
economic_inv,lntl,河南,湖南,0.037397292570574586,0.037397292570574586,0.5242643460461834,0.0057252320803584,1,0.035962662807709815,positive,80
economic_inv,lntl,内蒙古,江西,0.03727822629700661,0.03727822629700661,0.5242643460461834,0.0057252320803584,1,0.035962662807709815,positive,81
economic_inv,lntl,辽宁,安徽,0.037238548912480365,0.037238548912480365,0.5242643460461834,0.0057252320803584,1,0.035962662807709815,positive,82
economic_inv,lntl,河南,湖北,0.03693477937381706,0.03693477937381706,0.5242643460461834,0.0057252320803584,1,0.035962662807709815,positive,83
economic_inv,lntl,安徽,辽宁,0.03690901611337343,0.03690901611337343,0.5242643460461834,0.0057252320803584,1,0.035962662807709815,positive,84
economic_inv,lntl,上海,北京,0.03690284083923436,0.03690284083923436,0.5242643460461834,0.0057252320803584,1,0.035962662807709815,positive,85
economic_inv,lntl,河南,河北,0.03661727585843941,0.03661727585843941,0.5242643460461834,0.0057252320803584,1,0.035962662807709815,positive,86
economic_inv,lntl,贵州,黑龙江,0.036132186984994756,0.036132186984994756,0.5242643460461834,0.0057252320803584,1,0.035962662807709815,positive,87
economic_inv,lntl,新疆,吉林,0.03594382678801148,0.03594382678801148,0.5242643460461834,0.0057252320803584,0,0.035962662807709815,positive,88
economic_inv,lntl,甘肃,贵州,0.035062756417250644,0.035062756417250644,0.5242643460461834,0.0057252320803584,0,0.035962662807709815,positive,89
economic_inv,lntl,贵州,云南,0.03485085250123945,0.03485085250123945,0.5242643460461834,0.0057252320803584,0,0.035962662807709815,positive,90
economic_inv,lntl,上海,福建,0.03439182908357642,0.03439182908357642,0.5242643460461834,0.0057252320803584,0,0.035962662807709815,positive,91
economic_inv,lntl,天津,江西,0.03301127523972628,0.03301127523972628,0.5242643460461834,0.0057252320803584,0,0.035962662807709815,positive,92
economic_inv,lntl,广西,江西,0.03225277186672989,0.03225277186672989,0.5242643460461834,0.0057252320803584,0,0.035962662807709815,positive,93
economic_inv,lntl,北京,辽宁,0.032231852487364536,0.032231852487364536,0.5242643460461834,0.0057252320803584,0,0.035962662807709815,positive,94
economic_inv,lntl,黑龙江,吉林,0.03218672771806204,0.03218672771806204,0.5242643460461834,0.0057252320803584,0,0.035962662807709815,positive,95
economic_inv,lntl,辽宁,北京,0.03194175219151901,0.03194175219151901,0.5242643460461834,0.0057252320803584,0,0.035962662807709815,positive,96
economic_inv,lntl,江西,天津,0.03152944181005012,0.03152944181005012,0.5242643460461834,0.0057252320803584,0,0.035962662807709815,positive,97
economic_inv,lntl,福建,四川,0.031151767164370486,0.031151767164370486,0.5242643460461834,0.0057252320803584,0,0.035962662807709815,positive,98
economic_inv,lntl,福建,安徽,0.030976062461534296,0.030976062461534296,0.5242643460461834,0.0057252320803584,0,0.035962662807709815,positive,99
economic_inv,lntl,浙江,四川,0.030472296305285338,0.030472296305285338,0.5242643460461834,0.0057252320803584,0,0.035962662807709815,positive,100
economic_inv,lntl,吉林,天津,0.030233556208394675,0.030233556208394675,0.5242643460461834,0.0057252320803584,0,0.035962662807709815,positive,101
economic_inv,lntl,山东,浙江,0.029968560157441586,0.029968560157441586,0.5242643460461834,0.0057252320803584,0,0.035962662807709815,positive,102
economic_inv,lntl,陕西,天津,0.02953956503129273,0.02953956503129273,0.5242643460461834,0.0057252320803584,0,0.035962662807709815,positive,103
economic_inv,lntl,四川,福建,0.029284090518752793,0.029284090518752793,0.5242643460461834,0.0057252320803584,0,0.035962662807709815,positive,104
economic_inv,lntl,云南,吉林,0.0292406639179888,0.0292406639179888,0.5242643460461834,0.0057252320803584,0,0.035962662807709815,positive,105
economic_inv,lntl,青海,甘肃,0.028700314625552854,0.028700314625552854,0.5242643460461834,0.0057252320803584,0,0.035962662807709815,positive,106
economic_inv,lntl,宁夏,甘肃,0.028539050228429768,0.028539050228429768,0.5242643460461834,0.0057252320803584,0,0.035962662807709815,positive,107
economic_inv,lntl,福建,北京,0.028492523103080817,0.028492523103080817,0.5242643460461834,0.0057252320803584,0,0.035962662807709815,positive,108
economic_inv,lntl,新疆,黑龙江,0.028145105807400914,0.028145105807400914,0.5242643460461834,0.0057252320803584,0,0.035962662807709815,positive,109
economic_inv,lntl,甘肃,山西,0.02803789510766038,0.02803789510766038,0.5242643460461834,0.0057252320803584,0,0.035962662807709815,positive,110
economic_inv,lntl,浙江,湖南,0.027930006782770272,0.027930006782770272,0.5242643460461834,0.0057252320803584,0,0.035962662807709815,positive,111
economic_inv,lntl,浙江,湖北,0.027740040726716108,0.027740040726716108,0.5242643460461834,0.0057252320803584,0,0.035962662807709815,positive,112
economic_inv,lntl,浙江,河北,0.027608389600258076,0.027608389600258076,0.5242643460461834,0.0057252320803584,0,0.035962662807709815,positive,113
economic_inv,lntl,新疆,云南,0.027546005328385387,0.027546005328385387,0.5242643460461834,0.0057252320803584,0,0.035962662807709815,positive,114
economic_inv,lntl,河南,福建,0.02715892768532391,0.02715892768532391,0.5242643460461834,0.0057252320803584,0,0.035962662807709815,positive,115
economic_inv,lntl,重庆,陕西,0.027057594146548444,0.027057594146548444,0.5242643460461834,0.0057252320803584,0,0.035962662807709815,positive,116
economic_inv,lntl,云南,天津,0.026915524459124485,0.026915524459124485,0.5242643460461834,0.0057252320803584,0,0.035962662807709815,positive,117
economic_inv,lntl,天津,吉林,0.02647744140048548,0.02647744140048548,0.5242643460461834,0.0057252320803584,0,0.035962662807709815,positive,118
economic_inv,lntl,山西,天津,0.025911115213955588,0.025911115213955588,0.5242643460461834,0.0057252320803584,0,0.035962662807709815,positive,119
economic_inv,lntl,天津,陕西,0.025886424461092124,0.025886424461092124,0.5242643460461834,0.0057252320803584,0,0.035962662807709815,positive,120
economic_inv,lntl,广西,天津,0.025878474309120637,0.025878474309120637,0.5242643460461834,0.0057252320803584,0,0.035962662807709815,positive,121
economic_inv,lntl,山西,新疆,0.025391263498223533,0.025391263498223533,0.5242643460461834,0.0057252320803584,0,0.035962662807709815,positive,122
economic_inv,lntl,甘肃,吉林,0.025164138540405705,0.025164138540405705,0.5242643460461834,0.0057252320803584,0,0.035962662807709815,positive,123
economic_inv,lntl,新疆,海南,0.024846471731028583,0.024846471731028583,0.5242643460461834,0.0057252320803584,0,0.035962662807709815,positive,124
economic_inv,lntl,黑龙江,天津,0.02484451735670316,0.02484451735670316,0.5242643460461834,0.0057252320803584,0,0.035962662807709815,positive,125
economic_inv,lntl,重庆,云南,0.024590128401264264,0.024590128401264264,0.5242643460461834,0.0057252320803584,0,0.035962662807709815,positive,126
economic_inv,lntl,贵州,天津,0.02449349527653306,0.02449349527653306,0.5242643460461834,0.0057252320803584,0,0.035962662807709815,positive,127
economic_inv,lntl,内蒙古,天津,0.02431028537196471,0.02431028537196471,0.5242643460461834,0.0057252320803584,0,0.035962662807709815,positive,128
economic_inv,lntl,吉林,重庆,0.02347443426813504,0.02347443426813504,0.5242643460461834,0.0057252320803584,0,0.035962662807709815,positive,129
economic_inv,lntl,重庆,黑龙江,0.023330260028249825,0.023330260028249825,0.5242643460461834,0.0057252320803584,0,0.035962662807709815,positive,130
economic_inv,lntl,浙江,福建,0.023156193333143015,0.023156193333143015,0.5242643460461834,0.0057252320803584,0,0.035962662807709815,positive,131
economic_inv,lntl,河南,辽宁,0.02294877491745366,0.02294877491745366,0.5242643460461834,0.0057252320803584,0,0.035962662807709815,positive,132
economic_inv,lntl,湖南,四川,0.02280156728828579,0.02280156728828579,0.5242643460461834,0.0057252320803584,0,0.035962662807709815,positive,133
economic_inv,lntl,山东,河南,0.02271578598765005,0.02271578598765005,0.5242643460461834,0.0057252320803584,0,0.035962662807709815,positive,134
economic_inv,lntl,海南,新疆,0.022518384023949938,0.022518384023949938,0.5242643460461834,0.0057252320803584,0,0.035962662807709815,positive,135
economic_inv,lntl,贵州,甘肃,0.022445691091339485,0.022445691091339485,0.5242643460461834,0.0057252320803584,0,0.035962662807709815,positive,136
economic_inv,lntl,河南,上海,0.02230468691401593,0.02230468691401593,0.5242643460461834,0.0057252320803584,0,0.035962662807709815,positive,137
economic_inv,lntl,新疆,天津,0.021969656085798456,0.021969656085798456,0.5242643460461834,0.0057252320803584,0,0.035962662807709815,positive,138
economic_inv,lntl,新疆,宁夏,0.02196405370106171,0.02196405370106171,0.5242643460461834,0.0057252320803584,0,0.035962662807709815,positive,139
economic_inv,lntl,内蒙古,陕西,0.02196338227927958,0.02196338227927958,0.5242643460461834,0.0057252320803584,0,0.035962662807709815,positive,140
economic_inv,lntl,甘肃,黑龙江,0.02162751729290623,0.02162751729290623,0.5242643460461834,0.0057252320803584,0,0.035962662807709815,positive,141
economic_inv,lntl,甘肃,云南,0.02132706225479739,0.02132706225479739,0.5242643460461834,0.0057252320803584,0,0.035962662807709815,positive,142
economic_inv,lntl,山西,重庆,0.021131612554879203,0.021131612554879203,0.5242643460461834,0.0057252320803584,0,0.035962662807709815,positive,143
economic_inv,lntl,贵州,重庆,0.021036392064577927,0.021036392064577927,0.5242643460461834,0.0057252320803584,0,0.035962662807709815,positive,144
economic_inv,lntl,吉林,广西,0.020922711369020627,0.020922711369020627,0.5242643460461834,0.0057252320803584,0,0.035962662807709815,positive,145
economic_inv,lntl,天津,山西,0.020798448387251974,0.020798448387251974,0.5242643460461834,0.0057252320803584,0,0.035962662807709815,positive,146
economic_inv,lntl,浙江,辽宁,0.02077653095319897,0.02077653095319897,0.5242643460461834,0.0057252320803584,0,0.035962662807709815,positive,147
economic_inv,lntl,浙江,上海,0.02038627468062057,0.02038627468062057,0.5242643460461834,0.0057252320803584,0,0.035962662807709815,positive,148
economic_inv,lntl,吉林,内蒙古,0.020352750588772228,0.020352750588772228,0.5242643460461834,0.0057252320803584,0,0.035962662807709815,positive,149
economic_inv,lntl,新疆,青海,0.020219215888210903,0.020219215888210903,0.5242643460461834,0.0057252320803584,0,0.035962662807709815,positive,150
economic_inv,lntl,广西,陕西,0.01993046357933116,0.01993046357933116,0.5242643460461834,0.0057252320803584,0,0.035962662807709815,positive,151
economic_inv,lntl,四川,辽宁,0.019826010048134966,0.019826010048134966,0.5242643460461834,0.0057252320803584,0,0.035962662807709815,positive,152
economic_inv,lntl,黑龙江,山西,0.019785411643084366,0.019785411643084366,0.5242643460461834,0.0057252320803584,0,0.035962662807709815,positive,153
economic_inv,lntl,新疆,重庆,0.019757898028780398,0.019757898028780398,0.5242643460461834,0.0057252320803584,0,0.035962662807709815,positive,154
economic_inv,lntl,浙江,山东,0.019679769916976057,0.019679769916976057,0.5242643460461834,0.0057252320803584,0,0.035962662807709815,positive,155
economic_inv,lntl,河南,安徽,0.019584628192547172,0.019584628192547172,0.5242643460461834,0.0057252320803584,0,0.035962662807709815,positive,156
economic_inv,lntl,陕西,云南,0.01957455778212134,0.01957455778212134,0.5242643460461834,0.0057252320803584,0,0.035962662807709815,positive,157
economic_inv,lntl,贵州,广西,0.01953244454874797,0.01953244454874797,0.5242643460461834,0.0057252320803584,0,0.035962662807709815,positive,158
economic_inv,lntl,安徽,福建,0.019400728418282255,0.019400728418282255,0.5242643460461834,0.0057252320803584,0,0.035962662807709815,positive,159
economic_inv,lntl,吉林,新疆,0.019230563907831164,0.019230563907831164,0.5242643460461834,0.0057252320803584,0,0.035962662807709815,positive,160
economic_inv,lntl,山西,广西,0.019199626926830277,0.019199626926830277,0.5242643460461834,0.0057252320803584,0,0.035962662807709815,positive,161
economic_inv,lntl,贵州,内蒙古,0.019179200056635416,0.019179200056635416,0.5242643460461834,0.0057252320803584,0,0.035962662807709815,positive,162
economic_inv,lntl,河南,北京,0.019119840878166504,0.019119840878166504,0.5242643460461834,0.0057252320803584,0,0.035962662807709815,positive,163
economic_inv,lntl,江西,云南,0.019118067323925944,0.019118067323925944,0.5242643460461834,0.0057252320803584,0,0.035962662807709815,positive,164
economic_inv,lntl,陕西,黑龙江,0.019036015692371427,0.019036015692371427,0.5242643460461834,0.0057252320803584,0,0.035962662807709815,positive,165
economic_inv,lntl,山西,内蒙古,0.01875781544718677,0.01875781544718677,0.5242643460461834,0.0057252320803584,0,0.035962662807709815,positive,166
economic_inv,lntl,新疆,广西,0.018729289409104923,0.018729289409104923,0.5242643460461834,0.0057252320803584,0,0.035962662807709815,positive,167
economic_inv,lntl,四川,上海,0.01870089361870594,0.01870089361870594,0.5242643460461834,0.0057252320803584,0,0.035962662807709815,positive,168
economic_inv,lntl,浙江,安徽,0.01865250550054008,0.01865250550054008,0.5242643460461834,0.0057252320803584,0,0.035962662807709815,positive,169
economic_inv,lntl,云南,山西,0.018628358186491265,0.018628358186491265,0.5242643460461834,0.0057252320803584,0,0.035962662807709815,positive,170
economic_inv,lntl,江西,黑龙江,0.01850710808981577,0.01850710808981577,0.5242643460461834,0.0057252320803584,0,0.035962662807709815,positive,171
economic_inv,lntl,新疆,内蒙古,0.018481417009315226,0.018481417009315226,0.5242643460461834,0.0057252320803584,0,0.035962662807709815,positive,172
economic_inv,lntl,浙江,北京,0.018341564755551834,0.018341564755551834,0.5242643460461834,0.0057252320803584,0,0.035962662807709815,positive,173
economic_inv,lntl,四川,河南,0.018298723027153324,0.018298723027153324,0.5242643460461834,0.0057252320803584,0,0.035962662807709815,positive,174
economic_inv,lntl,甘肃,天津,0.018296215276455977,0.018296215276455977,0.5242643460461834,0.0057252320803584,0,0.035962662807709815,positive,175
economic_inv,lntl,北京,陕西,0.01823020510056973,0.01823020510056973,0.5242643460461834,0.0057252320803584,0,0.035962662807709815,positive,176
economic_inv,lntl,山东,四川,0.018208837915335473,0.018208837915335473,0.5242643460461834,0.0057252320803584,0,0.035962662807709815,positive,177
economic_inv,lntl,北京,福建,0.01816810142520693,0.01816810142520693,0.5242643460461834,0.0057252320803584,0,0.035962662807709815,positive,178
economic_inv,lntl,山东,湖南,0.017580886668423758,0.017580886668423758,0.5242643460461834,0.0057252320803584,0,0.035962662807709815,positive,179
economic_inv,lntl,山东,湖北,0.017531261048994835,0.017531261048994835,0.5242643460461834,0.0057252320803584,0,0.035962662807709815,positive,180
economic_inv,lntl,山东,河北,0.017496635374102038,0.017496635374102038,0.5242643460461834,0.0057252320803584,0,0.035962662807709815,positive,181
economic_inv,lntl,青海,新疆,0.01748809277899293,0.01748809277899293,0.5242643460461834,0.0057252320803584,0,0.035962662807709815,positive,182
economic_inv,lntl,云南,重庆,0.017331588413910134,0.017331588413910134,0.5242643460461834,0.0057252320803584,0,0.035962662807709815,positive,183
economic_inv,lntl,陕西,北京,0.017189142577890445,0.017189142577890445,0.5242643460461834,0.0057252320803584,0,0.035962662807709815,positive,184
economic_inv,lntl,辽宁,河北,0.017136317184164435,0.017136317184164435,0.5242643460461834,0.0057252320803584,0,0.035962662807709815,positive,185
economic_inv,lntl,甘肃,重庆,0.01696316821375207,0.01696316821375207,0.5242643460461834,0.0057252320803584,0,0.035962662807709815,positive,186
economic_inv,lntl,辽宁,湖北,0.01689251036834726,0.01689251036834726,0.5242643460461834,0.0057252320803584,0,0.035962662807709815,positive,187
economic_inv,lntl,江苏,浙江,0.016857103158765,0.016857103158765,0.5242643460461834,0.0057252320803584,0,0.035962662807709815,positive,188
economic_inv,lntl,贵州,江西,0.016801880224636512,0.016801880224636512,0.5242643460461834,0.0057252320803584,0,0.035962662807709815,positive,189
economic_inv,lntl,吉林,江西,0.01677710163940774,0.01677710163940774,0.5242643460461834,0.0057252320803584,0,0.035962662807709815,positive,190
economic_inv,lntl,新疆,江西,0.016747357157626583,0.016747357157626583,0.5242643460461834,0.0057252320803584,0,0.035962662807709815,positive,191
economic_inv,lntl,安徽,陕西,0.016572957241824133,0.016572957241824133,0.5242643460461834,0.0057252320803584,0,0.035962662807709815,positive,192
economic_inv,lntl,辽宁,湖南,0.016556526034787186,0.016556526034787186,0.5242643460461834,0.0057252320803584,0,0.035962662807709815,positive,193
economic_inv,lntl,海南,贵州,0.016550592914715317,0.016550592914715317,0.5242643460461834,0.0057252320803584,0,0.035962662807709815,positive,194
economic_inv,lntl,黑龙江,重庆,0.016451262558024607,0.016451262558024607,0.5242643460461834,0.0057252320803584,0,0.035962662807709815,positive,195
economic_inv,lntl,宁夏,新疆,0.01642769540407754,0.01642769540407754,0.5242643460461834,0.0057252320803584,0,0.035962662807709815,positive,196
economic_inv,lntl,广东,浙江,0.016388658725120193,0.016388658725120193,0.5242643460461834,0.0057252320803584,0,0.035962662807709815,positive,197
economic_inv,lntl,河北,四川,0.0163601051853327,0.0163601051853327,0.5242643460461834,0.0057252320803584,0,0.035962662807709815,positive,198
economic_inv,lntl,甘肃,广西,0.01631471562525494,0.01631471562525494,0.5242643460461834,0.0057252320803584,0,0.035962662807709815,positive,199
economic_inv,lntl,山东,福建,0.016200354101286965,0.016200354101286965,0.5242643460461834,0.0057252320803584,0,0.035962662807709815,positive,200
economic_inv,lntl,北京,江西,0.01619609729529683,0.01619609729529683,0.5242643460461834,0.0057252320803584,0,0.035962662807709815,positive,201
economic_inv,lntl,甘肃,内蒙古,0.016155612695134637,0.016155612695134637,0.5242643460461834,0.0057252320803584,0,0.035962662807709815,positive,202
economic_inv,lntl,陕西,安徽,0.015909241733902544,0.015909241733902544,0.5242643460461834,0.0057252320803584,0,0.035962662807709815,positive,203
economic_inv,lntl,山西,江西,0.01589599236795598,0.01589599236795598,0.5242643460461834,0.0057252320803584,0,0.035962662807709815,positive,204
economic_inv,lntl,上海,河北,0.015726489958255773,0.015726489958255773,0.5242643460461834,0.0057252320803584,0,0.035962662807709815,positive,205
economic_inv,lntl,新疆,陕西,0.015718948631187512,0.015718948631187512,0.5242643460461834,0.0057252320803584,0,0.035962662807709815,positive,206
economic_inv,lntl,上海,湖北,0.015518595281591222,0.015518595281591222,0.5242643460461834,0.0057252320803584,0,0.035962662807709815,positive,207
economic_inv,lntl,贵州,陕西,0.015465204252089708,0.015465204252089708,0.5242643460461834,0.0057252320803584,0,0.035962662807709815,positive,208
economic_inv,lntl,重庆,吉林,0.015439057470474176,0.015439057470474176,0.5242643460461834,0.0057252320803584,0,0.035962662807709815,positive,209
economic_inv,lntl,山东,辽宁,0.015390500474375098,0.015390500474375098,0.5242643460461834,0.0057252320803584,0,0.035962662807709815,positive,210
economic_inv,lntl,山东,上海,0.015248505443658236,0.015248505443658236,0.5242643460461834,0.0057252320803584,0,0.035962662807709815,positive,211
economic_inv,lntl,上海,湖南,0.015231402887865425,0.015231402887865425,0.5242643460461834,0.0057252320803584,0,0.035962662807709815,positive,212
economic_inv,lntl,浙江,陕西,0.015193333151709773,0.015193333151709773,0.5242643460461834,0.0057252320803584,0,0.035962662807709815,positive,213
economic_inv,lntl,天津,贵州,0.015112000450006291,0.015112000450006291,0.5242643460461834,0.0057252320803584,0,0.035962662807709815,positive,214
economic_inv,lntl,甘肃,江西,0.015010361505572768,0.015010361505572768,0.5242643460461834,0.0057252320803584,0,0.035962662807709815,positive,215
economic_inv,lntl,吉林,陕西,0.01494615907556566,0.01494615907556566,0.5242643460461834,0.0057252320803584,0,0.035962662807709815,positive,216
economic_inv,lntl,陕西,吉林,0.014936485097936748,0.014936485097936748,0.5242643460461834,0.0057252320803584,0,0.035962662807709815,positive,217
economic_inv,lntl,浙江,江西,0.014872717869193202,0.014872717869193202,0.5242643460461834,0.0057252320803584,0,0.035962662807709815,positive,218
economic_inv,lntl,安徽,江西,0.014847115591212557,0.014847115591212557,0.5242643460461834,0.0057252320803584,0,0.035962662807709815,positive,219
economic_inv,lntl,河南,陕西,0.014764432755937293,0.014764432755937293,0.5242643460461834,0.0057252320803584,0,0.035962662807709815,positive,220
economic_inv,lntl,湖北,四川,0.014609289988134704,0.014609289988134704,0.5242643460461834,0.0057252320803584,0,0.035962662807709815,positive,221
economic_inv,lntl,四川,安徽,0.014600635858365308,0.014600635858365308,0.5242643460461834,0.0057252320803584,0,0.035962662807709815,positive,222
economic_inv,lntl,山东,安徽,0.014582717229578095,0.014582717229578095,0.5242643460461834,0.0057252320803584,0,0.035962662807709815,positive,223
economic_inv,lntl,云南,广西,0.014512559268043485,0.014512559268043485,0.5242643460461834,0.0057252320803584,0,0.035962662807709815,positive,224
economic_inv,lntl,山东,北京,0.014456890887513394,0.014456890887513394,0.5242643460461834,0.0057252320803584,0,0.035962662807709815,positive,225
economic_inv,lntl,浙江,内蒙古,0.014435840179528385,0.014435840179528385,0.5242643460461834,0.0057252320803584,0,0.035962662807709815,positive,226
economic_inv,lntl,浙江,广西,0.014381842744201987,0.014381842744201987,0.5242643460461834,0.0057252320803584,0,0.035962662807709815,positive,227
economic_inv,lntl,山西,陕西,0.014367526047842633,0.014367526047842633,0.5242643460461834,0.0057252320803584,0,0.035962662807709815,positive,228
economic_inv,lntl,河南,江西,0.014353780261013051,0.014353780261013051,0.5242643460461834,0.0057252320803584,0,0.035962662807709815,positive,229
economic_inv,lntl,海南,山西,0.014331942930304296,0.014331942930304296,0.5242643460461834,0.0057252320803584,0,0.035962662807709815,positive,230
economic_inv,lntl,甘肃,陕西,0.014303346959282393,0.014303346959282393,0.5242643460461834,0.0057252320803584,0,0.035962662807709815,positive,231
economic_inv,lntl,福建,陕西,0.014270568869301045,0.014270568869301045,0.5242643460461834,0.0057252320803584,0,0.035962662807709815,positive,232
economic_inv,lntl,浙江,江苏,0.014240226990013932,0.014240226990013932,0.5242643460461834,0.0057252320803584,0,0.035962662807709815,positive,233
economic_inv,lntl,浙江,重庆,0.01417601601275985,0.01417601601275985,0.5242643460461834,0.0057252320803584,0,0.035962662807709815,positive,234
economic_inv,lntl,江西,吉林,0.014033231763333643,0.014033231763333643,0.5242643460461834,0.0057252320803584,0,0.035962662807709815,positive,235
economic_inv,lntl,四川,北京,0.013989228841806076,0.013989228841806076,0.5242643460461834,0.0057252320803584,0,0.035962662807709815,positive,236
economic_inv,lntl,北京,内蒙古,0.013961935230798613,0.013961935230798613,0.5242643460461834,0.0057252320803584,0,0.035962662807709815,positive,237
economic_inv,lntl,云南,内蒙古,0.013928897267118797,0.013928897267118797,0.5242643460461834,0.0057252320803584,0,0.035962662807709815,positive,238
economic_inv,lntl,黑龙江,广西,0.013891182435997856,0.013891182435997856,0.5242643460461834,0.0057252320803584,0,0.035962662807709815,positive,239
economic_inv,lntl,贵州,海南,0.013868336052601819,0.013868336052601819,0.5242643460461834,0.0057252320803584,0,0.035962662807709815,positive,240
economic_inv,lntl,浙江,天津,0.01381362257234493,0.01381362257234493,0.5242643460461834,0.0057252320803584,0,0.035962662807709815,positive,241
economic_inv,lntl,河南,内蒙古,0.013803195750458148,0.013803195750458148,0.5242643460461834,0.0057252320803584,0,0.035962662807709815,positive,242
economic_inv,lntl,山西,甘肃,0.013796175037841474,0.013796175037841474,0.5242643460461834,0.0057252320803584,0,0.035962662807709815,positive,243
economic_inv,lntl,河南,广西,0.013735851217725125,0.013735851217725125,0.5242643460461834,0.0057252320803584,0,0.035962662807709815,positive,244
economic_inv,lntl,北京,广西,0.013720028266040653,0.013720028266040653,0.5242643460461834,0.0057252320803584,0,0.035962662807709815,positive,245
economic_inv,lntl,江苏,河南,0.013693465988960664,0.013693465988960664,0.5242643460461834,0.0057252320803584,0,0.035962662807709815,positive,246
economic_inv,lntl,青海,贵州,0.013520745077909025,0.013520745077909025,0.5242643460461834,0.0057252320803584,0,0.035962662807709815,positive,247
economic_inv,lntl,广东,河南,0.01349877979512819,0.01349877979512819,0.5242643460461834,0.0057252320803584,0,0.035962662807709815,positive,248
economic_inv,lntl,河南,重庆,0.013480553497948597,0.013480553497948597,0.5242643460461834,0.0057252320803584,0,0.035962662807709815,positive,249
economic_inv,lntl,福建,江西,0.013428733785394555,0.013428733785394555,0.5242643460461834,0.0057252320803584,0,0.035962662807709815,positive,250
economic_inv,lntl,黑龙江,内蒙古,0.013355748324506356,0.013355748324506356,0.5242643460461834,0.0057252320803584,0,0.035962662807709815,positive,251
economic_inv,lntl,辽宁,四川,0.013327183434984636,0.013327183434984636,0.5242643460461834,0.0057252320803584,0,0.035962662807709815,positive,252
economic_inv,lntl,海南,吉林,0.013314573453680421,0.013314573453680421,0.5242643460461834,0.0057252320803584,0,0.035962662807709815,positive,253
economic_inv,lntl,浙江,云南,0.013203241362859398,0.013203241362859398,0.5242643460461834,0.0057252320803584,0,0.035962662807709815,positive,254
economic_inv,lntl,浙江,广东,0.013195588563637128,0.013195588563637128,0.5242643460461834,0.0057252320803584,0,0.035962662807709815,positive,255
economic_inv,lntl,陕西,山西,0.013160089793563362,0.013160089793563362,0.5242643460461834,0.0057252320803584,0,0.035962662807709815,positive,256
economic_inv,lntl,浙江,黑龙江,0.013154495491236005,0.013154495491236005,0.5242643460461834,0.0057252320803584,0,0.035962662807709815,positive,257
economic_inv,lntl,山东,陕西,0.013056547266592996,0.013056547266592996,0.5242643460461834,0.0057252320803584,0,0.035962662807709815,positive,258
economic_inv,lntl,河南,天津,0.013036398566630348,0.013036398566630348,0.5242643460461834,0.0057252320803584,0,0.035962662807709815,positive,259
economic_inv,lntl,安徽,内蒙古,0.01291790489328003,0.01291790489328003,0.5242643460461834,0.0057252320803584,0,0.035962662807709815,positive,260
economic_inv,lntl,山东,江西,0.012899619353775857,0.012899619353775857,0.5242643460461834,0.0057252320803584,0,0.035962662807709815,positive,261
economic_inv,lntl,北京,重庆,0.012855445826086255,0.012855445826086255,0.5242643460461834,0.0057252320803584,0,0.035962662807709815,positive,262
economic_inv,lntl,江西,北京,0.012781887440008279,0.012781887440008279,0.5242643460461834,0.0057252320803584,0,0.035962662807709815,positive,263
economic_inv,lntl,重庆,山西,0.012738442712411428,0.012738442712411428,0.5242643460461834,0.0057252320803584,0,0.035962662807709815,positive,264
economic_inv,lntl,安徽,广西,0.012706864761426321,0.012706864761426321,0.5242643460461834,0.0057252320803584,0,0.035962662807709815,positive,265
economic_inv,lntl,浙江,吉林,0.012687210892776309,0.012687210892776309,0.5242643460461834,0.0057252320803584,0,0.035962662807709815,positive,266
economic_inv,lntl,山东,内蒙古,0.012681037906683547,0.012681037906683547,0.5242643460461834,0.0057252320803584,0,0.035962662807709815,positive,267
economic_inv,lntl,山东,广西,0.012653632220582463,0.012653632220582463,0.5242643460461834,0.0057252320803584,0,0.035962662807709815,positive,268
economic_inv,lntl,贵州,宁夏,0.012648350478148426,0.012648350478148426,0.5242643460461834,0.0057252320803584,0,0.035962662807709815,positive,269
economic_inv,lntl,山东,重庆,0.01254836587025179,0.01254836587025179,0.5242643460461834,0.0057252320803584,0,0.035962662807709815,positive,270
economic_inv,lntl,宁夏,贵州,0.012457036619065392,0.012457036619065392,0.5242643460461834,0.0057252320803584,0,0.035962662807709815,positive,271
economic_inv,lntl,上海,四川,0.01242912081259418,0.01242912081259418,0.5242643460461834,0.0057252320803584,0,0.035962662807709815,positive,272
economic_inv,lntl,浙江,山西,0.01241087807474244,0.01241087807474244,0.5242643460461834,0.0057252320803584,0,0.035962662807709815,positive,273
economic_inv,lntl,福建,内蒙古,0.012381273211309642,0.012381273211309642,0.5242643460461834,0.0057252320803584,0,0.035962662807709815,positive,274
economic_inv,lntl,山东,天津,0.012359882003099667,0.012359882003099667,0.5242643460461834,0.0057252320803584,0,0.035962662807709815,positive,275
economic_inv,lntl,河南,云南,0.012303331116456104,0.012303331116456104,0.5242643460461834,0.0057252320803584,0,0.035962662807709815,positive,276
economic_inv,lntl,福建,广西,0.012259051444224777,0.012259051444224777,0.5242643460461834,0.0057252320803584,0,0.035962662807709815,positive,277
economic_inv,lntl,河南,黑龙江,0.012245583261605995,0.012245583261605995,0.5242643460461834,0.0057252320803584,0,0.035962662807709815,positive,278
economic_inv,lntl,江西,山西,0.012186709463724282,0.012186709463724282,0.5242643460461834,0.0057252320803584,0,0.035962662807709815,positive,279
economic_inv,lntl,上海,陕西,0.012036348397376636,0.012036348397376636,0.5242643460461834,0.0057252320803584,0,0.035962662807709815,positive,280
economic_inv,lntl,山东,云南,0.012033026102409099,0.012033026102409099,0.5242643460461834,0.0057252320803584,0,0.035962662807709815,positive,281
economic_inv,lntl,山东,黑龙江,0.012006398942347072,0.012006398942347072,0.5242643460461834,0.0057252320803584,0,0.035962662807709815,positive,282
economic_inv,lntl,福建,河南,0.011979904437499383,0.011979904437499383,0.5242643460461834,0.0057252320803584,0,0.035962662807709815,positive,283
economic_inv,lntl,海南,黑龙江,0.01196005724695224,0.01196005724695224,0.5242643460461834,0.0057252320803584,0,0.035962662807709815,positive,284
economic_inv,lntl,浙江,贵州,0.011954098244942373,0.011954098244942373,0.5242643460461834,0.0057252320803584,0,0.035962662807709815,positive,285
economic_inv,lntl,安徽,重庆,0.01194911596146573,0.01194911596146573,0.5242643460461834,0.0057252320803584,0,0.035962662807709815,positive,286
economic_inv,lntl,青海,山西,0.011938689283222698,0.011938689283222698,0.5242643460461834,0.0057252320803584,0,0.035962662807709815,positive,287
economic_inv,lntl,江西,安徽,0.011929260245948217,0.011929260245948217,0.5242643460461834,0.0057252320803584,0,0.035962662807709815,positive,288
economic_inv,lntl,广西,云南,0.011925081249734603,0.011925081249734603,0.5242643460461834,0.0057252320803584,0,0.035962662807709815,positive,289
economic_inv,lntl,贵州,青海,0.011871505013493128,0.011871505013493128,0.5242643460461834,0.0057252320803584,0,0.035962662807709815,positive,290
economic_inv,lntl,海南,云南,0.011839324290911408,0.011839324290911408,0.5242643460461834,0.0057252320803584,0,0.035962662807709815,positive,291
economic_inv,lntl,福建,重庆,0.011806647519489373,0.011806647519489373,0.5242643460461834,0.0057252320803584,0,0.035962662807709815,positive,292
economic_inv,lntl,黑龙江,贵州,0.011805488555049301,0.011805488555049301,0.5242643460461834,0.0057252320803584,0,0.035962662807709815,positive,293
economic_inv,lntl,山东,吉林,0.011747077835438796,0.011747077835438796,0.5242643460461834,0.0057252320803584,0,0.035962662807709815,positive,294
economic_inv,lntl,内蒙古,云南,0.011729610304878258,0.011729610304878258,0.5242643460461834,0.0057252320803584,0,0.035962662807709815,positive,295
economic_inv,lntl,河南,吉林,0.011697840231872599,0.011697840231872599,0.5242643460461834,0.0057252320803584,0,0.035962662807709815,positive,296
economic_inv,lntl,安徽,河北,0.011631929464433637,0.011631929464433637,0.5242643460461834,0.0057252320803584,0,0.035962662807709815,positive,297
economic_inv,lntl,山东,山西,0.01159017251024584,0.01159017251024584,0.5242643460461834,0.0057252320803584,0,0.035962662807709815,positive,298
economic_inv,lntl,陕西,上海,0.011582676950457692,0.011582676950457692,0.5242643460461834,0.0057252320803584,0,0.035962662807709815,positive,299
economic_inv,lntl,辽宁,陕西,0.011539456010255333,0.011539456010255333,0.5242643460461834,0.0057252320803584,0,0.035962662807709815,positive,300
economic_inv,lntl,北京,天津,0.011524229037227217,0.011524229037227217,0.5242643460461834,0.0057252320803584,0,0.035962662807709815,positive,301
economic_inv,lntl,安徽,湖北,0.011518081221094658,0.011518081221094658,0.5242643460461834,0.0057252320803584,0,0.035962662807709815,positive,302
economic_inv,lntl,江苏,四川,0.011488384113554429,0.011488384113554429,0.5242643460461834,0.0057252320803584,0,0.035962662807709815,positive,303
economic_inv,lntl,广东,四川,0.011436323655636349,0.011436323655636349,0.5242643460461834,0.0057252320803584,0,0.035962662807709815,positive,304
economic_inv,lntl,广西,黑龙江,0.01140918103881606,0.01140918103881606,0.5242643460461834,0.0057252320803584,0,0.035962662807709815,positive,305
economic_inv,lntl,云南,贵州,0.011381540223891064,0.011381540223891064,0.5242643460461834,0.0057252320803584,0,0.035962662807709815,positive,306
economic_inv,lntl,河南,山西,0.011378820663492809,0.011378820663492809,0.5242643460461834,0.0057252320803584,0,0.035962662807709815,positive,307
economic_inv,lntl,安徽,湖南,0.011359498742184233,0.011359498742184233,0.5242643460461834,0.0057252320803584,0,0.035962662807709815,positive,308
economic_inv,lntl,吉林,甘肃,0.011348890516347446,0.011348890516347446,0.5242643460461834,0.0057252320803584,0,0.035962662807709815,positive,309
economic_inv,lntl,山东,贵州,0.011324796276820438,0.011324796276820438,0.5242643460461834,0.0057252320803584,0,0.035962662807709815,positive,310
economic_inv,lntl,北京,河北,0.011254217101089946,0.011254217101089946,0.5242643460461834,0.0057252320803584,0,0.035962662807709815,positive,311
economic_inv,lntl,浙江,新疆,0.011245537180658113,0.011245537180658113,0.5242643460461834,0.0057252320803584,0,0.035962662807709815,positive,312
economic_inv,lntl,内蒙古,黑龙江,0.011241725880009861,0.011241725880009861,0.5242643460461834,0.0057252320803584,0,0.035962662807709815,positive,313
economic_inv,lntl,青海,吉林,0.011192217297141923,0.011192217297141923,0.5242643460461834,0.0057252320803584,0,0.035962662807709815,positive,314
economic_inv,lntl,江苏,湖南,0.011164723631814947,0.011164723631814947,0.5242643460461834,0.0057252320803584,0,0.035962662807709815,positive,315
economic_inv,lntl,北京,湖北,0.011149485500396735,0.011149485500396735,0.5242643460461834,0.0057252320803584,0,0.035962662807709815,positive,316
economic_inv,lntl,江苏,湖北,0.011138964889741292,0.011138964889741292,0.5242643460461834,0.0057252320803584,0,0.035962662807709815,positive,317
economic_inv,lntl,广东,湖南,0.011130181715244167,0.011130181715244167,0.5242643460461834,0.0057252320803584,0,0.035962662807709815,positive,318
economic_inv,lntl,江苏,河北,0.011120976258199891,0.011120976258199891,0.5242643460461834,0.0057252320803584,0,0.035962662807709815,positive,319
economic_inv,lntl,广东,湖北,0.011105779204381754,0.011105779204381754,0.5242643460461834,0.0057252320803584,0,0.035962662807709815,positive,320
economic_inv,lntl,上海,江西,0.011097204963410568,0.011097204963410568,0.5242643460461834,0.0057252320803584,0,0.035962662807709815,positive,321
economic_inv,lntl,广东,河北,0.011088734370246862,0.011088734370246862,0.5242643460461834,0.0057252320803584,0,0.035962662807709815,positive,322
economic_inv,lntl,福建,天津,0.011058558118365756,0.011058558118365756,0.5242643460461834,0.0057252320803584,0,0.035962662807709815,positive,323
economic_inv,lntl,北京,湖南,0.011003431964458231,0.011003431964458231,0.5242643460461834,0.0057252320803584,0,0.035962662807709815,positive,324
economic_inv,lntl,陕西,辽宁,0.01097929681106168,0.01097929681106168,0.5242643460461834,0.0057252320803584,0,0.035962662807709815,positive,325
economic_inv,lntl,河南,山东,0.010922733067071134,0.010922733067071134,0.5242643460461834,0.0057252320803584,0,0.035962662807709815,positive,326
economic_inv,lntl,宁夏,山西,0.01091586372367272,0.01091586372367272,0.5242643460461834,0.0057252320803584,0,0.035962662807709815,positive,327
economic_inv,lntl,山东,新疆,0.010897630100723577,0.010897630100723577,0.5242643460461834,0.0057252320803584,0,0.035962662807709815,positive,328
economic_inv,lntl,陕西,贵州,0.01088827000095436,0.01088827000095436,0.5242643460461834,0.0057252320803584,0,0.035962662807709815,positive,329
economic_inv,lntl,河南,贵州,0.0108592606885659,0.0108592606885659,0.5242643460461834,0.0057252320803584,0,0.035962662807709815,positive,330
economic_inv,lntl,安徽,天津,0.010771634791972861,0.010771634791972861,0.5242643460461834,0.0057252320803584,0,0.035962662807709815,positive,331
economic_inv,lntl,辽宁,江西,0.010682503153605697,0.010682503153605697,0.5242643460461834,0.0057252320803584,0,0.035962662807709815,positive,332
economic_inv,lntl,云南,江西,0.01059513376624844,0.01059513376624844,0.5242643460461834,0.0057252320803584,0,0.035962662807709815,positive,333
economic_inv,lntl,海南,天津,0.01056732317866765,0.01056732317866765,0.5242643460461834,0.0057252320803584,0,0.035962662807709815,positive,334
economic_inv,lntl,新疆,北京,0.010557138574777166,0.010557138574777166,0.5242643460461834,0.0057252320803584,0,0.035962662807709815,positive,335
economic_inv,lntl,广东,福建,0.010439624417514413,0.010439624417514413,0.5242643460461834,0.0057252320803584,0,0.035962662807709815,positive,336
economic_inv,lntl,江苏,福建,0.010438066970259835,0.010438066970259835,0.5242643460461834,0.0057252320803584,0,0.035962662807709815,positive,337
economic_inv,lntl,浙江,甘肃,0.010422994649648427,0.010422994649648427,0.5242643460461834,0.0057252320803584,0,0.035962662807709815,positive,338
economic_inv,lntl,甘肃,北京,0.010402157557469201,0.010402157557469201,0.5242643460461834,0.0057252320803584,0,0.035962662807709815,positive,339
economic_inv,lntl,山东,甘肃,0.010376526763425662,0.010376526763425662,0.5242643460461834,0.0057252320803584,0,0.035962662807709815,positive,340
economic_inv,lntl,天津,新疆,0.010293847899678812,0.010293847899678812,0.5242643460461834,0.0057252320803584,0,0.035962662807709815,positive,341
economic_inv,lntl,新疆,安徽,0.010285415079664713,0.010285415079664713,0.5242643460461834,0.0057252320803584,0,0.035962662807709815,positive,342
economic_inv,lntl,黑龙江,江西,0.01026131696483242,0.01026131696483242,0.5242643460461834,0.0057252320803584,0,0.035962662807709815,positive,343
economic_inv,lntl,宁夏,吉林,0.0101967855349476,0.0101967855349476,0.5242643460461834,0.0057252320803584,0,0.035962662807709815,positive,344
economic_inv,lntl,甘肃,安徽,0.010178808989885157,0.010178808989885157,0.5242643460461834,0.0057252320803584,0,0.035962662807709815,positive,345
economic_inv,lntl,青海,黑龙江,0.010177010746316481,0.010177010746316481,0.5242643460461834,0.0057252320803584,0,0.035962662807709815,positive,346
economic_inv,lntl,青海,云南,0.010085310705233759,0.010085310705233759,0.5242643460461834,0.0057252320803584,0,0.035962662807709815,positive,347
economic_inv,lntl,河南,新疆,0.010071952493498513,0.010071952493498513,0.5242643460461834,0.0057252320803584,0,0.035962662807709815,positive,348
economic_inv,lntl,广东,辽宁,0.01002290937764797,0.01002290937764797,0.5242643460461834,0.0057252320803584,0,0.035962662807709815,positive,349
economic_inv,lntl,江苏,辽宁,0.010001843292497974,0.010001843292497974,0.5242643460461834,0.0057252320803584,0,0.035962662807709815,positive,350
economic_inv,lntl,上海,内蒙古,0.009980412878902726,0.009980412878902726,0.5242643460461834,0.0057252320803584,0,0.035962662807709815,positive,351
economic_inv,lntl,海南,重庆,0.009974716327439301,0.009974716327439301,0.5242643460461834,0.0057252320803584,0,0.035962662807709815,positive,352
economic_inv,lntl,广东,上海,0.009948932731550536,0.009948932731550536,0.5242643460461834,0.0057252320803584,0,0.035962662807709815,positive,353
economic_inv,lntl,江苏,上海,0.009924581425607317,0.009924581425607317,0.5242643460461834,0.0057252320803584,0,0.035962662807709815,positive,354
economic_inv,lntl,福建,云南,0.009921697210527438,0.009921697210527438,0.5242643460461834,0.0057252320803584,0,0.035962662807709815,positive,355
economic_inv,lntl,江西,贵州,0.009901091145449126,0.009901091145449126,0.5242643460461834,0.0057252320803584,0,0.035962662807709815,positive,356
economic_inv,lntl,山东,海南,0.009865605289600721,0.009865605289600721,0.5242643460461834,0.0057252320803584,0,0.035962662807709815,positive,357
economic_inv,lntl,上海,广西,0.009853663593086892,0.009853663593086892,0.5242643460461834,0.0057252320803584,0,0.035962662807709815,positive,358
economic_inv,lntl,福建,黑龙江,0.009836889237411514,0.009836889237411514,0.5242643460461834,0.0057252320803584,0,0.035962662807709815,positive,359
economic_inv,lntl,重庆,贵州,0.009747232321496739,0.009747232321496739,0.5242643460461834,0.0057252320803584,0,0.035962662807709815,positive,360
economic_inv,lntl,山东,宁夏,0.009744500277609104,0.009744500277609104,0.5242643460461834,0.0057252320803584,0,0.035962662807709815,positive,361
economic_inv,lntl,安徽,四川,0.009727797963405888,0.009727797963405888,0.5242643460461834,0.0057252320803584,0,0.035962662807709815,positive,362
economic_inv,lntl,北京,云南,0.009706536600686448,0.009706536600686448,0.5242643460461834,0.0057252320803584,0,0.035962662807709815,positive,363
economic_inv,lntl,海南,广西,0.00967862225179944,0.00967862225179944,0.5242643460461834,0.0057252320803584,0,0.035962662807709815,positive,364
economic_inv,lntl,浙江,海南,0.009657925586931237,0.009657925586931237,0.5242643460461834,0.0057252320803584,0,0.035962662807709815,positive,365
economic_inv,lntl,山东,青海,0.009656324610613611,0.009656324610613611,0.5242643460461834,0.0057252320803584,0,0.035962662807709815,positive,366
economic_inv,lntl,辽宁,内蒙古,0.009654299794105205,0.009654299794105205,0.5242643460461834,0.0057252320803584,0,0.035962662807709815,positive,367
economic_inv,lntl,海南,内蒙古,0.009605167886591182,0.009605167886591182,0.5242643460461834,0.0057252320803584,0,0.035962662807709815,positive,368
economic_inv,lntl,广东,安徽,0.009598362351002308,0.009598362351002308,0.5242643460461834,0.0057252320803584,0,0.035962662807709815,positive,369
economic_inv,lntl,北京,黑龙江,0.009579819300736321,0.009579819300736321,0.5242643460461834,0.0057252320803584,0,0.035962662807709815,positive,370
economic_inv,lntl,江苏,安徽,0.009559169627586624,0.009559169627586624,0.5242643460461834,0.0057252320803584,0,0.035962662807709815,positive,371
economic_inv,lntl,辽宁,广西,0.009536970756132971,0.009536970756132971,0.5242643460461834,0.0057252320803584,0,0.035962662807709815,positive,372
economic_inv,lntl,广东,北京,0.009531413384750035,0.009531413384750035,0.5242643460461834,0.0057252320803584,0,0.035962662807709815,positive,373
economic_inv,lntl,天津,北京,0.009522314304405548,0.009522314304405548,0.5242643460461834,0.0057252320803584,0,0.035962662807709815,positive,374
economic_inv,lntl,江苏,北京,0.009489522601825121,0.009489522601825121,0.5242643460461834,0.0057252320803584,0,0.035962662807709815,positive,375
economic_inv,lntl,北京,四川,0.009489063628370688,0.009489063628370688,0.5242643460461834,0.0057252320803584,0,0.035962662807709815,positive,376
economic_inv,lntl,浙江,宁夏,0.009482246619062369,0.009482246619062369,0.5242643460461834,0.0057252320803584,0,0.035962662807709815,positive,377
economic_inv,lntl,贵州,北京,0.009467880992912936,0.009467880992912936,0.5242643460461834,0.0057252320803584,0,0.035962662807709815,positive,378
economic_inv,lntl,上海,重庆,0.009390735907397786,0.009390735907397786,0.5242643460461834,0.0057252320803584,0,0.035962662807709815,positive,379
economic_inv,lntl,浙江,青海,0.009355653942787487,0.009355653942787487,0.5242643460461834,0.0057252320803584,0,0.035962662807709815,positive,380
economic_inv,lntl,四川,浙江,0.009252186600730032,0.009252186600730032,0.5242643460461834,0.0057252320803584,0,0.035962662807709815,positive,381
economic_inv,lntl,山西,海南,0.009230861446382363,0.009230861446382363,0.5242643460461834,0.0057252320803584,0,0.035962662807709815,positive,382
economic_inv,lntl,湖南,福建,0.009227546615251698,0.009227546615251698,0.5242643460461834,0.0057252320803584,0,0.035962662807709815,positive,383
economic_inv,lntl,宁夏,黑龙江,0.009227040123104375,0.009227040123104375,0.5242643460461834,0.0057252320803584,0,0.035962662807709815,positive,384
economic_inv,lntl,四川,陕西,0.009200333294460503,0.009200333294460503,0.5242643460461834,0.0057252320803584,0,0.035962662807709815,positive,385
economic_inv,lntl,甘肃,上海,0.00918902313163561,0.00918902313163561,0.5242643460461834,0.0057252320803584,0,0.035962662807709815,positive,386
economic_inv,lntl,河南,甘肃,0.009185318983955646,0.009185318983955646,0.5242643460461834,0.0057252320803584,0,0.035962662807709815,positive,387
economic_inv,lntl,贵州,安徽,0.009181437267201305,0.009181437267201305,0.5242643460461834,0.0057252320803584,0,0.035962662807709815,positive,388
economic_inv,lntl,安徽,云南,0.009142434394722317,0.009142434394722317,0.5242643460461834,0.0057252320803584,0,0.035962662807709815,positive,389
economic_inv,lntl,宁夏,云南,0.009139908010709217,0.009139908010709217,0.5242643460461834,0.0057252320803584,0,0.035962662807709815,positive,390
economic_inv,lntl,新疆,上海,0.009109232092658216,0.009109232092658216,0.5242643460461834,0.0057252320803584,0,0.035962662807709815,positive,391
economic_inv,lntl,辽宁,重庆,0.00910734242787695,0.00910734242787695,0.5242643460461834,0.0057252320803584,0,0.035962662807709815,positive,392
economic_inv,lntl,青海,天津,0.0091068418275748,0.0091068418275748,0.5242643460461834,0.0057252320803584,0,0.035962662807709815,positive,393
economic_inv,lntl,云南,陕西,0.009079801820583324,0.009079801820583324,0.5242643460461834,0.0057252320803584,0,0.035962662807709815,positive,394
economic_inv,lntl,海南,江西,0.009066811830938618,0.009066811830938618,0.5242643460461834,0.0057252320803584,0,0.035962662807709815,positive,395
economic_inv,lntl,福建,吉林,0.0090639813353935,0.0090639813353935,0.5242643460461834,0.0057252320803584,0,0.035962662807709815,positive,396
economic_inv,lntl,天津,安徽,0.009061478478533936,0.009061478478533936,0.5242643460461834,0.0057252320803584,0,0.035962662807709815,positive,397
economic_inv,lntl,安徽,黑龙江,0.009027922452423365,0.009027922452423365,0.5242643460461834,0.0057252320803584,0,0.035962662807709815,positive,398
economic_inv,lntl,甘肃,辽宁,0.00901193674777443,0.00901193674777443,0.5242643460461834,0.0057252320803584,0,0.035962662807709815,positive,399
economic_inv,lntl,江西,上海,0.008938193526059719,0.008938193526059719,0.5242643460461834,0.0057252320803584,0,0.035962662807709815,positive,400
economic_inv,lntl,新疆,辽宁,0.008903484004569678,0.008903484004569678,0.5242643460461834,0.0057252320803584,0,0.035962662807709815,positive,401
economic_inv,lntl,黑龙江,陕西,0.008834104821157016,0.008834104821157016,0.5242643460461834,0.0057252320803584,0,0.035962662807709815,positive,402
economic_inv,lntl,四川,江西,0.008821082027922995,0.008821082027922995,0.5242643460461834,0.0057252320803584,0,0.035962662807709815,positive,403
economic_inv,lntl,广东,陕西,0.00877096898632184,0.00877096898632184,0.5242643460461834,0.0057252320803584,0,0.035962662807709815,positive,404
economic_inv,lntl,海南,陕西,0.008725789565822638,0.008725789565822638,0.5242643460461834,0.0057252320803584,0,0.035962662807709815,positive,405
economic_inv,lntl,江苏,陕西,0.008701481677060113,0.008701481677060113,0.5242643460461834,0.0057252320803584,0,0.035962662807709815,positive,406
economic_inv,lntl,广东,江西,0.008683954554098323,0.008683954554098323,0.5242643460461834,0.0057252320803584,0,0.035962662807709815,positive,407
economic_inv,lntl,上海,天津,0.008646135986008038,0.008646135986008038,0.5242643460461834,0.0057252320803584,0,0.035962662807709815,positive,408
economic_inv,lntl,青海,重庆,0.008643144038931872,0.008643144038931872,0.5242643460461834,0.0057252320803584,0,0.035962662807709815,positive,409
economic_inv,lntl,福建,山西,0.008638546238723108,0.008638546238723108,0.5242643460461834,0.0057252320803584,0,0.035962662807709815,positive,410
economic_inv,lntl,江苏,江西,0.008611665380629078,0.008611665380629078,0.5242643460461834,0.0057252320803584,0,0.035962662807709815,positive,411
economic_inv,lntl,陕西,福建,0.008579907022497868,0.008579907022497868,0.5242643460461834,0.0057252320803584,0,0.035962662807709815,positive,412
economic_inv,lntl,广东,内蒙古,0.008562136265616973,0.008562136265616973,0.5242643460461834,0.0057252320803584,0,0.035962662807709815,positive,413
economic_inv,lntl,广东,广西,0.008546811700554324,0.008546811700554324,0.5242643460461834,0.0057252320803584,0,0.035962662807709815,positive,414
economic_inv,lntl,山西,宁夏,0.00851929422311513,0.00851929422311513,0.5242643460461834,0.0057252320803584,0,0.035962662807709815,positive,415
economic_inv,lntl,江西,辽宁,0.008507151599959243,0.008507151599959243,0.5242643460461834,0.0057252320803584,0,0.035962662807709815,positive,416
economic_inv,lntl,广东,重庆,0.008487843226965915,0.008487843226965915,0.5242643460461834,0.0057252320803584,0,0.035962662807709815,positive,417
economic_inv,lntl,江苏,内蒙古,0.008486046766839072,0.008486046766839072,0.5242643460461834,0.0057252320803584,0,0.035962662807709815,positive,418
economic_inv,lntl,北京,吉林,0.0084759491570018,0.0084759491570018,0.5242643460461834,0.0057252320803584,0,0.035962662807709815,positive,419
economic_inv,lntl,河南,江苏,0.008470260517361812,0.008470260517361812,0.5242643460461834,0.0057252320803584,0,0.035962662807709815,positive,420
economic_inv,lntl,江苏,广西,0.00847025421303936,0.00847025421303936,0.5242643460461834,0.0057252320803584,0,0.035962662807709815,positive,421
economic_inv,lntl,辽宁,天津,0.008412637861521986,0.008412637861521986,0.5242643460461834,0.0057252320803584,0,0.035962662807709815,positive,422
economic_inv,lntl,青海,广西,0.008409553803690562,0.008409553803690562,0.5242643460461834,0.0057252320803584,0,0.035962662807709815,positive,423
economic_inv,lntl,江苏,重庆,0.008409505939404838,0.008409505939404838,0.5242643460461834,0.0057252320803584,0,0.035962662807709815,positive,424
economic_inv,lntl,陕西,新疆,0.008404463803444744,0.008404463803444744,0.5242643460461834,0.0057252320803584,0,0.035962662807709815,positive,425
economic_inv,lntl,河南,海南,0.008385825511368232,0.008385825511368232,0.5242643460461834,0.0057252320803584,0,0.035962662807709815,positive,426
economic_inv,lntl,广东,天津,0.008381834810206004,0.008381834810206004,0.5242643460461834,0.0057252320803584,0,0.035962662807709815,positive,427
economic_inv,lntl,青海,内蒙古,0.008351406970578472,0.008351406970578472,0.5242643460461834,0.0057252320803584,0,0.035962662807709815,positive,428
economic_inv,lntl,四川,内蒙古,0.008328715897821741,0.008328715897821741,0.5242643460461834,0.0057252320803584,0,0.035962662807709815,positive,429
economic_inv,lntl,江苏,天津,0.008300381741930311,0.008300381741930311,0.5242643460461834,0.0057252320803584,0,0.035962662807709815,positive,430
economic_inv,lntl,四川,广西,0.008269716712867668,0.008269716712867668,0.5242643460461834,0.0057252320803584,0,0.035962662807709815,positive,431
economic_inv,lntl,宁夏,天津,0.00821489512405902,0.00821489512405902,0.5242643460461834,0.0057252320803584,0,0.035962662807709815,positive,432
economic_inv,lntl,河南,宁夏,0.008205553233781077,0.008205553233781077,0.5242643460461834,0.0057252320803584,0,0.035962662807709815,positive,433
economic_inv,lntl,广东,云南,0.008196704829864803,0.008196704829864803,0.5242643460461834,0.0057252320803584,0,0.035962662807709815,positive,434
economic_inv,lntl,广东,黑龙江,0.008181550269746844,0.008181550269746844,0.5242643460461834,0.0057252320803584,0,0.035962662807709815,positive,435
economic_inv,lntl,甘肃,福建,0.008167017033340671,0.008167017033340671,0.5242643460461834,0.0057252320803584,0,0.035962662807709815,positive,436
economic_inv,lntl,山西,北京,0.008137453056647119,0.008137453056647119,0.5242643460461834,0.0057252320803584,0,0.035962662807709815,positive,437
economic_inv,lntl,江苏,云南,0.008110068261852586,0.008110068261852586,0.5242643460461834,0.0057252320803584,0,0.035962662807709815,positive,438
economic_inv,lntl,江苏,黑龙江,0.008094503882966758,0.008094503882966758,0.5242643460461834,0.0057252320803584,0,0.035962662807709815,positive,439
economic_inv,lntl,河南,青海,0.008076401704911432,0.008076401704911432,0.5242643460461834,0.0057252320803584,0,0.035962662807709815,positive,440
economic_inv,lntl,山西,青海,0.008057274638227373,0.008057274638227373,0.5242643460461834,0.0057252320803584,0,0.035962662807709815,positive,441
economic_inv,lntl,四川,重庆,0.008048410008334788,0.008048410008334788,0.5242643460461834,0.0057252320803584,0,0.035962662807709815,positive,442
economic_inv,lntl,广东,吉林,0.008033380231743706,0.008033380231743706,0.5242643460461834,0.0057252320803584,0,0.035962662807709815,positive,443
economic_inv,lntl,安徽,吉林,0.008025154674448002,0.008025154674448002,0.5242643460461834,0.0057252320803584,0,0.035962662807709815,positive,444
economic_inv,lntl,河北,福建,0.007997102102297766,0.007997102102297766,0.5242643460461834,0.0057252320803584,0,0.035962662807709815,positive,445
economic_inv,lntl,吉林,北京,0.007997093844648128,0.007997093844648128,0.5242643460461834,0.0057252320803584,0,0.035962662807709815,positive,446
economic_inv,lntl,福建,贵州,0.007981322890632584,0.007981322890632584,0.5242643460461834,0.0057252320803584,0,0.035962662807709815,positive,447
economic_inv,lntl,重庆,北京,0.00797731316143286,0.00797731316143286,0.5242643460461834,0.0057252320803584,0,0.035962662807709815,positive,448
economic_inv,lntl,贵州,上海,0.007971558350975225,0.007971558350975225,0.5242643460461834,0.0057252320803584,0,0.035962662807709815,positive,449
economic_inv,lntl,广西,吉林,0.007969636694777625,0.007969636694777625,0.5242643460461834,0.0057252320803584,0,0.035962662807709815,positive,450
economic_inv,lntl,河南,广东,0.007958464438566818,0.007958464438566818,0.5242643460461834,0.0057252320803584,0,0.035962662807709815,positive,451
economic_inv,lntl,内蒙古,吉林,0.007944986777678523,0.007944986777678523,0.5242643460461834,0.0057252320803584,0,0.035962662807709815,positive,452
economic_inv,lntl,广东,山西,0.007943214037237512,0.007943214037237512,0.5242643460461834,0.0057252320803584,0,0.035962662807709815,positive,453
economic_inv,lntl,江苏,吉林,0.007942442342545507,0.007942442342545507,0.5242643460461834,0.0057252320803584,0,0.035962662807709815,positive,454
economic_inv,lntl,新疆,福建,0.00794066021809931,0.00794066021809931,0.5242643460461834,0.0057252320803584,0,0.035962662807709815,positive,455
economic_inv,lntl,青海,江西,0.007922815442274496,0.007922815442274496,0.5242643460461834,0.0057252320803584,0,0.035962662807709815,positive,456
economic_inv,lntl,北京,山西,0.007905014965198577,0.007905014965198577,0.5242643460461834,0.0057252320803584,0,0.035962662807709815,positive,457
economic_inv,lntl,山西,安徽,0.00786314761993453,0.00786314761993453,0.5242643460461834,0.0057252320803584,0,0.035962662807709815,positive,458
economic_inv,lntl,吉林,海南,0.00785999862063668,0.00785999862063668,0.5242643460461834,0.0057252320803584,0,0.035962662807709815,positive,459
economic_inv,lntl,江苏,山西,0.007850010402512386,0.007850010402512386,0.5242643460461834,0.0057252320803584,0,0.035962662807709815,positive,460
economic_inv,lntl,广东,贵州,0.00778982410373739,0.00778982410373739,0.5242643460461834,0.0057252320803584,0,0.035962662807709815,positive,461
economic_inv,lntl,宁夏,重庆,0.007779519346157389,0.007779519346157389,0.5242643460461834,0.0057252320803584,0,0.035962662807709815,positive,462
economic_inv,lntl,贵州,辽宁,0.007764790165594339,0.007764790165594339,0.5242643460461834,0.0057252320803584,0,0.035962662807709815,positive,463
economic_inv,lntl,吉林,安徽,0.007708751977960369,0.007708751977960369,0.5242643460461834,0.0057252320803584,0,0.035962662807709815,positive,464
economic_inv,lntl,江苏,贵州,0.00769294362338024,0.00769294362338024,0.5242643460461834,0.0057252320803584,0,0.035962662807709815,positive,465
economic_inv,lntl,四川,天津,0.007672052152547485,0.007672052152547485,0.5242643460461834,0.0057252320803584,0,0.035962662807709815,positive,466
economic_inv,lntl,青海,陕西,0.007649094930879758,0.007649094930879758,0.5242643460461834,0.0057252320803584,0,0.035962662807709815,positive,467
economic_inv,lntl,上海,云南,0.007561845562113457,0.007561845562113457,0.5242643460461834,0.0057252320803584,0,0.035962662807709815,positive,468
economic_inv,lntl,宁夏,广西,0.007560918765378257,0.007560918765378257,0.5242643460461834,0.0057252320803584,0,0.035962662807709815,positive,469
economic_inv,lntl,重庆,安徽,0.007549046252664831,0.007549046252664831,0.5242643460461834,0.0057252320803584,0,0.035962662807709815,positive,470
economic_inv,lntl,广东,新疆,0.00754053937460197,0.00754053937460197,0.5242643460461834,0.0057252320803584,0,0.035962662807709815,positive,471
economic_inv,lntl,宁夏,内蒙古,0.007506578213389065,0.007506578213389065,0.5242643460461834,0.0057252320803584,0,0.035962662807709815,positive,472
economic_inv,lntl,安徽,山西,0.007502807735404281,0.007502807735404281,0.5242643460461834,0.0057252320803584,0,0.035962662807709815,positive,473
economic_inv,lntl,江西,新疆,0.007494708589321337,0.007494708589321337,0.5242643460461834,0.0057252320803584,0,0.035962662807709815,positive,474
economic_inv,lntl,上海,黑龙江,0.007483145007011017,0.007483145007011017,0.5242643460461834,0.0057252320803584,0,0.035962662807709815,positive,475
economic_inv,lntl,福建,浙江,0.0074792373392385154,0.0074792373392385154,0.5242643460461834,0.0057252320803584,0,0.035962662807709815,positive,476
economic_inv,lntl,江苏,新疆,0.007438159556864577,0.007438159556864577,0.5242643460461834,0.0057252320803584,0,0.035962662807709815,positive,477
economic_inv,lntl,辽宁,云南,0.007392839674554375,0.007392839674554375,0.5242643460461834,0.0057252320803584,0,0.035962662807709815,positive,478
economic_inv,lntl,辽宁,黑龙江,0.007318440068467656,0.007318440068467656,0.5242643460461834,0.0057252320803584,0,0.035962662807709815,positive,479
economic_inv,lntl,吉林,宁夏,0.007294018271883752,0.007294018271883752,0.5242643460461834,0.0057252320803584,0,0.035962662807709815,positive,480
economic_inv,lntl,天津,上海,0.00729128757299849,0.00729128757299849,0.5242643460461834,0.0057252320803584,0,0.035962662807709815,positive,481
economic_inv,lntl,广东,甘肃,0.00723239411374834,0.00723239411374834,0.5242643460461834,0.0057252320803584,0,0.035962662807709815,positive,482
economic_inv,lntl,天津,甘肃,0.007226356486341627,0.007226356486341627,0.5242643460461834,0.0057252320803584,0,0.035962662807709815,positive,483
economic_inv,lntl,甘肃,河北,0.0072146516679371595,0.0072146516679371595,0.5242643460461834,0.0057252320803584,0,0.035962662807709815,positive,484
economic_inv,lntl,甘肃,湖北,0.007193944649294459,0.007193944649294459,0.5242643460461834,0.0057252320803584,0,0.035962662807709815,positive,485
economic_inv,lntl,甘肃,湖南,0.007164614350581689,0.007164614350581689,0.5242643460461834,0.0057252320803584,0,0.035962662807709815,positive,486
economic_inv,lntl,江苏,甘肃,0.007124028587969357,0.007124028587969357,0.5242643460461834,0.0057252320803584,0,0.035962662807709815,positive,487
economic_inv,lntl,宁夏,江西,0.007106960870351355,0.007106960870351355,0.5242643460461834,0.0057252320803584,0,0.035962662807709815,positive,488
economic_inv,lntl,四川,云南,0.007073858600306912,0.007073858600306912,0.5242643460461834,0.0057252320803584,0,0.035962662807709815,positive,489
economic_inv,lntl,北京,贵州,0.007069575757752532,0.007069575757752532,0.5242643460461834,0.0057252320803584,0,0.035962662807709815,positive,490
economic_inv,lntl,福建,新疆,0.007061579186284029,0.007061579186284029,0.5242643460461834,0.0057252320803584,0,0.035962662807709815,positive,491
economic_inv,lntl,四川,黑龙江,0.0070279043066854095,0.0070279043066854095,0.5242643460461834,0.0057252320803584,0,0.035962662807709815,positive,492
economic_inv,lntl,天津,辽宁,0.00701438107124823,0.00701438107124823,0.5242643460461834,0.0057252320803584,0,0.035962662807709815,positive,493
economic_inv,lntl,黑龙江,新疆,0.006983544357484095,0.006983544357484095,0.5242643460461834,0.0057252320803584,0,0.035962662807709815,positive,494
economic_inv,lntl,重庆,新疆,0.006952389510452635,0.006952389510452635,0.5242643460461834,0.0057252320803584,0,0.035962662807709815,positive,495
economic_inv,lntl,广东,海南,0.006925869054273468,0.006925869054273468,0.5242643460461834,0.0057252320803584,0,0.035962662807709815,positive,496
economic_inv,lntl,吉林,青海,0.006923181237635802,0.006923181237635802,0.5242643460461834,0.0057252320803584,0,0.035962662807709815,positive,497
economic_inv,lntl,新疆,河北,0.006891395814566696,0.006891395814566696,0.5242643460461834,0.0057252320803584,0,0.035962662807709815,positive,498
economic_inv,lntl,新疆,湖北,0.00686899150027128,0.00686899150027128,0.5242643460461834,0.0057252320803584,0,0.035962662807709815,positive,499
economic_inv,lntl,宁夏,陕西,0.006852588281282033,0.006852588281282033,0.5242643460461834,0.0057252320803584,0,0.035962662807709815,positive,500
economic_inv,lntl,广东,宁夏,0.006852563418654297,0.006852563418654297,0.5242643460461834,0.0057252320803584,0,0.035962662807709815,positive,501
economic_inv,lntl,新疆,湖南,0.0068372863590700364,0.0068372863590700364,0.5242643460461834,0.0057252320803584,0,0.035962662807709815,positive,502
economic_inv,lntl,云南,新疆,0.0068317120598245145,0.0068317120598245145,0.5242643460461834,0.0057252320803584,0,0.035962662807709815,positive,503
economic_inv,lntl,甘肃,四川,0.006825582851666377,0.006825582851666377,0.5242643460461834,0.0057252320803584,0,0.035962662807709815,positive,504
economic_inv,lntl,贵州,福建,0.006815739060058193,0.006815739060058193,0.5242643460461834,0.0057252320803584,0,0.035962662807709815,positive,505
economic_inv,lntl,江苏,海南,0.006812436542715667,0.006812436542715667,0.5242643460461834,0.0057252320803584,0,0.035962662807709815,positive,506
economic_inv,lntl,广东,青海,0.006799032007881081,0.006799032007881081,0.5242643460461834,0.0057252320803584,0,0.035962662807709815,positive,507
economic_inv,lntl,上海,吉林,0.0067792767412101895,0.0067792767412101895,0.5242643460461834,0.0057252320803584,0,0.035962662807709815,positive,508
economic_inv,lntl,江西,福建,0.006757690738097055,0.006757690738097055,0.5242643460461834,0.0057252320803584,0,0.035962662807709815,positive,509
economic_inv,lntl,江苏,宁夏,0.006738049836979412,0.006738049836979412,0.5242643460461834,0.0057252320803584,0,0.035962662807709815,positive,510
economic_inv,lntl,安徽,贵州,0.006733865253934617,0.006733865253934617,0.5242643460461834,0.0057252320803584,0,0.035962662807709815,positive,511
economic_inv,lntl,山西,上海,0.006725780286059336,0.006725780286059336,0.5242643460461834,0.0057252320803584,0,0.035962662807709815,positive,512
economic_inv,lntl,海南,北京,0.006714843445836628,0.006714843445836628,0.5242643460461834,0.0057252320803584,0,0.035962662807709815,positive,513
economic_inv,lntl,内蒙古,山西,0.006711357548504695,0.006711357548504695,0.5242643460461834,0.0057252320803584,0,0.035962662807709815,positive,514
economic_inv,lntl,广西,山西,0.006703033651007029,0.006703033651007029,0.5242643460461834,0.0057252320803584,0,0.035962662807709815,positive,515
economic_inv,lntl,江苏,青海,0.006683760783520411,0.006683760783520411,0.5242643460461834,0.0057252320803584,0,0.035962662807709815,positive,516
economic_inv,lntl,辽宁,吉林,0.006650731717868102,0.006650731717868102,0.5242643460461834,0.0057252320803584,0,0.035962662807709815,positive,517
economic_inv,lntl,湖北,福建,0.00661732195012696,0.00661732195012696,0.5242643460461834,0.0057252320803584,0,0.035962662807709815,positive,518
economic_inv,lntl,四川,吉林,0.0066001618715994135,0.0066001618715994135,0.5242643460461834,0.0057252320803584,0,0.035962662807709815,positive,519
economic_inv,lntl,海南,安徽,0.006592612798101262,0.006592612798101262,0.5242643460461834,0.0057252320803584,0,0.035962662807709815,positive,520
economic_inv,lntl,陕西,河北,0.0065611033863978135,0.0065611033863978135,0.5242643460461834,0.0057252320803584,0,0.035962662807709815,positive,521
economic_inv,lntl,山西,辽宁,0.006534769731461897,0.006534769731461897,0.5242643460461834,0.0057252320803584,0,0.035962662807709815,positive,522
economic_inv,lntl,吉林,上海,0.006527978972585227,0.006527978972585227,0.5242643460461834,0.0057252320803584,0,0.035962662807709815,positive,523
economic_inv,lntl,陕西,湖北,0.006523216957574436,0.006523216957574436,0.5242643460461834,0.0057252320803584,0,0.035962662807709815,positive,524
economic_inv,lntl,新疆,四川,0.0064732775814958406,0.0064732775814958406,0.5242643460461834,0.0057252320803584,0,0.035962662807709815,positive,525
economic_inv,lntl,陕西,湖南,0.006469929159430951,0.006469929159430951,0.5242643460461834,0.0057252320803584,0,0.035962662807709815,positive,526
economic_inv,lntl,陕西,甘肃,0.0064465569263561775,0.0064465569263561775,0.5242643460461834,0.0057252320803584,0,0.035962662807709815,positive,527
economic_inv,lntl,上海,山西,0.0064018477535224185,0.0064018477535224185,0.5242643460461834,0.0057252320803584,0,0.035962662807709815,positive,528
economic_inv,lntl,辽宁,河南,0.006396646448049325,0.006396646448049325,0.5242643460461834,0.0057252320803584,0,0.035962662807709815,positive,529
economic_inv,lntl,四川,山西,0.006357626979272636,0.006357626979272636,0.5242643460461834,0.0057252320803584,0,0.035962662807709815,positive,530
economic_inv,lntl,吉林,辽宁,0.006331984010833606,0.006331984010833606,0.5242643460461834,0.0057252320803584,0,0.035962662807709815,positive,531
economic_inv,lntl,辽宁,山西,0.006290974984209977,0.006290974984209977,0.5242643460461834,0.0057252320803584,0,0.035962662807709815,positive,532
economic_inv,lntl,上海,河南,0.006147010694667854,0.006147010694667854,0.5242643460461834,0.0057252320803584,0,0.035962662807709815,positive,533
economic_inv,lntl,福建,甘肃,0.006122267680577727,0.006122267680577727,0.5242643460461834,0.0057252320803584,0,0.035962662807709815,positive,534
economic_inv,lntl,海南,上海,0.00604096405984907,0.00604096405984907,0.5242643460461834,0.0057252320803584,0,0.035962662807709815,positive,535
economic_inv,lntl,青海,北京,0.005998898248277934,0.005998898248277934,0.5242643460461834,0.0057252320803584,0,0.035962662807709815,positive,536
economic_inv,lntl,北京,新疆,0.0059864599233998604,0.0059864599233998604,0.5242643460461834,0.0057252320803584,0,0.035962662807709815,positive,537
economic_inv,lntl,四川,贵州,0.005972586924778677,0.005972586924778677,0.5242643460461834,0.0057252320803584,0,0.035962662807709815,positive,538
economic_inv,lntl,重庆,上海,0.0059473111495035895,0.0059473111495035895,0.5242643460461834,0.0057252320803584,0,0.035962662807709815,positive,539
economic_inv,lntl,海南,辽宁,0.0059405136272379835,0.0059405136272379835,0.5242643460461834,0.0057252320803584,0,0.035962662807709815,positive,540
economic_inv,lntl,青海,安徽,0.005896556931734853,0.005896556931734853,0.5242643460461834,0.0057252320803584,0,0.035962662807709815,positive,541
economic_inv,lntl,陕西,四川,0.005884313516123464,0.005884313516123464,0.5242643460461834,0.0057252320803584,0,0.035962662807709815,positive,542
economic_inv,lntl,上海,贵州,0.005832197969208972,0.005832197969208972,0.5242643460461834,0.0057252320803584,0,0.035962662807709815,positive,543
economic_inv,lntl,天津,福建,0.0058265002911812485,0.0058265002911812485,0.5242643460461834,0.0057252320803584,0,0.035962662807709815,positive,544
economic_inv,lntl,贵州,河北,0.00581503998666616,0.00581503998666616,0.5242643460461834,0.0057252320803584,0,0.035962662807709815,positive,545
economic_inv,lntl,贵州,湖北,0.005794041765064139,0.005794041765064139,0.5242643460461834,0.0057252320803584,0,0.035962662807709815,positive,546
economic_inv,lntl,贵州,湖南,0.005764352339930821,0.005764352339930821,0.5242643460461834,0.0057252320803584,0,0.035962662807709815,positive,547
economic_inv,lntl,辽宁,贵州,0.00574571070407246,0.00574571070407246,0.5242643460461834,0.0057252320803584,0,0.035962662807709815,positive,548
economic_inv,lntl,安徽,新疆,0.005728736783498342,0.005728736783498342,0.5242643460461834,0.0057252320803584,0,0.035962662807709815,positive,549
economic_inv,lntl,重庆,辽宁,0.005702794150080294,0.005702794150080294,0.5242643460461834,0.0057252320803584,0,0.035962662807709815,positive,550
economic_inv,lntl,山西,福建,0.005670287750122317,0.005670287750122317,0.5242643460461834,0.0057252320803584,0,0.035962662807709815,positive,551
economic_inv,lntl,江西,甘肃,0.005662435301508629,0.005662435301508629,0.5242643460461834,0.0057252320803584,0,0.035962662807709815,positive,552
economic_inv,lntl,湖南,辽宁,0.005525103856013411,0.005525103856013411,0.5242643460461834,0.0057252320803584,0,0.035962662807709815,positive,553
economic_inv,lntl,天津,海南,0.005463198533711335,0.005463198533711335,0.5242643460461834,0.0057252320803584,0,0.035962662807709815,positive,554
economic_inv,lntl,海南,福建,0.005453689467938418,0.005453689467938418,0.5242643460461834,0.0057252320803584,0,0.035962662807709815,positive,555
economic_inv,lntl,吉林,福建,0.005453075223235285,0.005453075223235285,0.5242643460461834,0.0057252320803584,0,0.035962662807709815,positive,556
economic_inv,lntl,青海,上海,0.005431691990169713,0.005431691990169713,0.5242643460461834,0.0057252320803584,0,0.035962662807709815,positive,557
economic_inv,lntl,贵州,四川,0.005425646580774191,0.005425646580774191,0.5242643460461834,0.0057252320803584,0,0.035962662807709815,positive,558
economic_inv,lntl,四川,新疆,0.005411510475919258,0.005411510475919258,0.5242643460461834,0.0057252320803584,0,0.035962662807709815,positive,559
economic_inv,lntl,安徽,河南,0.005410630681767813,0.005410630681767813,0.5242643460461834,0.0057252320803584,0,0.035962662807709815,positive,560
economic_inv,lntl,甘肃,河南,0.0054048808596370785,0.0054048808596370785,0.5242643460461834,0.0057252320803584,0,0.035962662807709815,positive,561
economic_inv,lntl,北京,河南,0.005377787597903549,0.005377787597903549,0.5242643460461834,0.0057252320803584,0,0.035962662807709815,positive,562
economic_inv,lntl,福建,海南,0.0053513472267310205,0.0053513472267310205,0.5242643460461834,0.0057252320803584,0,0.035962662807709815,positive,563
economic_inv,lntl,青海,辽宁,0.005346515086219789,0.005346515086219789,0.5242643460461834,0.0057252320803584,0,0.035962662807709815,positive,564
economic_inv,lntl,宁夏,北京,0.005332813611938996,0.005332813611938996,0.5242643460461834,0.0057252320803584,0,0.035962662807709815,positive,565
economic_inv,lntl,内蒙古,贵州,0.005274544604094432,0.005274544604094432,0.5242643460461834,0.0057252320803584,0,0.035962662807709815,positive,566
economic_inv,lntl,广西,贵州,0.005241572195212702,0.005241572195212702,0.5242643460461834,0.0057252320803584,0,0.035962662807709815,positive,567
economic_inv,lntl,江西,河北,0.00524038210034326,0.00524038210034326,0.5242643460461834,0.0057252320803584,0,0.035962662807709815,positive,568
economic_inv,lntl,宁夏,安徽,0.005239331760224862,0.005239331760224862,0.5242643460461834,0.0057252320803584,0,0.035962662807709815,positive,569
economic_inv,lntl,江西,湖北,0.005211498681335639,0.005211498681335639,0.5242643460461834,0.0057252320803584,0,0.035962662807709815,positive,570
economic_inv,lntl,福建,宁夏,0.005186503535232452,0.005186503535232452,0.5242643460461834,0.0057252320803584,0,0.035962662807709815,positive,571
economic_inv,lntl,江西,湖南,0.005170847902563491,0.005170847902563491,0.5242643460461834,0.0057252320803584,0,0.035962662807709815,positive,572
economic_inv,lntl,陕西,海南,0.00514776552152415,0.00514776552152415,0.5242643460461834,0.0057252320803584,0,0.035962662807709815,positive,573
economic_inv,lntl,天津,宁夏,0.005146267619011068,0.005146267619011068,0.5242643460461834,0.0057252320803584,0,0.035962662807709815,positive,574
economic_inv,lntl,内蒙古,北京,0.005142325185243688,0.005142325185243688,0.5242643460461834,0.0057252320803584,0,0.035962662807709815,positive,575
economic_inv,lntl,湖南,上海,0.005140864286667978,0.005140864286667978,0.5242643460461834,0.0057252320803584,0,0.035962662807709815,positive,576
economic_inv,lntl,福建,青海,0.005070320392751518,0.005070320392751518,0.5242643460461834,0.0057252320803584,0,0.035962662807709815,positive,577
economic_inv,lntl,上海,新疆,0.005061206886816655,0.005061206886816655,0.5242643460461834,0.0057252320803584,0,0.035962662807709815,positive,578
economic_inv,lntl,重庆,甘肃,0.005031575071952183,0.005031575071952183,0.5242643460461834,0.0057252320803584,0,0.035962662807709815,positive,579
economic_inv,lntl,辽宁,新疆,0.00500330881496073,0.00500330881496073,0.5242643460461834,0.0057252320803584,0,0.035962662807709815,positive,580
economic_inv,lntl,新疆,河南,0.004995847616866599,0.004995847616866599,0.5242643460461834,0.0057252320803584,0,0.035962662807709815,positive,581
economic_inv,lntl,北京,甘肃,0.00497222664972832,0.00497222664972832,0.5242643460461834,0.0057252320803584,0,0.035962662807709815,positive,582
economic_inv,lntl,天津,青海,0.004933375159503818,0.004933375159503818,0.5242643460461834,0.0057252320803584,0,0.035962662807709815,positive,583
economic_inv,lntl,青海,福建,0.004931378323410596,0.004931378323410596,0.5242643460461834,0.0057252320803584,0,0.035962662807709815,positive,584
economic_inv,lntl,广西,北京,0.004930823029205674,0.004930823029205674,0.5242643460461834,0.0057252320803584,0,0.035962662807709815,positive,585
economic_inv,lntl,陕西,宁夏,0.0048986567651886645,0.0048986567651886645,0.5242643460461834,0.0057252320803584,0,0.035962662807709815,positive,586
economic_inv,lntl,海南,河北,0.004889525018986162,0.004889525018986162,0.5242643460461834,0.0057252320803584,0,0.035962662807709815,positive,587
economic_inv,lntl,海南,湖北,0.004877071708910369,0.004877071708910369,0.5242643460461834,0.0057252320803584,0,0.035962662807709815,positive,588
economic_inv,lntl,海南,湖南,0.004859418490616848,0.004859418490616848,0.5242643460461834,0.0057252320803584,0,0.035962662807709815,positive,589
economic_inv,lntl,内蒙古,安徽,0.004843873716094785,0.004843873716094785,0.5242643460461834,0.0057252320803584,0,0.035962662807709815,positive,590
economic_inv,lntl,宁夏,上海,0.004815830909439343,0.004815830909439343,0.5242643460461834,0.0057252320803584,0,0.035962662807709815,positive,591
economic_inv,lntl,四川,甘肃,0.004809917726478265,0.004809917726478265,0.5242643460461834,0.0057252320803584,0,0.035962662807709815,positive,592
economic_inv,lntl,山西,河北,0.004779975681311557,0.004779975681311557,0.5242643460461834,0.0057252320803584,0,0.035962662807709815,positive,593
economic_inv,lntl,安徽,甘肃,0.004779006732039067,0.004779006732039067,0.5242643460461834,0.0057252320803584,0,0.035962662807709815,positive,594
economic_inv,lntl,山西,湖北,0.004761521564371518,0.004761521564371518,0.5242643460461834,0.0057252320803584,0,0.035962662807709815,positive,595
economic_inv,lntl,宁夏,辽宁,0.004738431832723251,0.004738431832723251,0.5242643460461834,0.0057252320803584,0,0.035962662807709815,positive,596
economic_inv,lntl,山西,湖南,0.004735445031837016,0.004735445031837016,0.5242643460461834,0.0057252320803584,0,0.035962662807709815,positive,597
economic_inv,lntl,陕西,青海,0.0047284459387121084,0.0047284459387121084,0.5242643460461834,0.0057252320803584,0,0.035962662807709815,positive,598
economic_inv,lntl,江西,四川,0.004722109531233472,0.004722109531233472,0.5242643460461834,0.0057252320803584,0,0.035962662807709815,positive,599
economic_inv,lntl,天津,河北,0.004704719182157155,0.004704719182157155,0.5242643460461834,0.0057252320803584,0,0.035962662807709815,positive,600
economic_inv,lntl,天津,湖北,0.004682466346265129,0.004682466346265129,0.5242643460461834,0.0057252320803584,0,0.035962662807709815,positive,601
economic_inv,lntl,河北,辽宁,0.004675993926667771,0.004675993926667771,0.5242643460461834,0.0057252320803584,0,0.035962662807709815,positive,602
economic_inv,lntl,重庆,福建,0.004671697708956827,0.004671697708956827,0.5242643460461834,0.0057252320803584,0,0.035962662807709815,positive,603
economic_inv,lntl,海南,四川,0.004654179987815576,0.004654179987815576,0.5242643460461834,0.0057252320803584,0,0.035962662807709815,positive,604
economic_inv,lntl,天津,湖南,0.004651088170446239,0.004651088170446239,0.5242643460461834,0.0057252320803584,0,0.035962662807709815,positive,605
economic_inv,lntl,广西,安徽,0.004649322040148055,0.004649322040148055,0.5242643460461834,0.0057252320803584,0,0.035962662807709815,positive,606
economic_inv,lntl,吉林,河北,0.004561595129416538,0.004561595129416538,0.5242643460461834,0.0057252320803584,0,0.035962662807709815,positive,607
economic_inv,lntl,吉林,湖北,0.004543261508484153,0.004543261508484153,0.5242643460461834,0.0057252320803584,0,0.035962662807709815,positive,608
economic_inv,lntl,黑龙江,甘肃,0.004523590781894269,0.004523590781894269,0.5242643460461834,0.0057252320803584,0,0.035962662807709815,positive,609
economic_inv,lntl,吉林,湖南,0.004517365181383444,0.004517365181383444,0.5242643460461834,0.0057252320803584,0,0.035962662807709815,positive,610
economic_inv,lntl,甘肃,浙江,0.004490904400429634,0.004490904400429634,0.5242643460461834,0.0057252320803584,0,0.035962662807709815,positive,611
economic_inv,lntl,江西,海南,0.0044770358986514795,0.0044770358986514795,0.5242643460461834,0.0057252320803584,0,0.035962662807709815,positive,612
economic_inv,lntl,云南,甘肃,0.0044586727224855665,0.0044586727224855665,0.5242643460461834,0.0057252320803584,0,0.035962662807709815,positive,613
economic_inv,lntl,青海,河北,0.004445394692793451,0.004445394692793451,0.5242643460461834,0.0057252320803584,0,0.035962662807709815,positive,614
economic_inv,lntl,山西,四川,0.004439258418433946,0.004439258418433946,0.5242643460461834,0.0057252320803584,0,0.035962662807709815,positive,615
economic_inv,lntl,青海,湖北,0.004434607241893038,0.004434607241893038,0.5242643460461834,0.0057252320803584,0,0.035962662807709815,positive,616
economic_inv,lntl,青海,湖南,0.004419311007430072,0.004419311007430072,0.5242643460461834,0.0057252320803584,0,0.035962662807709815,positive,617
economic_inv,lntl,宁夏,福建,0.004362079761834167,0.004362079761834167,0.5242643460461834,0.0057252320803584,0,0.035962662807709815,positive,618
economic_inv,lntl,河北,上海,0.004340235071432273,0.004340235071432273,0.5242643460461834,0.0057252320803584,0,0.035962662807709815,positive,619
economic_inv,lntl,上海,甘肃,0.004303732796375014,0.004303732796375014,0.5242643460461834,0.0057252320803584,0,0.035962662807709815,positive,620
economic_inv,lntl,天津,四川,0.004300032734603666,0.004300032734603666,0.5242643460461834,0.0057252320803584,0,0.035962662807709815,positive,621
economic_inv,lntl,四川,海南,0.0042930401747605105,0.0042930401747605105,0.5242643460461834,0.0057252320803584,0,0.035962662807709815,positive,622
economic_inv,lntl,辽宁,甘肃,0.004268930589585369,0.004268930589585369,0.5242643460461834,0.0057252320803584,0,0.035962662807709815,positive,623
economic_inv,lntl,江西,宁夏,0.0042523426110862,0.0042523426110862,0.5242643460461834,0.0057252320803584,0,0.035962662807709815,positive,624
economic_inv,lntl,云南,北京,0.004245329130220044,0.004245329130220044,0.5242643460461834,0.0057252320803584,0,0.035962662807709815,positive,625
economic_inv,lntl,青海,四川,0.004241090442069629,0.004241090442069629,0.5242643460461834,0.0057252320803584,0,0.035962662807709815,positive,626
economic_inv,lntl,辽宁,浙江,0.004240482636926266,0.004240482636926266,0.5242643460461834,0.0057252320803584,0,0.035962662807709815,positive,627
economic_inv,lntl,吉林,四川,0.004224039984859061,0.004224039984859061,0.5242643460461834,0.0057252320803584,0,0.035962662807709815,positive,628
economic_inv,lntl,北京,海南,0.004201334439366542,0.004201334439366542,0.5242643460461834,0.0057252320803584,0,0.035962662807709815,positive,629
economic_inv,lntl,黑龙江,北京,0.004191857111735344,0.004191857111735344,0.5242643460461834,0.0057252320803584,0,0.035962662807709815,positive,630
economic_inv,lntl,四川,宁夏,0.004179671626565514,0.004179671626565514,0.5242643460461834,0.0057252320803584,0,0.035962662807709815,positive,631
economic_inv,lntl,上海,浙江,0.004113913176594541,0.004113913176594541,0.5242643460461834,0.0057252320803584,0,0.035962662807709815,positive,632
economic_inv,lntl,江西,青海,0.0040993015716882285,0.0040993015716882285,0.5242643460461834,0.0057252320803584,0,0.035962662807709815,positive,633
economic_inv,lntl,四川,青海,0.004099148650841024,0.004099148650841024,0.5242643460461834,0.0057252320803584,0,0.035962662807709815,positive,634
economic_inv,lntl,贵州,河南,0.004090525160011304,0.004090525160011304,0.5242643460461834,0.0057252320803584,0,0.035962662807709815,positive,635
economic_inv,lntl,新疆,浙江,0.004084370523290124,0.004084370523290124,0.5242643460461834,0.0057252320803584,0,0.035962662807709815,positive,636
economic_inv,lntl,云南,安徽,0.004070949673649317,0.004070949673649317,0.5242643460461834,0.0057252320803584,0,0.035962662807709815,positive,637
economic_inv,lntl,安徽,海南,0.004051558554560019,0.004051558554560019,0.5242643460461834,0.0057252320803584,0,0.035962662807709815,positive,638
economic_inv,lntl,北京,宁夏,0.0040431152130451335,0.0040431152130451335,0.5242643460461834,0.0057252320803584,0,0.035962662807709815,positive,639
economic_inv,lntl,黑龙江,安徽,0.0040218306990279905,0.0040218306990279905,0.5242643460461834,0.0057252320803584,0,0.035962662807709815,positive,640
economic_inv,lntl,北京,青海,0.0039329390276849575,0.0039329390276849575,0.5242643460461834,0.0057252320803584,0,0.035962662807709815,positive,641
economic_inv,lntl,宁夏,河北,0.003923340417529176,0.003923340417529176,0.5242643460461834,0.0057252320803584,0,0.035962662807709815,positive,642
economic_inv,lntl,陕西,河南,0.003915604302095633,0.003915604302095633,0.5242643460461834,0.0057252320803584,0,0.035962662807709815,positive,643
economic_inv,lntl,宁夏,湖北,0.003913624083467898,0.003913624083467898,0.5242643460461834,0.0057252320803584,0,0.035962662807709815,positive,644
economic_inv,lntl,湖北,辽宁,0.003908319813121348,0.003908319813121348,0.5242643460461834,0.0057252320803584,0,0.035962662807709815,positive,645
economic_inv,lntl,安徽,宁夏,0.0039016544181715513,0.0039016544181715513,0.5242643460461834,0.0057252320803584,0,0.035962662807709815,positive,646
economic_inv,lntl,宁夏,湖南,0.0038998483217361868,0.0038998483217361868,0.5242643460461834,0.0057252320803584,0,0.035962662807709815,positive,647
economic_inv,lntl,重庆,海南,0.0038727674074275045,0.0038727674074275045,0.5242643460461834,0.0057252320803584,0,0.035962662807709815,positive,648
economic_inv,lntl,内蒙古,新疆,0.003859873229872322,0.003859873229872322,0.5242643460461834,0.0057252320803584,0,0.035962662807709815,positive,649
economic_inv,lntl,湖南,安徽,0.003824641017607768,0.003824641017607768,0.5242643460461834,0.0057252320803584,0,0.035962662807709815,positive,650
economic_inv,lntl,广西,新疆,0.0038168893253265265,0.0038168893253265265,0.5242643460461834,0.0057252320803584,0,0.035962662807709815,positive,651
economic_inv,lntl,安徽,青海,0.003797146928749149,0.003797146928749149,0.5242643460461834,0.0057252320803584,0,0.035962662807709815,positive,652
economic_inv,lntl,北京,浙江,0.0037775060461767568,0.0037775060461767568,0.5242643460461834,0.0057252320803584,0,0.035962662807709815,positive,653
economic_inv,lntl,安徽,浙江,0.0037732810079804027,0.0037732810079804027,0.5242643460461834,0.0057252320803584,0,0.035962662807709815,positive,654
economic_inv,lntl,海南,河南,0.003769761118439122,0.003769761118439122,0.5242643460461834,0.0057252320803584,0,0.035962662807709815,positive,655
economic_inv,lntl,内蒙古,上海,0.003751577824360838,0.003751577824360838,0.5242643460461834,0.0057252320803584,0,0.035962662807709815,positive,656
economic_inv,lntl,宁夏,四川,0.0037394870608018064,0.0037394870608018064,0.5242643460461834,0.0057252320803584,0,0.035962662807709815,positive,657
economic_inv,lntl,重庆,河北,0.00372375235910074,0.00372375235910074,0.5242643460461834,0.0057252320803584,0,0.035962662807709815,positive,658
economic_inv,lntl,重庆,湖北,0.0037051944125923437,0.0037051944125923437,0.5242643460461834,0.0057252320803584,0,0.035962662807709815,positive,659
economic_inv,lntl,上海,海南,0.0037034465399729782,0.0037034465399729782,0.5242643460461834,0.0057252320803584,0,0.035962662807709815,positive,660
economic_inv,lntl,辽宁,海南,0.0036833995281779905,0.0036833995281779905,0.5242643460461834,0.0057252320803584,0,0.035962662807709815,positive,661
economic_inv,lntl,重庆,湖南,0.003679042384206863,0.003679042384206863,0.5242643460461834,0.0057252320803584,0,0.035962662807709815,positive,662
economic_inv,lntl,重庆,宁夏,0.0036600075074895233,0.0036600075074895233,0.5242643460461834,0.0057252320803584,0,0.035962662807709815,positive,663
economic_inv,lntl,湖南,北京,0.00363892296088727,0.00363892296088727,0.5242643460461834,0.0057252320803584,0,0.035962662807709815,positive,664
economic_inv,lntl,湖北,上海,0.003631393491873909,0.003631393491873909,0.5242643460461834,0.0057252320803584,0,0.035962662807709815,positive,665
economic_inv,lntl,四川,山东,0.0036305763101436134,0.0036305763101436134,0.5242643460461834,0.0057252320803584,0,0.035962662807709815,positive,666
economic_inv,lntl,广西,上海,0.003614212430618642,0.003614212430618642,0.5242643460461834,0.0057252320803584,0,0.035962662807709815,positive,667
economic_inv,lntl,内蒙古,辽宁,0.0035880726608555516,0.0035880726608555516,0.5242643460461834,0.0057252320803584,0,0.035962662807709815,positive,668
economic_inv,lntl,上海,宁夏,0.0035774980667378493,0.0035774980667378493,0.5242643460461834,0.0057252320803584,0,0.035962662807709815,positive,669
economic_inv,lntl,辽宁,宁夏,0.0035601460843034997,0.0035601460843034997,0.5242643460461834,0.0057252320803584,0,0.035962662807709815,positive,670
economic_inv,lntl,重庆,青海,0.0035163084744616675,0.0035163084744616675,0.5242643460461834,0.0057252320803584,0,0.035962662807709815,positive,671
economic_inv,lntl,上海,青海,0.0034892277547793732,0.0034892277547793732,0.5242643460461834,0.0057252320803584,0,0.035962662807709815,positive,672
economic_inv,lntl,湖南,河南,0.0034785979158436435,0.0034785979158436435,0.5242643460461834,0.0057252320803584,0,0.035962662807709815,positive,673
economic_inv,lntl,辽宁,青海,0.0034736814051420863,0.0034736814051420863,0.5242643460461834,0.0057252320803584,0,0.035962662807709815,positive,674
economic_inv,lntl,青海,河南,0.0034649068647351977,0.0034649068647351977,0.5242643460461834,0.0057252320803584,0,0.035962662807709815,positive,675
economic_inv,lntl,广西,辽宁,0.0034586083945408515,0.0034586083945408515,0.5242643460461834,0.0057252320803584,0,0.035962662807709815,positive,676
economic_inv,lntl,福建,山东,0.003436123733957612,0.003436123733957612,0.5242643460461834,0.0057252320803584,0,0.035962662807709815,positive,677
economic_inv,lntl,重庆,四川,0.003387733005576693,0.003387733005576693,0.5242643460461834,0.0057252320803584,0,0.035962662807709815,positive,678
economic_inv,lntl,云南,上海,0.0033754090234479547,0.0033754090234479547,0.5242643460461834,0.0057252320803584,0,0.035962662807709815,positive,679
economic_inv,lntl,黑龙江,上海,0.003341833809940357,0.003341833809940357,0.5242643460461834,0.0057252320803584,0,0.035962662807709815,positive,680
economic_inv,lntl,贵州,浙江,0.003297198116663504,0.003297198116663504,0.5242643460461834,0.0057252320803584,0,0.035962662807709815,positive,681
economic_inv,lntl,山西,河南,0.003294597952402218,0.003294597952402218,0.5242643460461834,0.0057252320803584,0,0.035962662807709815,positive,682
economic_inv,lntl,黑龙江,海南,0.003274415398085187,0.003274415398085187,0.5242643460461834,0.0057252320803584,0,0.035962662807709815,positive,683
economic_inv,lntl,云南,辽宁,0.0032627581855439766,0.0032627581855439766,0.5242643460461834,0.0057252320803584,0,0.035962662807709815,positive,684
economic_inv,lntl,云南,海南,0.0032398533166606144,0.0032398533166606144,0.5242643460461834,0.0057252320803584,0,0.035962662807709815,positive,685
economic_inv,lntl,黑龙江,辽宁,0.003231425922366902,0.003231425922366902,0.5242643460461834,0.0057252320803584,0,0.035962662807709815,positive,686
economic_inv,lntl,河北,安徽,0.0032023477215224173,0.0032023477215224173,0.5242643460461834,0.0057252320803584,0,0.035962662807709815,positive,687
economic_inv,lntl,江西,河南,0.0031861797767514036,0.0031861797767514036,0.5242643460461834,0.0057252320803584,0,0.035962662807709815,positive,688
economic_inv,lntl,海南,浙江,0.0031790786846456224,0.0031790786846456224,0.5242643460461834,0.0057252320803584,0,0.035962662807709815,positive,689
economic_inv,lntl,吉林,河南,0.0031043373248586985,0.0031043373248586985,0.5242643460461834,0.0057252320803584,0,0.035962662807709815,positive,690
economic_inv,lntl,黑龙江,宁夏,0.0030610559984678566,0.0030610559984678566,0.5242643460461834,0.0057252320803584,0,0.035962662807709815,positive,691
economic_inv,lntl,宁夏,河南,0.0030441603612434264,0.0030441603612434264,0.5242643460461834,0.0057252320803584,0,0.035962662807709815,positive,692
economic_inv,lntl,河北,北京,0.00304330307109776,0.00304330307109776,0.5242643460461834,0.0057252320803584,0,0.035962662807709815,positive,693
economic_inv,lntl,云南,宁夏,0.0030307394798897145,0.0030307394798897145,0.5242643460461834,0.0057252320803584,0,0.035962662807709815,positive,694
economic_inv,lntl,天津,河南,0.003029755849556191,0.003029755849556191,0.5242643460461834,0.0057252320803584,0,0.035962662807709815,positive,695
economic_inv,lntl,陕西,浙江,0.0029504244936520625,0.0029504244936520625,0.5242643460461834,0.0057252320803584,0,0.035962662807709815,positive,696
economic_inv,lntl,四川,江苏,0.002946674167284417,0.002946674167284417,0.5242643460461834,0.0057252320803584,0,0.035962662807709815,positive,697
economic_inv,lntl,青海,浙江,0.002938983960872642,0.002938983960872642,0.5242643460461834,0.0057252320803584,0,0.035962662807709815,positive,698
economic_inv,lntl,甘肃,山东,0.002935941817701989,0.002935941817701989,0.5242643460461834,0.0057252320803584,0,0.035962662807709815,positive,699
economic_inv,lntl,黑龙江,青海,0.002919544533625129,0.002919544533625129,0.5242643460461834,0.0057252320803584,0,0.035962662807709815,positive,700
economic_inv,lntl,内蒙古,福建,0.002907755335830783,0.002907755335830783,0.5242643460461834,0.0057252320803584,0,0.035962662807709815,positive,701
economic_inv,lntl,云南,青海,0.002891891998099593,0.002891891998099593,0.5242643460461834,0.0057252320803584,0,0.035962662807709815,positive,702
economic_inv,lntl,福建,江苏,0.002848027605385339,0.002848027605385339,0.5242643460461834,0.0057252320803584,0,0.035962662807709815,positive,703
economic_inv,lntl,内蒙古,甘肃,0.0028442308331851737,0.0028442308331851737,0.5242643460461834,0.0057252320803584,0,0.035962662807709815,positive,704
economic_inv,lntl,广西,福建,0.0028093116081671613,0.0028093116081671613,0.5242643460461834,0.0057252320803584,0,0.035962662807709815,positive,705
economic_inv,lntl,广西,甘肃,0.002802666400800831,0.002802666400800831,0.5242643460461834,0.0057252320803584,0,0.035962662807709815,positive,706
economic_inv,lntl,四川,广东,0.002795831491809155,0.002795831491809155,0.5242643460461834,0.0057252320803584,0,0.035962662807709815,positive,707
economic_inv,lntl,河北,河南,0.002785064894169455,0.002785064894169455,0.5242643460461834,0.0057252320803584,0,0.035962662807709815,positive,708
economic_inv,lntl,云南,福建,0.0027670160290360984,0.0027670160290360984,0.5242643460461834,0.0057252320803584,0,0.035962662807709815,positive,709
economic_inv,lntl,黑龙江,福建,0.002744641154130896,0.002744641154130896,0.5242643460461834,0.0057252320803584,0,0.035962662807709815,positive,710
economic_inv,lntl,福建,广东,0.0027149408790639027,0.0027149408790639027,0.5242643460461834,0.0057252320803584,0,0.035962662807709815,positive,711
economic_inv,lntl,湖北,安徽,0.002688662672781616,0.002688662672781616,0.5242643460461834,0.0057252320803584,0,0.035962662807709815,positive,712
economic_inv,lntl,山西,浙江,0.00263121958796676,0.00263121958796676,0.5242643460461834,0.0057252320803584,0,0.035962662807709815,positive,713
economic_inv,lntl,新疆,山东,0.0025991487133907192,0.0025991487133907192,0.5242643460461834,0.0057252320803584,0,0.035962662807709815,positive,714
economic_inv,lntl,甘肃,江苏,0.0025929904449192593,0.0025929904449192593,0.5242643460461834,0.0057252320803584,0,0.035962662807709815,positive,715
economic_inv,lntl,宁夏,浙江,0.0025758485156763054,0.0025758485156763054,0.5242643460461834,0.0057252320803584,0,0.035962662807709815,positive,716
economic_inv,lntl,湖北,北京,0.0025563728499611174,0.0025563728499611174,0.5242643460461834,0.0057252320803584,0,0.035962662807709815,positive,717
economic_inv,lntl,甘肃,广东,0.0025090466355053363,0.0025090466355053363,0.5242643460461834,0.0057252320803584,0,0.035962662807709815,positive,718
economic_inv,lntl,吉林,浙江,0.0024653511886316747,0.0024653511886316747,0.5242643460461834,0.0057252320803584,0,0.035962662807709815,positive,719
economic_inv,lntl,江西,浙江,0.002417373383295639,0.002417373383295639,0.5242643460461834,0.0057252320803584,0,0.035962662807709815,positive,720
economic_inv,lntl,湖北,河南,0.002381903980489547,0.002381903980489547,0.5242643460461834,0.0057252320803584,0,0.035962662807709815,positive,721
economic_inv,lntl,重庆,河南,0.0023528627526758455,0.0023528627526758455,0.5242643460461834,0.0057252320803584,0,0.035962662807709815,positive,722
economic_inv,lntl,天津,浙江,0.002350753013461,0.002350753013461,0.5242643460461834,0.0057252320803584,0,0.035962662807709815,positive,723
economic_inv,lntl,内蒙古,河北,0.00229507036908198,0.00229507036908198,0.5242643460461834,0.0057252320803584,0,0.035962662807709815,positive,724
economic_inv,lntl,内蒙古,湖北,0.0022831953916490452,0.0022831953916490452,0.5242643460461834,0.0057252320803584,0,0.035962662807709815,positive,725
economic_inv,lntl,新疆,江苏,0.0022821510461084847,0.0022821510461084847,0.5242643460461834,0.0057252320803584,0,0.035962662807709815,positive,726
economic_inv,lntl,云南,河北,0.0022793958832236856,0.0022793958832236856,0.5242643460461834,0.0057252320803584,0,0.035962662807709815,positive,727
economic_inv,lntl,云南,湖北,0.002269523658557573,0.002269523658557573,0.5242643460461834,0.0057252320803584,0,0.035962662807709815,positive,728
economic_inv,lntl,湖南,陕西,0.002269245929769282,0.002269245929769282,0.5242643460461834,0.0057252320803584,0,0.035962662807709815,positive,729
economic_inv,lntl,内蒙古,湖南,0.0022664687794265908,0.0022664687794265908,0.5242643460461834,0.0057252320803584,0,0.035962662807709815,positive,730
economic_inv,lntl,黑龙江,河北,0.0022643749431146597,0.0022643749431146597,0.5242643460461834,0.0057252320803584,0,0.035962662807709815,positive,731
economic_inv,lntl,云南,湖南,0.002255589626038006,0.002255589626038006,0.5242643460461834,0.0057252320803584,0,0.035962662807709815,positive,732
economic_inv,lntl,黑龙江,湖北,0.002254636638102838,0.002254636638102838,0.5242643460461834,0.0057252320803584,0,0.035962662807709815,positive,733
economic_inv,lntl,黑龙江,湖南,0.002240890612442263,0.002240890612442263,0.5242643460461834,0.0057252320803584,0,0.035962662807709815,positive,734
economic_inv,lntl,广西,河北,0.0022219911769904774,0.0022219911769904774,0.5242643460461834,0.0057252320803584,0,0.035962662807709815,positive,735
economic_inv,lntl,内蒙古,海南,0.002213452671698803,0.002213452671698803,0.5242643460461834,0.0057252320803584,0,0.035962662807709815,positive,736
economic_inv,lntl,广西,湖北,0.002210583624009403,0.002210583624009403,0.5242643460461834,0.0057252320803584,0,0.035962662807709815,positive,737
economic_inv,lntl,新疆,广东,0.002205122363455924,0.002205122363455924,0.5242643460461834,0.0057252320803584,0,0.035962662807709815,positive,738
economic_inv,lntl,广西,湖南,0.002194513843322224,0.002194513843322224,0.5242643460461834,0.0057252320803584,0,0.035962662807709815,positive,739
economic_inv,lntl,广西,海南,0.002176352867761189,0.002176352867761189,0.5242643460461834,0.0057252320803584,0,0.035962662807709815,positive,740
economic_inv,lntl,湖南,江西,0.002166815085724055,0.002166815085724055,0.5242643460461834,0.0057252320803584,0,0.035962662807709815,positive,741
economic_inv,lntl,海南,山东,0.0021325307249663254,0.0021325307249663254,0.5242643460461834,0.0057252320803584,0,0.035962662807709815,positive,742
economic_inv,lntl,云南,四川,0.0020986162328518283,0.0020986162328518283,0.5242643460461834,0.0057252320803584,0,0.035962662807709815,positive,743
economic_inv,lntl,内蒙古,宁夏,0.0020961175976240646,0.0020961175976240646,0.5242643460461834,0.0057252320803584,0,0.035962662807709815,positive,744
economic_inv,lntl,黑龙江,四川,0.002085953278027576,0.002085953278027576,0.5242643460461834,0.0057252320803584,0,0.035962662807709815,positive,745
economic_inv,lntl,内蒙古,四川,0.0020807578889750775,0.0020807578889750775,0.5242643460461834,0.0057252320803584,0,0.035962662807709815,positive,746
economic_inv,lntl,辽宁,山东,0.0020627620626868202,0.0020627620626868202,0.5242643460461834,0.0057252320803584,0,0.035962662807709815,positive,747
economic_inv,lntl,广西,宁夏,0.0020601492948252803,0.0020601492948252803,0.5242643460461834,0.0057252320803584,0,0.035962662807709815,positive,748
economic_inv,lntl,贵州,山东,0.002051222442177916,0.002051222442177916,0.5242643460461834,0.0057252320803584,0,0.035962662807709815,positive,749
economic_inv,lntl,湖南,内蒙古,0.0020350754824646,0.0020350754824646,0.5242643460461834,0.0057252320803584,0,0.035962662807709815,positive,750
economic_inv,lntl,上海,山东,0.0020206852357632812,0.0020206852357632812,0.5242643460461834,0.0057252320803584,0,0.035962662807709815,positive,751
economic_inv,lntl,湖南,广西,0.002019382619417323,0.002019382619417323,0.5242643460461834,0.0057252320803584,0,0.035962662807709815,positive,752
economic_inv,lntl,内蒙古,青海,0.002016597773544726,0.002016597773544726,0.5242643460461834,0.0057252320803584,0,0.035962662807709815,positive,753
economic_inv,lntl,广西,四川,0.0020159726057888466,0.0020159726057888466,0.5242643460461834,0.0057252320803584,0,0.035962662807709815,positive,754
economic_inv,lntl,青海,山东,0.0019919987536261706,0.0019919987536261706,0.5242643460461834,0.0057252320803584,0,0.035962662807709815,positive,755
economic_inv,lntl,广西,青海,0.001981449832312801,0.001981449832312801,0.5242643460461834,0.0057252320803584,0,0.035962662807709815,positive,756
economic_inv,lntl,湖南,重庆,0.0019606947736468317,0.0019606947736468317,0.5242643460461834,0.0057252320803584,0,0.035962662807709815,positive,757
economic_inv,lntl,北京,山东,0.0019552298857740736,0.0019552298857740736,0.5242643460461834,0.0057252320803584,0,0.035962662807709815,positive,758
economic_inv,lntl,安徽,山东,0.0019372004729783809,0.0019372004729783809,0.5242643460461834,0.0057252320803584,0,0.035962662807709815,positive,759
economic_inv,lntl,湖南,浙江,0.0019023241646505494,0.0019023241646505494,0.5242643460461834,0.0057252320803584,0,0.035962662807709815,positive,760
economic_inv,lntl,海南,江苏,0.0018943222469899978,0.0018943222469899978,0.5242643460461834,0.0057252320803584,0,0.035962662807709815,positive,761
economic_inv,lntl,河北,陕西,0.001881672931892102,0.001881672931892102,0.5242643460461834,0.0057252320803584,0,0.035962662807709815,positive,762
economic_inv,lntl,湖南,天津,0.0018615240014030658,0.0018615240014030658,0.5242643460461834,0.0057252320803584,0,0.035962662807709815,positive,763
economic_inv,lntl,海南,广东,0.0018355957887977177,0.0018355957887977177,0.5242643460461834,0.0057252320803584,0,0.035962662807709815,positive,764
economic_inv,lntl,重庆,浙江,0.0018117258398259277,0.0018117258398259277,0.5242643460461834,0.0057252320803584,0,0.035962662807709815,positive,765
economic_inv,lntl,河北,江西,0.0017955944666734889,0.0017955944666734889,0.5242643460461834,0.0057252320803584,0,0.035962662807709815,positive,766
economic_inv,lntl,贵州,江苏,0.0017924817375969736,0.0017924817375969736,0.5242643460461834,0.0057252320803584,0,0.035962662807709815,positive,767
economic_inv,lntl,青海,江苏,0.0017736908760484997,0.0017736908760484997,0.5242643460461834,0.0057252320803584,0,0.035962662807709815,positive,768
economic_inv,lntl,宁夏,山东,0.0017382922085257269,0.0017382922085257269,0.5242643460461834,0.0057252320803584,0,0.035962662807709815,positive,769
economic_inv,lntl,贵州,广东,0.0017299805795374134,0.0017299805795374134,0.5242643460461834,0.0057252320803584,0,0.035962662807709815,positive,770
economic_inv,lntl,辽宁,江苏,0.0017244724767201652,0.0017244724767201652,0.5242643460461834,0.0057252320803584,0,0.035962662807709815,positive,771
economic_inv,lntl,青海,广东,0.0017197111481442985,0.0017197111481442985,0.5242643460461834,0.0057252320803584,0,0.035962662807709815,positive,772
economic_inv,lntl,湖南,云南,0.0017055235403099873,0.0017055235403099873,0.5242643460461834,0.0057252320803584,0,0.035962662807709815,positive,773
economic_inv,lntl,湖南,黑龙江,0.0016936208942632453,0.0016936208942632453,0.5242643460461834,0.0057252320803584,0,0.035962662807709815,positive,774
economic_inv,lntl,上海,江苏,0.0016918560820597633,0.0016918560820597633,0.5242643460461834,0.0057252320803584,0,0.035962662807709815,positive,775
economic_inv,lntl,河北,内蒙古,0.001685046941624515,0.001685046941624515,0.5242643460461834,0.0057252320803584,0,0.035962662807709815,positive,776
economic_inv,lntl,河北,广西,0.0016718905233694212,0.0016718905233694212,0.5242643460461834,0.0057252320803584,0,0.035962662807709815,positive,777
economic_inv,lntl,陕西,山东,0.0016649988123546488,0.0016649988123546488,0.5242643460461834,0.0057252320803584,0,0.035962662807709815,positive,778
economic_inv,lntl,北京,江苏,0.0016510001651774717,0.0016510001651774717,0.5242643460461834,0.0057252320803584,0,0.035962662807709815,positive,779
economic_inv,lntl,辽宁,广东,0.001647105478961807,0.001647105478961807,0.5242643460461834,0.0057252320803584,0,0.035962662807709815,positive,780
economic_inv,lntl,安徽,江苏,0.0016335638295231361,0.0016335638295231361,0.5242643460461834,0.0057252320803584,0,0.035962662807709815,positive,781
economic_inv,lntl,河北,重庆,0.0016227111047156606,0.0016227111047156606,0.5242643460461834,0.0057252320803584,0,0.035962662807709815,positive,782
economic_inv,lntl,上海,广东,0.001616512617838426,0.001616512617838426,0.5242643460461834,0.0057252320803584,0,0.035962662807709815,positive,783
economic_inv,lntl,山西,山东,0.0016136101740790493,0.0016136101740790493,0.5242643460461834,0.0057252320803584,0,0.035962662807709815,positive,784
economic_inv,lntl,湖北,陕西,0.0015862386708321516,0.0015862386708321516,0.5242643460461834,0.0057252320803584,0,0.035962662807709815,positive,785
economic_inv,lntl,湖南,吉林,0.0015833832610190248,0.0015833832610190248,0.5242643460461834,0.0057252320803584,0,0.035962662807709815,positive,786
economic_inv,lntl,北京,广东,0.0015805616657122564,0.0015805616657122564,0.5242643460461834,0.0057252320803584,0,0.035962662807709815,positive,787
economic_inv,lntl,安徽,广东,0.001563379699141871,0.001563379699141871,0.5242643460461834,0.0057252320803584,0,0.035962662807709815,positive,788
economic_inv,lntl,宁夏,江苏,0.0015462412630142797,0.0015462412630142797,0.5242643460461834,0.0057252320803584,0,0.035962662807709815,positive,789
economic_inv,lntl,河北,天津,0.001539688941382935,0.001539688941382935,0.5242643460461834,0.0057252320803584,0,0.035962662807709815,positive,790
economic_inv,lntl,河北,浙江,0.0015375872715933244,0.0015375872715933244,0.5242643460461834,0.0057252320803584,0,0.035962662807709815,positive,791
economic_inv,lntl,湖南,山西,0.0015213169315298836,0.0015213169315298836,0.5242643460461834,0.0057252320803584,0,0.035962662807709815,positive,792
economic_inv,lntl,湖北,江西,0.001514075004741031,0.001514075004741031,0.5242643460461834,0.0057252320803584,0,0.035962662807709815,positive,793
economic_inv,lntl,云南,河南,0.001513523446257545,0.001513523446257545,0.5242643460461834,0.0057252320803584,0,0.035962662807709815,positive,794
economic_inv,lntl,黑龙江,河南,0.0015071205802128684,0.0015071205802128684,0.5242643460461834,0.0057252320803584,0,0.035962662807709815,positive,795
economic_inv,lntl,吉林,山东,0.0014989826960380612,0.0014989826960380612,0.5242643460461834,0.0057252320803584,0,0.035962662807709815,positive,796
economic_inv,lntl,宁夏,广东,0.0014988131336738063,0.0014988131336738063,0.5242643460461834,0.0057252320803584,0,0.035962662807709815,positive,797
economic_inv,lntl,内蒙古,河南,0.0014299239368908221,0.0014299239368908221,0.5242643460461834,0.0057252320803584,0,0.035962662807709815,positive,798
economic_inv,lntl,陕西,江苏,0.0014274424943567763,0.0014274424943567763,0.5242643460461834,0.0057252320803584,0,0.035962662807709815,positive,799
economic_inv,lntl,湖南,贵州,0.001423428902595134,0.001423428902595134,0.5242643460461834,0.0057252320803584,0,0.035962662807709815,positive,800
economic_inv,lntl,湖北,内蒙古,0.0014213418085343992,0.0014213418085343992,0.5242643460461834,0.0057252320803584,0,0.035962662807709815,positive,801
economic_inv,lntl,湖北,广西,0.0014103013066281353,0.0014103013066281353,0.5242643460461834,0.0057252320803584,0,0.035962662807709815,positive,802
economic_inv,lntl,河北,云南,0.0014092972546163231,0.0014092972546163231,0.5242643460461834,0.0057252320803584,0,0.035962662807709815,positive,803
economic_inv,lntl,山西,江苏,0.0014059140925742363,0.0014059140925742363,0.5242643460461834,0.0057252320803584,0,0.035962662807709815,positive,804
economic_inv,lntl,河北,黑龙江,0.0013993588633620295,0.0013993588633620295,0.5242643460461834,0.0057252320803584,0,0.035962662807709815,positive,805
economic_inv,lntl,广西,河南,0.0013884791393335523,0.0013884791393335523,0.5242643460461834,0.0057252320803584,0,0.035962662807709815,positive,806
economic_inv,lntl,天津,山东,0.0013812359691930533,0.0013812359691930533,0.5242643460461834,0.0057252320803584,0,0.035962662807709815,positive,807
economic_inv,lntl,江西,山东,0.001376843030264319,0.001376843030264319,0.5242643460461834,0.0057252320803584,0,0.035962662807709815,positive,808
economic_inv,lntl,陕西,广东,0.0013714007209109063,0.0013714007209109063,0.5242643460461834,0.0057252320803584,0,0.035962662807709815,positive,809
economic_inv,lntl,湖北,重庆,0.0013690233992757722,0.0013690233992757722,0.5242643460461834,0.0057252320803584,0,0.035962662807709815,positive,810
economic_inv,lntl,山西,广东,0.0013559266724973407,0.0013559266724973407,0.5242643460461834,0.0057252320803584,0,0.035962662807709815,positive,811
economic_inv,lntl,湖北,浙江,0.0013099214338532473,0.0013099214338532473,0.5242643460461834,0.0057252320803584,0,0.035962662807709815,positive,812
economic_inv,lntl,河北,吉林,0.0013073829060817753,0.0013073829060817753,0.5242643460461834,0.0057252320803584,0,0.035962662807709815,positive,813
economic_inv,lntl,吉林,江苏,0.0013037690659256243,0.0013037690659256243,0.5242643460461834,0.0057252320803584,0,0.035962662807709815,positive,814
economic_inv,lntl,湖北,天津,0.0012993118608171427,0.0012993118608171427,0.5242643460461834,0.0057252320803584,0,0.035962662807709815,positive,815
economic_inv,lntl,湖南,新疆,0.0012821898228358394,0.0012821898228358394,0.5242643460461834,0.0057252320803584,0,0.035962662807709815,positive,816
economic_inv,lntl,吉林,广东,0.0012568872236884854,0.0012568872236884854,0.5242643460461834,0.0057252320803584,0,0.035962662807709815,positive,817
economic_inv,lntl,河北,山西,0.0012556534749114583,0.0012556534749114583,0.5242643460461834,0.0057252320803584,0,0.035962662807709815,positive,818
economic_inv,lntl,天津,江苏,0.0011932500184951157,0.0011932500184951157,0.5242643460461834,0.0057252320803584,0,0.035962662807709815,positive,819
economic_inv,lntl,湖北,云南,0.0011897535643608666,0.0011897535643608666,0.5242643460461834,0.0057252320803584,0,0.035962662807709815,positive,820
economic_inv,lntl,云南,浙江,0.0011893136856213633,0.0011893136856213633,0.5242643460461834,0.0057252320803584,0,0.035962662807709815,positive,821
economic_inv,lntl,黑龙江,浙江,0.0011854742752035136,0.0011854742752035136,0.5242643460461834,0.0057252320803584,0,0.035962662807709815,positive,822
economic_inv,lntl,江西,江苏,0.0011824274687505922,0.0011824274687505922,0.5242643460461834,0.0057252320803584,0,0.035962662807709815,positive,823
economic_inv,lntl,湖北,黑龙江,0.0011813994826590211,0.0011813994826590211,0.5242643460461834,0.0057252320803584,0,0.035962662807709815,positive,824
economic_inv,lntl,河北,贵州,0.0011741489210597878,0.0011741489210597878,0.5242643460461834,0.0057252320803584,0,0.035962662807709815,positive,825
economic_inv,lntl,天津,广东,0.0011484811394227201,0.0011484811394227201,0.5242643460461834,0.0057252320803584,0,0.035962662807709815,positive,826
economic_inv,lntl,江西,广东,0.001136465594993868,0.001136465594993868,0.5242643460461834,0.0057252320803584,0,0.035962662807709815,positive,827
economic_inv,lntl,湖南,甘肃,0.001132569877674145,0.001132569877674145,0.5242643460461834,0.0057252320803584,0,0.035962662807709815,positive,828
economic_inv,lntl,湖北,吉林,0.0011040614733312437,0.0011040614733312437,0.5242643460461834,0.0057252320803584,0,0.035962662807709815,positive,829
economic_inv,lntl,内蒙古,浙江,0.0010950268486685693,0.0010950268486685693,0.5242643460461834,0.0057252320803584,0,0.035962662807709815,positive,830
economic_inv,lntl,广西,浙江,0.0010645050595755516,0.0010645050595755516,0.5242643460461834,0.0057252320803584,0,0.035962662807709815,positive,831
economic_inv,lntl,湖北,山西,0.0010605455478646959,0.0010605455478646959,0.5242643460461834,0.0057252320803584,0,0.035962662807709815,positive,832
economic_inv,lntl,河北,新疆,0.0010567225314883164,0.0010567225314883164,0.5242643460461834,0.0057252320803584,0,0.035962662807709815,positive,833
economic_inv,lntl,重庆,山东,0.001053124206137506,0.001053124206137506,0.5242643460461834,0.0057252320803584,0,0.035962662807709815,positive,834
economic_inv,lntl,湖南,海南,0.001005496036685737,0.001005496036685737,0.5242643460461834,0.0057252320803584,0,0.035962662807709815,positive,835
economic_inv,lntl,湖北,贵州,0.000991954045918837,0.000991954045918837,0.5242643460461834,0.0057252320803584,0,0.035962662807709815,positive,836
economic_inv,lntl,湖南,宁夏,0.0009778047155071378,0.0009778047155071378,0.5242643460461834,0.0057252320803584,0,0.035962662807709815,positive,837
economic_inv,lntl,湖南,青海,0.0009581753251269302,0.0009581753251269302,0.5242643460461834,0.0057252320803584,0,0.035962662807709815,positive,838
economic_inv,lntl,河北,甘肃,0.0009325513874568368,0.0009325513874568368,0.5242643460461834,0.0057252320803584,0,0.035962662807709815,positive,839
economic_inv,lntl,重庆,江苏,0.0009079098598740336,0.0009079098598740336,0.5242643460461834,0.0057252320803584,0,0.035962662807709815,positive,840
economic_inv,lntl,湖北,新疆,0.0008930714493470264,0.0008930714493470264,0.5242643460461834,0.0057252320803584,0,0.035962662807709815,positive,841
economic_inv,lntl,重庆,广东,0.0008734156854314683,0.0008734156854314683,0.5242643460461834,0.0057252320803584,0,0.035962662807709815,positive,842
economic_inv,lntl,河北,海南,0.0008272712862149998,0.0008272712862149998,0.5242643460461834,0.0057252320803584,0,0.035962662807709815,positive,843
economic_inv,lntl,河北,宁夏,0.0008043510261782876,0.0008043510261782876,0.5242643460461834,0.0057252320803584,0,0.035962662807709815,positive,844
economic_inv,lntl,湖北,甘肃,0.0007884314701104107,0.0007884314701104107,0.5242643460461834,0.0057252320803584,0,0.035962662807709815,positive,845
economic_inv,lntl,河北,青海,0.000788108406860881,0.000788108406860881,0.5242643460461834,0.0057252320803584,0,0.035962662807709815,positive,846
economic_inv,lntl,湖南,山东,0.0007863364305177669,0.0007863364305177669,0.5242643460461834,0.0057252320803584,0,0.035962662807709815,positive,847
economic_inv,lntl,云南,山东,0.000711778477127851,0.000711778477127851,0.5242643460461834,0.0057252320803584,0,0.035962662807709815,positive,848
economic_inv,lntl,黑龙江,山东,0.0007105339707908968,0.0007105339707908968,0.5242643460461834,0.0057252320803584,0,0.035962662807709815,positive,849
economic_inv,lntl,湖北,海南,0.0006996484446139551,0.0006996484446139551,0.5242643460461834,0.0057252320803584,0,0.035962662807709815,positive,850
economic_inv,lntl,湖北,宁夏,0.0006803120910529576,0.0006803120910529576,0.5242643460461834,0.0057252320803584,0,0.035962662807709815,positive,851
economic_inv,lntl,湖北,青海,0.0006666075823689847,0.0006666075823689847,0.5242643460461834,0.0057252320803584,0,0.035962662807709815,positive,852
economic_inv,lntl,湖南,江苏,0.0006423850543293757,0.0006423850543293757,0.5242643460461834,0.0057252320803584,0,0.035962662807709815,positive,853
economic_inv,lntl,河北,山东,0.0006398930311762207,0.0006398930311762207,0.5242643460461834,0.0057252320803584,0,0.035962662807709815,positive,854
economic_inv,lntl,内蒙古,山东,0.0006316720226825681,0.0006316720226825681,0.5242643460461834,0.0057252320803584,0,0.035962662807709815,positive,855
economic_inv,lntl,云南,江苏,0.0006171266921444014,0.0006171266921444014,0.5242643460461834,0.0057252320803584,0,0.035962662807709815,positive,856
economic_inv,lntl,黑龙江,江苏,0.0006162290120396223,0.0006162290120396223,0.5242643460461834,0.0057252320803584,0,0.035962662807709815,positive,857
economic_inv,lntl,广西,山东,0.0006150388373061609,0.0006150388373061609,0.5242643460461834,0.0057252320803584,0,0.035962662807709815,positive,858
economic_inv,lntl,湖南,广东,0.0006103811210501102,0.0006103811210501102,0.5242643460461834,0.0057252320803584,0,0.035962662807709815,positive,859
economic_inv,lntl,云南,广东,0.0005944844567830869,0.0005944844567830869,0.5242643460461834,0.0057252320803584,0,0.035962662807709815,positive,860
economic_inv,lntl,黑龙江,广东,0.0005936615137843746,0.0005936615137843746,0.5242643460461834,0.0057252320803584,0,0.035962662807709815,positive,861
economic_inv,lntl,内蒙古,江苏,0.0005437785730172336,0.0005437785730172336,0.5242643460461834,0.0057252320803584,0,0.035962662807709815,positive,862
economic_inv,lntl,湖北,山东,0.0005436325467692778,0.0005436325467692778,0.5242643460461834,0.0057252320803584,0,0.035962662807709815,positive,863
economic_inv,lntl,广西,江苏,0.0005296190604361765,0.0005296190604361765,0.5242643460461834,0.0057252320803584,0,0.035962662807709815,positive,864
economic_inv,lntl,河北,江苏,0.0005232094522698013,0.0005232094522698013,0.5242643460461834,0.0057252320803584,0,0.035962662807709815,positive,865
economic_inv,lntl,内蒙古,广东,0.0005229379883130579,0.0005229379883130579,0.5242643460461834,0.0057252320803584,0,0.035962662807709815,positive,866
economic_inv,lntl,广西,广东,0.000509357475439567,0.000509357475439567,0.5242643460461834,0.0057252320803584,0,0.035962662807709815,positive,867
economic_inv,lntl,河北,广东,0.0004972399733951342,0.0004972399733951342,0.5242643460461834,0.0057252320803584,0,0.035962662807709815,positive,868
economic_inv,lntl,湖北,江苏,0.00044434158169317497,0.00044434158169317497,0.5242643460461834,0.0057252320803584,0,0.035962662807709815,positive,869
economic_inv,lntl,湖北,广东,0.0004222528049884024,0.0004222528049884024,0.5242643460461834,0.0057252320803584,0,0.035962662807709815,positive,870
economic_inv,open,河北,湖北,-0.1927769073752054,0.1927769073752054,-0.3119486008962438,0.2139877326408377,1,0.021398560539114365,negative,1
economic_inv,open,黑龙江,云南,-0.19105903288427986,0.19105903288427986,-0.3119486008962438,0.2139877326408377,1,0.021398560539114365,negative,2
economic_inv,open,云南,黑龙江,-0.19097015086123495,0.19097015086123495,-0.3119486008962438,0.2139877326408377,1,0.021398560539114365,negative,3
economic_inv,open,内蒙古,广西,-0.17353971870326995,0.17353971870326995,-0.3119486008962438,0.2139877326408377,1,0.021398560539114365,negative,4
economic_inv,open,广西,内蒙古,-0.16933603285143606,0.16933603285143606,-0.3119486008962438,0.2139877326408377,1,0.021398560539114365,negative,5
economic_inv,open,湖南,湖北,-0.16529066672053316,0.16529066672053316,-0.3119486008962438,0.2139877326408377,1,0.021398560539114365,negative,6
economic_inv,open,湖北,河北,-0.1634535896429875,0.1634535896429875,-0.3119486008962438,0.2139877326408377,1,0.021398560539114365,negative,7
economic_inv,open,北京,安徽,-0.13483338226805308,0.13483338226805308,-0.3119486008962438,0.2139877326408377,1,0.021398560539114365,negative,8
economic_inv,open,广东,江苏,-0.13293123677093097,0.13293123677093097,-0.3119486008962438,0.2139877326408377,1,0.021398560539114365,negative,9
economic_inv,open,安徽,北京,-0.13243739114499645,0.13243739114499645,-0.3119486008962438,0.2139877326408377,1,0.021398560539114365,negative,10
economic_inv,open,辽宁,上海,-0.13180624489823164,0.13180624489823164,-0.3119486008962438,0.2139877326408377,1,0.021398560539114365,negative,11
economic_inv,open,青海,宁夏,-0.1309883283801446,0.1309883283801446,-0.3119486008962438,0.2139877326408377,1,0.021398560539114365,negative,12
economic_inv,open,上海,辽宁,-0.13031997369604037,0.13031997369604037,-0.3119486008962438,0.2139877326408377,1,0.021398560539114365,negative,13
economic_inv,open,江苏,广东,-0.12670053014487803,0.12670053014487803,-0.3119486008962438,0.2139877326408377,1,0.021398560539114365,negative,14
economic_inv,open,湖北,湖南,-0.1145969349641608,0.1145969349641608,-0.3119486008962438,0.2139877326408377,1,0.021398560539114365,negative,15
economic_inv,open,宁夏,青海,-0.11327096631889141,0.11327096631889141,-0.3119486008962438,0.2139877326408377,1,0.021398560539114365,negative,16
economic_inv,open,海南,宁夏,-0.10209993630167252,0.10209993630167252,-0.3119486008962438,0.2139877326408377,1,0.021398560539114365,negative,17
economic_inv,open,湖南,河北,-0.09716706288587679,0.09716706288587679,-0.3119486008962438,0.2139877326408377,1,0.021398560539114365,negative,18
economic_inv,open,宁夏,海南,-0.08425915921629987,0.08425915921629987,-0.3119486008962438,0.2139877326408377,1,0.021398560539114365,negative,19
economic_inv,open,陕西,江西,-0.0814372956773409,0.0814372956773409,-0.3119486008962438,0.2139877326408377,1,0.021398560539114365,negative,20
economic_inv,open,河北,湖南,-0.07945190086687035,0.07945190086687035,-0.3119486008962438,0.2139877326408377,1,0.021398560539114365,negative,21
economic_inv,open,重庆,广西,-0.07532479450541527,0.07532479450541527,-0.3119486008962438,0.2139877326408377,1,0.021398560539114365,negative,22
economic_inv,open,山西,吉林,-0.07188255500025799,0.07188255500025799,-0.3119486008962438,0.2139877326408377,1,0.021398560539114365,negative,23
economic_inv,open,江西,陕西,-0.06816246629593231,0.06816246629593231,-0.3119486008962438,0.2139877326408377,1,0.021398560539114365,negative,24
economic_inv,open,吉林,山西,-0.06588424219671164,0.06588424219671164,-0.3119486008962438,0.2139877326408377,1,0.021398560539114365,negative,25
economic_inv,open,四川,湖南,-0.06048158103849052,0.06048158103849052,-0.3119486008962438,0.2139877326408377,1,0.021398560539114365,negative,26
economic_inv,open,重庆,内蒙古,-0.05989460696100266,0.05989460696100266,-0.3119486008962438,0.2139877326408377,1,0.021398560539114365,negative,27
economic_inv,open,海南,青海,-0.058547821071101784,0.058547821071101784,-0.3119486008962438,0.2139877326408377,1,0.021398560539114365,negative,28
economic_inv,open,四川,湖北,-0.05589370196969855,0.05589370196969855,-0.3119486008962438,0.2139877326408377,1,0.021398560539114365,negative,29
economic_inv,open,青海,海南,-0.05587485142610443,0.05587485142610443,-0.3119486008962438,0.2139877326408377,1,0.021398560539114365,negative,30
economic_inv,open,天津,重庆,-0.05471590506169479,0.05471590506169479,-0.3119486008962438,0.2139877326408377,1,0.021398560539114365,negative,31
economic_inv,open,贵州,山西,-0.053305663398500375,0.053305663398500375,-0.3119486008962438,0.2139877326408377,1,0.021398560539114365,negative,32
economic_inv,open,四川,河北,-0.053071249244567284,0.053071249244567284,-0.3119486008962438,0.2139877326408377,1,0.021398560539114365,negative,33
economic_inv,open,江西,内蒙古,-0.04752899739720852,0.04752899739720852,-0.3119486008962438,0.2139877326408377,1,0.021398560539114365,negative,34
economic_inv,open,山东,江苏,-0.046682391887851976,0.046682391887851976,-0.3119486008962438,0.2139877326408377,1,0.021398560539114365,negative,35
economic_inv,open,广西,重庆,-0.04362474148341421,0.04362474148341421,-0.3119486008962438,0.2139877326408377,1,0.021398560539114365,negative,36
economic_inv,open,江西,广西,-0.04214246798548782,0.04214246798548782,-0.3119486008962438,0.2139877326408377,1,0.021398560539114365,negative,37
economic_inv,open,吉林,黑龙江,-0.04129564380972655,0.04129564380972655,-0.3119486008962438,0.2139877326408377,1,0.021398560539114365,negative,38
economic_inv,open,重庆,天津,-0.04109154351448717,0.04109154351448717,-0.3119486008962438,0.2139877326408377,1,0.021398560539114365,negative,39
economic_inv,open,新疆,贵州,-0.041001277525842185,0.041001277525842185,-0.3119486008962438,0.2139877326408377,1,0.021398560539114365,negative,40
economic_inv,open,山西,贵州,-0.04097318406709967,0.04097318406709967,-0.3119486008962438,0.2139877326408377,1,0.021398560539114365,negative,41
economic_inv,open,福建,辽宁,-0.038855072542893485,0.038855072542893485,-0.3119486008962438,0.2139877326408377,1,0.021398560539114365,negative,42
economic_inv,open,吉林,云南,-0.03753329810818416,0.03753329810818416,-0.3119486008962438,0.2139877326408377,1,0.021398560539114365,negative,43
economic_inv,open,浙江,河南,-0.03667552579501074,0.03667552579501074,-0.3119486008962438,0.2139877326408377,1,0.021398560539114365,negative,44
economic_inv,open,甘肃,新疆,-0.03653325527875828,0.03653325527875828,-0.3119486008962438,0.2139877326408377,1,0.021398560539114365,negative,45
economic_inv,open,江苏,山东,-0.03628885551121555,0.03628885551121555,-0.3119486008962438,0.2139877326408377,1,0.021398560539114365,negative,46
economic_inv,open,山东,广东,-0.036288766761202844,0.036288766761202844,-0.3119486008962438,0.2139877326408377,1,0.021398560539114365,negative,47
economic_inv,open,内蒙古,重庆,-0.035549388797914645,0.035549388797914645,-0.3119486008962438,0.2139877326408377,1,0.021398560539114365,negative,48
economic_inv,open,天津,广西,-0.03540279977063966,0.03540279977063966,-0.3119486008962438,0.2139877326408377,1,0.021398560539114365,negative,49
economic_inv,open,贵州,吉林,-0.03395261342252699,0.03395261342252699,-0.3119486008962438,0.2139877326408377,1,0.021398560539114365,negative,50
economic_inv,open,甘肃,海南,-0.0337325943037503,0.0337325943037503,-0.3119486008962438,0.2139877326408377,1,0.021398560539114365,negative,51
economic_inv,open,陕西,内蒙古,-0.03345651347752387,0.03345651347752387,-0.3119486008962438,0.2139877326408377,1,0.021398560539114365,negative,52
economic_inv,open,福建,上海,-0.032753739481445845,0.032753739481445845,-0.3119486008962438,0.2139877326408377,1,0.021398560539114365,negative,53
economic_inv,open,天津,内蒙古,-0.03245185218720656,0.03245185218720656,-0.3119486008962438,0.2139877326408377,1,0.021398560539114365,negative,54
economic_inv,open,贵州,新疆,-0.03113728083111207,0.03113728083111207,-0.3119486008962438,0.2139877326408377,1,0.021398560539114365,negative,55
economic_inv,open,陕西,广西,-0.031113464218663824,0.031113464218663824,-0.3119486008962438,0.2139877326408377,1,0.021398560539114365,negative,56
economic_inv,open,新疆,甘肃,-0.030795836389151638,0.030795836389151638,-0.3119486008962438,0.2139877326408377,1,0.021398560539114365,negative,57
economic_inv,open,天津,云南,-0.030256530575479418,0.030256530575479418,-0.3119486008962438,0.2139877326408377,1,0.021398560539114365,negative,58
economic_inv,open,广东,山东,-0.02959654350921438,0.02959654350921438,-0.3119486008962438,0.2139877326408377,1,0.021398560539114365,negative,59
economic_inv,open,江西,重庆,-0.029267368926739482,0.029267368926739482,-0.3119486008962438,0.2139877326408377,1,0.021398560539114365,negative,60
economic_inv,open,天津,黑龙江,-0.027915458227194885,0.027915458227194885,-0.3119486008962438,0.2139877326408377,1,0.021398560539114365,negative,61
economic_inv,open,山西,黑龙江,-0.02769583452668701,0.02769583452668701,-0.3119486008962438,0.2139877326408377,1,0.021398560539114365,negative,62
economic_inv,open,福建,河北,-0.027596678077569926,0.027596678077569926,-0.3119486008962438,0.2139877326408377,1,0.021398560539114365,negative,63
economic_inv,open,甘肃,宁夏,-0.02693422337621936,0.02693422337621936,-0.3119486008962438,0.2139877326408377,1,0.021398560539114365,negative,64
economic_inv,open,福建,湖北,-0.02693189902187465,0.02693189902187465,-0.3119486008962438,0.2139877326408377,1,0.021398560539114365,negative,65
economic_inv,open,河南,浙江,-0.02685503741773044,0.02685503741773044,-0.3119486008962438,0.2139877326408377,1,0.021398560539114365,negative,66
economic_inv,open,安徽,上海,-0.026399667763769494,0.026399667763769494,-0.3119486008962438,0.2139877326408377,1,0.021398560539114365,negative,67
economic_inv,open,上海,安徽,-0.026335025224100934,0.026335025224100934,-0.3119486008962438,0.2139877326408377,1,0.021398560539114365,negative,68
economic_inv,open,河南,四川,-0.026258125210460018,0.026258125210460018,-0.3119486008962438,0.2139877326408377,1,0.021398560539114365,negative,69
economic_inv,open,山西,云南,-0.026088314976826125,0.026088314976826125,-0.3119486008962438,0.2139877326408377,1,0.021398560539114365,negative,70
economic_inv,open,福建,湖南,-0.026037281062043695,0.026037281062043695,-0.3119486008962438,0.2139877326408377,1,0.021398560539114365,negative,71
economic_inv,open,新疆,山西,-0.025882568622405403,0.025882568622405403,-0.3119486008962438,0.2139877326408377,1,0.021398560539114365,negative,72
economic_inv,open,海南,甘肃,-0.02577067951652992,0.02577067951652992,-0.3119486008962438,0.2139877326408377,1,0.021398560539114365,negative,73
economic_inv,open,辽宁,福建,-0.024552732372968226,0.024552732372968226,-0.3119486008962438,0.2139877326408377,1,0.021398560539114365,negative,74
economic_inv,open,陕西,重庆,-0.024463300913293514,0.024463300913293514,-0.3119486008962438,0.2139877326408377,1,0.021398560539114365,negative,75
economic_inv,open,吉林,贵州,-0.023919804211603255,0.023919804211603255,-0.3119486008962438,0.2139877326408377,1,0.021398560539114365,negative,76
economic_inv,open,甘肃,青海,-0.023422735008279287,0.023422735008279287,-0.3119486008962438,0.2139877326408377,1,0.021398560539114365,negative,77
economic_inv,open,重庆,江西,-0.023012752626895346,0.023012752626895346,-0.3119486008962438,0.2139877326408377,1,0.021398560539114365,negative,78
economic_inv,open,北京,上海,-0.022410113356392914,0.022410113356392914,-0.3119486008962438,0.2139877326408377,1,0.021398560539114365,negative,79
economic_inv,open,河南,湖南,-0.022252196211089575,0.022252196211089575,-0.3119486008962438,0.2139877326408377,1,0.021398560539114365,negative,80
economic_inv,open,内蒙古,江西,-0.022181349208554354,0.022181349208554354,-0.3119486008962438,0.2139877326408377,1,0.021398560539114365,negative,81
economic_inv,open,辽宁,安徽,-0.022157740308419282,0.022157740308419282,-0.3119486008962438,0.2139877326408377,1,0.021398560539114365,negative,82
economic_inv,open,河南,湖北,-0.02197699087677174,0.02197699087677174,-0.3119486008962438,0.2139877326408377,1,0.021398560539114365,negative,83
economic_inv,open,安徽,辽宁,-0.021961661180769095,0.021961661180769095,-0.3119486008962438,0.2139877326408377,1,0.021398560539114365,negative,84
economic_inv,open,上海,北京,-0.021957986759377743,0.021957986759377743,-0.3119486008962438,0.2139877326408377,1,0.021398560539114365,negative,85
economic_inv,open,河南,河北,-0.02178806943256395,0.02178806943256395,-0.3119486008962438,0.2139877326408377,1,0.021398560539114365,negative,86
economic_inv,open,贵州,黑龙江,-0.021499431083375,0.021499431083375,-0.3119486008962438,0.2139877326408377,1,0.021398560539114365,negative,87
economic_inv,open,新疆,吉林,-0.021387352700863182,0.021387352700863182,-0.3119486008962438,0.2139877326408377,0,0.021398560539114365,negative,88
economic_inv,open,甘肃,贵州,-0.02086309681445246,0.02086309681445246,-0.3119486008962438,0.2139877326408377,0,0.021398560539114365,negative,89
economic_inv,open,贵州,云南,-0.02073700941098386,0.02073700941098386,-0.3119486008962438,0.2139877326408377,0,0.021398560539114365,negative,90
economic_inv,open,上海,福建,-0.020463880570545837,0.020463880570545837,-0.3119486008962438,0.2139877326408377,0,0.021398560539114365,negative,91
economic_inv,open,天津,江西,-0.01964242123748441,0.01964242123748441,-0.3119486008962438,0.2139877326408377,0,0.021398560539114365,negative,92
economic_inv,open,广西,江西,-0.01919109536006061,0.01919109536006061,-0.3119486008962438,0.2139877326408377,0,0.021398560539114365,negative,93
economic_inv,open,北京,辽宁,-0.019178647877843187,0.019178647877843187,-0.3119486008962438,0.2139877326408377,0,0.021398560539114365,negative,94
economic_inv,open,黑龙江,吉林,-0.019151797666197404,0.019151797666197404,-0.3119486008962438,0.2139877326408377,0,0.021398560539114365,negative,95
economic_inv,open,辽宁,北京,-0.01900603194069032,0.01900603194069032,-0.3119486008962438,0.2139877326408377,0,0.021398560539114365,negative,96
economic_inv,open,江西,天津,-0.01876069836497757,0.01876069836497757,-0.3119486008962438,0.2139877326408377,0,0.021398560539114365,negative,97
economic_inv,open,福建,四川,-0.018535973799589392,0.018535973799589392,-0.3119486008962438,0.2139877326408377,0,0.021398560539114365,negative,98
economic_inv,open,福建,安徽,-0.018431425709233822,0.018431425709233822,-0.3119486008962438,0.2139877326408377,0,0.021398560539114365,negative,99
economic_inv,open,浙江,四川,-0.018131673973671592,0.018131673973671592,-0.3119486008962438,0.2139877326408377,0,0.021398560539114365,negative,100
economic_inv,open,吉林,天津,-0.01798961846338458,0.01798961846338458,-0.3119486008962438,0.2139877326408377,0,0.021398560539114365,negative,101
economic_inv,open,山东,浙江,-0.017831940093758117,0.017831940093758117,-0.3119486008962438,0.2139877326408377,0,0.021398560539114365,negative,102
economic_inv,open,陕西,天津,-0.017576678734860265,0.017576678734860265,-0.3119486008962438,0.2139877326408377,0,0.021398560539114365,negative,103
economic_inv,open,四川,福建,-0.017424665886089385,0.017424665886089385,-0.3119486008962438,0.2139877326408377,0,0.021398560539114365,negative,104
economic_inv,open,云南,吉林,-0.017398826121374937,0.017398826121374937,-0.3119486008962438,0.2139877326408377,0,0.021398560539114365,negative,105
economic_inv,open,青海,甘肃,-0.01707730663022148,0.01707730663022148,-0.3119486008962438,0.2139877326408377,0,0.021398560539114365,negative,106
economic_inv,open,宁夏,甘肃,-0.016981350833424856,0.016981350833424856,-0.3119486008962438,0.2139877326408377,0,0.021398560539114365,negative,107
economic_inv,open,福建,北京,-0.016953666189664908,0.016953666189664908,-0.3119486008962438,0.2139877326408377,0,0.021398560539114365,negative,108
economic_inv,open,新疆,黑龙江,-0.01674694540055949,0.01674694540055949,-0.3119486008962438,0.2139877326408377,0,0.021398560539114365,negative,109
economic_inv,open,甘肃,山西,-0.01668315272032596,0.01668315272032596,-0.3119486008962438,0.2139877326408377,0,0.021398560539114365,negative,110
economic_inv,open,浙江,湖南,-0.016618956838503503,0.016618956838503503,-0.3119486008962438,0.2139877326408377,0,0.021398560539114365,negative,111
economic_inv,open,浙江,湖北,-0.016505922935185855,0.016505922935185855,-0.3119486008962438,0.2139877326408377,0,0.021398560539114365,negative,112
economic_inv,open,浙江,河北,-0.01642758767356694,0.01642758767356694,-0.3119486008962438,0.2139877326408377,0,0.021398560539114365,negative,113
economic_inv,open,新疆,云南,-0.016390467685386583,0.016390467685386583,-0.3119486008962438,0.2139877326408377,0,0.021398560539114365,negative,114
economic_inv,open,河南,福建,-0.01616014813361488,0.01616014813361488,-0.3119486008962438,0.2139877326408377,0,0.021398560539114365,negative,115
economic_inv,open,重庆,陕西,-0.0160998524910001,0.0160998524910001,-0.3119486008962438,0.2139877326408377,0,0.021398560539114365,negative,116
economic_inv,open,云南,天津,-0.0160153179607466,0.0160153179607466,-0.3119486008962438,0.2139877326408377,0,0.021398560539114365,negative,117
economic_inv,open,天津,吉林,-0.015754649085875705,0.015754649085875705,-0.3119486008962438,0.2139877326408377,0,0.021398560539114365,negative,118
economic_inv,open,山西,天津,-0.015417672782086885,0.015417672782086885,-0.3119486008962438,0.2139877326408377,0,0.021398560539114365,negative,119
economic_inv,open,天津,陕西,-0.015402981251241961,0.015402981251241961,-0.3119486008962438,0.2139877326408377,0,0.021398560539114365,negative,120
economic_inv,open,广西,天津,-0.015398250739233808,0.015398250739233808,-0.3119486008962438,0.2139877326408377,0,0.021398560539114365,negative,121
economic_inv,open,山西,新疆,-0.015108349791463678,0.015108349791463678,-0.3119486008962438,0.2139877326408377,0,0.021398560539114365,negative,122
economic_inv,open,甘肃,吉林,-0.014973205539610152,0.014973205539610152,-0.3119486008962438,0.2139877326408377,0,0.021398560539114365,negative,123
economic_inv,open,新疆,海南,-0.014784186931948362,0.014784186931948362,-0.3119486008962438,0.2139877326408377,0,0.021398560539114365,negative,124
economic_inv,open,黑龙江,天津,-0.014783024037044215,0.014783024037044215,-0.3119486008962438,0.2139877326408377,0,0.021398560539114365,negative,125
economic_inv,open,重庆,云南,-0.014631657118177623,0.014631657118177623,-0.3119486008962438,0.2139877326408377,0,0.021398560539114365,negative,126
economic_inv,open,贵州,天津,-0.014574158323366435,0.014574158323366435,-0.3119486008962438,0.2139877326408377,0,0.021398560539114365,negative,127
economic_inv,open,内蒙古,天津,-0.014465144475998304,0.014465144475998304,-0.3119486008962438,0.2139877326408377,0,0.021398560539114365,negative,128
economic_inv,open,吉林,重庆,-0.013967795029361936,0.013967795029361936,-0.3119486008962438,0.2139877326408377,0,0.021398560539114365,negative,129
economic_inv,open,重庆,黑龙江,-0.013882008244972233,0.013882008244972233,-0.3119486008962438,0.2139877326408377,0,0.021398560539114365,negative,130
economic_inv,open,浙江,福建,-0.013778434804568146,0.013778434804568146,-0.3119486008962438,0.2139877326408377,0,0.021398560539114365,negative,131
economic_inv,open,河南,辽宁,-0.013655016370599895,0.013655016370599895,-0.3119486008962438,0.2139877326408377,0,0.021398560539114365,negative,132
economic_inv,open,湖南,四川,-0.01356742465411852,0.01356742465411852,-0.3119486008962438,0.2139877326408377,0,0.021398560539114365,negative,133
economic_inv,open,山东,河南,-0.013516382928854941,0.013516382928854941,-0.3119486008962438,0.2139877326408377,0,0.021398560539114365,negative,134
economic_inv,open,海南,新疆,-0.013398924500001578,0.013398924500001578,-0.3119486008962438,0.2139877326408377,0,0.021398560539114365,negative,135
economic_inv,open,贵州,甘肃,-0.013355670636194332,0.013355670636194332,-0.3119486008962438,0.2139877326408377,0,0.021398560539114365,negative,136
economic_inv,open,河南,上海,-0.013271770107447076,0.013271770107447076,-0.3119486008962438,0.2139877326408377,0,0.021398560539114365,negative,137
economic_inv,open,新疆,天津,-0.013072419533814241,0.013072419533814241,-0.3119486008962438,0.2139877326408377,0,0.021398560539114365,negative,138
economic_inv,open,新疆,宁夏,-0.01306908599398173,0.01306908599398173,-0.3119486008962438,0.2139877326408377,0,0.021398560539114365,negative,139
economic_inv,open,内蒙古,陕西,-0.01306868648353032,0.01306868648353032,-0.3119486008962438,0.2139877326408377,0,0.021398560539114365,negative,140
economic_inv,open,甘肃,黑龙江,-0.012868839567791416,0.012868839567791416,-0.3119486008962438,0.2139877326408377,0,0.021398560539114365,negative,141
economic_inv,open,甘肃,云南,-0.012690062335509397,0.012690062335509397,-0.3119486008962438,0.2139877326408377,0,0.021398560539114365,negative,142
economic_inv,open,山西,重庆,-0.012573765545741248,0.012573765545741248,-0.3119486008962438,0.2139877326408377,0,0.021398560539114365,negative,143
economic_inv,open,贵州,重庆,-0.012517107298904219,0.012517107298904219,-0.3119486008962438,0.2139877326408377,0,0.021398560539114365,negative,144
economic_inv,open,吉林,广西,-0.01244946483152024,0.01244946483152024,-0.3119486008962438,0.2139877326408377,0,0.021398560539114365,negative,145
economic_inv,open,天津,山西,-0.012375525675447035,0.012375525675447035,-0.3119486008962438,0.2139877326408377,0,0.021398560539114365,negative,146
economic_inv,open,浙江,辽宁,-0.01236248432914982,0.01236248432914982,-0.3119486008962438,0.2139877326408377,0,0.021398560539114365,negative,147
economic_inv,open,浙江,上海,-0.012130273424212388,0.012130273424212388,-0.3119486008962438,0.2139877326408377,0,0.021398560539114365,negative,148
economic_inv,open,吉林,内蒙古,-0.012110325866024852,0.012110325866024852,-0.3119486008962438,0.2139877326408377,0,0.021398560539114365,negative,149
economic_inv,open,新疆,青海,-0.01203086983716201,0.01203086983716201,-0.3119486008962438,0.2139877326408377,0,0.021398560539114365,negative,150
economic_inv,open,广西,陕西,-0.011859055981346872,0.011859055981346872,-0.3119486008962438,0.2139877326408377,0,0.021398560539114365,negative,151
economic_inv,open,四川,辽宁,-0.011796903875904149,0.011796903875904149,-0.3119486008962438,0.2139877326408377,0,0.021398560539114365,negative,152
economic_inv,open,黑龙江,山西,-0.011772746948679044,0.011772746948679044,-0.3119486008962438,0.2139877326408377,0,0.021398560539114365,negative,153
economic_inv,open,新疆,重庆,-0.01175637575435227,0.01175637575435227,-0.3119486008962438,0.2139877326408377,0,0.021398560539114365,negative,154
economic_inv,open,浙江,山东,-0.011709887841619247,0.011709887841619247,-0.3119486008962438,0.2139877326408377,0,0.021398560539114365,negative,155
economic_inv,open,河南,安徽,-0.011653276462176267,0.011653276462176267,-0.3119486008962438,0.2139877326408377,0,0.021398560539114365,negative,156
economic_inv,open,陕西,云南,-0.011647284350627044,0.011647284350627044,-0.3119486008962438,0.2139877326408377,0,0.021398560539114365,negative,157
economic_inv,open,贵州,广西,-0.011622226067855929,0.011622226067855929,-0.3119486008962438,0.2139877326408377,0,0.021398560539114365,negative,158
economic_inv,open,安徽,福建,-0.011543852127449482,0.011543852127449482,-0.3119486008962438,0.2139877326408377,0,0.021398560539114365,negative,159
economic_inv,open,吉林,新疆,-0.011442600571134921,0.011442600571134921,-0.3119486008962438,0.2139877326408377,0,0.021398560539114365,negative,160
economic_inv,open,山西,广西,-0.011424192399738253,0.011424192399738253,-0.3119486008962438,0.2139877326408377,0,0.021398560539114365,negative,161
economic_inv,open,贵州,内蒙古,-0.01141203797110691,0.01141203797110691,-0.3119486008962438,0.2139877326408377,0,0.021398560539114365,negative,162
economic_inv,open,河南,北京,-0.011376717978791246,0.011376717978791246,-0.3119486008962438,0.2139877326408377,0,0.021398560539114365,negative,163
economic_inv,open,江西,云南,-0.011375662675740163,0.011375662675740163,-0.3119486008962438,0.2139877326408377,0,0.021398560539114365,negative,164
economic_inv,open,陕西,黑龙江,-0.011326840184075947,0.011326840184075947,-0.3119486008962438,0.2139877326408377,0,0.021398560539114365,negative,165
economic_inv,open,山西,内蒙古,-0.011161305033900582,0.011161305033900582,-0.3119486008962438,0.2139877326408377,0,0.021398560539114365,negative,166
economic_inv,open,新疆,广西,-0.011144331425575207,0.011144331425575207,-0.3119486008962438,0.2139877326408377,0,0.021398560539114365,negative,167
economic_inv,open,四川,上海,-0.011127435317432228,0.011127435317432228,-0.3119486008962438,0.2139877326408377,0,0.021398560539114365,negative,168
economic_inv,open,浙江,安徽,-0.01109864334278112,0.01109864334278112,-0.3119486008962438,0.2139877326408377,0,0.021398560539114365,negative,169
economic_inv,open,云南,山西,-0.011084275169759742,0.011084275169759742,-0.3119486008962438,0.2139877326408377,0,0.021398560539114365,negative,170
economic_inv,open,江西,黑龙江,-0.01101212874534292,0.01101212874534292,-0.3119486008962438,0.2139877326408377,0,0.021398560539114365,negative,171
economic_inv,open,新疆,内蒙古,-0.01099684199796424,0.01099684199796424,-0.3119486008962438,0.2139877326408377,0,0.021398560539114365,negative,172
economic_inv,open,浙江,北京,-0.010913626888596812,0.010913626888596812,-0.3119486008962438,0.2139877326408377,0,0.021398560539114365,negative,173
economic_inv,open,四川,河南,-0.010888135135562905,0.010888135135562905,-0.3119486008962438,0.2139877326408377,0,0.021398560539114365,negative,174
economic_inv,open,甘肃,天津,-0.01088664296977415,0.01088664296977415,-0.3119486008962438,0.2139877326408377,0,0.021398560539114365,negative,175
economic_inv,open,北京,陕西,-0.010847365490449214,0.010847365490449214,-0.3119486008962438,0.2139877326408377,0,0.021398560539114365,negative,176
economic_inv,open,山东,四川,-0.010834651554074967,0.010834651554074967,-0.3119486008962438,0.2139877326408377,0,0.021398560539114365,negative,177
economic_inv,open,北京,福建,-0.01081041246324825,0.01081041246324825,-0.3119486008962438,0.2139877326408377,0,0.021398560539114365,negative,178
economic_inv,open,山东,湖南,-0.010461007009328633,0.010461007009328633,-0.3119486008962438,0.2139877326408377,0,0.021398560539114365,negative,179
economic_inv,open,山东,湖北,-0.01043147869471748,0.01043147869471748,-0.3119486008962438,0.2139877326408377,0,0.021398560539114365,negative,180
economic_inv,open,山东,河北,-0.010410875670843442,0.010410875670843442,-0.3119486008962438,0.2139877326408377,0,0.021398560539114365,negative,181
economic_inv,open,青海,新疆,-0.01040579264238193,0.01040579264238193,-0.3119486008962438,0.2139877326408377,0,0.021398560539114365,negative,182
economic_inv,open,云南,重庆,-0.010312669167383244,0.010312669167383244,-0.3119486008962438,0.2139877326408377,0,0.021398560539114365,negative,183
economic_inv,open,陕西,北京,-0.010227910820597015,0.010227910820597015,-0.3119486008962438,0.2139877326408377,0,0.021398560539114365,negative,184
economic_inv,open,辽宁,河北,-0.01019647857121958,0.01019647857121958,-0.3119486008962438,0.2139877326408377,0,0.021398560539114365,negative,185
economic_inv,open,甘肃,重庆,-0.01009345119681559,0.01009345119681559,-0.3119486008962438,0.2139877326408377,0,0.021398560539114365,negative,186
economic_inv,open,辽宁,湖北,-0.010051408253818221,0.010051408253818221,-0.3119486008962438,0.2139877326408377,0,0.021398560539114365,negative,187
economic_inv,open,江苏,浙江,-0.010030340199936386,0.010030340199936386,-0.3119486008962438,0.2139877326408377,0,0.021398560539114365,negative,188
economic_inv,open,贵州,江西,-0.009997481362274269,0.009997481362274269,-0.3119486008962438,0.2139877326408377,0,0.021398560539114365,negative,189
economic_inv,open,吉林,江西,-0.009982737569276333,0.009982737569276333,-0.3119486008962438,0.2139877326408377,0,0.021398560539114365,negative,190
economic_inv,open,新疆,江西,-0.00996503896065266,0.00996503896065266,-0.3119486008962438,0.2139877326408377,0,0.021398560539114365,negative,191
economic_inv,open,安徽,陕西,-0.009861267246742893,0.009861267246742893,-0.3119486008962438,0.2139877326408377,0,0.021398560539114365,negative,192
economic_inv,open,辽宁,湖南,-0.009851490323927393,0.009851490323927393,-0.3119486008962438,0.2139877326408377,0,0.021398560539114365,negative,193
economic_inv,open,海南,贵州,-0.009847959989432348,0.009847959989432348,-0.3119486008962438,0.2139877326408377,0,0.021398560539114365,negative,194
economic_inv,open,黑龙江,重庆,-0.009788856283391918,0.009788856283391918,-0.3119486008962438,0.2139877326408377,0,0.021398560539114365,negative,195
economic_inv,open,宁夏,新疆,-0.00977483331815246,0.00977483331815246,-0.3119486008962438,0.2139877326408377,0,0.021398560539114365,negative,196
economic_inv,open,广东,浙江,-0.009751605651658984,0.009751605651658984,-0.3119486008962438,0.2139877326408377,0,0.021398560539114365,negative,197
economic_inv,open,河北,四川,-0.009734615679225194,0.009734615679225194,-0.3119486008962438,0.2139877326408377,0,0.021398560539114365,negative,198
economic_inv,open,甘肃,广西,-0.009707607911353245,0.009707607911353245,-0.3119486008962438,0.2139877326408377,0,0.021398560539114365,negative,199
economic_inv,open,山东,福建,-0.009639560336370855,0.009639560336370855,-0.3119486008962438,0.2139877326408377,0,0.021398560539114365,negative,200
economic_inv,open,北京,江西,-0.009637027444933693,0.009637027444933693,-0.3119486008962438,0.2139877326408377,0,0.021398560539114365,negative,201
economic_inv,open,甘肃,内蒙古,-0.009612938234073401,0.009612938234073401,-0.3119486008962438,0.2139877326408377,0,0.021398560539114365,negative,202
economic_inv,open,陕西,安徽,-0.009466342194809185,0.009466342194809185,-0.3119486008962438,0.2139877326408377,0,0.021398560539114365,negative,203
economic_inv,open,山西,江西,-0.009458458536114935,0.009458458536114935,-0.3119486008962438,0.2139877326408377,0,0.021398560539114365,negative,204
economic_inv,open,上海,河北,-0.009357600944037018,0.009357600944037018,-0.3119486008962438,0.2139877326408377,0,0.021398560539114365,negative,205
economic_inv,open,新疆,陕西,-0.009353113691669798,0.009353113691669798,-0.3119486008962438,0.2139877326408377,0,0.021398560539114365,negative,206
economic_inv,open,上海,湖北,-0.009233899124509564,0.009233899124509564,-0.3119486008962438,0.2139877326408377,0,0.021398560539114365,negative,207
economic_inv,open,贵州,陕西,-0.0092021303096378,0.0092021303096378,-0.3119486008962438,0.2139877326408377,0,0.021398560539114365,negative,208
economic_inv,open,重庆,吉林,-0.009186572410260477,0.009186572410260477,-0.3119486008962438,0.2139877326408377,0,0.021398560539114365,negative,209
economic_inv,open,山东,辽宁,-0.009157679949594275,0.009157679949594275,-0.3119486008962438,0.2139877326408377,0,0.021398560539114365,negative,210
economic_inv,open,山东,上海,-0.009073189841692789,0.009073189841692789,-0.3119486008962438,0.2139877326408377,0,0.021398560539114365,negative,211
economic_inv,open,上海,湖南,-0.009063013451878084,0.009063013451878084,-0.3119486008962438,0.2139877326408377,0,0.021398560539114365,negative,212
economic_inv,open,浙江,陕西,-0.009040361137220778,0.009040361137220778,-0.3119486008962438,0.2139877326408377,0,0.021398560539114365,negative,213
economic_inv,open,天津,贵州,-0.008991966424334318,0.008991966424334318,-0.3119486008962438,0.2139877326408377,0,0.021398560539114365,negative,214
economic_inv,open,甘肃,江西,-0.00893148905876154,0.00893148905876154,-0.3119486008962438,0.2139877326408377,0,0.021398560539114365,negative,215
economic_inv,open,吉林,陕西,-0.008893287227250586,0.008893287227250586,-0.3119486008962438,0.2139877326408377,0,0.021398560539114365,negative,216
economic_inv,open,陕西,吉林,-0.008887531001771589,0.008887531001771589,-0.3119486008962438,0.2139877326408377,0,0.021398560539114365,negative,217
economic_inv,open,浙江,江西,-0.00884958812440524,0.00884958812440524,-0.3119486008962438,0.2139877326408377,0,0.021398560539114365,negative,218
economic_inv,open,安徽,江西,-0.00883435421644249,0.00883435421644249,-0.3119486008962438,0.2139877326408377,0,0.021398560539114365,negative,219
economic_inv,open,河南,陕西,-0.008785156144941398,0.008785156144941398,-0.3119486008962438,0.2139877326408377,0,0.021398560539114365,negative,220
economic_inv,open,湖北,四川,-0.008692842849711275,0.008692842849711275,-0.3119486008962438,0.2139877326408377,0,0.021398560539114365,negative,221
economic_inv,open,四川,安徽,-0.00868769345571968,0.00868769345571968,-0.3119486008962438,0.2139877326408377,0,0.021398560539114365,negative,222
economic_inv,open,山东,安徽,-0.008677031484860312,0.008677031484860312,-0.3119486008962438,0.2139877326408377,0,0.021398560539114365,negative,223
economic_inv,open,云南,广西,-0.008635285983554513,0.008635285983554513,-0.3119486008962438,0.2139877326408377,0,0.021398560539114365,negative,224
economic_inv,open,山东,北京,-0.008602162095669543,0.008602162095669543,-0.3119486008962438,0.2139877326408377,0,0.021398560539114365,negative,225
economic_inv,open,浙江,内蒙古,-0.008589636470089007,0.008589636470089007,-0.3119486008962438,0.2139877326408377,0,0.021398560539114365,negative,226
economic_inv,open,浙江,广西,-0.008557506830663612,0.008557506830663612,-0.3119486008962438,0.2139877326408377,0,0.021398560539114365,negative,227
economic_inv,open,山西,陕西,-0.00854898808733796,0.00854898808733796,-0.3119486008962438,0.2139877326408377,0,0.021398560539114365,negative,228
economic_inv,open,河南,江西,-0.00854080904750425,0.00854080904750425,-0.3119486008962438,0.2139877326408377,0,0.021398560539114365,negative,229
economic_inv,open,海南,山西,-0.008527815364425706,0.008527815364425706,-0.3119486008962438,0.2139877326408377,0,0.021398560539114365,negative,230
economic_inv,open,甘肃,陕西,-0.008510800144491664,0.008510800144491664,-0.3119486008962438,0.2139877326408377,0,0.021398560539114365,negative,231
economic_inv,open,福建,陕西,-0.008491296473515663,0.008491296473515663,-0.3119486008962438,0.2139877326408377,0,0.021398560539114365,negative,232
economic_inv,open,浙江,江苏,-0.008473242400482545,0.008473242400482545,-0.3119486008962438,0.2139877326408377,0,0.021398560539114365,negative,233
economic_inv,open,浙江,重庆,-0.008435035483175172,0.008435035483175172,-0.3119486008962438,0.2139877326408377,0,0.021398560539114365,negative,234
economic_inv,open,江西,吉林,-0.008350075773108217,0.008350075773108217,-0.3119486008962438,0.2139877326408377,0,0.021398560539114365,negative,235
economic_inv,open,四川,北京,-0.008323893085100929,0.008323893085100929,-0.3119486008962438,0.2139877326408377,0,0.021398560539114365,negative,236
economic_inv,open,北京,内蒙古,-0.008307652797483822,0.008307652797483822,-0.3119486008962438,0.2139877326408377,0,0.021398560539114365,negative,237
economic_inv,open,云南,内蒙古,-0.008287994496048478,0.008287994496048478,-0.3119486008962438,0.2139877326408377,0,0.021398560539114365,negative,238
economic_inv,open,黑龙江,广西,-0.008265553357546605,0.008265553357546605,-0.3119486008962438,0.2139877326408377,0,0.021398560539114365,negative,239
economic_inv,open,贵州,海南,-0.008251959266341126,0.008251959266341126,-0.3119486008962438,0.2139877326408377,0,0.021398560539114365,negative,240
economic_inv,open,浙江,天津,-0.00821940356472796,0.00821940356472796,-0.3119486008962438,0.2139877326408377,0,0.021398560539114365,negative,241
economic_inv,open,河南,内蒙古,-0.00821319938066718,0.00821319938066718,-0.3119486008962438,0.2139877326408377,0,0.021398560539114365,negative,242
economic_inv,open,山西,甘肃,-0.008209021905134877,0.008209021905134877,-0.3119486008962438,0.2139877326408377,0,0.021398560539114365,negative,243
economic_inv,open,河南,广西,-0.008173127930219494,0.008173127930219494,-0.3119486008962438,0.2139877326408377,0,0.021398560539114365,negative,244
economic_inv,open,北京,广西,-0.008163712932466462,0.008163712932466462,-0.3119486008962438,0.2139877326408377,0,0.021398560539114365,negative,245
economic_inv,open,江苏,河南,-0.008147907804320304,0.008147907804320304,-0.3119486008962438,0.2139877326408377,0,0.021398560539114365,negative,246
economic_inv,open,青海,贵州,-0.008045135134474591,0.008045135134474591,-0.3119486008962438,0.2139877326408377,0,0.021398560539114365,negative,247
economic_inv,open,广东,河南,-0.008032065317151617,0.008032065317151617,-0.3119486008962438,0.2139877326408377,0,0.021398560539114365,negative,248
economic_inv,open,河南,重庆,-0.008021220276958492,0.008021220276958492,-0.3119486008962438,0.2139877326408377,0,0.021398560539114365,negative,249
economic_inv,open,福建,江西,-0.007990386429583612,0.007990386429583612,-0.3119486008962438,0.2139877326408377,0,0.021398560539114365,negative,250
economic_inv,open,黑龙江,内蒙古,-0.007946958505137583,0.007946958505137583,-0.3119486008962438,0.2139877326408377,0,0.021398560539114365,negative,251
economic_inv,open,辽宁,四川,-0.007929961779366971,0.007929961779366971,-0.3119486008962438,0.2139877326408377,0,0.021398560539114365,negative,252
economic_inv,open,海南,吉林,-0.007922458568334513,0.007922458568334513,-0.3119486008962438,0.2139877326408377,0,0.021398560539114365,negative,253
economic_inv,open,浙江,云南,-0.007856213571457667,0.007856213571457667,-0.3119486008962438,0.2139877326408377,0,0.021398560539114365,negative,254
economic_inv,open,浙江,广东,-0.007851659990752949,0.007851659990752949,-0.3119486008962438,0.2139877326408377,0,0.021398560539114365,negative,255
economic_inv,open,陕西,山西,-0.007830537456402553,0.007830537456402553,-0.3119486008962438,0.2139877326408377,0,0.021398560539114365,negative,256
economic_inv,open,浙江,黑龙江,-0.007827208725778068,0.007827208725778068,-0.3119486008962438,0.2139877326408377,0,0.021398560539114365,negative,257
economic_inv,open,山东,陕西,-0.007768927418136052,0.007768927418136052,-0.3119486008962438,0.2139877326408377,0,0.021398560539114365,negative,258
economic_inv,open,河南,天津,-0.0077569385067965185,0.0077569385067965185,-0.3119486008962438,0.2139877326408377,0,0.021398560539114365,negative,259
economic_inv,open,安徽,内蒙古,-0.0076864322137490185,0.0076864322137490185,-0.3119486008962438,0.2139877326408377,0,0.021398560539114365,negative,260
economic_inv,open,山东,江西,-0.007675551923094164,0.007675551923094164,-0.3119486008962438,0.2139877326408377,0,0.021398560539114365,negative,261
economic_inv,open,北京,重庆,-0.0076492677207383375,0.0076492677207383375,-0.3119486008962438,0.2139877326408377,0,0.021398560539114365,negative,262
economic_inv,open,江西,北京,-0.0076054988934391625,0.0076054988934391625,-0.3119486008962438,0.2139877326408377,0,0.021398560539114365,negative,263
economic_inv,open,重庆,山西,-0.0075796483428679385,0.0075796483428679385,-0.3119486008962438,0.2139877326408377,0,0.021398560539114365,negative,264
economic_inv,open,安徽,广西,-0.007560858780496848,0.007560858780496848,-0.3119486008962438,0.2139877326408377,0,0.021398560539114365,negative,265
economic_inv,open,浙江,吉林,-0.007549164304468089,0.007549164304468089,-0.3119486008962438,0.2139877326408377,0,0.021398560539114365,negative,266
economic_inv,open,山东,内蒙古,-0.0075454912445136755,0.0075454912445136755,-0.3119486008962438,0.2139877326408377,0,0.021398560539114365,negative,267
economic_inv,open,山东,广西,-0.00752918426979699,0.00752918426979699,-0.3119486008962438,0.2139877326408377,0,0.021398560539114365,negative,268
economic_inv,open,贵州,宁夏,-0.007526041519054893,0.007526041519054893,-0.3119486008962438,0.2139877326408377,0,0.021398560539114365,negative,269
economic_inv,open,山东,重庆,-0.00746654851942648,0.00746654851942648,-0.3119486008962438,0.2139877326408377,0,0.021398560539114365,negative,270
economic_inv,open,宁夏,贵州,-0.007412205643845945,0.007412205643845945,-0.3119486008962438,0.2139877326408377,0,0.021398560539114365,negative,271
economic_inv,open,上海,四川,-0.007395595136499298,0.007395595136499298,-0.3119486008962438,0.2139877326408377,0,0.021398560539114365,negative,272
economic_inv,open,浙江,山西,-0.007384740313751414,0.007384740313751414,-0.3119486008962438,0.2139877326408377,0,0.021398560539114365,negative,273
economic_inv,open,福建,内蒙古,-0.0073671247810583465,0.0073671247810583465,-0.3119486008962438,0.2139877326408377,0,0.021398560539114365,negative,274
economic_inv,open,山东,天津,-0.007354396550495069,0.007354396550495069,-0.3119486008962438,0.2139877326408377,0,0.021398560539114365,negative,275
economic_inv,open,河南,云南,-0.007320747552425786,0.007320747552425786,-0.3119486008962438,0.2139877326408377,0,0.021398560539114365,negative,276
economic_inv,open,福建,广西,-0.007294400191776756,0.007294400191776756,-0.3119486008962438,0.2139877326408377,0,0.021398560539114365,negative,277
economic_inv,open,河南,黑龙江,-0.007286386332439897,0.007286386332439897,-0.3119486008962438,0.2139877326408377,0,0.021398560539114365,negative,278
economic_inv,open,江西,山西,-0.007251355152049404,0.007251355152049404,-0.3119486008962438,0.2139877326408377,0,0.021398560539114365,negative,279
economic_inv,open,上海,陕西,-0.007161887072386623,0.007161887072386623,-0.3119486008962438,0.2139877326408377,0,0.021398560539114365,negative,280
economic_inv,open,山东,云南,-0.007159910235177105,0.007159910235177105,-0.3119486008962438,0.2139877326408377,0,0.021398560539114365,negative,281
economic_inv,open,山东,黑龙江,-0.0071440665002562905,0.0071440665002562905,-0.3119486008962438,0.2139877326408377,0,0.021398560539114365,negative,282
economic_inv,open,福建,河南,-0.007128301698051055,0.007128301698051055,-0.3119486008962438,0.2139877326408377,0,0.021398560539114365,negative,283
economic_inv,open,海南,黑龙江,-0.00711649219132111,0.00711649219132111,-0.3119486008962438,0.2139877326408377,0,0.021398560539114365,negative,284
economic_inv,open,浙江,贵州,-0.007112946456514358,0.007112946456514358,-0.3119486008962438,0.2139877326408377,0,0.021398560539114365,negative,285
economic_inv,open,安徽,重庆,-0.0071099818903150175,0.0071099818903150175,-0.3119486008962438,0.2139877326408377,0,0.021398560539114365,negative,286
economic_inv,open,青海,山西,-0.007103777791725367,0.007103777791725367,-0.3119486008962438,0.2139877326408377,0,0.021398560539114365,negative,287
economic_inv,open,江西,安徽,-0.0070981673110437115,0.0070981673110437115,-0.3119486008962438,0.2139877326408377,0,0.021398560539114365,negative,288
economic_inv,open,广西,云南,-0.007095680718102919,0.007095680718102919,-0.3119486008962438,0.2139877326408377,0,0.021398560539114365,negative,289
economic_inv,open,贵州,青海,-0.007063801701223631,0.007063801701223631,-0.3119486008962438,0.2139877326408377,0,0.021398560539114365,negative,290
economic_inv,open,海南,云南,-0.007044653476743165,0.007044653476743165,-0.3119486008962438,0.2139877326408377,0,0.021398560539114365,negative,291
economic_inv,open,福建,重庆,-0.007025210092496676,0.007025210092496676,-0.3119486008962438,0.2139877326408377,0,0.021398560539114365,negative,292
economic_inv,open,黑龙江,贵州,-0.0070245204836413425,0.0070245204836413425,-0.3119486008962438,0.2139877326408377,0,0.021398560539114365,negative,293
economic_inv,open,山东,吉林,-0.006989764844816659,0.006989764844816659,-0.3119486008962438,0.2139877326408377,0,0.021398560539114365,negative,294
economic_inv,open,内蒙古,云南,-0.006979371287138044,0.006979371287138044,-0.3119486008962438,0.2139877326408377,0,0.021398560539114365,negative,295
economic_inv,open,河南,吉林,-0.006960467408018227,0.006960467408018227,-0.3119486008962438,0.2139877326408377,0,0.021398560539114365,negative,296
economic_inv,open,安徽,河北,-0.0069212490788649215,0.0069212490788649215,-0.3119486008962438,0.2139877326408377,0,0.021398560539114365,negative,297
economic_inv,open,山东,山西,-0.00689640278989866,0.00689640278989866,-0.3119486008962438,0.2139877326408377,0,0.021398560539114365,negative,298
economic_inv,open,陕西,上海,-0.006891942770050885,0.006891942770050885,-0.3119486008962438,0.2139877326408377,0,0.021398560539114365,negative,299
economic_inv,open,辽宁,陕西,-0.006866225377809303,0.006866225377809303,-0.3119486008962438,0.2139877326408377,0,0.021398560539114365,negative,300
economic_inv,open,北京,天津,-0.006857165000219583,0.006857165000219583,-0.3119486008962438,0.2139877326408377,0,0.021398560539114365,negative,301
economic_inv,open,安徽,湖北,-0.006853506916934724,0.006853506916934724,-0.3119486008962438,0.2139877326408377,0,0.021398560539114365,negative,302
economic_inv,open,江苏,四川,-0.006835836497006868,0.006835836497006868,-0.3119486008962438,0.2139877326408377,0,0.021398560539114365,negative,303
economic_inv,open,广东,四川,-0.0068048594009444685,0.0068048594009444685,-0.3119486008962438,0.2139877326408377,0,0.021398560539114365,negative,304
economic_inv,open,广西,黑龙江,-0.006788708958127582,0.006788708958127582,-0.3119486008962438,0.2139877326408377,0,0.021398560539114365,negative,305
economic_inv,open,云南,贵州,-0.006772262076685971,0.006772262076685971,-0.3119486008962438,0.2139877326408377,0,0.021398560539114365,negative,306
economic_inv,open,河南,山西,-0.006770643879553768,0.006770643879553768,-0.3119486008962438,0.2139877326408377,0,0.021398560539114365,negative,307
economic_inv,open,安徽,湖南,-0.006759146919357458,0.006759146919357458,-0.3119486008962438,0.2139877326408377,0,0.021398560539114365,negative,308
economic_inv,open,吉林,甘肃,-0.00675283479603125,0.00675283479603125,-0.3119486008962438,0.2139877326408377,0,0.021398560539114365,negative,309
economic_inv,open,山东,贵州,-0.006738498203495836,0.006738498203495836,-0.3119486008962438,0.2139877326408377,0,0.021398560539114365,negative,310
economic_inv,open,北京,河北,-0.006696502070652583,0.006696502070652583,-0.3119486008962438,0.2139877326408377,0,0.021398560539114365,negative,311
economic_inv,open,浙江,新疆,-0.006691337330660209,0.006691337330660209,-0.3119486008962438,0.2139877326408377,0,0.021398560539114365,negative,312
economic_inv,open,内蒙古,黑龙江,-0.006689069524516641,0.006689069524516641,-0.3119486008962438,0.2139877326408377,0,0.021398560539114365,negative,313
economic_inv,open,青海,吉林,-0.006659610849185229,0.006659610849185229,-0.3119486008962438,0.2139877326408377,0,0.021398560539114365,negative,314
economic_inv,open,江苏,湖南,-0.0066432515249303156,0.0066432515249303156,-0.3119486008962438,0.2139877326408377,0,0.021398560539114365,negative,315
economic_inv,open,北京,湖北,-0.006634184507857663,0.006634184507857663,-0.3119486008962438,0.2139877326408377,0,0.021398560539114365,negative,316
economic_inv,open,江苏,湖北,-0.006627924517455319,0.006627924517455319,-0.3119486008962438,0.2139877326408377,0,0.021398560539114365,negative,317
economic_inv,open,广东,湖南,-0.006622698339065603,0.006622698339065603,-0.3119486008962438,0.2139877326408377,0,0.021398560539114365,negative,318
economic_inv,open,江苏,河北,-0.006617220893446366,0.006617220893446366,-0.3119486008962438,0.2139877326408377,0,0.021398560539114365,negative,319
economic_inv,open,广东,湖北,-0.00660817831843232,0.00660817831843232,-0.3119486008962438,0.2139877326408377,0,0.021398560539114365,negative,320
economic_inv,open,上海,江西,-0.006603076459999869,0.006603076459999869,-0.3119486008962438,0.2139877326408377,0,0.021398560539114365,negative,321
economic_inv,open,广东,河北,-0.006598036274249861,0.006598036274249861,-0.3119486008962438,0.2139877326408377,0,0.021398560539114365,negative,322
economic_inv,open,福建,天津,-0.006580080753097991,0.006580080753097991,-0.3119486008962438,0.2139877326408377,0,0.021398560539114365,negative,323
economic_inv,open,北京,湖南,-0.006547279501756118,0.006547279501756118,-0.3119486008962438,0.2139877326408377,0,0.021398560539114365,negative,324
economic_inv,open,陕西,辽宁,-0.006532918564585298,0.006532918564585298,-0.3119486008962438,0.2139877326408377,0,0.021398560539114365,negative,325
economic_inv,open,河南,山东,-0.006499261916117065,0.006499261916117065,-0.3119486008962438,0.2139877326408377,0,0.021398560539114365,negative,326
economic_inv,open,宁夏,山西,-0.0064951745085365725,0.0064951745085365725,-0.3119486008962438,0.2139877326408377,0,0.021398560539114365,negative,327
economic_inv,open,山东,新疆,-0.006484325109352457,0.006484325109352457,-0.3119486008962438,0.2139877326408377,0,0.021398560539114365,negative,328
economic_inv,open,陕西,贵州,-0.0064787556479742854,0.0064787556479742854,-0.3119486008962438,0.2139877326408377,0,0.021398560539114365,negative,329
economic_inv,open,河南,贵州,-0.0064614944810061515,0.0064614944810061515,-0.3119486008962438,0.2139877326408377,0,0.021398560539114365,negative,330
economic_inv,open,安徽,天津,-0.006409355181336765,0.006409355181336765,-0.3119486008962438,0.2139877326408377,0,0.021398560539114365,negative,331
economic_inv,open,辽宁,江西,-0.006356319932813918,0.006356319932813918,-0.3119486008962438,0.2139877326408377,0,0.021398560539114365,negative,332
economic_inv,open,云南,江西,-0.006304333261675963,0.006304333261675963,-0.3119486008962438,0.2139877326408377,0,0.021398560539114365,negative,333
economic_inv,open,海南,天津,-0.006287785361840017,0.006287785361840017,-0.3119486008962438,0.2139877326408377,0,0.021398560539114365,negative,334
economic_inv,open,新疆,北京,-0.006281725302714731,0.006281725302714731,-0.3119486008962438,0.2139877326408377,0,0.021398560539114365,negative,335
economic_inv,open,广东,福建,-0.006211801842879857,0.006211801842879857,-0.3119486008962438,0.2139877326408377,0,0.021398560539114365,negative,336
economic_inv,open,江苏,福建,-0.006210875128149589,0.006210875128149589,-0.3119486008962438,0.2139877326408377,0,0.021398560539114365,negative,337
economic_inv,open,浙江,甘肃,-0.006201906772085615,0.006201906772085615,-0.3119486008962438,0.2139877326408377,0,0.021398560539114365,negative,338
economic_inv,open,甘肃,北京,-0.006189508252519911,0.006189508252519911,-0.3119486008962438,0.2139877326408377,0,0.021398560539114365,negative,339
economic_inv,open,山东,甘肃,-0.006174257376884287,0.006174257376884287,-0.3119486008962438,0.2139877326408377,0,0.021398560539114365,negative,340
economic_inv,open,天津,新疆,-0.006125061668528317,0.006125061668528317,-0.3119486008962438,0.2139877326408377,0,0.021398560539114365,negative,341
economic_inv,open,新疆,安徽,-0.006120043958617569,0.006120043958617569,-0.3119486008962438,0.2139877326408377,0,0.021398560539114365,negative,342
economic_inv,open,黑龙江,江西,-0.006105705060191872,0.006105705060191872,-0.3119486008962438,0.2139877326408377,0,0.021398560539114365,negative,343
economic_inv,open,宁夏,吉林,-0.006067307466653,0.006067307466653,-0.3119486008962438,0.2139877326408377,0,0.021398560539114365,negative,344
economic_inv,open,甘肃,安徽,-0.006056611034359885,0.006056611034359885,-0.3119486008962438,0.2139877326408377,0,0.021398560539114365,negative,345
economic_inv,open,青海,黑龙江,-0.006055541040625712,0.006055541040625712,-0.3119486008962438,0.2139877326408377,0,0.021398560539114365,negative,346
economic_inv,open,青海,云南,-0.006000977537054247,0.006000977537054247,-0.3119486008962438,0.2139877326408377,0,0.021398560539114365,negative,347
economic_inv,open,河南,新疆,-0.005993029112766553,0.005993029112766553,-0.3119486008962438,0.2139877326408377,0,0.021398560539114365,negative,348
economic_inv,open,广东,辽宁,-0.00596384740035649,0.00596384740035649,-0.3119486008962438,0.2139877326408377,0,0.021398560539114365,negative,349
economic_inv,open,江苏,辽宁,-0.005951312625030907,0.005951312625030907,-0.3119486008962438,0.2139877326408377,0,0.021398560539114365,negative,350
economic_inv,open,上海,内蒙古,-0.0059385610664172365,0.0059385610664172365,-0.3119486008962438,0.2139877326408377,0,0.021398560539114365,negative,351
economic_inv,open,海南,重庆,-0.005935171495349987,0.005935171495349987,-0.3119486008962438,0.2139877326408377,0,0.021398560539114365,negative,352
economic_inv,open,广东,上海,-0.00591982969931859,0.00591982969931859,-0.3119486008962438,0.2139877326408377,0,0.021398560539114365,negative,353
economic_inv,open,江苏,上海,-0.005905340146717363,0.005905340146717363,-0.3119486008962438,0.2139877326408377,0,0.021398560539114365,negative,354
economic_inv,open,福建,云南,-0.005903623976495914,0.005903623976495914,-0.3119486008962438,0.2139877326408377,0,0.021398560539114365,negative,355
economic_inv,open,江西,贵州,-0.005891362923041423,0.005891362923041423,-0.3119486008962438,0.2139877326408377,0,0.021398560539114365,negative,356
economic_inv,open,山东,海南,-0.0058702480729338384,0.0058702480729338384,-0.3119486008962438,0.2139877326408377,0,0.021398560539114365,negative,357
economic_inv,open,上海,广西,-0.005863142505774998,0.005863142505774998,-0.3119486008962438,0.2139877326408377,0,0.021398560539114365,negative,358
economic_inv,open,福建,黑龙江,-0.005853161402113585,0.005853161402113585,-0.3119486008962438,0.2139877326408377,0,0.021398560539114365,negative,359
economic_inv,open,重庆,贵州,-0.0057998136021130435,0.0057998136021130435,-0.3119486008962438,0.2139877326408377,0,0.021398560539114365,negative,360
economic_inv,open,山东,宁夏,-0.005798187977035233,0.005798187977035233,-0.3119486008962438,0.2139877326408377,0,0.021398560539114365,negative,361
economic_inv,open,安徽,四川,-0.0057882497396045994,0.0057882497396045994,-0.3119486008962438,0.2139877326408377,0,0.021398560539114365,negative,362
economic_inv,open,北京,云南,-0.005775598769910596,0.005775598769910596,-0.3119486008962438,0.2139877326408377,0,0.021398560539114365,negative,363
economic_inv,open,海南,广西,-0.00575898912985801,0.00575898912985801,-0.3119486008962438,0.2139877326408377,0,0.021398560539114365,negative,364
economic_inv,open,浙江,海南,-0.005746674167573152,0.005746674167573152,-0.3119486008962438,0.2139877326408377,0,0.021398560539114365,negative,365
economic_inv,open,山东,青海,-0.005745721552110898,0.005745721552110898,-0.3119486008962438,0.2139877326408377,0,0.021398560539114365,negative,366
economic_inv,open,辽宁,内蒙古,-0.0057445167425875495,0.0057445167425875495,-0.3119486008962438,0.2139877326408377,0,0.021398560539114365,negative,367
economic_inv,open,海南,内蒙古,-0.005715282197221359,0.005715282197221359,-0.3119486008962438,0.2139877326408377,0,0.021398560539114365,negative,368
economic_inv,open,广东,安徽,-0.005711232756664683,0.005711232756664683,-0.3119486008962438,0.2139877326408377,0,0.021398560539114365,negative,369
economic_inv,open,北京,黑龙江,-0.005700199241548792,0.005700199241548792,-0.3119486008962438,0.2139877326408377,0,0.021398560539114365,negative,370
economic_inv,open,江苏,安徽,-0.00568791224035065,0.00568791224035065,-0.3119486008962438,0.2139877326408377,0,0.021398560539114365,negative,371
economic_inv,open,辽宁,广西,-0.005674703432725893,0.005674703432725893,-0.3119486008962438,0.2139877326408377,0,0.021398560539114365,negative,372
economic_inv,open,广东,北京,-0.005671396676810405,0.005671396676810405,-0.3119486008962438,0.2139877326408377,0,0.021398560539114365,negative,373
economic_inv,open,天津,北京,-0.005665982527623432,0.005665982527623432,-0.3119486008962438,0.2139877326408377,0,0.021398560539114365,negative,374
economic_inv,open,江苏,北京,-0.0056464707568571835,0.0056464707568571835,-0.3119486008962438,0.2139877326408377,0,0.021398560539114365,negative,375
economic_inv,open,北京,四川,-0.005646197657745946,0.005646197657745946,-0.3119486008962438,0.2139877326408377,0,0.021398560539114365,negative,376
economic_inv,open,浙江,宁夏,-0.0056421413900785665,0.0056421413900785665,-0.3119486008962438,0.2139877326408377,0,0.021398560539114365,negative,377
economic_inv,open,贵州,北京,-0.005633593532471787,0.005633593532471787,-0.3119486008962438,0.2139877326408377,0,0.021398560539114365,negative,378
economic_inv,open,上海,重庆,-0.005587690541597119,0.005587690541597119,-0.3119486008962438,0.2139877326408377,0,0.021398560539114365,negative,379
economic_inv,open,浙江,青海,-0.00556681601549324,0.00556681601549324,-0.3119486008962438,0.2139877326408377,0,0.021398560539114365,negative,380
economic_inv,open,四川,浙江,-0.005505250713872609,0.005505250713872609,-0.3119486008962438,0.2139877326408377,0,0.021398560539114365,negative,381
economic_inv,open,山西,海南,-0.005492561786783018,0.005492561786783018,-0.3119486008962438,0.2139877326408377,0,0.021398560539114365,negative,382
economic_inv,open,湖南,福建,-0.0054905893907175275,0.0054905893907175275,-0.3119486008962438,0.2139877326408377,0,0.021398560539114365,negative,383
economic_inv,open,宁夏,黑龙江,-0.005490288016958442,0.005490288016958442,-0.3119486008962438,0.2139877326408377,0,0.021398560539114365,negative,384
economic_inv,open,四川,陕西,-0.005474396877511974,0.005474396877511974,-0.3119486008962438,0.2139877326408377,0,0.021398560539114365,negative,385
economic_inv,open,甘肃,上海,-0.005467667086528203,0.005467667086528203,-0.3119486008962438,0.2139877326408377,0,0.021398560539114365,negative,386
economic_inv,open,河南,甘肃,-0.005465463038713409,0.005465463038713409,-0.3119486008962438,0.2139877326408377,0,0.021398560539114365,negative,387
economic_inv,open,贵州,安徽,-0.005463153333466954,0.005463153333466954,-0.3119486008962438,0.2139877326408377,0,0.021398560539114365,negative,388
economic_inv,open,安徽,云南,-0.005439945782557735,0.005439945782557735,-0.3119486008962438,0.2139877326408377,0,0.021398560539114365,negative,389
economic_inv,open,宁夏,云南,-0.005438442529543951,0.005438442529543951,-0.3119486008962438,0.2139877326408377,0,0.021398560539114365,negative,390
economic_inv,open,新疆,上海,-0.005420189696236888,0.005420189696236888,-0.3119486008962438,0.2139877326408377,0,0.021398560539114365,negative,391
economic_inv,open,辽宁,重庆,-0.005419065304908116,0.005419065304908116,-0.3119486008962438,0.2139877326408377,0,0.021398560539114365,negative,392
economic_inv,open,青海,天津,-0.0054187674369240695,0.0054187674369240695,-0.3119486008962438,0.2139877326408377,0,0.021398560539114365,negative,393
economic_inv,open,云南,陕西,-0.005402678049169915,0.005402678049169915,-0.3119486008962438,0.2139877326408377,0,0.021398560539114365,negative,394
economic_inv,open,海南,江西,-0.005394948724973289,0.005394948724973289,-0.3119486008962438,0.2139877326408377,0,0.021398560539114365,negative,395
economic_inv,open,福建,吉林,-0.005393264519034432,0.005393264519034432,-0.3119486008962438,0.2139877326408377,0,0.021398560539114365,negative,396
economic_inv,open,天津,安徽,-0.005391775265184779,0.005391775265184779,-0.3119486008962438,0.2139877326408377,0,0.021398560539114365,negative,397
economic_inv,open,安徽,黑龙江,-0.00537180870542199,0.00537180870542199,-0.3119486008962438,0.2139877326408377,0,0.021398560539114365,negative,398
economic_inv,open,甘肃,辽宁,-0.0053622968661424675,0.0053622968661424675,-0.3119486008962438,0.2139877326408377,0,0.021398560539114365,negative,399
economic_inv,open,江西,上海,-0.005318418057650196,0.005318418057650196,-0.3119486008962438,0.2139877326408377,0,0.021398560539114365,negative,400
economic_inv,open,新疆,辽宁,-0.005297765143241169,0.005297765143241169,-0.3119486008962438,0.2139877326408377,0,0.021398560539114365,negative,401
economic_inv,open,黑龙江,陕西,-0.005256483031726005,0.005256483031726005,-0.3119486008962438,0.2139877326408377,0,0.021398560539114365,negative,402
economic_inv,open,四川,江西,-0.00524873418868575,0.00524873418868575,-0.3119486008962438,0.2139877326408377,0,0.021398560539114365,negative,403
economic_inv,open,广东,陕西,-0.005218915847362271,0.005218915847362271,-0.3119486008962438,0.2139877326408377,0,0.021398560539114365,negative,404
economic_inv,open,海南,陕西,-0.005192033117074928,0.005192033117074928,-0.3119486008962438,0.2139877326408377,0,0.021398560539114365,negative,405
economic_inv,open,江苏,陕西,-0.005177569398633272,0.005177569398633272,-0.3119486008962438,0.2139877326408377,0,0.021398560539114365,negative,406
economic_inv,open,广东,江西,-0.005167140382189753,0.005167140382189753,-0.3119486008962438,0.2139877326408377,0,0.021398560539114365,negative,407
economic_inv,open,上海,天津,-0.005144637517952205,0.005144637517952205,-0.3119486008962438,0.2139877326408377,0,0.021398560539114365,negative,408
economic_inv,open,青海,重庆,-0.005142857244867826,0.005142857244867826,-0.3119486008962438,0.2139877326408377,0,0.021398560539114365,negative,409
economic_inv,open,福建,山西,-0.005140121454511031,0.005140121454511031,-0.3119486008962438,0.2139877326408377,0,0.021398560539114365,negative,410
economic_inv,open,江苏,江西,-0.005124126763785707,0.005124126763785707,-0.3119486008962438,0.2139877326408377,0,0.021398560539114365,negative,411
economic_inv,open,陕西,福建,-0.005105229855269025,0.005105229855269025,-0.3119486008962438,0.2139877326408377,0,0.021398560539114365,negative,412
economic_inv,open,广东,内蒙古,-0.005094655871385378,0.005094655871385378,-0.3119486008962438,0.2139877326408377,0,0.021398560539114365,negative,413
economic_inv,open,广东,广西,-0.00508553742442882,0.00508553742442882,-0.3119486008962438,0.2139877326408377,0,0.021398560539114365,negative,414
economic_inv,open,山西,宁夏,-0.00506916393145321,0.00506916393145321,-0.3119486008962438,0.2139877326408377,0,0.021398560539114365,negative,415
economic_inv,open,江西,辽宁,-0.005061938808605821,0.005061938808605821,-0.3119486008962438,0.2139877326408377,0,0.021398560539114365,negative,416
economic_inv,open,广东,重庆,-0.005050449909949493,0.005050449909949493,-0.3119486008962438,0.2139877326408377,0,0.021398560539114365,negative,417
economic_inv,open,江苏,内蒙古,-0.005049380977401702,0.005049380977401702,-0.3119486008962438,0.2139877326408377,0,0.021398560539114365,negative,418
economic_inv,open,北京,吉林,-0.005043372681615638,0.005043372681615638,-0.3119486008962438,0.2139877326408377,0,0.021398560539114365,negative,419
economic_inv,open,河南,江苏,-0.0050399878182540905,0.0050399878182540905,-0.3119486008962438,0.2139877326408377,0,0.021398560539114365,negative,420
economic_inv,open,江苏,广西,-0.005039984067046169,0.005039984067046169,-0.3119486008962438,0.2139877326408377,0,0.021398560539114365,negative,421
economic_inv,open,辽宁,天津,-0.005005701094381444,0.005005701094381444,-0.3119486008962438,0.2139877326408377,0,0.021398560539114365,negative,422
economic_inv,open,青海,广西,-0.005003866013409694,0.005003866013409694,-0.3119486008962438,0.2139877326408377,0,0.021398560539114365,negative,423
economic_inv,open,江苏,重庆,-0.005003837533126651,0.005003837533126651,-0.3119486008962438,0.2139877326408377,0,0.021398560539114365,negative,424
economic_inv,open,陕西,新疆,-0.005000837353407886,0.005000837353407886,-0.3119486008962438,0.2139877326408377,0,0.021398560539114365,negative,425
economic_inv,open,河南,海南,-0.004989747167359164,0.004989747167359164,-0.3119486008962438,0.2139877326408377,0,0.021398560539114365,negative,426
economic_inv,open,广东,天津,-0.004987372614037847,0.004987372614037847,-0.3119486008962438,0.2139877326408377,0,0.021398560539114365,negative,427
economic_inv,open,青海,内蒙古,-0.004969267392746931,0.004969267392746931,-0.3119486008962438,0.2139877326408377,0,0.021398560539114365,negative,428
economic_inv,open,四川,内蒙古,-0.004955765714723848,0.004955765714723848,-0.3119486008962438,0.2139877326408377,0,0.021398560539114365,negative,429
economic_inv,open,江苏,天津,-0.004938906280443095,0.004938906280443095,-0.3119486008962438,0.2139877326408377,0,0.021398560539114365,negative,430
economic_inv,open,四川,广西,-0.004920659926319118,0.004920659926319118,-0.3119486008962438,0.2139877326408377,0,0.021398560539114365,negative,431
economic_inv,open,宁夏,天津,-0.00488803989778439,0.00488803989778439,-0.3119486008962438,0.2139877326408377,0,0.021398560539114365,negative,432
economic_inv,open,河南,宁夏,-0.0048824812714465355,0.0048824812714465355,-0.3119486008962438,0.2139877326408377,0,0.021398560539114365,negative,433
economic_inv,open,广东,云南,-0.004877216280144602,0.004877216280144602,-0.3119486008962438,0.2139877326408377,0,0.021398560539114365,negative,434
economic_inv,open,广东,黑龙江,-0.004868198989799287,0.004868198989799287,-0.3119486008962438,0.2139877326408377,0,0.021398560539114365,negative,435
economic_inv,open,甘肃,福建,-0.004859551400472279,0.004859551400472279,-0.3119486008962438,0.2139877326408377,0,0.021398560539114365,negative,436
economic_inv,open,山西,北京,-0.004841960196271506,0.004841960196271506,-0.3119486008962438,0.2139877326408377,0,0.021398560539114365,negative,437
economic_inv,open,江苏,云南,-0.004825665652333108,0.004825665652333108,-0.3119486008962438,0.2139877326408377,0,0.021398560539114365,negative,438
economic_inv,open,江苏,黑龙江,-0.004816404510975948,0.004816404510975948,-0.3119486008962438,0.2139877326408377,0,0.021398560539114365,negative,439
economic_inv,open,河南,青海,-0.004805633324340578,0.004805633324340578,-0.3119486008962438,0.2139877326408377,0,0.021398560539114365,negative,440
economic_inv,open,山西,青海,-0.004794252306851329,0.004794252306851329,-0.3119486008962438,0.2139877326408377,0,0.021398560539114365,negative,441
economic_inv,open,四川,重庆,-0.004788977660743292,0.004788977660743292,-0.3119486008962438,0.2139877326408377,0,0.021398560539114365,negative,442
economic_inv,open,广东,吉林,-0.004780034619289624,0.004780034619289624,-0.3119486008962438,0.2139877326408377,0,0.021398560539114365,negative,443
economic_inv,open,安徽,吉林,-0.004775140235169594,0.004775140235169594,-0.3119486008962438,0.2139877326408377,0,0.021398560539114365,negative,444
economic_inv,open,河北,福建,-0.004758448349292166,0.004758448349292166,-0.3119486008962438,0.2139877326408377,0,0.021398560539114365,negative,445
economic_inv,open,吉林,北京,-0.004758443435812409,0.004758443435812409,-0.3119486008962438,0.2139877326408377,0,0.021398560539114365,negative,446
economic_inv,open,福建,贵州,-0.004749059377794635,0.004749059377794635,-0.3119486008962438,0.2139877326408377,0,0.021398560539114365,negative,447
economic_inv,open,重庆,北京,-0.0047466735023803325,0.0047466735023803325,-0.3119486008962438,0.2139877326408377,0,0.021398560539114365,negative,448
economic_inv,open,贵州,上海,-0.004743249265954146,0.004743249265954146,-0.3119486008962438,0.2139877326408377,0,0.021398560539114365,negative,449
economic_inv,open,广西,吉林,-0.004742105839042196,0.004742105839042196,-0.3119486008962438,0.2139877326408377,0,0.021398560539114365,negative,450
economic_inv,open,河南,广东,-0.004735458105470194,0.004735458105470194,-0.3119486008962438,0.2139877326408377,0,0.021398560539114365,negative,451
economic_inv,open,内蒙古,吉林,-0.004727438606358409,0.004727438606358409,-0.3119486008962438,0.2139877326408377,0,0.021398560539114365,negative,452
economic_inv,open,广东,山西,-0.004726383787535622,0.004726383787535622,-0.3119486008962438,0.2139877326408377,0,0.021398560539114365,negative,453
economic_inv,open,江苏,吉林,-0.004725924612538685,0.004725924612538685,-0.3119486008962438,0.2139877326408377,0,0.021398560539114365,negative,454
economic_inv,open,新疆,福建,-0.00472486421003028,0.00472486421003028,-0.3119486008962438,0.2139877326408377,0,0.021398560539114365,negative,455
economic_inv,open,青海,江西,-0.00471424618327748,0.00471424618327748,-0.3119486008962438,0.2139877326408377,0,0.021398560539114365,negative,456
economic_inv,open,北京,山西,-0.004703654515236355,0.004703654515236355,-0.3119486008962438,0.2139877326408377,0,0.021398560539114365,negative,457
economic_inv,open,山西,安徽,-0.004678742541197195,0.004678742541197195,-0.3119486008962438,0.2139877326408377,0,0.021398560539114365,negative,458
economic_inv,open,吉林,海南,-0.004676868818651315,0.004676868818651315,-0.3119486008962438,0.2139877326408377,0,0.021398560539114365,negative,459
economic_inv,open,江苏,山西,-0.004670925613295432,0.004670925613295432,-0.3119486008962438,0.2139877326408377,0,0.021398560539114365,negative,460
economic_inv,open,广东,贵州,-0.004635113466546226,0.004635113466546226,-0.3119486008962438,0.2139877326408377,0,0.021398560539114365,negative,461
economic_inv,open,宁夏,重庆,-0.004628981913382446,0.004628981913382446,-0.3119486008962438,0.2139877326408377,0,0.021398560539114365,negative,462
economic_inv,open,贵州,辽宁,-0.004620217733053107,0.004620217733053107,-0.3119486008962438,0.2139877326408377,0,0.021398560539114365,negative,463
economic_inv,open,吉林,安徽,-0.004586873801959921,0.004586873801959921,-0.3119486008962438,0.2139877326408377,0,0.021398560539114365,negative,464
economic_inv,open,江苏,贵州,-0.0045774674897990164,0.0045774674897990164,-0.3119486008962438,0.2139877326408377,0,0.021398560539114365,negative,465
economic_inv,open,四川,天津,-0.004565036613760827,0.004565036613760827,-0.3119486008962438,0.2139877326408377,0,0.021398560539114365,negative,466
economic_inv,open,青海,陕西,-0.004551376571391512,0.004551376571391512,-0.3119486008962438,0.2139877326408377,0,0.021398560539114365,negative,467
economic_inv,open,上海,云南,-0.00449946131390549,0.00449946131390549,-0.3119486008962438,0.2139877326408377,0,0.021398560539114365,negative,468
economic_inv,open,宁夏,广西,-0.004498909849845344,0.004498909849845344,-0.3119486008962438,0.2139877326408377,0,0.021398560539114365,negative,469
economic_inv,open,重庆,安徽,-0.004491845448540911,0.004491845448540911,-0.3119486008962438,0.2139877326408377,0,0.021398560539114365,negative,470
economic_inv,open,广东,新疆,-0.004486783672492782,0.004486783672492782,-0.3119486008962438,0.2139877326408377,0,0.021398560539114365,negative,471
economic_inv,open,宁夏,内蒙古,-0.004466576048600228,0.004466576048600228,-0.3119486008962438,0.2139877326408377,0,0.021398560539114365,negative,472
economic_inv,open,安徽,山西,-0.004464332532822483,0.004464332532822483,-0.3119486008962438,0.2139877326408377,0,0.021398560539114365,negative,473
economic_inv,open,江西,新疆,-0.00445951336610233,0.00445951336610233,-0.3119486008962438,0.2139877326408377,0,0.021398560539114365,negative,474
economic_inv,open,上海,黑龙江,-0.004452632785055273,0.004452632785055273,-0.3119486008962438,0.2139877326408377,0,0.021398560539114365,negative,475
economic_inv,open,福建,浙江,-0.004450307638392922,0.004450307638392922,-0.3119486008962438,0.2139877326408377,0,0.021398560539114365,negative,476
economic_inv,open,江苏,新疆,-0.0044258654713142135,0.0044258654713142135,-0.3119486008962438,0.2139877326408377,0,0.021398560539114365,negative,477
economic_inv,open,辽宁,云南,-0.004398899163217793,0.004398899163217793,-0.3119486008962438,0.2139877326408377,0,0.021398560539114365,negative,478
economic_inv,open,辽宁,黑龙江,-0.004354629791857683,0.004354629791857683,-0.3119486008962438,0.2139877326408377,0,0.021398560539114365,negative,479
economic_inv,open,吉林,宁夏,-0.004340098295803877,0.004340098295803877,-0.3119486008962438,0.2139877326408377,0,0.021398560539114365,negative,480
economic_inv,open,天津,上海,-0.004338473471031507,0.004338473471031507,-0.3119486008962438,0.2139877326408377,0,0.021398560539114365,negative,481
economic_inv,open,广东,甘肃,-0.004303430591702448,0.004303430591702448,-0.3119486008962438,0.2139877326408377,0,0.021398560539114365,negative,482
economic_inv,open,天津,甘肃,-0.004299838073087629,0.004299838073087629,-0.3119486008962438,0.2139877326408377,0,0.021398560539114365,negative,483
economic_inv,open,甘肃,河北,-0.004292873453516309,0.004292873453516309,-0.3119486008962438,0.2139877326408377,0,0.021398560539114365,negative,484
economic_inv,open,甘肃,湖北,-0.004280552330512164,0.004280552330512164,-0.3119486008962438,0.2139877326408377,0,0.021398560539114365,negative,485
economic_inv,open,甘肃,湖南,-0.00426310016975334,0.00426310016975334,-0.3119486008962438,0.2139877326408377,0,0.021398560539114365,negative,486
economic_inv,open,江苏,甘肃,-0.004238950765051864,0.004238950765051864,-0.3119486008962438,0.2139877326408377,0,0.021398560539114365,negative,487
economic_inv,open,宁夏,江西,-0.00422879510470307,0.00422879510470307,-0.3119486008962438,0.2139877326408377,0,0.021398560539114365,negative,488
economic_inv,open,四川,云南,-0.004209098539592873,0.004209098539592873,-0.3119486008962438,0.2139877326408377,0,0.021398560539114365,negative,489
economic_inv,open,北京,贵州,-0.004206550155838048,0.004206550155838048,-0.3119486008962438,0.2139877326408377,0,0.021398560539114365,negative,490
economic_inv,open,福建,新疆,-0.004201792023227316,0.004201792023227316,-0.3119486008962438,0.2139877326408377,0,0.021398560539114365,negative,491
economic_inv,open,四川,黑龙江,-0.004181754743073969,0.004181754743073969,-0.3119486008962438,0.2139877326408377,0,0.021398560539114365,negative,492
economic_inv,open,天津,辽宁,-0.004173708126121979,0.004173708126121979,-0.3119486008962438,0.2139877326408377,0,0.021398560539114365,negative,493
economic_inv,open,黑龙江,新疆,-0.004155359615895208,0.004155359615895208,-0.3119486008962438,0.2139877326408377,0,0.021398560539114365,negative,494
economic_inv,open,重庆,新疆,-0.004136821809508228,0.004136821809508228,-0.3119486008962438,0.2139877326408377,0,0.021398560539114365,negative,495
economic_inv,open,广东,海南,-0.004121041565700667,0.004121041565700667,-0.3119486008962438,0.2139877326408377,0,0.021398560539114365,negative,496
economic_inv,open,吉林,青海,-0.004119442256791127,0.004119442256791127,-0.3119486008962438,0.2139877326408377,0,0.021398560539114365,negative,497
economic_inv,open,新疆,河北,-0.004100529244052265,0.004100529244052265,-0.3119486008962438,0.2139877326408377,0,0.021398560539114365,negative,498
economic_inv,open,新疆,湖北,-0.004087198193502664,0.004087198193502664,-0.3119486008962438,0.2139877326408377,0,0.021398560539114365,negative,499
economic_inv,open,宁夏,陕西,-0.0040774379241796015,0.0040774379241796015,-0.3119486008962438,0.2139877326408377,0,0.021398560539114365,negative,500
economic_inv,open,广东,宁夏,-0.004077423130379498,0.004077423130379498,-0.3119486008962438,0.2139877326408377,0,0.021398560539114365,negative,501
economic_inv,open,新疆,湖南,-0.004068332950207873,0.004068332950207873,-0.3119486008962438,0.2139877326408377,0,0.021398560539114365,negative,502
economic_inv,open,云南,新疆,-0.004065016121848799,0.004065016121848799,-0.3119486008962438,0.2139877326408377,0,0.021398560539114365,negative,503
economic_inv,open,甘肃,四川,-0.004061369110710329,0.004061369110710329,-0.3119486008962438,0.2139877326408377,0,0.021398560539114365,negative,504
economic_inv,open,贵州,福建,-0.004055511842248635,0.004055511842248635,-0.3119486008962438,0.2139877326408377,0,0.021398560539114365,negative,505
economic_inv,open,江苏,海南,-0.0040535467731528515,0.0040535467731528515,-0.3119486008962438,0.2139877326408377,0,0.021398560539114365,negative,506
economic_inv,open,广东,青海,-0.004045570785621276,0.004045570785621276,-0.3119486008962438,0.2139877326408377,0,0.021398560539114365,negative,507
economic_inv,open,上海,吉林,-0.0040338159755816585,0.0040338159755816585,-0.3119486008962438,0.2139877326408377,0,0.021398560539114365,negative,508
economic_inv,open,江西,福建,-0.004020971837846816,0.004020971837846816,-0.3119486008962438,0.2139877326408377,0,0.021398560539114365,negative,509
economic_inv,open,江苏,宁夏,-0.004009285077779691,0.004009285077779691,-0.3119486008962438,0.2139877326408377,0,0.021398560539114365,negative,510
economic_inv,open,安徽,贵州,-0.004006795160553767,0.004006795160553767,-0.3119486008962438,0.2139877326408377,0,0.021398560539114365,negative,511
economic_inv,open,山西,上海,-0.004001984430173176,0.004001984430173176,-0.3119486008962438,0.2139877326408377,0,0.021398560539114365,negative,512
economic_inv,open,海南,北京,-0.003995476774194986,0.003995476774194986,-0.3119486008962438,0.2139877326408377,0,0.021398560539114365,negative,513
economic_inv,open,内蒙古,山西,-0.003993402590047684,0.003993402590047684,-0.3119486008962438,0.2139877326408377,0,0.021398560539114365,negative,514
economic_inv,open,广西,山西,-0.003988449691385047,0.003988449691385047,-0.3119486008962438,0.2139877326408377,0,0.021398560539114365,negative,515
economic_inv,open,江苏,青海,-0.0039769819192715114,0.0039769819192715114,-0.3119486008962438,0.2139877326408377,0,0.021398560539114365,negative,516
economic_inv,open,辽宁,吉林,-0.003957328912354577,0.003957328912354577,-0.3119486008962438,0.2139877326408377,0,0.021398560539114365,negative,517
economic_inv,open,湖北,福建,-0.003937449379478238,0.003937449379478238,-0.3119486008962438,0.2139877326408377,0,0.021398560539114365,negative,518
economic_inv,open,四川,吉林,-0.003927238762394873,0.003927238762394873,-0.3119486008962438,0.2139877326408377,0,0.021398560539114365,negative,519
economic_inv,open,海南,安徽,-0.003922746900734679,0.003922746900734679,-0.3119486008962438,0.2139877326408377,0,0.021398560539114365,negative,520
economic_inv,open,陕西,河北,-0.0039039981207154325,0.0039039981207154325,-0.3119486008962438,0.2139877326408377,0,0.021398560539114365,negative,521
economic_inv,open,山西,辽宁,-0.0038883290276792645,0.0038883290276792645,-0.3119486008962438,0.2139877326408377,0,0.021398560539114365,negative,522
economic_inv,open,吉林,上海,-0.0038842883795852695,0.0038842883795852695,-0.3119486008962438,0.2139877326408377,0,0.021398560539114365,negative,523
economic_inv,open,陕西,湖北,-0.003881454877877082,0.003881454877877082,-0.3119486008962438,0.2139877326408377,0,0.021398560539114365,negative,524
economic_inv,open,新疆,四川,-0.0038517398712876842,0.0038517398712876842,-0.3119486008962438,0.2139877326408377,0,0.021398560539114365,negative,525
economic_inv,open,陕西,湖南,-0.0038497474878913503,0.0038497474878913503,-0.3119486008962438,0.2139877326408377,0,0.021398560539114365,negative,526
economic_inv,open,陕西,甘肃,-0.0038358405047778077,0.0038358405047778077,-0.3119486008962438,0.2139877326408377,0,0.021398560539114365,negative,527
economic_inv,open,上海,山西,-0.003809237582000582,0.003809237582000582,-0.3119486008962438,0.2139877326408377,0,0.021398560539114365,negative,528
economic_inv,open,辽宁,河南,-0.0038061426929862857,0.0038061426929862857,-0.3119486008962438,0.2139877326408377,0,0.021398560539114365,negative,529
economic_inv,open,四川,山西,-0.0037829252669217433,0.0037829252669217433,-0.3119486008962438,0.2139877326408377,0,0.021398560539114365,negative,530
economic_inv,open,吉林,辽宁,-0.0037676671472580475,0.0037676671472580475,-0.3119486008962438,0.2139877326408377,0,0.021398560539114365,negative,531
economic_inv,open,辽宁,山西,-0.0037432658913347026,0.0037432658913347026,-0.3119486008962438,0.2139877326408377,0,0.021398560539114365,negative,532
economic_inv,open,上海,河南,-0.003657604031930419,0.003657604031930419,-0.3119486008962438,0.2139877326408377,0,0.021398560539114365,negative,533
economic_inv,open,福建,甘肃,-0.0036428814045276936,0.0036428814045276936,-0.3119486008962438,0.2139877326408377,0,0.021398560539114365,negative,534
economic_inv,open,海南,上海,-0.0035945039954488984,0.0035945039954488984,-0.3119486008962438,0.2139877326408377,0,0.021398560539114365,negative,535
economic_inv,open,青海,北京,-0.0035694739296735977,0.0035694739296735977,-0.3119486008962438,0.2139877326408377,0,0.021398560539114365,negative,536
economic_inv,open,北京,新疆,-0.0035620728579194906,0.0035620728579194906,-0.3119486008962438,0.2139877326408377,0,0.021398560539114365,negative,537
economic_inv,open,四川,贵州,-0.0035538181243242126,0.0035538181243242126,-0.3119486008962438,0.2139877326408377,0,0.021398560539114365,negative,538
economic_inv,open,重庆,上海,-0.003538778492518054,0.003538778492518054,-0.3119486008962438,0.2139877326408377,0,0.021398560539114365,negative,539
economic_inv,open,海南,辽宁,-0.0035347338200616705,0.0035347338200616705,-0.3119486008962438,0.2139877326408377,0,0.021398560539114365,negative,540
economic_inv,open,青海,安徽,-0.0035085786375366017,0.0035085786375366017,-0.3119486008962438,0.2139877326408377,0,0.021398560539114365,negative,541
economic_inv,open,陕西,四川,-0.003501293541002824,0.003501293541002824,-0.3119486008962438,0.2139877326408377,0,0.021398560539114365,negative,542
economic_inv,open,上海,贵州,-0.003470283665798596,0.003470283665798596,-0.3119486008962438,0.2139877326408377,0,0.021398560539114365,negative,543
economic_inv,open,天津,福建,-0.003466893424401275,0.003466893424401275,-0.3119486008962438,0.2139877326408377,0,0.021398560539114365,negative,544
economic_inv,open,贵州,河北,-0.0034600742958713865,0.0034600742958713865,-0.3119486008962438,0.2139877326408377,0,0.021398560539114365,negative,545
economic_inv,open,贵州,湖北,-0.003447579900821522,0.003447579900821522,-0.3119486008962438,0.2139877326408377,0,0.021398560539114365,negative,546
economic_inv,open,贵州,湖南,-0.003429914052091583,0.003429914052091583,-0.3119486008962438,0.2139877326408377,0,0.021398560539114365,negative,547
economic_inv,open,辽宁,贵州,-0.0034188218764204937,0.0034188218764204937,-0.3119486008962438,0.2139877326408377,0,0.021398560539114365,negative,548
economic_inv,open,安徽,新疆,-0.0034087220273371958,0.0034087220273371958,-0.3119486008962438,0.2139877326408377,0,0.021398560539114365,negative,549
economic_inv,open,重庆,辽宁,-0.0033932856005434294,0.0033932856005434294,-0.3119486008962438,0.2139877326408377,0,0.021398560539114365,negative,550
economic_inv,open,山西,福建,-0.0033739435909951178,0.0033739435909951178,-0.3119486008962438,0.2139877326408377,0,0.021398560539114365,negative,551
economic_inv,open,江西,甘肃,-0.0033692712145935496,0.0033692712145935496,-0.3119486008962438,0.2139877326408377,0,0.021398560539114365,negative,552
economic_inv,open,湖南,辽宁,-0.003287556040551334,0.003287556040551334,-0.3119486008962438,0.2139877326408377,0,0.021398560539114365,negative,553
economic_inv,open,天津,海南,-0.0032507210377024807,0.0032507210377024807,-0.3119486008962438,0.2139877326408377,0,0.021398560539114365,negative,554
economic_inv,open,海南,福建,-0.003245062938337031,0.003245062938337031,-0.3119486008962438,0.2139877326408377,0,0.021398560539114365,negative,555
economic_inv,open,吉林,福建,-0.0032446974494816563,0.0032446974494816563,-0.3119486008962438,0.2139877326408377,0,0.021398560539114365,negative,556
economic_inv,open,青海,上海,-0.0032319739643014225,0.0032319739643014225,-0.3119486008962438,0.2139877326408377,0,0.021398560539114365,negative,557
economic_inv,open,贵州,四川,-0.0032283768152353057,0.0032283768152353057,-0.3119486008962438,0.2139877326408377,0,0.021398560539114365,negative,558
economic_inv,open,四川,新疆,-0.003219965527752425,0.003219965527752425,-0.3119486008962438,0.2139877326408377,0,0.021398560539114365,negative,559
economic_inv,open,安徽,河南,-0.003219442031244051,0.003219442031244051,-0.3119486008962438,0.2139877326408377,0,0.021398560539114365,negative,560
economic_inv,open,甘肃,河南,-0.0032160207629800316,0.0032160207629800316,-0.3119486008962438,0.2139877326408377,0,0.021398560539114365,negative,561
economic_inv,open,北京,河南,-0.003199899687504978,0.003199899687504978,-0.3119486008962438,0.2139877326408377,0,0.021398560539114365,negative,562
economic_inv,open,福建,海南,-0.003184167096004809,0.003184167096004809,-0.3119486008962438,0.2139877326408377,0,0.021398560539114365,negative,563
economic_inv,open,青海,辽宁,-0.0031812918681103685,0.0031812918681103685,-0.3119486008962438,0.2139877326408377,0,0.021398560539114365,negative,564
economic_inv,open,宁夏,北京,-0.003173139195199568,0.003173139195199568,-0.3119486008962438,0.2139877326408377,0,0.021398560539114365,negative,565
economic_inv,open,内蒙古,贵州,-0.0031384678779341315,0.0031384678779341315,-0.3119486008962438,0.2139877326408377,0,0.021398560539114365,negative,566
economic_inv,open,广西,贵州,-0.0031188485830184924,0.0031188485830184924,-0.3119486008962438,0.2139877326408377,0,0.021398560539114365,negative,567
economic_inv,open,江西,河北,-0.0031181404508858076,0.0031181404508858076,-0.3119486008962438,0.2139877326408377,0,0.021398560539114365,negative,568
economic_inv,open,宁夏,安徽,-0.0031175154758462677,0.0031175154758462677,-0.3119486008962438,0.2139877326408377,0,0.021398560539114365,negative,569
economic_inv,open,江西,湖北,-0.0031009541931963833,0.0031009541931963833,-0.3119486008962438,0.2139877326408377,0,0.021398560539114365,negative,570
economic_inv,open,福建,宁夏,-0.0030860815418042183,0.0030860815418042183,-0.3119486008962438,0.2139877326408377,0,0.021398560539114365,negative,571
economic_inv,open,江西,湖南,-0.0030767661024765974,0.0030767661024765974,-0.3119486008962438,0.2139877326408377,0,0.021398560539114365,negative,572
economic_inv,open,陕西,海南,-0.003063031587579904,0.003063031587579904,-0.3119486008962438,0.2139877326408377,0,0.021398560539114365,negative,573
economic_inv,open,天津,宁夏,-0.0030621403032559578,0.0030621403032559578,-0.3119486008962438,0.2139877326408377,0,0.021398560539114365,negative,574
economic_inv,open,内蒙古,北京,-0.0030597944700763123,0.0030597944700763123,-0.3119486008962438,0.2139877326408377,0,0.021398560539114365,negative,575
economic_inv,open,湖南,上海,-0.003058925203893744,0.003058925203893744,-0.3119486008962438,0.2139877326408377,0,0.021398560539114365,negative,576
economic_inv,open,福建,青海,-0.0030169500644913133,0.0030169500644913133,-0.3119486008962438,0.2139877326408377,0,0.021398560539114365,negative,577
economic_inv,open,上海,新疆,-0.0030115273317667247,0.0030115273317667247,-0.3119486008962438,0.2139877326408377,0,0.021398560539114365,negative,578
economic_inv,open,重庆,甘肃,-0.0029938957623901288,0.0029938957623901288,-0.3119486008962438,0.2139877326408377,0,0.021398560539114365,negative,579
economic_inv,open,辽宁,新疆,-0.0029770767294202984,0.0029770767294202984,-0.3119486008962438,0.2139877326408377,0,0.021398560539114365,negative,580
economic_inv,open,新疆,河南,-0.002972637155522079,0.002972637155522079,-0.3119486008962438,0.2139877326408377,0,0.021398560539114365,negative,581
economic_inv,open,北京,甘肃,-0.0029585821702724177,0.0029585821702724177,-0.3119486008962438,0.2139877326408377,0,0.021398560539114365,negative,582
economic_inv,open,天津,青海,-0.0029354646950718447,0.0029354646950718447,-0.3119486008962438,0.2139877326408377,0,0.021398560539114365,negative,583
economic_inv,open,青海,福建,-0.00293427653449942,0.00293427653449942,-0.3119486008962438,0.2139877326408377,0,0.021398560539114365,negative,584
economic_inv,open,广西,北京,-0.002933946122462787,0.002933946122462787,-0.3119486008962438,0.2139877326408377,0,0.021398560539114365,negative,585
economic_inv,open,陕西,宁夏,-0.0029148065011403764,0.0029148065011403764,-0.3119486008962438,0.2139877326408377,0,0.021398560539114365,negative,586
economic_inv,open,海南,河北,-0.0029093729150628687,0.0029093729150628687,-0.3119486008962438,0.2139877326408377,0,0.021398560539114365,negative,587
economic_inv,open,海南,湖北,-0.0029019629267926987,0.0029019629267926987,-0.3119486008962438,0.2139877326408377,0,0.021398560539114365,negative,588
economic_inv,open,海南,湖南,-0.0028914588809053313,0.0028914588809053313,-0.3119486008962438,0.2139877326408377,0,0.021398560539114365,negative,589
economic_inv,open,内蒙古,安徽,-0.002882209404567724,0.002882209404567724,-0.3119486008962438,0.2139877326408377,0,0.021398560539114365,negative,590
economic_inv,open,宁夏,上海,-0.002865523329370464,0.002865523329370464,-0.3119486008962438,0.2139877326408377,0,0.021398560539114365,negative,591
economic_inv,open,四川,甘肃,-0.0028620048578866346,0.0028620048578866346,-0.3119486008962438,0.2139877326408377,0,0.021398560539114365,negative,592
economic_inv,open,山西,河北,-0.0028441886947846266,0.0028441886947846266,-0.3119486008962438,0.2139877326408377,0,0.021398560539114365,negative,593
economic_inv,open,安徽,甘肃,-0.0028436121490550297,0.0028436121490550297,-0.3119486008962438,0.2139877326408377,0,0.021398560539114365,negative,594
economic_inv,open,山西,湖北,-0.002833208096917088,0.002833208096917088,-0.3119486008962438,0.2139877326408377,0,0.021398560539114365,negative,595
economic_inv,open,宁夏,辽宁,-0.0028194692082494388,0.0028194692082494388,-0.3119486008962438,0.2139877326408377,0,0.021398560539114365,negative,596
economic_inv,open,山西,湖南,-0.002817691997259137,0.002817691997259137,-0.3119486008962438,0.2139877326408377,0,0.021398560539114365,negative,597
economic_inv,open,陕西,青海,-0.0028135273857910416,0.0028135273857910416,-0.3119486008962438,0.2139877326408377,0,0.021398560539114365,negative,598
economic_inv,open,江西,四川,-0.002809757086584971,0.002809757086584971,-0.3119486008962438,0.2139877326408377,0,0.021398560539114365,negative,599
economic_inv,open,天津,河北,-0.0027994094535552464,0.0027994094535552464,-0.3119486008962438,0.2139877326408377,0,0.021398560539114365,negative,600
economic_inv,open,天津,湖北,-0.0027861685359249645,0.0027861685359249645,-0.3119486008962438,0.2139877326408377,0,0.021398560539114365,negative,601
economic_inv,open,河北,辽宁,-0.002782317306572756,0.002782317306572756,-0.3119486008962438,0.2139877326408377,0,0.021398560539114365,negative,602
economic_inv,open,重庆,福建,-0.0027797609643111054,0.0027797609643111054,-0.3119486008962438,0.2139877326408377,0,0.021398560539114365,negative,603
economic_inv,open,海南,四川,-0.0027693375421537223,0.0027693375421537223,-0.3119486008962438,0.2139877326408377,0,0.021398560539114365,negative,604
economic_inv,open,天津,湖南,-0.0027674978440894436,0.0027674978440894436,-0.3119486008962438,0.2139877326408377,0,0.021398560539114365,negative,605
economic_inv,open,广西,安徽,-0.002766446958444303,0.002766446958444303,-0.3119486008962438,0.2139877326408377,0,0.021398560539114365,negative,606
economic_inv,open,吉林,河北,-0.0027142475531823714,0.0027142475531823714,-0.3119486008962438,0.2139877326408377,0,0.021398560539114365,negative,607
economic_inv,open,吉林,湖北,-0.002703338653040007,0.002703338653040007,-0.3119486008962438,0.2139877326408377,0,0.021398560539114365,negative,608
economic_inv,open,黑龙江,甘肃,-0.0026916341461731864,0.0026916341461731864,-0.3119486008962438,0.2139877326408377,0,0.021398560539114365,negative,609
economic_inv,open,吉林,湖南,-0.0026879297795044683,0.0026879297795044683,-0.3119486008962438,0.2139877326408377,0,0.021398560539114365,negative,610
economic_inv,open,甘肃,浙江,-0.0026721850437439404,0.0026721850437439404,-0.3119486008962438,0.2139877326408377,0,0.021398560539114365,negative,611
economic_inv,open,江西,海南,-0.0026639329858673187,0.0026639329858673187,-0.3119486008962438,0.2139877326408377,0,0.021398560539114365,negative,612
economic_inv,open,云南,甘肃,-0.0026530064997231264,0.0026530064997231264,-0.3119486008962438,0.2139877326408377,0,0.021398560539114365,negative,613
economic_inv,open,青海,河北,-0.002645105785481633,0.002645105785481633,-0.3119486008962438,0.2139877326408377,0,0.021398560539114365,negative,614
economic_inv,open,山西,四川,-0.0026414545698008425,0.0026414545698008425,-0.3119486008962438,0.2139877326408377,0,0.021398560539114365,negative,615
economic_inv,open,青海,湖北,-0.002638687019374421,0.002638687019374421,-0.3119486008962438,0.2139877326408377,0,0.021398560539114365,negative,616
economic_inv,open,青海,湖南,-0.002629585429736123,0.002629585429736123,-0.3119486008962438,0.2139877326408377,0,0.021398560539114365,negative,617
economic_inv,open,宁夏,福建,-0.0025955316034062675,0.0025955316034062675,-0.3119486008962438,0.2139877326408377,0,0.021398560539114365,negative,618
economic_inv,open,河北,上海,-0.0025825335411514636,0.0025825335411514636,-0.3119486008962438,0.2139877326408377,0,0.021398560539114365,negative,619
economic_inv,open,上海,甘肃,-0.0025608138996776205,0.0025608138996776205,-0.3119486008962438,0.2139877326408377,0,0.021398560539114365,negative,620
economic_inv,open,天津,四川,-0.002558612283066637,0.002558612283066637,-0.3119486008962438,0.2139877326408377,0,0.021398560539114365,negative,621
economic_inv,open,四川,海南,-0.00255445155904219,0.00255445155904219,-0.3119486008962438,0.2139877326408377,0,0.021398560539114365,negative,622
economic_inv,open,辽宁,甘肃,-0.0025401058355149376,0.0025401058355149376,-0.3119486008962438,0.2139877326408377,0,0.021398560539114365,negative,623
economic_inv,open,江西,宁夏,-0.0025302356302958763,0.0025302356302958763,-0.3119486008962438,0.2139877326408377,0,0.021398560539114365,negative,624
economic_inv,open,云南,北京,-0.002526062457811213,0.002526062457811213,-0.3119486008962438,0.2139877326408377,0,0.021398560539114365,negative,625
economic_inv,open,青海,四川,-0.0025235403468797154,0.0025235403468797154,-0.3119486008962438,0.2139877326408377,0,0.021398560539114365,negative,626
economic_inv,open,辽宁,浙江,-0.0025231786897013868,0.0025231786897013868,-0.3119486008962438,0.2139877326408377,0,0.021398560539114365,negative,627
economic_inv,open,吉林,四川,-0.0025133949568458694,0.0025133949568458694,-0.3119486008962438,0.2139877326408377,0,0.021398560539114365,negative,628
economic_inv,open,北京,海南,-0.002499884667232634,0.002499884667232634,-0.3119486008962438,0.2139877326408377,0,0.021398560539114365,negative,629
economic_inv,open,黑龙江,北京,-0.0024942454527464995,0.0024942454527464995,-0.3119486008962438,0.2139877326408377,0,0.021398560539114365,negative,630
economic_inv,open,四川,宁夏,-0.0024869948260757405,0.0024869948260757405,-0.3119486008962438,0.2139877326408377,0,0.021398560539114365,negative,631
economic_inv,open,上海,浙江,-0.002447867129103298,0.002447867129103298,-0.3119486008962438,0.2139877326408377,0,0.021398560539114365,negative,632
economic_inv,open,江西,青海,-0.0024391729088273093,0.0024391729088273093,-0.3119486008962438,0.2139877326408377,0,0.021398560539114365,negative,633
economic_inv,open,四川,青海,-0.00243908191762279,0.00243908191762279,-0.3119486008962438,0.2139877326408377,0,0.021398560539114365,negative,634
economic_inv,open,贵州,河南,-0.0024339507544615707,0.0024339507544615707,-0.3119486008962438,0.2139877326408377,0,0.021398560539114365,negative,635
economic_inv,open,新疆,浙江,-0.002430288612779276,0.002430288612779276,-0.3119486008962438,0.2139877326408377,0,0.021398560539114365,negative,636
economic_inv,open,云南,安徽,-0.0024223029175858826,0.0024223029175858826,-0.3119486008962438,0.2139877326408377,0,0.021398560539114365,negative,637
economic_inv,open,安徽,海南,-0.0024107647832165733,0.0024107647832165733,-0.3119486008962438,0.2139877326408377,0,0.021398560539114365,negative,638
economic_inv,open,北京,宁夏,-0.0024057408127857753,0.0024057408127857753,-0.3119486008962438,0.2139877326408377,0,0.021398560539114365,negative,639
economic_inv,open,黑龙江,安徽,-0.0023930760675699727,0.0023930760675699727,-0.3119486008962438,0.2139877326408377,0,0.021398560539114365,negative,640
economic_inv,open,北京,青海,-0.0023401836046056013,0.0023401836046056013,-0.3119486008962438,0.2139877326408377,0,0.021398560539114365,negative,641
economic_inv,open,宁夏,河北,-0.002334472224399745,0.002334472224399745,-0.3119486008962438,0.2139877326408377,0,0.021398560539114365,negative,642
economic_inv,open,陕西,河南,-0.0023298690687511385,0.0023298690687511385,-0.3119486008962438,0.2139877326408377,0,0.021398560539114365,negative,643
economic_inv,open,宁夏,湖北,-0.0023286907959293277,0.0023286907959293277,-0.3119486008962438,0.2139877326408377,0,0.021398560539114365,negative,644
economic_inv,open,湖北,辽宁,-0.002325534640593073,0.002325534640593073,-0.3119486008962438,0.2139877326408377,0,0.021398560539114365,negative,645
economic_inv,open,安徽,宁夏,-0.0023215685867412498,0.0023215685867412498,-0.3119486008962438,0.2139877326408377,0,0.021398560539114365,negative,646
economic_inv,open,宁夏,湖南,-0.002320493920381913,0.002320493920381913,-0.3119486008962438,0.2139877326408377,0,0.021398560539114365,negative,647
economic_inv,open,重庆,海南,-0.0023043801918911327,0.0023043801918911327,-0.3119486008962438,0.2139877326408377,0,0.021398560539114365,negative,648
economic_inv,open,内蒙古,新疆,-0.00229670787795565,0.00229670787795565,-0.3119486008962438,0.2139877326408377,0,0.021398560539114365,negative,649
economic_inv,open,湖南,安徽,-0.0022757439512547505,0.0022757439512547505,-0.3119486008962438,0.2139877326408377,0,0.021398560539114365,negative,650
economic_inv,open,广西,新疆,-0.0022711315270455743,0.0022711315270455743,-0.3119486008962438,0.2139877326408377,0,0.021398560539114365,negative,651
economic_inv,open,安徽,青海,-0.0022593843749893687,0.0022593843749893687,-0.3119486008962438,0.2139877326408377,0,0.021398560539114365,negative,652
economic_inv,open,北京,浙江,-0.0022476976259570678,0.0022476976259570678,-0.3119486008962438,0.2139877326408377,0,0.021398560539114365,negative,653
economic_inv,open,安徽,浙江,-0.002245183637042838,0.002245183637042838,-0.3119486008962438,0.2139877326408377,0,0.021398560539114365,negative,654
economic_inv,open,海南,河南,-0.0022430892267973337,0.0022430892267973337,-0.3119486008962438,0.2139877326408377,0,0.021398560539114365,negative,655
economic_inv,open,内蒙古,上海,-0.0022322697743776074,0.0022322697743776074,-0.3119486008962438,0.2139877326408377,0,0.021398560539114365,negative,656
economic_inv,open,宁夏,四川,-0.0022250755091096142,0.0022250755091096142,-0.3119486008962438,0.2139877326408377,0,0.021398560539114365,negative,657
economic_inv,open,重庆,河北,-0.002215713022001374,0.002215713022001374,-0.3119486008962438,0.2139877326408377,0,0.021398560539114365,negative,658
economic_inv,open,重庆,湖北,-0.002204670643299749,0.002204670643299749,-0.3119486008962438,0.2139877326408377,0,0.021398560539114365,negative,659
economic_inv,open,上海,海南,-0.002203630621367554,0.002203630621367554,-0.3119486008962438,0.2139877326408377,0,0.021398560539114365,negative,660
economic_inv,open,辽宁,海南,-0.0021917022166824756,0.0021917022166824756,-0.3119486008962438,0.2139877326408377,0,0.021398560539114365,negative,661
economic_inv,open,重庆,湖南,-0.002189109621981067,0.002189109621981067,-0.3119486008962438,0.2139877326408377,0,0.021398560539114365,negative,662
economic_inv,open,重庆,宁夏,-0.0021777834595117173,0.0021777834595117173,-0.3119486008962438,0.2139877326408377,0,0.021398560539114365,negative,663
economic_inv,open,湖南,北京,-0.0021652376992235952,0.0021652376992235952,-0.3119486008962438,0.2139877326408377,0,0.021398560539114365,negative,664
economic_inv,open,湖北,上海,-0.0021607575026549677,0.0021607575026549677,-0.3119486008962438,0.2139877326408377,0,0.021398560539114365,negative,665
economic_inv,open,四川,山东,-0.0021602712618885183,0.0021602712618885183,-0.3119486008962438,0.2139877326408377,0,0.021398560539114365,negative,666
economic_inv,open,广西,上海,-0.002150534400395748,0.002150534400395748,-0.3119486008962438,0.2139877326408377,0,0.021398560539114365,negative,667
economic_inv,open,内蒙古,辽宁,-0.0021349806732219615,0.0021349806732219615,-0.3119486008962438,0.2139877326408377,0,0.021398560539114365,negative,668
economic_inv,open,上海,宁夏,-0.00212868856149447,0.00212868856149447,-0.3119486008962438,0.2139877326408377,0,0.021398560539114365,negative,669
economic_inv,open,辽宁,宁夏,-0.0021183637574447686,0.0021183637574447686,-0.3119486008962438,0.2139877326408377,0,0.021398560539114365,negative,670
economic_inv,open,重庆,青海,-0.0020922794334583533,0.0020922794334583533,-0.3119486008962438,0.2139877326408377,0,0.021398560539114365,negative,671
economic_inv,open,上海,青海,-0.0020761658207744745,0.0020761658207744745,-0.3119486008962438,0.2139877326408377,0,0.021398560539114365,negative,672
economic_inv,open,湖南,河南,-0.0020698408371879287,0.0020698408371879287,-0.3119486008962438,0.2139877326408377,0,0.021398560539114365,negative,673
economic_inv,open,辽宁,青海,-0.0020669154072093143,0.0020669154072093143,-0.3119486008962438,0.2139877326408377,0,0.021398560539114365,negative,674
economic_inv,open,青海,河南,-0.0020616943662896342,0.0020616943662896342,-0.3119486008962438,0.2139877326408377,0,0.021398560539114365,negative,675
economic_inv,open,广西,辽宁,-0.002057946640586502,0.002057946640586502,-0.3119486008962438,0.2139877326408377,0,0.021398560539114365,negative,676
economic_inv,open,福建,山东,-0.0020445677822615634,0.0020445677822615634,-0.3119486008962438,0.2139877326408377,0,0.021398560539114365,negative,677
economic_inv,open,重庆,四川,-0.002015774254476159,0.002015774254476159,-0.3119486008962438,0.2139877326408377,0,0.021398560539114365,negative,678
economic_inv,open,云南,上海,-0.002008441219125722,0.002008441219125722,-0.3119486008962438,0.2139877326408377,0,0.021398560539114365,negative,679
economic_inv,open,黑龙江,上海,-0.0019884632424475883,0.0019884632424475883,-0.3119486008962438,0.2139877326408377,0,0.021398560539114365,negative,680
economic_inv,open,贵州,浙江,-0.0019619040415926026,0.0019619040415926026,-0.3119486008962438,0.2139877326408377,0,0.021398560539114365,negative,681
economic_inv,open,山西,河南,-0.0019603568877387774,0.0019603568877387774,-0.3119486008962438,0.2139877326408377,0,0.021398560539114365,negative,682
economic_inv,open,黑龙江,海南,-0.0019483478323277202,0.0019483478323277202,-0.3119486008962438,0.2139877326408377,0,0.021398560539114365,negative,683
economic_inv,open,云南,辽宁,-0.0019414115392724983,0.0019414115392724983,-0.3119486008962438,0.2139877326408377,0,0.021398560539114365,negative,684
economic_inv,open,云南,海南,-0.00192778264793979,0.00192778264793979,-0.3119486008962438,0.2139877326408377,0,0.021398560539114365,negative,685
economic_inv,open,黑龙江,辽宁,-0.0019227681664497728,0.0019227681664497728,-0.3119486008962438,0.2139877326408377,0,0.021398560539114365,negative,686
economic_inv,open,河北,安徽,-0.0019054660093635117,0.0019054660093635117,-0.3119486008962438,0.2139877326408377,0,0.021398560539114365,negative,687
economic_inv,open,江西,河南,-0.0018958457332781315,0.0018958457332781315,-0.3119486008962438,0.2139877326408377,0,0.021398560539114365,negative,688
economic_inv,open,海南,浙江,-0.0018916204302150113,0.0018916204302150113,-0.3119486008962438,0.2139877326408377,0,0.021398560539114365,negative,689
economic_inv,open,吉林,河南,-0.001847147708027339,0.001847147708027339,-0.3119486008962438,0.2139877326408377,0,0.021398560539114365,negative,690
economic_inv,open,黑龙江,宁夏,-0.0018213943847003174,0.0018213943847003174,-0.3119486008962438,0.2139877326408377,0,0.021398560539114365,negative,691
economic_inv,open,宁夏,河南,-0.0018113411158996442,0.0018113411158996442,-0.3119486008962438,0.2139877326408377,0,0.021398560539114365,negative,692
economic_inv,open,河北,北京,-0.001810831009760404,0.001810831009760404,-0.3119486008962438,0.2139877326408377,0,0.021398560539114365,negative,693
economic_inv,open,云南,宁夏,-0.0018033554018363875,0.0018033554018363875,-0.3119486008962438,0.2139877326408377,0,0.021398560539114365,negative,694
economic_inv,open,天津,河南,-0.0018027701205586204,0.0018027701205586204,-0.3119486008962438,0.2139877326408377,0,0.021398560539114365,negative,695
economic_inv,open,陕西,浙江,-0.0017555662516170638,0.0017555662516170638,-0.3119486008962438,0.2139877326408377,0,0.021398560539114365,negative,696
economic_inv,open,四川,江苏,-0.0017533347264864416,0.0017533347264864416,-0.3119486008962438,0.2139877326408377,0,0.021398560539114365,negative,697
economic_inv,open,青海,浙江,-0.0017487588876966239,0.0017487588876966239,-0.3119486008962438,0.2139877326408377,0,0.021398560539114365,negative,698
economic_inv,open,甘肃,山东,-0.0017469487468526619,0.0017469487468526619,-0.3119486008962438,0.2139877326408377,0,0.021398560539114365,negative,699
economic_inv,open,黑龙江,青海,-0.0017371920089305599,0.0017371920089305599,-0.3119486008962438,0.2139877326408377,0,0.021398560539114365,negative,700
economic_inv,open,内蒙古,福建,-0.0017301771818011345,0.0017301771818011345,-0.3119486008962438,0.2139877326408377,0,0.021398560539114365,negative,701
economic_inv,open,云南,青海,-0.001720738153478668,0.001720738153478668,-0.3119486008962438,0.2139877326408377,0,0.021398560539114365,negative,702
economic_inv,open,福建,江苏,-0.0016946378931051167,0.0016946378931051167,-0.3119486008962438,0.2139877326408377,0,0.021398560539114365,negative,703
economic_inv,open,内蒙古,甘肃,-0.0016923787317017222,0.0016923787317017222,-0.3119486008962438,0.2139877326408377,0,0.021398560539114365,negative,704
economic_inv,open,广西,福建,-0.0016716010391676004,0.0016716010391676004,-0.3119486008962438,0.2139877326408377,0,0.021398560539114365,negative,705
economic_inv,open,广西,甘肃,-0.0016676469973636407,0.0016676469973636407,-0.3119486008962438,0.2139877326408377,0,0.021398560539114365,negative,706
economic_inv,open,四川,广东,-0.0016635800789983422,0.0016635800789983422,-0.3119486008962438,0.2139877326408377,0,0.021398560539114365,negative,707
economic_inv,open,河北,河南,-0.0016571737210313228,0.0016571737210313228,-0.3119486008962438,0.2139877326408377,0,0.021398560539114365,negative,708
economic_inv,open,云南,福建,-0.001646434256735157,0.001646434256735157,-0.3119486008962438,0.2139877326408377,0,0.021398560539114365,negative,709
economic_inv,open,黑龙江,福建,-0.0016331207232581132,0.0016331207232581132,-0.3119486008962438,0.2139877326408377,0,0.021398560539114365,negative,710
economic_inv,open,福建,广东,-0.0016154484185834674,0.0016154484185834674,-0.3119486008962438,0.2139877326408377,0,0.021398560539114365,negative,711
economic_inv,open,湖北,安徽,-0.0015998123186929361,0.0015998123186929361,-0.3119486008962438,0.2139877326408377,0,0.021398560539114365,negative,712
economic_inv,open,山西,浙江,-0.0015656324434557593,0.0015656324434557593,-0.3119486008962438,0.2139877326408377,0,0.021398560539114365,negative,713
economic_inv,open,新疆,山东,-0.001546549580909479,0.001546549580909479,-0.3119486008962438,0.2139877326408377,0,0.021398560539114365,negative,714
economic_inv,open,甘肃,江苏,-0.001542885278257385,0.001542885278257385,-0.3119486008962438,0.2139877326408377,0,0.021398560539114365,negative,715
economic_inv,open,宁夏,浙江,-0.0015326854603900629,0.0015326854603900629,-0.3119486008962438,0.2139877326408377,0,0.021398560539114365,negative,716
economic_inv,open,湖北,北京,-0.0015210970189536112,0.0015210970189536112,-0.3119486008962438,0.2139877326408377,0,0.021398560539114365,negative,717
economic_inv,open,甘肃,广东,-0.0014929368999286642,0.0014929368999286642,-0.3119486008962438,0.2139877326408377,0,0.021398560539114365,negative,718
economic_inv,open,吉林,浙江,-0.0014669371659765595,0.0014669371659765595,-0.3119486008962438,0.2139877326408377,0,0.021398560539114365,negative,719
economic_inv,open,江西,浙江,-0.0014383893363148221,0.0014383893363148221,-0.3119486008962438,0.2139877326408377,0,0.021398560539114365,negative,720
economic_inv,open,湖北,河南,-0.0014172842761225137,0.0014172842761225137,-0.3119486008962438,0.2139877326408377,0,0.021398560539114365,negative,721
economic_inv,open,重庆,河南,-0.0014000041187875439,0.0014000041187875439,-0.3119486008962438,0.2139877326408377,0,0.021398560539114365,negative,722
economic_inv,open,天津,浙江,-0.0013987487784210084,0.0013987487784210084,-0.3119486008962438,0.2139877326408377,0,0.021398560539114365,negative,723
economic_inv,open,内蒙古,河北,-0.0013656164032380732,0.0013656164032380732,-0.3119486008962438,0.2139877326408377,0,0.021398560539114365,negative,724
economic_inv,open,内蒙古,湖北,-0.0013585505353723379,0.0013585505353723379,-0.3119486008962438,0.2139877326408377,0,0.021398560539114365,negative,725
economic_inv,open,新疆,江苏,-0.0013579291272359903,0.0013579291272359903,-0.3119486008962438,0.2139877326408377,0,0.021398560539114365,negative,726
economic_inv,open,云南,河北,-0.001356289745855898,0.001356289745855898,-0.3119486008962438,0.2139877326408377,0,0.021398560539114365,negative,727
economic_inv,open,云南,湖北,-0.001350415559111076,0.001350415559111076,-0.3119486008962438,0.2139877326408377,0,0.021398560539114365,negative,728
economic_inv,open,湖南,陕西,-0.0013502503044879276,0.0013502503044879276,-0.3119486008962438,0.2139877326408377,0,0.021398560539114365,negative,729
economic_inv,open,内蒙古,湖南,-0.0013485978400958427,0.0013485978400958427,-0.3119486008962438,0.2139877326408377,0,0.021398560539114365,negative,730
economic_inv,open,黑龙江,河北,-0.001347351962299768,0.001347351962299768,-0.3119486008962438,0.2139877326408377,0,0.021398560539114365,negative,731
economic_inv,open,云南,湖南,-0.0013421245090289885,0.0013421245090289885,-0.3119486008962438,0.2139877326408377,0,0.021398560539114365,negative,732
economic_inv,open,黑龙江,湖北,-0.001341557460639586,0.001341557460639586,-0.3119486008962438,0.2139877326408377,0,0.021398560539114365,negative,733
economic_inv,open,黑龙江,湖南,-0.00133337827869628,0.00133337827869628,-0.3119486008962438,0.2139877326408377,0,0.021398560539114365,negative,734
economic_inv,open,广西,河北,-0.0013221327067031122,0.0013221327067031122,-0.3119486008962438,0.2139877326408377,0,0.021398560539114365,negative,735
economic_inv,open,内蒙古,海南,-0.0013170521117712411,0.0013170521117712411,-0.3119486008962438,0.2139877326408377,0,0.021398560539114365,negative,736
economic_inv,open,广西,湖北,-0.0013153449664744785,0.0013153449664744785,-0.3119486008962438,0.2139877326408377,0,0.021398560539114365,negative,737
economic_inv,open,新疆,广东,-0.001312095398576841,0.001312095398576841,-0.3119486008962438,0.2139877326408377,0,0.021398560539114365,negative,738
economic_inv,open,广西,湖南,-0.0013057831001376185,0.0013057831001376185,-0.3119486008962438,0.2139877326408377,0,0.021398560539114365,negative,739
economic_inv,open,广西,海南,-0.0012949769277173474,0.0012949769277173474,-0.3119486008962438,0.2139877326408377,0,0.021398560539114365,negative,740
economic_inv,open,湖南,江西,-0.0012893017415549163,0.0012893017415549163,-0.3119486008962438,0.2139877326408377,0,0.021398560539114365,negative,741
economic_inv,open,海南,山东,-0.0012689018069576975,0.0012689018069576975,-0.3119486008962438,0.2139877326408377,0,0.021398560539114365,negative,742
economic_inv,open,云南,四川,-0.0012487219521859368,0.0012487219521859368,-0.3119486008962438,0.2139877326408377,0,0.021398560539114365,negative,743
economic_inv,open,内蒙古,宁夏,-0.0012472352102983197,0.0012472352102983197,-0.3119486008962438,0.2139877326408377,0,0.021398560539114365,negative,744
economic_inv,open,黑龙江,四川,-0.00124118722076575,0.00124118722076575,-0.3119486008962438,0.2139877326408377,0,0.021398560539114365,negative,745
economic_inv,open,内蒙古,四川,-0.0012380958521493997,0.0012380958521493997,-0.3119486008962438,0.2139877326408377,0,0.021398560539114365,negative,746
economic_inv,open,辽宁,山东,-0.0012273879471107856,0.0012273879471107856,-0.3119486008962438,0.2139877326408377,0,0.021398560539114365,negative,747
economic_inv,open,广西,宁夏,-0.0012258332938427903,0.0012258332938427903,-0.3119486008962438,0.2139877326408377,0,0.021398560539114365,negative,748
economic_inv,open,贵州,山东,-0.0012205216238527297,0.0012205216238527297,-0.3119486008962438,0.2139877326408377,0,0.021398560539114365,negative,749
economic_inv,open,湖南,内蒙古,-0.0012109138343295925,0.0012109138343295925,-0.3119486008962438,0.2139877326408377,0,0.021398560539114365,negative,750
economic_inv,open,上海,山东,-0.001202351326963065,0.001202351326963065,-0.3119486008962438,0.2139877326408377,0,0.021398560539114365,negative,751
economic_inv,open,湖南,广西,-0.001201576242123345,0.001201576242123345,-0.3119486008962438,0.2139877326408377,0,0.021398560539114365,negative,752
economic_inv,open,内蒙古,青海,-0.0011999191987248762,0.0011999191987248762,-0.3119486008962438,0.2139877326408377,0,0.021398560539114365,negative,753
economic_inv,open,广西,四川,-0.0011995472104173689,0.0011995472104173689,-0.3119486008962438,0.2139877326408377,0,0.021398560539114365,negative,754
economic_inv,open,青海,山东,-0.001185282250962008,0.001185282250962008,-0.3119486008962438,0.2139877326408377,0,0.021398560539114365,negative,755
economic_inv,open,广西,青海,-0.0011790054151071807,0.0011790054151071807,-0.3119486008962438,0.2139877326408377,0,0.021398560539114365,negative,756
economic_inv,open,湖南,重庆,-0.0011666557072523608,0.0011666557072523608,-0.3119486008962438,0.2139877326408377,0,0.021398560539114365,negative,757
economic_inv,open,北京,山东,-0.0011634039810214652,0.0011634039810214652,-0.3119486008962438,0.2139877326408377,0,0.021398560539114365,negative,758
economic_inv,open,安徽,山东,-0.0011526760912860421,0.0011526760912860421,-0.3119486008962438,0.2139877326408377,0,0.021398560539114365,negative,759
economic_inv,open,湖南,浙江,-0.0011319239351088326,0.0011319239351088326,-0.3119486008962438,0.2139877326408377,0,0.021398560539114365,negative,760
economic_inv,open,海南,江苏,-0.001127162621398447,0.001127162621398447,-0.3119486008962438,0.2139877326408377,0,0.021398560539114365,negative,761
economic_inv,open,河北,陕西,-0.0011196360059098232,0.0011196360059098232,-0.3119486008962438,0.2139877326408377,0,0.021398560539114365,negative,762
economic_inv,open,湖南,天津,-0.0011076469574021134,0.0011076469574021134,-0.3119486008962438,0.2139877326408377,0,0.021398560539114365,negative,763
economic_inv,open,海南,广东,-0.0010922191113031416,0.0010922191113031416,-0.3119486008962438,0.2139877326408377,0,0.021398560539114365,negative,764
economic_inv,open,重庆,浙江,-0.0010780159764888608,0.0010780159764888608,-0.3119486008962438,0.2139877326408377,0,0.021398560539114365,negative,765
economic_inv,open,河北,江西,-0.0010684174613058443,0.0010684174613058443,-0.3119486008962438,0.2139877326408377,0,0.021398560539114365,negative,766
economic_inv,open,贵州,江苏,-0.0010665653203244653,0.0010665653203244653,-0.3119486008962438,0.2139877326408377,0,0.021398560539114365,negative,767
economic_inv,open,青海,江苏,-0.0010553843521470775,0.0010553843521470775,-0.3119486008962438,0.2139877326408377,0,0.021398560539114365,negative,768
economic_inv,open,宁夏,山东,-0.0010343213809749971,0.0010343213809749971,-0.3119486008962438,0.2139877326408377,0,0.021398560539114365,negative,769
economic_inv,open,贵州,广东,-0.001029375782340211,0.001029375782340211,-0.3119486008962438,0.2139877326408377,0,0.021398560539114365,negative,770
economic_inv,open,辽宁,江苏,-0.0010260983422846518,0.0010260983422846518,-0.3119486008962438,0.2139877326408377,0,0.021398560539114365,negative,771
economic_inv,open,青海,广东,-0.0010232652490200604,0.0010232652490200604,-0.3119486008962438,0.2139877326408377,0,0.021398560539114365,negative,772
economic_inv,open,湖南,云南,-0.0010148233161528803,0.0010148233161528803,-0.3119486008962438,0.2139877326408377,0,0.021398560539114365,negative,773
economic_inv,open,湖南,黑龙江,-0.0010077409848647685,0.0010077409848647685,-0.3119486008962438,0.2139877326408377,0,0.021398560539114365,negative,774
economic_inv,open,上海,江苏,-0.0010066908835144235,0.0010066908835144235,-0.3119486008962438,0.2139877326408377,0,0.021398560539114365,negative,775
economic_inv,open,河北,内蒙古,-0.0010026392979963525,0.0010026392979963525,-0.3119486008962438,0.2139877326408377,0,0.021398560539114365,negative,776
economic_inv,open,河北,广西,-0.0009948109451845806,0.0009948109451845806,-0.3119486008962438,0.2139877326408377,0,0.021398560539114365,negative,777
economic_inv,open,陕西,山东,-0.0009907102283896031,0.0009907102283896031,-0.3119486008962438,0.2139877326408377,0,0.021398560539114365,negative,778
economic_inv,open,北京,江苏,-0.000982380731191684,0.000982380731191684,-0.3119486008962438,0.2139877326408377,0,0.021398560539114365,negative,779
economic_inv,open,辽宁,广东,-0.0009800633088358265,0.0009800633088358265,-0.3119486008962438,0.2139877326408377,0,0.021398560539114365,negative,780
economic_inv,open,安徽,江苏,-0.0009720057351555277,0.0009720057351555277,-0.3119486008962438,0.2139877326408377,0,0.021398560539114365,negative,781
economic_inv,open,河北,重庆,-0.0009655481296648316,0.0009655481296648316,-0.3119486008962438,0.2139877326408377,0,0.021398560539114365,negative,782
economic_inv,open,上海,广东,-0.0009618598961932832,0.0009618598961932832,-0.3119486008962438,0.2139877326408377,0,0.021398560539114365,negative,783
economic_inv,open,山西,山东,-0.0009601328795141099,0.0009601328795141099,-0.3119486008962438,0.2139877326408377,0,0.021398560539114365,negative,784
economic_inv,open,湖北,陕西,-0.0009438462443334208,0.0009438462443334208,-0.3119486008962438,0.2139877326408377,0,0.021398560539114365,negative,785
economic_inv,open,湖南,吉林,-0.0009421472138673821,0.0009421472138673821,-0.3119486008962438,0.2139877326408377,0,0.021398560539114365,negative,786
economic_inv,open,北京,广东,-0.0009404683037624325,0.0009404683037624325,-0.3119486008962438,0.2139877326408377,0,0.021398560539114365,negative,787
economic_inv,open,安徽,广东,-0.0009302446628211779,0.0009302446628211779,-0.3119486008962438,0.2139877326408377,0,0.021398560539114365,negative,788
economic_inv,open,宁夏,江苏,-0.000920046923432887,0.000920046923432887,-0.3119486008962438,0.2139877326408377,0,0.021398560539114365,negative,789
economic_inv,open,河北,天津,-0.0009161481506459615,0.0009161481506459615,-0.3119486008962438,0.2139877326408377,0,0.021398560539114365,negative,790
economic_inv,open,河北,浙江,-0.0009148976117616003,0.0009148976117616003,-0.3119486008962438,0.2139877326408377,0,0.021398560539114365,negative,791
economic_inv,open,湖南,山西,-0.0009052164082672675,0.0009052164082672675,-0.3119486008962438,0.2139877326408377,0,0.021398560539114365,negative,792
economic_inv,open,湖北,江西,-0.0009009073055281378,0.0009009073055281378,-0.3119486008962438,0.2139877326408377,0,0.021398560539114365,negative,793
economic_inv,open,云南,河南,-0.0009005791163263858,0.0009005791163263858,-0.3119486008962438,0.2139877326408377,0,0.021398560539114365,negative,794
economic_inv,open,黑龙江,河南,-0.0008967692728391711,0.0008967692728391711,-0.3119486008962438,0.2139877326408377,0,0.021398560539114365,negative,795
economic_inv,open,吉林,山东,-0.0008919270561182897,0.0008919270561182897,-0.3119486008962438,0.2139877326408377,0,0.021398560539114365,negative,796
economic_inv,open,宁夏,广东,-0.0008918261628519578,0.0008918261628519578,-0.3119486008962438,0.2139877326408377,0,0.021398560539114365,negative,797
economic_inv,open,内蒙古,河南,-0.0008508356039566465,0.0008508356039566465,-0.3119486008962438,0.2139877326408377,0,0.021398560539114365,negative,798
economic_inv,open,陕西,江苏,-0.0008493590920928552,0.0008493590920928552,-0.3119486008962438,0.2139877326408377,0,0.021398560539114365,negative,799
economic_inv,open,湖南,贵州,-0.0008469709183708475,0.0008469709183708475,-0.3119486008962438,0.2139877326408377,0,0.021398560539114365,negative,800
economic_inv,open,湖北,内蒙古,-0.0008457290523597498,0.0008457290523597498,-0.3119486008962438,0.2139877326408377,0,0.021398560539114365,negative,801
economic_inv,open,湖北,广西,-0.0008391597154425529,0.0008391597154425529,-0.3119486008962438,0.2139877326408377,0,0.021398560539114365,negative,802
economic_inv,open,河北,云南,-0.0008385622828254504,0.0008385622828254504,-0.3119486008962438,0.2139877326408377,0,0.021398560539114365,negative,803
economic_inv,open,山西,江苏,-0.0008365492283929042,0.0008365492283929042,-0.3119486008962438,0.2139877326408377,0,0.021398560539114365,negative,804
economic_inv,open,河北,黑龙江,-0.0008326487255326125,0.0008326487255326125,-0.3119486008962438,0.2139877326408377,0,0.021398560539114365,negative,805
economic_inv,open,广西,河南,-0.0008261750549227065,0.0008261750549227065,-0.3119486008962438,0.2139877326408377,0,0.021398560539114365,negative,806
economic_inv,open,天津,山东,-0.0008218652123625125,0.0008218652123625125,-0.3119486008962438,0.2139877326408377,0,0.021398560539114365,negative,807
economic_inv,open,江西,山东,-0.0008192513188887789,0.0008192513188887789,-0.3119486008962438,0.2139877326408377,0,0.021398560539114365,negative,808
economic_inv,open,陕西,广东,-0.0008160130273641974,0.0008160130273641974,-0.3119486008962438,0.2139877326408377,0,0.021398560539114365,negative,809
economic_inv,open,湖北,重庆,-0.0008145984696824605,0.0008145984696824605,-0.3119486008962438,0.2139877326408377,0,0.021398560539114365,negative,810
economic_inv,open,山西,广东,-0.0008068056345876013,0.0008068056345876013,-0.3119486008962438,0.2139877326408377,0,0.021398560539114365,negative,811
economic_inv,open,湖北,浙江,-0.000779431524680729,0.000779431524680729,-0.3119486008962438,0.2139877326408377,0,0.021398560539114365,negative,812
economic_inv,open,河北,吉林,-0.0007779210458686201,0.0007779210458686201,-0.3119486008962438,0.2139877326408377,0,0.021398560539114365,negative,813
economic_inv,open,吉林,江苏,-0.0007757707329795672,0.0007757707329795672,-0.3119486008962438,0.2139877326408377,0,0.021398560539114365,negative,814
economic_inv,open,湖北,天津,-0.0007731185997418514,0.0007731185997418514,-0.3119486008962438,0.2139877326408377,0,0.021398560539114365,negative,815
economic_inv,open,湖南,新疆,-0.0007629306176045168,0.0007629306176045168,-0.3119486008962438,0.2139877326408377,0,0.021398560539114365,negative,816
economic_inv,open,吉林,广东,-0.0007478750250154297,0.0007478750250154297,-0.3119486008962438,0.2139877326408377,0,0.021398560539114365,negative,817
economic_inv,open,河北,山西,-0.000747140917865566,0.000747140917865566,-0.3119486008962438,0.2139877326408377,0,0.021398560539114365,negative,818
economic_inv,open,天津,江苏,-0.0007100095144676837,0.0007100095144676837,-0.3119486008962438,0.2139877326408377,0,0.021398560539114365,negative,819
economic_inv,open,湖北,云南,-0.0007079290487951604,0.0007079290487951604,-0.3119486008962438,0.2139877326408377,0,0.021398560539114365,negative,820
economic_inv,open,云南,浙江,-0.0007076673114514199,0.0007076673114514199,-0.3119486008962438,0.2139877326408377,0,0.021398560539114365,negative,821
economic_inv,open,黑龙江,浙江,-0.0007053827793882587,0.0007053827793882587,-0.3119486008962438,0.2139877326408377,0,0.021398560539114365,negative,822
economic_inv,open,江西,江苏,-0.0007035698637907011,0.0007035698637907011,-0.3119486008962438,0.2139877326408377,0,0.021398560539114365,negative,823
economic_inv,open,湖北,黑龙江,-0.000702958189879582,0.000702958189879582,-0.3119486008962438,0.2139877326408377,0,0.021398560539114365,negative,824
economic_inv,open,河北,贵州,-0.0006986439492419141,0.0006986439492419141,-0.3119486008962438,0.2139877326408377,0,0.021398560539114365,negative,825
economic_inv,open,天津,广东,-0.0006833710651898519,0.0006833710651898519,-0.3119486008962438,0.2139877326408377,0,0.021398560539114365,negative,826
economic_inv,open,江西,广东,-0.0006762215569277414,0.0006762215569277414,-0.3119486008962438,0.2139877326408377,0,0.021398560539114365,negative,827
economic_inv,open,湖南,甘肃,-0.0006739035210427154,0.0006739035210427154,-0.3119486008962438,0.2139877326408377,0,0.021398560539114365,negative,828
economic_inv,open,湖北,吉林,-0.0006569404051725983,0.0006569404051725983,-0.3119486008962438,0.2139877326408377,0,0.021398560539114365,negative,829
economic_inv,open,内蒙古,浙江,-0.0006515646085074257,0.0006515646085074257,-0.3119486008962438,0.2139877326408377,0,0.021398560539114365,negative,830
economic_inv,open,广西,浙江,-0.0006334034852568693,0.0006334034852568693,-0.3119486008962438,0.2139877326408377,0,0.021398560539114365,negative,831
economic_inv,open,湖北,山西,-0.000631047490332269,0.000631047490332269,-0.3119486008962438,0.2139877326408377,0,0.021398560539114365,negative,832
economic_inv,open,河北,新疆,-0.0006287727130776091,0.0006287727130776091,-0.3119486008962438,0.2139877326408377,0,0.021398560539114365,negative,833
economic_inv,open,重庆,山东,-0.0006266316318325841,0.0006266316318325841,-0.3119486008962438,0.2139877326408377,0,0.021398560539114365,negative,834
economic_inv,open,湖南,海南,-0.000598291843068044,0.000598291843068044,-0.3119486008962438,0.2139877326408377,0,0.021398560539114365,negative,835
economic_inv,open,湖北,贵州,-0.0005902340662900821,0.0005902340662900821,-0.3119486008962438,0.2139877326408377,0,0.021398560539114365,negative,836
economic_inv,open,湖南,宁夏,-0.0005818149093154832,0.0005818149093154832,-0.3119486008962438,0.2139877326408377,0,0.021398560539114365,negative,837
economic_inv,open,湖南,青海,-0.0005701349983855637,0.0005701349983855637,-0.3119486008962438,0.2139877326408377,0,0.021398560539114365,negative,838
economic_inv,open,河北,甘肃,-0.0005548882024401189,0.0005548882024401189,-0.3119486008962438,0.2139877326408377,0,0.021398560539114365,negative,839
economic_inv,open,重庆,江苏,-0.0005402259616995967,0.0005402259616995967,-0.3119486008962438,0.2139877326408377,0,0.021398560539114365,negative,840
economic_inv,open,湖北,新疆,-0.0005313967871842344,0.0005313967871842344,-0.3119486008962438,0.2139877326408377,0,0.021398560539114365,negative,841
economic_inv,open,重庆,广东,-0.0005197011834315713,0.0005197011834315713,-0.3119486008962438,0.2139877326408377,0,0.021398560539114365,negative,842
economic_inv,open,河北,海南,-0.0004922442699806859,0.0004922442699806859,-0.3119486008962438,0.2139877326408377,0,0.021398560539114365,negative,843
economic_inv,open,河北,宁夏,-0.00047860622057955307,0.00047860622057955307,-0.3119486008962438,0.2139877326408377,0,0.021398560539114365,negative,844
economic_inv,open,湖北,甘肃,-0.00046913374113341874,0.00046913374113341874,-0.3119486008962438,0.2139877326408377,0,0.021398560539114365,negative,845
economic_inv,open,河北,青海,-0.0004689415115273969,0.0004689415115273969,-0.3119486008962438,0.2139877326408377,0,0.021398560539114365,negative,846
economic_inv,open,湖南,山东,-0.00046788714735934993,0.00046788714735934993,-0.3119486008962438,0.2139877326408377,0,0.021398560539114365,negative,847
economic_inv,open,云南,山东,-0.000423523555936288,0.000423523555936288,-0.3119486008962438,0.2139877326408377,0,0.021398560539114365,negative,848
economic_inv,open,黑龙江,山东,-0.0004227830478060914,0.0004227830478060914,-0.3119486008962438,0.2139877326408377,0,0.021398560539114365,negative,849
economic_inv,open,湖北,海南,-0.0004163059247926236,0.0004163059247926236,-0.3119486008962438,0.2139877326408377,0,0.021398560539114365,negative,850
economic_inv,open,湖北,宁夏,-0.0004048003770946367,0.0004048003770946367,-0.3119486008962438,0.2139877326408377,0,0.021398560539114365,negative,851
economic_inv,open,湖北,青海,-0.0003966458986484538,0.0003966458986484538,-0.3119486008962438,0.2139877326408377,0,0.021398560539114365,negative,852
economic_inv,open,湖南,江苏,-0.0003822329716792404,0.0003822329716792404,-0.3119486008962438,0.2139877326408377,0,0.021398560539114365,negative,853
economic_inv,open,河北,山东,-0.0003807501641187215,0.0003807501641187215,-0.3119486008962438,0.2139877326408377,0,0.021398560539114365,negative,854
economic_inv,open,内蒙古,山东,-0.00037585848663408645,0.00037585848663408645,-0.3119486008962438,0.2139877326408377,0,0.021398560539114365,negative,855
economic_inv,open,云南,江苏,-0.00036720370103751875,0.00036720370103751875,-0.3119486008962438,0.2139877326408377,0,0.021398560539114365,negative,856
economic_inv,open,黑龙江,江苏,-0.00036666956200088547,0.00036666956200088547,-0.3119486008962438,0.2139877326408377,0,0.021398560539114365,negative,857
economic_inv,open,广西,山东,-0.00036596138234738557,0.00036596138234738557,-0.3119486008962438,0.2139877326408377,0,0.021398560539114365,negative,858
economic_inv,open,湖南,广东,-0.00036318994064931,0.00036318994064931,-0.3119486008962438,0.2139877326408377,0,0.021398560539114365,negative,859
economic_inv,open,云南,广东,-0.00035373108231874875,0.00035373108231874875,-0.3119486008962438,0.2139877326408377,0,0.021398560539114365,negative,860
economic_inv,open,黑龙江,广东,-0.000353241413473248,0.000353241413473248,-0.3119486008962438,0.2139877326408377,0,0.021398560539114365,negative,861
economic_inv,open,内蒙古,江苏,-0.0003235599871121865,0.0003235599871121865,-0.3119486008962438,0.2139877326408377,0,0.021398560539114365,negative,862
economic_inv,open,湖北,山东,-0.00032347309834302357,0.00032347309834302357,-0.3119486008962438,0.2139877326408377,0,0.021398560539114365,negative,863
economic_inv,open,广西,江苏,-0.00031513477152706176,0.00031513477152706176,-0.3119486008962438,0.2139877326408377,0,0.021398560539114365,negative,864
economic_inv,open,河北,江苏,-0.00031132091633192377,0.00031132091633192377,-0.3119486008962438,0.2139877326408377,0,0.021398560539114365,negative,865
economic_inv,open,内蒙古,广东,-0.0003111593894187577,0.0003111593894187577,-0.3119486008962438,0.2139877326408377,0,0.021398560539114365,negative,866
economic_inv,open,广西,广东,-0.0003030786911559662,0.0003030786911559662,-0.3119486008962438,0.2139877326408377,0,0.021398560539114365,negative,867
economic_inv,open,河北,广东,-0.0002958685159120727,0.0002958685159120727,-0.3119486008962438,0.2139877326408377,0,0.021398560539114365,negative,868
economic_inv,open,湖北,江苏,-0.00026439283116345925,0.00026439283116345925,-0.3119486008962438,0.2139877326408377,0,0.021398560539114365,negative,869
economic_inv,open,湖北,广东,-0.00025124953229042023,0.00025124953229042023,-0.3119486008962438,0.2139877326408377,0,0.021398560539114365,negative,870
economic_inv,rd,河北,湖北,1.8015553620255926,1.8015553620255926,2.915248938645916,0.6474299926326067,1,0.19997567137976122,positive,1
economic_inv,rd,黑龙江,云南,1.7855013333426326,1.7855013333426326,2.915248938645916,0.6474299926326067,1,0.19997567137976122,positive,2
economic_inv,rd,云南,黑龙江,1.784670705403921,1.784670705403921,2.915248938645916,0.6474299926326067,1,0.19997567137976122,positive,3
economic_inv,rd,内蒙古,广西,1.6217783292154855,1.6217783292154855,2.915248938645916,0.6474299926326067,1,0.19997567137976122,positive,4
economic_inv,rd,广西,内蒙古,1.582493682056463,1.582493682056463,2.915248938645916,0.6474299926326067,1,0.19997567137976122,positive,5
economic_inv,rd,湖南,湖北,1.544688577992312,1.544688577992312,2.915248938645916,0.6474299926326067,1,0.19997567137976122,positive,6
economic_inv,rd,湖北,河北,1.5275205670278806,1.5275205670278806,2.915248938645916,0.6474299926326067,1,0.19997567137976122,positive,7
economic_inv,rd,北京,安徽,1.26005653951216,1.26005653951216,2.915248938645916,0.6474299926326067,1,0.19997567137976122,positive,8
economic_inv,rd,广东,江苏,1.2422804455476297,1.2422804455476297,2.915248938645916,0.6474299926326067,1,0.19997567137976122,positive,9
economic_inv,rd,安徽,北京,1.2376653168606464,1.2376653168606464,2.915248938645916,0.6474299926326067,1,0.19997567137976122,positive,10
economic_inv,rd,辽宁,上海,1.2317670745837932,1.2317670745837932,2.915248938645916,0.6474299926326067,1,0.19997567137976122,positive,11
economic_inv,rd,青海,宁夏,1.2241234106776122,1.2241234106776122,2.915248938645916,0.6474299926326067,1,0.19997567137976122,positive,12
economic_inv,rd,上海,辽宁,1.217877444906726,1.217877444906726,2.915248938645916,0.6474299926326067,1,0.19997567137976122,positive,13
economic_inv,rd,江苏,广东,1.1840527092268747,1.1840527092268747,2.915248938645916,0.6474299926326067,1,0.19997567137976122,positive,14
economic_inv,rd,湖北,湖南,1.0709411488511904,1.0709411488511904,2.915248938645916,0.6474299926326067,1,0.19997567137976122,positive,15
economic_inv,rd,宁夏,青海,1.0585495924387125,1.0585495924387125,2.915248938645916,0.6474299926326067,1,0.19997567137976122,positive,16
economic_inv,rd,海南,宁夏,0.9541531203669855,0.9541531203669855,2.915248938645916,0.6474299926326067,1,0.19997567137976122,positive,17
economic_inv,rd,湖南,河北,0.908054006767639,0.908054006767639,2.915248938645916,0.6474299926326067,1,0.19997567137976122,positive,18
economic_inv,rd,宁夏,海南,0.7874259534128052,0.7874259534128052,2.915248938645916,0.6474299926326067,1,0.19997567137976122,positive,19
economic_inv,rd,陕西,江西,0.7610548311724143,0.7610548311724143,2.915248938645916,0.6474299926326067,1,0.19997567137976122,positive,20
economic_inv,rd,河北,湖南,0.7425007485530714,0.7425007485530714,2.915248938645916,0.6474299926326067,1,0.19997567137976122,positive,21
economic_inv,rd,重庆,广西,0.7039317586446585,0.7039317586446585,2.915248938645916,0.6474299926326067,1,0.19997567137976122,positive,22
economic_inv,rd,山西,吉林,0.6717630454811957,0.6717630454811957,2.915248938645916,0.6474299926326067,1,0.19997567137976122,positive,23
economic_inv,rd,江西,陕西,0.6369977520456876,0.6369977520456876,2.915248938645916,0.6474299926326067,1,0.19997567137976122,positive,24
economic_inv,rd,吉林,山西,0.6157070959306451,0.6157070959306451,2.915248938645916,0.6474299926326067,1,0.19997567137976122,positive,25
economic_inv,rd,四川,湖南,0.5652176814498081,0.5652176814498081,2.915248938645916,0.6474299926326067,1,0.19997567137976122,positive,26
economic_inv,rd,重庆,内蒙古,0.5597322407345978,0.5597322407345978,2.915248938645916,0.6474299926326067,1,0.19997567137976122,positive,27
economic_inv,rd,海南,青海,0.547146141214239,0.547146141214239,2.915248938645916,0.6474299926326067,1,0.19997567137976122,positive,28
economic_inv,rd,四川,湖北,0.5223426387424354,0.5223426387424354,2.915248938645916,0.6474299926326067,1,0.19997567137976122,positive,29
economic_inv,rd,青海,海南,0.522166475018515,0.522166475018515,2.915248938645916,0.6474299926326067,1,0.19997567137976122,positive,30
economic_inv,rd,天津,重庆,0.5113357896136572,0.5113357896136572,2.915248938645916,0.6474299926326067,1,0.19997567137976122,positive,31
economic_inv,rd,贵州,山西,0.49815667773416783,0.49815667773416783,2.915248938645916,0.6474299926326067,1,0.19997567137976122,positive,32
economic_inv,rd,四川,河北,0.4959660103886704,0.4959660103886704,2.915248938645916,0.6474299926326067,1,0.19997567137976122,positive,33
economic_inv,rd,江西,内蒙古,0.44417208097433414,0.44417208097433414,2.915248938645916,0.6474299926326067,1,0.19997567137976122,positive,34
economic_inv,rd,山东,江苏,0.4362603102354606,0.4362603102354606,2.915248938645916,0.6474299926326067,1,0.19997567137976122,positive,35
economic_inv,rd,广西,重庆,0.4076856922673799,0.4076856922673799,2.915248938645916,0.6474299926326067,1,0.19997567137976122,positive,36
economic_inv,rd,江西,广西,0.39383342228060036,0.39383342228060036,2.915248938645916,0.6474299926326067,1,0.19997567137976122,positive,37
economic_inv,rd,吉林,黑龙江,0.38591960804160386,0.38591960804160386,2.915248938645916,0.6474299926326067,1,0.19997567137976122,positive,38
economic_inv,rd,重庆,天津,0.3840122323798299,0.3840122323798299,2.915248938645916,0.6474299926326067,1,0.19997567137976122,positive,39
economic_inv,rd,新疆,贵州,0.38316867088656764,0.38316867088656764,2.915248938645916,0.6474299926326067,1,0.19997567137976122,positive,40
economic_inv,rd,山西,贵州,0.3829061294757496,0.3829061294757496,2.915248938645916,0.6474299926326067,1,0.19997567137976122,positive,41
economic_inv,rd,福建,辽宁,0.3631117711900089,0.3631117711900089,2.915248938645916,0.6474299926326067,1,0.19997567137976122,positive,42
economic_inv,rd,吉林,云南,0.3507594108753772,0.3507594108753772,2.915248938645916,0.6474299926326067,1,0.19997567137976122,positive,43
economic_inv,rd,浙江,河南,0.3427432831594834,0.3427432831594834,2.915248938645916,0.6474299926326067,1,0.19997567137976122,positive,44
economic_inv,rd,甘肃,新疆,0.3414137244747707,0.3414137244747707,2.915248938645916,0.6474299926326067,1,0.19997567137976122,positive,45
economic_inv,rd,江苏,山东,0.3391297387127341,0.3391297387127341,2.915248938645916,0.6474299926326067,1,0.19997567137976122,positive,46
economic_inv,rd,山东,广东,0.3391289093184698,0.3391289093184698,2.915248938645916,0.6474299926326067,1,0.19997567137976122,positive,47
economic_inv,rd,内蒙古,重庆,0.3322192106804848,0.3322192106804848,2.915248938645916,0.6474299926326067,1,0.19997567137976122,positive,48
economic_inv,rd,天津,广西,0.330849294274536,0.330849294274536,2.915248938645916,0.6474299926326067,1,0.19997567137976122,positive,49
economic_inv,rd,贵州,吉林,0.3172968878844192,0.3172968878844192,2.915248938645916,0.6474299926326067,1,0.19997567137976122,positive,50
economic_inv,rd,甘肃,海南,0.3152407462615596,0.3152407462615596,2.915248938645916,0.6474299926326067,1,0.19997567137976122,positive,51
economic_inv,rd,陕西,内蒙古,0.31266069194067236,0.31266069194067236,2.915248938645916,0.6474299926326067,1,0.19997567137976122,positive,52
economic_inv,rd,福建,上海,0.30609306785039525,0.30609306785039525,2.915248938645916,0.6474299926326067,1,0.19997567137976122,positive,53
economic_inv,rd,天津,内蒙古,0.30327184470147506,0.30327184470147506,2.915248938645916,0.6474299926326067,1,0.19997567137976122,positive,54
economic_inv,rd,贵州,新疆,0.2909867992176409,0.2909867992176409,2.915248938645916,0.6474299926326067,1,0.19997567137976122,positive,55
economic_inv,rd,陕西,广西,0.2907642261592511,0.2907642261592511,2.915248938645916,0.6474299926326067,1,0.19997567137976122,positive,56
economic_inv,rd,新疆,甘肃,0.28779590320409293,0.28779590320409293,2.915248938645916,0.6474299926326067,1,0.19997567137976122,positive,57
economic_inv,rd,天津,云南,0.28275593605438787,0.28275593605438787,2.915248938645916,0.6474299926326067,1,0.19997567137976122,positive,58
economic_inv,rd,广东,山东,0.2765881680665804,0.2765881680665804,2.915248938645916,0.6474299926326067,1,0.19997567137976122,positive,59
economic_inv,rd,江西,重庆,0.2735119374009127,0.2735119374009127,2.915248938645916,0.6474299926326067,1,0.19997567137976122,positive,60
economic_inv,rd,天津,黑龙江,0.2608779450679825,0.2608779450679825,2.915248938645916,0.6474299926326067,1,0.19997567137976122,positive,61
economic_inv,rd,山西,黑龙江,0.25882549874199295,0.25882549874199295,2.915248938645916,0.6474299926326067,1,0.19997567137976122,positive,62
economic_inv,rd,福建,河北,0.2578988533516371,0.2578988533516371,2.915248938645916,0.6474299926326067,1,0.19997567137976122,positive,63
economic_inv,rd,甘肃,宁夏,0.2517080246078481,0.2517080246078481,2.915248938645916,0.6474299926326067,1,0.19997567137976122,positive,64
economic_inv,rd,福建,湖北,0.2516863028513889,0.2516863028513889,2.915248938645916,0.6474299926326067,1,0.19997567137976122,positive,65
economic_inv,rd,河南,浙江,0.25096800916691564,0.25096800916691564,2.915248938645916,0.6474299926326067,1,0.19997567137976122,positive,66
economic_inv,rd,安徽,上海,0.2467124494478235,0.2467124494478235,2.915248938645916,0.6474299926326067,1,0.19997567137976122,positive,67
economic_inv,rd,上海,安徽,0.24610834641732834,0.24610834641732834,2.915248938645916,0.6474299926326067,1,0.19997567137976122,positive,68
economic_inv,rd,河南,四川,0.24538969378511763,0.24538969378511763,2.915248938645916,0.6474299926326067,1,0.19997567137976122,positive,69
economic_inv,rd,山西,云南,0.2438027685610578,0.2438027685610578,2.915248938645916,0.6474299926326067,1,0.19997567137976122,positive,70
economic_inv,rd,福建,湖南,0.24332584202419572,0.24332584202419572,2.915248938645916,0.6474299926326067,1,0.19997567137976122,positive,71
economic_inv,rd,新疆,山西,0.24188001000521875,0.24188001000521875,2.915248938645916,0.6474299926326067,1,0.19997567137976122,positive,72
economic_inv,rd,海南,甘肃,0.24083437429403942,0.24083437429403942,2.915248938645916,0.6474299926326067,1,0.19997567137976122,positive,73
economic_inv,rd,辽宁,福建,0.22945230972508815,0.22945230972508815,2.915248938645916,0.6474299926326067,1,0.19997567137976122,positive,74
economic_inv,rd,陕西,重庆,0.22861654714385132,0.22861654714385132,2.915248938645916,0.6474299926326067,1,0.19997567137976122,positive,75
economic_inv,rd,吉林,贵州,0.22353741494640617,0.22353741494640617,2.915248938645916,0.6474299926326067,1,0.19997567137976122,positive,76
economic_inv,rd,甘肃,青海,0.21889216100630038,0.21889216100630038,2.915248938645916,0.6474299926326067,1,0.19997567137976122,positive,77
economic_inv,rd,重庆,江西,0.21506075833688884,0.21506075833688884,2.915248938645916,0.6474299926326067,1,0.19997567137976122,positive,78
economic_inv,rd,北京,上海,0.20942892191040363,0.20942892191040363,2.915248938645916,0.6474299926326067,1,0.19997567137976122,positive,79
economic_inv,rd,河南,湖南,0.20795314099996873,0.20795314099996873,2.915248938645916,0.6474299926326067,1,0.19997567137976122,positive,80
economic_inv,rd,内蒙古,江西,0.20729105548859392,0.20729105548859392,2.915248938645916,0.6474299926326067,1,0.19997567137976122,positive,81
economic_inv,rd,辽宁,安徽,0.20707042356120706,0.20707042356120706,2.915248938645916,0.6474299926326067,1,0.19997567137976122,positive,82
economic_inv,rd,河南,湖北,0.205381268401487,0.205381268401487,2.915248938645916,0.6474299926326067,1,0.19997567137976122,positive,83
economic_inv,rd,安徽,辽宁,0.20523800800579012,0.20523800800579012,2.915248938645916,0.6474299926326067,1,0.19997567137976122,positive,84
economic_inv,rd,上海,北京,0.20520366948646193,0.20520366948646193,2.915248938645916,0.6474299926326067,1,0.19997567137976122,positive,85
economic_inv,rd,河南,河北,0.2036157434459915,0.2036157434459915,2.915248938645916,0.6474299926326067,1,0.19997567137976122,positive,86
economic_inv,rd,贵州,黑龙江,0.2009183354797174,0.2009183354797174,2.915248938645916,0.6474299926326067,1,0.19997567137976122,positive,87
economic_inv,rd,新疆,吉林,0.1998709309242105,0.1998709309242105,2.915248938645916,0.6474299926326067,0,0.19997567137976122,positive,88
economic_inv,rd,甘肃,贵州,0.19497160965126126,0.19497160965126126,2.915248938645916,0.6474299926326067,0,0.19997567137976122,positive,89
economic_inv,rd,贵州,云南,0.19379328678626875,0.19379328678626875,2.915248938645916,0.6474299926326067,0,0.19997567137976122,positive,90
economic_inv,rd,上海,福建,0.19124081961727712,0.19124081961727712,2.915248938645916,0.6474299926326067,0,0.19997567137976122,positive,91
economic_inv,rd,天津,江西,0.18356404709139354,0.18356404709139354,2.915248938645916,0.6474299926326067,0,0.19997567137976122,positive,92
economic_inv,rd,广西,江西,0.17934627762115707,0.17934627762115707,2.915248938645916,0.6474299926326067,0,0.19997567137976122,positive,93
economic_inv,rd,北京,辽宁,0.17922995233802097,0.17922995233802097,2.915248938645916,0.6474299926326067,0,0.19997567137976122,positive,94
economic_inv,rd,黑龙江,吉林,0.17897902942707378,0.17897902942707378,2.915248938645916,0.6474299926326067,0,0.19997567137976122,positive,95
economic_inv,rd,辽宁,北京,0.17761680701173166,0.17761680701173166,2.915248938645916,0.6474299926326067,0,0.19997567137976122,positive,96
economic_inv,rd,江西,天津,0.1753240945451395,0.1753240945451395,2.915248938645916,0.6474299926326067,0,0.19997567137976122,positive,97
economic_inv,rd,福建,四川,0.17322397917724447,0.17322397917724447,2.915248938645916,0.6474299926326067,0,0.19997567137976122,positive,98
economic_inv,rd,福建,安徽,0.17224694735671098,0.17224694735671098,2.915248938645916,0.6474299926326067,0,0.19997567137976122,positive,99
economic_inv,rd,浙江,四川,0.16944568161471232,0.16944568161471232,2.915248938645916,0.6474299926326067,0,0.19997567137976122,positive,100
economic_inv,rd,吉林,天津,0.16811813222227007,0.16811813222227007,2.915248938645916,0.6474299926326067,0,0.19997567137976122,positive,101
economic_inv,rd,山东,浙江,0.16664458273886062,0.16664458273886062,2.915248938645916,0.6474299926326067,0,0.19997567137976122,positive,102
economic_inv,rd,陕西,天津,0.16425909229759464,0.16425909229759464,2.915248938645916,0.6474299926326067,0,0.19997567137976122,positive,103
economic_inv,rd,四川,福建,0.16283848872775447,0.16283848872775447,2.915248938645916,0.6474299926326067,0,0.19997567137976122,positive,104
economic_inv,rd,云南,吉林,0.16259700873251734,0.16259700873251734,2.915248938645916,0.6474299926326067,0,0.19997567137976122,positive,105
economic_inv,rd,青海,甘肃,0.15959231708573274,0.15959231708573274,2.915248938645916,0.6474299926326067,0,0.19997567137976122,positive,106
economic_inv,rd,宁夏,甘肃,0.15869558270716977,0.15869558270716977,2.915248938645916,0.6474299926326067,0,0.19997567137976122,positive,107
economic_inv,rd,福建,北京,0.15843686178934516,0.15843686178934516,2.915248938645916,0.6474299926326067,0,0.19997567137976122,positive,108
economic_inv,rd,新疆,黑龙江,0.15650499686254574,0.15650499686254574,2.915248938645916,0.6474299926326067,0,0.19997567137976122,positive,109
economic_inv,rd,甘肃,山西,0.15590883601165592,0.15590883601165592,2.915248938645916,0.6474299926326067,0,0.19997567137976122,positive,110
economic_inv,rd,浙江,湖南,0.15530890712654258,0.15530890712654258,2.915248938645916,0.6474299926326067,0,0.19997567137976122,positive,111
economic_inv,rd,浙江,湖北,0.15425257295568542,0.15425257295568542,2.915248938645916,0.6474299926326067,0,0.19997567137976122,positive,112
economic_inv,rd,浙江,河北,0.15352050752042787,0.15352050752042787,2.915248938645916,0.6474299926326067,0,0.19997567137976122,positive,113
economic_inv,rd,新疆,云南,0.1531736106090956,0.1531736106090956,2.915248938645916,0.6474299926326067,0,0.19997567137976122,positive,114
economic_inv,rd,河南,福建,0.1510212084924559,0.1510212084924559,2.915248938645916,0.6474299926326067,0,0.19997567137976122,positive,115
economic_inv,rd,重庆,陕西,0.15045772845878147,0.15045772845878147,2.915248938645916,0.6474299926326067,0,0.19997567137976122,positive,116
economic_inv,rd,云南,天津,0.14966772908422935,0.14966772908422935,2.915248938645916,0.6474299926326067,0,0.19997567137976122,positive,117
economic_inv,rd,天津,吉林,0.14723170385884884,0.14723170385884884,2.915248938645916,0.6474299926326067,0,0.19997567137976122,positive,118
economic_inv,rd,山西,天津,0.14408256387506055,0.14408256387506055,2.915248938645916,0.6474299926326067,0,0.19997567137976122,positive,119
economic_inv,rd,天津,陕西,0.14394526731537188,0.14394526731537188,2.915248938645916,0.6474299926326067,0,0.19997567137976122,positive,120
economic_inv,rd,广西,天津,0.14390105932703215,0.14390105932703215,2.915248938645916,0.6474299926326067,0,0.19997567137976122,positive,121
economic_inv,rd,山西,新疆,0.14119185201572762,0.14119185201572762,2.915248938645916,0.6474299926326067,0,0.19997567137976122,positive,122
economic_inv,rd,甘肃,吉林,0.1399288903109847,0.1399288903109847,2.915248938645916,0.6474299926326067,0,0.19997567137976122,positive,123
economic_inv,rd,新疆,海南,0.13816245733520854,0.13816245733520854,2.915248938645916,0.6474299926326067,0,0.19997567137976122,positive,124
economic_inv,rd,黑龙江,天津,0.13815158974956998,0.13815158974956998,2.915248938645916,0.6474299926326067,0,0.19997567137976122,positive,125
economic_inv,rd,重庆,云南,0.13673702257951653,0.13673702257951653,2.915248938645916,0.6474299926326067,0,0.19997567137976122,positive,126
economic_inv,rd,贵州,天津,0.13619967988887727,0.13619967988887727,2.915248938645916,0.6474299926326067,0,0.19997567137976122,positive,127
economic_inv,rd,内蒙古,天津,0.1351809142911968,0.1351809142911968,2.915248938645916,0.6474299926326067,0,0.19997567137976122,positive,128
economic_inv,rd,吉林,重庆,0.13053304139714575,0.13053304139714575,2.915248938645916,0.6474299926326067,0,0.19997567137976122,positive,129
economic_inv,rd,重庆,黑龙江,0.12973133934936157,0.12973133934936157,2.915248938645916,0.6474299926326067,0,0.19997567137976122,positive,130
economic_inv,rd,浙江,福建,0.1287634159115182,0.1287634159115182,2.915248938645916,0.6474299926326067,0,0.19997567137976122,positive,131
economic_inv,rd,河南,辽宁,0.12761003533022505,0.12761003533022505,2.915248938645916,0.6474299926326067,0,0.19997567137976122,positive,132
economic_inv,rd,湖南,四川,0.12679146567556765,0.12679146567556765,2.915248938645916,0.6474299926326067,0,0.19997567137976122,positive,133
economic_inv,rd,山东,河南,0.12631446614752426,0.12631446614752426,2.915248938645916,0.6474299926326067,0,0.19997567137976122,positive,134
economic_inv,rd,海南,新疆,0.12521678351946952,0.12521678351946952,2.915248938645916,0.6474299926326067,0,0.19997567137976122,positive,135
economic_inv,rd,贵州,甘肃,0.12481256378521162,0.12481256378521162,2.915248938645916,0.6474299926326067,0,0.19997567137976122,positive,136
economic_inv,rd,河南,上海,0.1240284893361532,0.1240284893361532,2.915248938645916,0.6474299926326067,0,0.19997567137976122,positive,137
economic_inv,rd,新疆,天津,0.12216550118191276,0.12216550118191276,2.915248938645916,0.6474299926326067,0,0.19997567137976122,positive,138
economic_inv,rd,新疆,宁夏,0.1221343482982943,0.1221343482982943,2.915248938645916,0.6474299926326067,0,0.19997567137976122,positive,139
economic_inv,rd,内蒙古,陕西,0.12213061475880702,0.12213061475880702,2.915248938645916,0.6474299926326067,0,0.19997567137976122,positive,140
economic_inv,rd,甘肃,黑龙江,0.12026298814555839,0.12026298814555839,2.915248938645916,0.6474299926326067,0,0.19997567137976122,positive,141
economic_inv,rd,甘肃,云南,0.11859226375324877,0.11859226375324877,2.915248938645916,0.6474299926326067,0,0.19997567137976122,positive,142
economic_inv,rd,山西,重庆,0.11750543697484535,0.11750543697484535,2.915248938645916,0.6474299926326067,0,0.19997567137976122,positive,143
economic_inv,rd,贵州,重庆,0.11697594944554521,0.11697594944554521,2.915248938645916,0.6474299926326067,0,0.19997567137976122,positive,144
economic_inv,rd,吉林,广西,0.11634381123212804,0.11634381123212804,2.915248938645916,0.6474299926326067,0,0.19997567137976122,positive,145
economic_inv,rd,天津,山西,0.11565282866112918,0.11565282866112918,2.915248938645916,0.6474299926326067,0,0.19997567137976122,positive,146
economic_inv,rd,浙江,辽宁,0.11553095354823481,0.11553095354823481,2.915248938645916,0.6474299926326067,0,0.19997567137976122,positive,147
economic_inv,rd,浙江,上海,0.11336087619505568,0.11336087619505568,2.915248938645916,0.6474299926326067,0,0.19997567137976122,positive,148
economic_inv,rd,吉林,内蒙古,0.11317446055585192,0.11317446055585192,2.915248938645916,0.6474299926326067,0,0.19997567137976122,positive,149
economic_inv,rd,新疆,青海,0.11243192122999526,0.11243192122999526,2.915248938645916,0.6474299926326067,0,0.19997567137976122,positive,150
economic_inv,rd,广西,陕西,0.1108262715833205,0.1108262715833205,2.915248938645916,0.6474299926326067,0,0.19997567137976122,positive,151
economic_inv,rd,四川,辽宁,0.11024544237329696,0.11024544237329696,2.915248938645916,0.6474299926326067,0,0.19997567137976122,positive,152
economic_inv,rd,黑龙江,山西,0.11001968897593727,0.11001968897593727,2.915248938645916,0.6474299926326067,0,0.19997567137976122,positive,153
economic_inv,rd,新疆,重庆,0.10986669548037942,0.10986669548037942,2.915248938645916,0.6474299926326067,0,0.19997567137976122,positive,154
economic_inv,rd,浙江,山东,0.10943225263349556,0.10943225263349556,2.915248938645916,0.6474299926326067,0,0.19997567137976122,positive,155
economic_inv,rd,河南,安徽,0.10890320309340377,0.10890320309340377,2.915248938645916,0.6474299926326067,0,0.19997567137976122,positive,156
economic_inv,rd,陕西,云南,0.10884720509634935,0.10884720509634935,2.915248938645916,0.6474299926326067,0,0.19997567137976122,positive,157
economic_inv,rd,贵州,广西,0.10861302827349166,0.10861302827349166,2.915248938645916,0.6474299926326067,0,0.19997567137976122,positive,158
economic_inv,rd,安徽,福建,0.1078806013738968,0.1078806013738968,2.915248938645916,0.6474299926326067,0,0.19997567137976122,positive,159
economic_inv,rd,吉林,新疆,0.10693437660727108,0.10693437660727108,2.915248938645916,0.6474299926326067,0,0.19997567137976122,positive,160
economic_inv,rd,山西,广西,0.10676234697811944,0.10676234697811944,2.915248938645916,0.6474299926326067,0,0.19997567137976122,positive,161
economic_inv,rd,贵州,内蒙古,0.1066487603646018,0.1066487603646018,2.915248938645916,0.6474299926326067,0,0.19997567137976122,positive,162
economic_inv,rd,河南,北京,0.10631868492968916,0.10631868492968916,2.915248938645916,0.6474299926326067,0,0.19997567137976122,positive,163
economic_inv,rd,江西,云南,0.1063088228207046,0.1063088228207046,2.915248938645916,0.6474299926326067,0,0.19997567137976122,positive,164
economic_inv,rd,陕西,黑龙江,0.1058525626656751,0.1058525626656751,2.915248938645916,0.6474299926326067,0,0.19997567137976122,positive,165
economic_inv,rd,山西,内蒙古,0.10430558931983908,0.10430558931983908,2.915248938645916,0.6474299926326067,0,0.19997567137976122,positive,166
economic_inv,rd,新疆,广西,0.10414696609308514,0.10414696609308514,2.915248938645916,0.6474299926326067,0,0.19997567137976122,positive,167
economic_inv,rd,四川,上海,0.10398906712771215,0.10398906712771215,2.915248938645916,0.6474299926326067,0,0.19997567137976122,positive,168
economic_inv,rd,浙江,安徽,0.10371999788584983,0.10371999788584983,2.915248938645916,0.6474299926326067,0,0.19997567137976122,positive,169
economic_inv,rd,云南,山西,0.10358572319755019,0.10358572319755019,2.915248938645916,0.6474299926326067,0,0.19997567137976122,positive,170
economic_inv,rd,江西,黑龙江,0.10291149421686567,0.10291149421686567,2.915248938645916,0.6474299926326067,0,0.19997567137976122,positive,171
economic_inv,rd,新疆,内蒙古,0.10276863518834939,0.10276863518834939,2.915248938645916,0.6474299926326067,0,0.19997567137976122,positive,172
economic_inv,rd,浙江,北京,0.10199096617952641,0.10199096617952641,2.915248938645916,0.6474299926326067,0,0.19997567137976122,positive,173
economic_inv,rd,四川,河南,0.10175273845302657,0.10175273845302657,2.915248938645916,0.6474299926326067,0,0.19997567137976122,positive,174
economic_inv,rd,甘肃,天津,0.10173879373675133,0.10173879373675133,2.915248938645916,0.6474299926326067,0,0.19997567137976122,positive,175
economic_inv,rd,北京,陕西,0.10137173445331256,0.10137173445331256,2.915248938645916,0.6474299926326067,0,0.19997567137976122,positive,176
economic_inv,rd,山东,四川,0.10125291907983582,0.10125291907983582,2.915248938645916,0.6474299926326067,0,0.19997567137976122,positive,177
economic_inv,rd,北京,福建,0.10102639784010815,0.10102639784010815,2.915248938645916,0.6474299926326067,0,0.19997567137976122,positive,178
economic_inv,rd,山东,湖南,0.09776110389177896,0.09776110389177896,2.915248938645916,0.6474299926326067,0,0.19997567137976122,positive,179
economic_inv,rd,山东,湖北,0.0974851533422883,0.0974851533422883,2.915248938645916,0.6474299926326067,0,0.19997567137976122,positive,180
economic_inv,rd,山东,河北,0.09729261218868439,0.09729261218868439,2.915248938645916,0.6474299926326067,0,0.19997567137976122,positive,181
economic_inv,rd,青海,新疆,0.09724510983321635,0.09724510983321635,2.915248938645916,0.6474299926326067,0,0.19997567137976122,positive,182
economic_inv,rd,云南,重庆,0.09637484431231653,0.09637484431231653,2.915248938645916,0.6474299926326067,0,0.19997567137976122,positive,183
economic_inv,rd,陕西,北京,0.09558275330822154,0.09558275330822154,2.915248938645916,0.6474299926326067,0,0.19997567137976122,positive,184
economic_inv,rd,辽宁,河北,0.09528900994353404,0.09528900994353404,2.915248938645916,0.6474299926326067,0,0.19997567137976122,positive,185
economic_inv,rd,甘肃,重庆,0.09432618964871693,0.09432618964871693,2.915248938645916,0.6474299926326067,0,0.19997567137976122,positive,186
economic_inv,rd,辽宁,湖北,0.09393328631592911,0.09393328631592911,2.915248938645916,0.6474299926326067,0,0.19997567137976122,positive,187
economic_inv,rd,江苏,浙江,0.09373639932383522,0.09373639932383522,2.915248938645916,0.6474299926326067,0,0.19997567137976122,positive,188
economic_inv,rd,贵州,江西,0.0934293240834129,0.0934293240834129,2.915248938645916,0.6474299926326067,0,0.19997567137976122,positive,189
economic_inv,rd,吉林,江西,0.09329153911894965,0.09329153911894965,2.915248938645916,0.6474299926326067,0,0.19997567137976122,positive,190
economic_inv,rd,新疆,江西,0.09312614055695119,0.09312614055695119,2.915248938645916,0.6474299926326067,0,0.19997567137976122,positive,191
economic_inv,rd,安徽,陕西,0.0921563641964618,0.0921563641964618,2.915248938645916,0.6474299926326067,0,0.19997567137976122,positive,192
economic_inv,rd,辽宁,湖南,0.09206499605511023,0.09206499605511023,2.915248938645916,0.6474299926326067,0,0.19997567137976122,positive,193
economic_inv,rd,海南,贵州,0.09203200406905812,0.09203200406905812,2.915248938645916,0.6474299926326067,0,0.19997567137976122,positive,194
economic_inv,rd,黑龙江,重庆,0.0914796630237405,0.0914796630237405,2.915248938645916,0.6474299926326067,0,0.19997567137976122,positive,195
economic_inv,rd,宁夏,新疆,0.09134861440094318,0.09134861440094318,2.915248938645916,0.6474299926326067,0,0.19997567137976122,positive,196
economic_inv,rd,广东,浙江,0.09113154521102607,0.09113154521102607,2.915248938645916,0.6474299926326067,0,0.19997567137976122,positive,197
economic_inv,rd,河北,四川,0.09097276905699643,0.09097276905699643,2.915248938645916,0.6474299926326067,0,0.19997567137976122,positive,198
economic_inv,rd,甘肃,广西,0.09072037373803143,0.09072037373803143,2.915248938645916,0.6474299926326067,0,0.19997567137976122,positive,199
economic_inv,rd,山东,福建,0.09008444967818664,0.09008444967818664,2.915248938645916,0.6474299926326067,0,0.19997567137976122,positive,200
economic_inv,rd,北京,江西,0.09006077908292616,0.09006077908292616,2.915248938645916,0.6474299926326067,0,0.19997567137976122,positive,201
economic_inv,rd,甘肃,内蒙古,0.08983565851437249,0.08983565851437249,2.915248938645916,0.6474299926326067,0,0.19997567137976122,positive,202
economic_inv,rd,陕西,安徽,0.08846567657937787,0.08846567657937787,2.915248938645916,0.6474299926326067,0,0.19997567137976122,positive,203
economic_inv,rd,山西,江西,0.08839200153299193,0.08839200153299193,2.915248938645916,0.6474299926326067,0,0.19997567137976122,positive,204
economic_inv,rd,上海,河北,0.08744945847488947,0.08744945847488947,2.915248938645916,0.6474299926326067,0,0.19997567137976122,positive,205
economic_inv,rd,新疆,陕西,0.08740752381750234,0.08740752381750234,2.915248938645916,0.6474299926326067,0,0.19997567137976122,positive,206
economic_inv,rd,上海,湖北,0.08629342957445557,0.08629342957445557,2.915248938645916,0.6474299926326067,0,0.19997567137976122,positive,207
economic_inv,rd,贵州,陕西,0.08599654090891623,0.08599654090891623,2.915248938645916,0.6474299926326067,0,0.19997567137976122,positive,208
economic_inv,rd,重庆,吉林,0.08585114788738323,0.08585114788738323,2.915248938645916,0.6474299926326067,0,0.19997567137976122,positive,209
economic_inv,rd,山东,辽宁,0.08558113957495603,0.08558113957495603,2.915248938645916,0.6474299926326067,0,0.19997567137976122,positive,210
economic_inv,rd,山东,上海,0.0847915553399948,0.0847915553399948,2.915248938645916,0.6474299926326067,0,0.19997567137976122,positive,211
economic_inv,rd,上海,湖南,0.08469645406522924,0.08469645406522924,2.915248938645916,0.6474299926326067,0,0.19997567137976122,positive,212
economic_inv,rd,浙江,陕西,0.08448476170285654,0.08448476170285654,2.915248938645916,0.6474299926326067,0,0.19997567137976122,positive,213
economic_inv,rd,天津,贵州,0.08403249926291294,0.08403249926291294,2.915248938645916,0.6474299926326067,0,0.19997567137976122,positive,214
economic_inv,rd,甘肃,江西,0.08346732097619647,0.08346732097619647,2.915248938645916,0.6474299926326067,0,0.19997567137976122,positive,215
economic_inv,rd,吉林,陕西,0.08311031392937314,0.08311031392937314,2.915248938645916,0.6474299926326067,0,0.19997567137976122,positive,216
economic_inv,rd,陕西,吉林,0.08305652035514315,0.08305652035514315,2.915248938645916,0.6474299926326067,0,0.19997567137976122,positive,217
economic_inv,rd,浙江,江西,0.08270193330890019,0.08270193330890019,2.915248938645916,0.6474299926326067,0,0.19997567137976122,positive,218
economic_inv,rd,安徽,江西,0.08255956807984566,0.08255956807984566,2.915248938645916,0.6474299926326067,0,0.19997567137976122,positive,219
economic_inv,rd,河南,陕西,0.08209979802376936,0.08209979802376936,2.915248938645916,0.6474299926326067,0,0.19997567137976122,positive,220
economic_inv,rd,湖北,四川,0.08123710386463759,0.08123710386463759,2.915248938645916,0.6474299926326067,0,0.19997567137976122,positive,221
economic_inv,rd,四川,安徽,0.0811889813043006,0.0811889813043006,2.915248938645916,0.6474299926326067,0,0.19997567137976122,positive,222
economic_inv,rd,山东,安徽,0.08108934213572493,0.08108934213572493,2.915248938645916,0.6474299926326067,0,0.19997567137976122,positive,223
economic_inv,rd,云南,广西,0.080699218480657,0.080699218480657,2.915248938645916,0.6474299926326067,0,0.19997567137976122,positive,224
economic_inv,rd,山东,北京,0.08038966627005867,0.08038966627005867,2.915248938645916,0.6474299926326067,0,0.19997567137976122,positive,225
economic_inv,rd,浙江,内蒙古,0.0802726107148338,0.0802726107148338,2.915248938645916,0.6474299926326067,0,0.19997567137976122,positive,226
economic_inv,rd,浙江,广西,0.07997235004059176,0.07997235004059176,2.915248938645916,0.6474299926326067,0,0.19997567137976122,positive,227
economic_inv,rd,山西,陕西,0.0798927399465976,0.0798927399465976,2.915248938645916,0.6474299926326067,0,0.19997567137976122,positive,228
economic_inv,rd,河南,江西,0.07981630447894088,0.07981630447894088,2.915248938645916,0.6474299926326067,0,0.19997567137976122,positive,229
economic_inv,rd,海南,山西,0.07969487479246368,0.07969487479246368,2.915248938645916,0.6474299926326067,0,0.19997567137976122,positive,230
economic_inv,rd,甘肃,陕西,0.07953586269331969,0.07953586269331969,2.915248938645916,0.6474299926326067,0,0.19997567137976122,positive,231
economic_inv,rd,福建,陕西,0.0793535953071249,0.0793535953071249,2.915248938645916,0.6474299926326067,0,0.19997567137976122,positive,232
economic_inv,rd,浙江,江苏,0.07918487482850496,0.07918487482850496,2.915248938645916,0.6474299926326067,0,0.19997567137976122,positive,233
economic_inv,rd,浙江,重庆,0.07882782025345879,0.07882782025345879,2.915248938645916,0.6474299926326067,0,0.19997567137976122,positive,234
economic_inv,rd,江西,吉林,0.07803384745188584,0.07803384745188584,2.915248938645916,0.6474299926326067,0,0.19997567137976122,positive,235
economic_inv,rd,四川,北京,0.07778916274035051,0.07778916274035051,2.915248938645916,0.6474299926326067,0,0.19997567137976122,positive,236
economic_inv,rd,北京,内蒙古,0.07763739260545312,0.07763739260545312,2.915248938645916,0.6474299926326067,0,0.19997567137976122,positive,237
economic_inv,rd,云南,内蒙古,0.07745368015336865,0.07745368015336865,2.915248938645916,0.6474299926326067,0,0.19997567137976122,positive,238
economic_inv,rd,黑龙江,广西,0.07724396129259599,0.07724396129259599,2.915248938645916,0.6474299926326067,0,0.19997567137976122,positive,239
economic_inv,rd,贵州,海南,0.07711692062036739,0.07711692062036739,2.915248938645916,0.6474299926326067,0,0.19997567137976122,positive,240
economic_inv,rd,浙江,天津,0.0768126782730641,0.0768126782730641,2.915248938645916,0.6474299926326067,0,0.19997567137976122,positive,241
economic_inv,rd,河南,内蒙古,0.07675469839770516,0.07675469839770516,2.915248938645916,0.6474299926326067,0,0.19997567137976122,positive,242
economic_inv,rd,山西,甘肃,0.07671565869348218,0.07671565869348218,2.915248938645916,0.6474299926326067,0,0.19997567137976122,positive,243
economic_inv,rd,河南,广西,0.07638021922693153,0.07638021922693153,2.915248938645916,0.6474299926326067,0,0.19997567137976122,positive,244
economic_inv,rd,北京,广西,0.07629223337885263,0.07629223337885263,2.915248938645916,0.6474299926326067,0,0.19997567137976122,positive,245
economic_inv,rd,江苏,河南,0.07614452993373101,0.07614452993373101,2.915248938645916,0.6474299926326067,0,0.19997567137976122,positive,246
economic_inv,rd,青海,贵州,0.07518408992589402,0.07518408992589402,2.915248938645916,0.6474299926326067,0,0.19997567137976122,positive,247
economic_inv,rd,广东,河南,0.07506194874311703,0.07506194874311703,2.915248938645916,0.6474299926326067,0,0.19997567137976122,positive,248
economic_inv,rd,河南,重庆,0.0749605987392326,0.0749605987392326,2.915248938645916,0.6474299926326067,0,0.19997567137976122,positive,249
economic_inv,rd,福建,江西,0.07467244761249013,0.07467244761249013,2.915248938645916,0.6474299926326067,0,0.19997567137976122,positive,250
economic_inv,rd,黑龙江,内蒙古,0.07426660123175578,0.07426660123175578,2.915248938645916,0.6474299926326067,0,0.19997567137976122,positive,251
economic_inv,rd,辽宁,四川,0.0741077619658611,0.0741077619658611,2.915248938645916,0.6474299926326067,0,0.19997567137976122,positive,252
economic_inv,rd,海南,吉林,0.07403764231173872,0.07403764231173872,2.915248938645916,0.6474299926326067,0,0.19997567137976122,positive,253
economic_inv,rd,浙江,云南,0.07341856386009321,0.07341856386009321,2.915248938645916,0.6474299926326067,0,0.19997567137976122,positive,254
economic_inv,rd,浙江,广东,0.0733760093454125,0.0733760093454125,2.915248938645916,0.6474299926326067,0,0.19997567137976122,positive,255
economic_inv,rd,陕西,山西,0.07317861321775047,0.07317861321775047,2.915248938645916,0.6474299926326067,0,0.19997567137976122,positive,256
economic_inv,rd,浙江,黑龙江,0.07314750527755716,0.07314750527755716,2.915248938645916,0.6474299926326067,0,0.19997567137976122,positive,257
economic_inv,rd,山东,陕西,0.07260284978059985,0.07260284978059985,2.915248938645916,0.6474299926326067,0,0.19997567137976122,positive,258
economic_inv,rd,河南,天津,0.0724908099735365,0.0724908099735365,2.915248938645916,0.6474299926326067,0,0.19997567137976122,positive,259
economic_inv,rd,安徽,内蒙古,0.07183190848981756,0.07183190848981756,2.915248938645916,0.6474299926326067,0,0.19997567137976122,positive,260
economic_inv,rd,山东,江西,0.07173022906028143,0.07173022906028143,2.915248938645916,0.6474299926326067,0,0.19997567137976122,positive,261
economic_inv,rd,北京,重庆,0.07148459566811095,0.07148459566811095,2.915248938645916,0.6474299926326067,0,0.19997567137976122,positive,262
economic_inv,rd,江西,北京,0.07107556345266551,0.07107556345266551,2.915248938645916,0.6474299926326067,0,0.19997567137976122,positive,263
economic_inv,rd,重庆,山西,0.07083398266051047,0.07083398266051047,2.915248938645916,0.6474299926326067,0,0.19997567137976122,positive,264
economic_inv,rd,安徽,广西,0.07065838882356884,0.07065838882356884,2.915248938645916,0.6474299926326067,0,0.19997567137976122,positive,265
economic_inv,rd,浙江,吉林,0.07054910059873658,0.07054910059873658,2.915248938645916,0.6474299926326067,0,0.19997567137976122,positive,266
economic_inv,rd,山东,内蒙古,0.07051477480242614,0.07051477480242614,2.915248938645916,0.6474299926326067,0,0.19997567137976122,positive,267
economic_inv,rd,山东,广西,0.07036238145750086,0.07036238145750086,2.915248938645916,0.6474299926326067,0,0.19997567137976122,positive,268
economic_inv,rd,贵州,宁夏,0.07033301155252611,0.07033301155252611,2.915248938645916,0.6474299926326067,0,0.19997567137976122,positive,269
economic_inv,rd,山东,重庆,0.06977703244723345,0.06977703244723345,2.915248938645916,0.6474299926326067,0,0.19997567137976122,positive,270
economic_inv,rd,宁夏,贵州,0.06926918272486264,0.06926918272486264,2.915248938645916,0.6474299926326067,0,0.19997567137976122,positive,271
economic_inv,rd,上海,四川,0.06911395278065528,0.06911395278065528,2.915248938645916,0.6474299926326067,0,0.19997567137976122,positive,272
economic_inv,rd,浙江,山西,0.06901251135599737,0.06901251135599737,2.915248938645916,0.6474299926326067,0,0.19997567137976122,positive,273
economic_inv,rd,福建,内蒙古,0.06884788916234237,0.06884788916234237,2.915248938645916,0.6474299926326067,0,0.19997567137976122,positive,274
economic_inv,rd,山东,天津,0.06872894020557889,0.06872894020557889,2.915248938645916,0.6474299926326067,0,0.19997567137976122,positive,275
economic_inv,rd,河南,云南,0.06841448069004928,0.06841448069004928,2.915248938645916,0.6474299926326067,0,0.19997567137976122,positive,276
economic_inv,rd,福建,广西,0.06816825706555624,0.06816825706555624,2.915248938645916,0.6474299926326067,0,0.19997567137976122,positive,277
economic_inv,rd,河南,黑龙江,0.06809336525690855,0.06809336525690855,2.915248938645916,0.6474299926326067,0,0.19997567137976122,positive,278
economic_inv,rd,江西,山西,0.06776598885207939,0.06776598885207939,2.915248938645916,0.6474299926326067,0,0.19997567137976122,positive,279
economic_inv,rd,上海,陕西,0.06692988404657535,0.06692988404657535,2.915248938645916,0.6474299926326067,0,0.19997567137976122,positive,280
economic_inv,rd,山东,云南,0.06691140993718564,0.06691140993718564,2.915248938645916,0.6474299926326067,0,0.19997567137976122,positive,281
economic_inv,rd,山东,黑龙江,0.06676334570070762,0.06676334570070762,2.915248938645916,0.6474299926326067,0,0.19997567137976122,positive,282
economic_inv,rd,福建,河南,0.06661601911304306,0.06661601911304306,2.915248938645916,0.6474299926326067,0,0.19997567137976122,positive,283
economic_inv,rd,海南,黑龙江,0.06650565589339248,0.06650565589339248,2.915248938645916,0.6474299926326067,0,0.19997567137976122,positive,284
economic_inv,rd,浙江,贵州,0.0664725199870207,0.0664725199870207,2.915248938645916,0.6474299926326067,0,0.19997567137976122,positive,285
economic_inv,rd,安徽,重庆,0.06644481526758506,0.06644481526758506,2.915248938645916,0.6474299926326067,0,0.19997567137976122,positive,286
economic_inv,rd,青海,山西,0.06638683619097831,0.06638683619097831,2.915248938645916,0.6474299926326067,0,0.19997567137976122,positive,287
economic_inv,rd,江西,安徽,0.06633440464358396,0.06633440464358396,2.915248938645916,0.6474299926326067,0,0.19997567137976122,positive,288
economic_inv,rd,广西,云南,0.06631116672102023,0.06631116672102023,2.915248938645916,0.6474299926326067,0,0.19997567137976122,positive,289
economic_inv,rd,贵州,青海,0.06601324818618658,0.06601324818618658,2.915248938645916,0.6474299926326067,0,0.19997567137976122,positive,290
economic_inv,rd,海南,云南,0.06583430254920261,0.06583430254920261,2.915248938645916,0.6474299926326067,0,0.19997567137976122,positive,291
economic_inv,rd,福建,重庆,0.06565259855974599,0.06565259855974599,2.915248938645916,0.6474299926326067,0,0.19997567137976122,positive,292
economic_inv,rd,黑龙江,贵州,0.06564615396766314,0.06564615396766314,2.915248938645916,0.6474299926326067,0,0.19997567137976122,positive,293
economic_inv,rd,山东,吉林,0.06532135257761196,0.06532135257761196,2.915248938645916,0.6474299926326067,0,0.19997567137976122,positive,294
economic_inv,rd,内蒙古,云南,0.06522422180701615,0.06522422180701615,2.915248938645916,0.6474299926326067,0,0.19997567137976122,positive,295
economic_inv,rd,河南,吉林,0.06504755964734625,0.06504755964734625,2.915248938645916,0.6474299926326067,0,0.19997567137976122,positive,296
economic_inv,rd,安徽,河北,0.06468105313918701,0.06468105313918701,2.915248938645916,0.6474299926326067,0,0.19997567137976122,positive,297
economic_inv,rd,山东,山西,0.06444885745909715,0.06444885745909715,2.915248938645916,0.6474299926326067,0,0.19997567137976122,positive,298
economic_inv,rd,陕西,上海,0.06440717729739676,0.06440717729739676,2.915248938645916,0.6474299926326067,0,0.19997567137976122,positive,299
economic_inv,rd,辽宁,陕西,0.06416684090793512,0.06416684090793512,2.915248938645916,0.6474299926326067,0,0.19997567137976122,positive,300
economic_inv,rd,北京,天津,0.06408216908675601,0.06408216908675601,2.915248938645916,0.6474299926326067,0,0.19997567137976122,positive,301
economic_inv,rd,安徽,湖北,0.0640479832517081,0.0640479832517081,2.915248938645916,0.6474299926326067,0,0.19997567137976122,positive,302
economic_inv,rd,江苏,四川,0.06388284812113816,0.06388284812113816,2.915248938645916,0.6474299926326067,0,0.19997567137976122,positive,303
economic_inv,rd,广东,四川,0.0635933582944206,0.0635933582944206,2.915248938645916,0.6474299926326067,0,0.19997567137976122,positive,304
economic_inv,rd,广西,黑龙江,0.0634424277848901,0.0634424277848901,2.915248938645916,0.6474299926326067,0,0.19997567137976122,positive,305
economic_inv,rd,云南,贵州,0.06328872697158645,0.06328872697158645,2.915248938645916,0.6474299926326067,0,0.19997567137976122,positive,306
economic_inv,rd,河南,山西,0.06327360445634317,0.06327360445634317,2.915248938645916,0.6474299926326067,0,0.19997567137976122,positive,307
economic_inv,rd,安徽,湖南,0.06316616207348377,0.06316616207348377,2.915248938645916,0.6474299926326067,0,0.19997567137976122,positive,308
economic_inv,rd,吉林,甘肃,0.0631071734748029,0.0631071734748029,2.915248938645916,0.6474299926326067,0,0.19997567137976122,positive,309
economic_inv,rd,山东,贵州,0.06297319391518126,0.06297319391518126,2.915248938645916,0.6474299926326067,0,0.19997567137976122,positive,310
economic_inv,rd,北京,河北,0.06258072803667826,0.06258072803667826,2.915248938645916,0.6474299926326067,0,0.19997567137976122,positive,311
economic_inv,rd,浙江,新疆,0.06253246206357277,0.06253246206357277,2.915248938645916,0.6474299926326067,0,0.19997567137976122,positive,312
economic_inv,rd,内蒙古,黑龙江,0.06251126876623438,0.06251126876623438,2.915248938645916,0.6474299926326067,0,0.19997567137976122,positive,313
economic_inv,rd,青海,吉林,0.06223596901573998,0.06223596901573998,2.915248938645916,0.6474299926326067,0,0.19997567137976122,positive,314
economic_inv,rd,江苏,湖南,0.06208308644940027,0.06208308644940027,2.915248938645916,0.6474299926326067,0,0.19997567137976122,positive,315
economic_inv,rd,北京,湖北,0.061998352580353265,0.061998352580353265,2.915248938645916,0.6474299926326067,0,0.19997567137976122,positive,316
economic_inv,rd,江苏,湖北,0.061939851178763605,0.061939851178763605,2.915248938645916,0.6474299926326067,0,0.19997567137976122,positive,317
economic_inv,rd,广东,湖南,0.061891011046254524,0.061891011046254524,2.915248938645916,0.6474299926326067,0,0.19997567137976122,positive,318
economic_inv,rd,江苏,河北,0.06183982274958612,0.06183982274958612,2.915248938645916,0.6474299926326067,0,0.19997567137976122,positive,319
economic_inv,rd,广东,湖北,0.06175531729857083,0.06175531729857083,2.915248938645916,0.6474299926326067,0,0.19997567137976122,positive,320
economic_inv,rd,上海,江西,0.06170763897163623,0.06170763897163623,2.915248938645916,0.6474299926326067,0,0.19997567137976122,positive,321
economic_inv,rd,广东,河北,0.06166053699356653,0.06166053699356653,2.915248938645916,0.6474299926326067,0,0.19997567137976122,positive,322
economic_inv,rd,福建,天津,0.061492737510477215,0.061492737510477215,2.915248938645916,0.6474299926326067,0,0.19997567137976122,positive,323
economic_inv,rd,北京,湖南,0.06118620043069574,0.06118620043069574,2.915248938645916,0.6474299926326067,0,0.19997567137976122,positive,324
economic_inv,rd,陕西,辽宁,0.06105199336349008,0.06105199336349008,2.915248938645916,0.6474299926326067,0,0.19997567137976122,positive,325
economic_inv,rd,河南,山东,0.06073746235279313,0.06073746235279313,2.915248938645916,0.6474299926326067,0,0.19997567137976122,positive,326
economic_inv,rd,宁夏,山西,0.06069926435935251,0.06069926435935251,2.915248938645916,0.6474299926326067,0,0.19997567137976122,positive,327
economic_inv,rd,山东,新疆,0.060597873619449946,0.060597873619449946,2.915248938645916,0.6474299926326067,0,0.19997567137976122,positive,328
economic_inv,rd,陕西,贵州,0.06054582540918423,0.06054582540918423,2.915248938645916,0.6474299926326067,0,0.19997567137976122,positive,329
economic_inv,rd,河南,贵州,0.060384514864629556,0.060384514864629556,2.915248938645916,0.6474299926326067,0,0.19997567137976122,positive,330
economic_inv,rd,安徽,天津,0.059897258189695865,0.059897258189695865,2.915248938645916,0.6474299926326067,0,0.19997567137976122,positive,331
economic_inv,rd,辽宁,江西,0.05940162861635319,0.05940162861635319,2.915248938645916,0.6474299926326067,0,0.19997567137976122,positive,332
economic_inv,rd,云南,江西,0.05891579829871997,0.05891579829871997,2.915248938645916,0.6474299926326067,0,0.19997567137976122,positive,333
economic_inv,rd,海南,天津,0.05876115343961511,0.05876115343961511,2.915248938645916,0.6474299926326067,0,0.19997567137976122,positive,334
economic_inv,rd,新疆,北京,0.058704520453019354,0.058704520453019354,2.915248938645916,0.6474299926326067,0,0.19997567137976122,positive,335
economic_inv,rd,广东,福建,0.05805106571244859,0.05805106571244859,2.915248938645916,0.6474299926326067,0,0.19997567137976122,positive,336
economic_inv,rd,江苏,福建,0.05804240529811726,0.05804240529811726,2.915248938645916,0.6474299926326067,0,0.19997567137976122,positive,337
economic_inv,rd,浙江,甘肃,0.057958593444427955,0.057958593444427955,2.915248938645916,0.6474299926326067,0,0.19997567137976122,positive,338
economic_inv,rd,甘肃,北京,0.057842725731282726,0.057842725731282726,2.915248938645916,0.6474299926326067,0,0.19997567137976122,positive,339
economic_inv,rd,山东,甘肃,0.05770020193446993,0.05770020193446993,2.915248938645916,0.6474299926326067,0,0.19997567137976122,positive,340
economic_inv,rd,天津,新疆,0.057240453962661024,0.057240453962661024,2.915248938645916,0.6474299926326067,0,0.19997567137976122,positive,341
economic_inv,rd,新疆,安徽,0.057193562027740605,0.057193562027740605,2.915248938645916,0.6474299926326067,0,0.19997567137976122,positive,342
economic_inv,rd,黑龙江,江西,0.05705956091891445,0.05705956091891445,2.915248938645916,0.6474299926326067,0,0.19997567137976122,positive,343
economic_inv,rd,宁夏,吉林,0.05670072441992343,0.05670072441992343,2.915248938645916,0.6474299926326067,0,0.19997567137976122,positive,344
economic_inv,rd,甘肃,安徽,0.05660076319938834,0.05660076319938834,2.915248938645916,0.6474299926326067,0,0.19997567137976122,positive,345
economic_inv,rd,青海,黑龙江,0.056590763801766614,0.056590763801766614,2.915248938645916,0.6474299926326067,0,0.19997567137976122,positive,346
economic_inv,rd,青海,云南,0.05608085224768843,0.05608085224768843,2.915248938645916,0.6474299926326067,0,0.19997567137976122,positive,347
economic_inv,rd,河南,新疆,0.05600657194829926,0.05600657194829926,2.915248938645916,0.6474299926326067,0,0.19997567137976122,positive,348
economic_inv,rd,广东,辽宁,0.05573386049555708,0.05573386049555708,2.915248938645916,0.6474299926326067,0,0.19997567137976122,positive,349
economic_inv,rd,江苏,辽宁,0.05561671943334655,0.05561671943334655,2.915248938645916,0.6474299926326067,0,0.19997567137976122,positive,350
economic_inv,rd,上海,内蒙古,0.0554975524692769,0.0554975524692769,2.915248938645916,0.6474299926326067,0,0.19997567137976122,positive,351
economic_inv,rd,海南,重庆,0.05546587595773662,0.05546587595773662,2.915248938645916,0.6474299926326067,0,0.19997567137976122,positive,352
economic_inv,rd,广东,上海,0.05532250248380868,0.05532250248380868,2.915248938645916,0.6474299926326067,0,0.19997567137976122,positive,353
economic_inv,rd,江苏,上海,0.055187093468602906,0.055187093468602906,2.915248938645916,0.6474299926326067,0,0.19997567137976122,positive,354
economic_inv,rd,福建,云南,0.05517105536680587,0.05517105536680587,2.915248938645916,0.6474299926326067,0,0.19997567137976122,positive,355
economic_inv,rd,江西,贵州,0.0550564723138055,0.0550564723138055,2.915248938645916,0.6474299926326067,0,0.19997567137976122,positive,356
economic_inv,rd,山东,海南,0.05485914799759138,0.05485914799759138,2.915248938645916,0.6474299926326067,0,0.19997567137976122,positive,357
economic_inv,rd,上海,广西,0.054792744439252694,0.054792744439252694,2.915248938645916,0.6474299926326067,0,0.19997567137976122,positive,358
economic_inv,rd,福建,黑龙江,0.05469946816947026,0.05469946816947026,2.915248938645916,0.6474299926326067,0,0.19997567137976122,positive,359
economic_inv,rd,重庆,贵州,0.05420091771313274,0.05420091771313274,2.915248938645916,0.6474299926326067,0,0.19997567137976122,positive,360
economic_inv,rd,山东,宁夏,0.054185725781612265,0.054185725781612265,2.915248938645916,0.6474299926326067,0,0.19997567137976122,positive,361
economic_inv,rd,安徽,四川,0.05409285010902253,0.05409285010902253,2.915248938645916,0.6474299926326067,0,0.19997567137976122,positive,362
economic_inv,rd,北京,云南,0.053974623177190414,0.053974623177190414,2.915248938645916,0.6474299926326067,0,0.19997567137976122,positive,363
economic_inv,rd,海南,广西,0.053819401338094236,0.053819401338094236,2.915248938645916,0.6474299926326067,0,0.19997567137976122,positive,364
economic_inv,rd,浙江,海南,0.053704314491648225,0.053704314491648225,2.915248938645916,0.6474299926326067,0,0.19997567137976122,positive,365
economic_inv,rd,山东,青海,0.05369541202756506,0.05369541202756506,2.915248938645916,0.6474299926326067,0,0.19997567137976122,positive,366
economic_inv,rd,辽宁,内蒙古,0.05368415273781629,0.05368415273781629,2.915248938645916,0.6474299926326067,0,0.19997567137976122,positive,367
economic_inv,rd,海南,内蒙古,0.05341094754598109,0.05341094754598109,2.915248938645916,0.6474299926326067,0,0.19997567137976122,positive,368
economic_inv,rd,广东,安徽,0.0533731043652422,0.0533731043652422,2.915248938645916,0.6474299926326067,0,0.19997567137976122,positive,369
economic_inv,rd,北京,黑龙江,0.053269993009272903,0.053269993009272903,2.915248938645916,0.6474299926326067,0,0.19997567137976122,positive,370
economic_inv,rd,江苏,安徽,0.05315516746718323,0.05315516746718323,2.915248938645916,0.6474299926326067,0,0.19997567137976122,positive,371
economic_inv,rd,辽宁,广西,0.053031727380264376,0.053031727380264376,2.915248938645916,0.6474299926326067,0,0.19997567137976122,positive,372
economic_inv,rd,广东,北京,0.05300082480001464,0.05300082480001464,2.915248938645916,0.6474299926326067,0,0.19997567137976122,positive,373
economic_inv,rd,天津,北京,0.05295022802661785,0.05295022802661785,2.915248938645916,0.6474299926326067,0,0.19997567137976122,positive,374
economic_inv,rd,江苏,北京,0.052767884945565446,0.052767884945565446,2.915248938645916,0.6474299926326067,0,0.19997567137976122,positive,375
economic_inv,rd,北京,四川,0.05276533275622433,0.05276533275622433,2.915248938645916,0.6474299926326067,0,0.19997567137976122,positive,376
economic_inv,rd,浙江,宁夏,0.05272742577418237,0.05272742577418237,2.915248938645916,0.6474299926326067,0,0.19997567137976122,positive,377
economic_inv,rd,贵州,北京,0.05264754359890007,0.05264754359890007,2.915248938645916,0.6474299926326067,0,0.19997567137976122,positive,378
economic_inv,rd,上海,重庆,0.052218567014156364,0.052218567014156364,2.915248938645916,0.6474299926326067,0,0.19997567137976122,positive,379
economic_inv,rd,浙江,青海,0.05202348859452495,0.05202348859452495,2.915248938645916,0.6474299926326067,0,0.19997567137976122,positive,380
economic_inv,rd,四川,浙江,0.05144814323413125,0.05144814323413125,2.915248938645916,0.6474299926326067,0,0.19997567137976122,positive,381
economic_inv,rd,山西,海南,0.05132956157957595,0.05132956157957595,2.915248938645916,0.6474299926326067,0,0.19997567137976122,positive,382
economic_inv,rd,湖南,福建,0.051311128973948,0.051311128973948,2.915248938645916,0.6474299926326067,0,0.19997567137976122,positive,383
economic_inv,rd,宁夏,黑龙江,0.051308312549932046,0.051308312549932046,2.915248938645916,0.6474299926326067,0,0.19997567137976122,positive,384
economic_inv,rd,四川,陕西,0.05115980530459711,0.05115980530459711,2.915248938645916,0.6474299926326067,0,0.19997567137976122,positive,385
economic_inv,rd,甘肃,上海,0.0510969134821418,0.0510969134821418,2.915248938645916,0.6474299926326067,0,0.19997567137976122,positive,386
economic_inv,rd,河南,甘肃,0.05107631602463007,0.05107631602463007,2.915248938645916,0.6474299926326067,0,0.19997567137976122,positive,387
economic_inv,rd,贵州,安徽,0.051054731168185874,0.051054731168185874,2.915248938645916,0.6474299926326067,0,0.19997567137976122,positive,388
economic_inv,rd,安徽,云南,0.05083784996415966,0.05083784996415966,2.915248938645916,0.6474299926326067,0,0.19997567137976122,positive,389
economic_inv,rd,宁夏,云南,0.05082380163459396,0.05082380163459396,2.915248938645916,0.6474299926326067,0,0.19997567137976122,positive,390
economic_inv,rd,新疆,上海,0.050653223684339284,0.050653223684339284,2.915248938645916,0.6474299926326067,0,0.19997567137976122,positive,391
economic_inv,rd,辽宁,重庆,0.050642715925630286,0.050642715925630286,2.915248938645916,0.6474299926326067,0,0.19997567137976122,positive,392
economic_inv,rd,青海,天津,0.05063993226408523,0.05063993226408523,2.915248938645916,0.6474299926326067,0,0.19997567137976122,positive,393
economic_inv,rd,云南,陕西,0.05048957233158673,0.05048957233158673,2.915248938645916,0.6474299926326067,0,0.19997567137976122,positive,394
economic_inv,rd,海南,江西,0.0504173395852435,0.0504173395852435,2.915248938645916,0.6474299926326067,0,0.19997567137976122,positive,395
economic_inv,rd,福建,吉林,0.05040160019881378,0.05040160019881378,2.915248938645916,0.6474299926326067,0,0.19997567137976122,positive,396
economic_inv,rd,天津,安徽,0.05038768269544271,0.05038768269544271,2.915248938645916,0.6474299926326067,0,0.19997567137976122,positive,397
economic_inv,rd,安徽,黑龙江,0.050201089481080964,0.050201089481080964,2.915248938645916,0.6474299926326067,0,0.19997567137976122,positive,398
economic_inv,rd,甘肃,辽宁,0.05011219862122607,0.05011219862122607,2.915248938645916,0.6474299926326067,0,0.19997567137976122,positive,399
economic_inv,rd,江西,上海,0.049702138600060314,0.049702138600060314,2.915248938645916,0.6474299926326067,0,0.19997567137976122,positive,400
economic_inv,rd,新疆,辽宁,0.049509131205130896,0.049509131205130896,2.915248938645916,0.6474299926326067,0,0.19997567137976122,positive,401
economic_inv,rd,黑龙江,陕西,0.0491233380602542,0.0491233380602542,2.915248938645916,0.6474299926326067,0,0.19997567137976122,positive,402
economic_inv,rd,四川,江西,0.049050922904731994,0.049050922904731994,2.915248938645916,0.6474299926326067,0,0.19997567137976122,positive,403
economic_inv,rd,广东,陕西,0.04877226197262425,0.04877226197262425,2.915248938645916,0.6474299926326067,0,0.19997567137976122,positive,404
economic_inv,rd,海南,陕西,0.04852103516566657,0.04852103516566657,2.915248938645916,0.6474299926326067,0,0.19997567137976122,positive,405
economic_inv,rd,江苏,陕西,0.04838586757807435,0.04838586757807435,2.915248938645916,0.6474299926326067,0,0.19997567137976122,positive,406
economic_inv,rd,广东,江西,0.048288405435174084,0.048288405435174084,2.915248938645916,0.6474299926326067,0,0.19997567137976122,positive,407
economic_inv,rd,上海,天津,0.04807810972973887,0.04807810972973887,2.915248938645916,0.6474299926326067,0,0.19997567137976122,positive,408
economic_inv,rd,青海,重庆,0.04806147256834489,0.04806147256834489,2.915248938645916,0.6474299926326067,0,0.19997567137976122,positive,409
economic_inv,rd,福建,山西,0.04803590582462144,0.04803590582462144,2.915248938645916,0.6474299926326067,0,0.19997567137976122,positive,410
economic_inv,rd,江苏,江西,0.04788643086295466,0.04788643086295466,2.915248938645916,0.6474299926326067,0,0.19997567137976122,positive,411
economic_inv,rd,陕西,福建,0.047709833845565666,0.047709833845565666,2.915248938645916,0.6474299926326067,0,0.19997567137976122,positive,412
economic_inv,rd,广东,内蒙古,0.04761101694045535,0.04761101694045535,2.915248938645916,0.6474299926326067,0,0.19997567137976122,positive,413
economic_inv,rd,广东,广西,0.04752580244442674,0.04752580244442674,2.915248938645916,0.6474299926326067,0,0.19997567137976122,positive,414
economic_inv,rd,山西,宁夏,0.04737278746733777,0.04737278746733777,2.915248938645916,0.6474299926326067,0,0.19997567137976122,positive,415
economic_inv,rd,江西,辽宁,0.04730526662687905,0.04730526662687905,2.915248938645916,0.6474299926326067,0,0.19997567137976122,positive,416
economic_inv,rd,广东,重庆,0.04719789958141756,0.04719789958141756,2.915248938645916,0.6474299926326067,0,0.19997567137976122,positive,417
economic_inv,rd,江苏,内蒙古,0.04718791010088623,0.04718791010088623,2.915248938645916,0.6474299926326067,0,0.19997567137976122,positive,418
economic_inv,rd,北京,吉林,0.04713176085750745,0.04713176085750745,2.915248938645916,0.6474299926326067,0,0.19997567137976122,positive,419
economic_inv,rd,河南,江苏,0.04710012834082405,0.04710012834082405,2.915248938645916,0.6474299926326067,0,0.19997567137976122,positive,420
economic_inv,rd,江苏,广西,0.04710009328471262,0.04710009328471262,2.915248938645916,0.6474299926326067,0,0.19997567137976122,positive,421
economic_inv,rd,辽宁,天津,0.04677970909517844,0.04677970909517844,2.915248938645916,0.6474299926326067,0,0.19997567137976122,positive,422
economic_inv,rd,青海,广西,0.046762559738393855,0.046762559738393855,2.915248938645916,0.6474299926326067,0,0.19997567137976122,positive,423
economic_inv,rd,江苏,重庆,0.04676229358199926,0.04676229358199926,2.915248938645916,0.6474299926326067,0,0.19997567137976122,positive,424
economic_inv,rd,陕西,新疆,0.04673425604403386,0.04673425604403386,2.915248938645916,0.6474299926326067,0,0.19997567137976122,positive,425
economic_inv,rd,河南,海南,0.04663061508198103,0.04663061508198103,2.915248938645916,0.6474299926326067,0,0.19997567137976122,positive,426
economic_inv,rd,广东,天津,0.04660842420172115,0.04660842420172115,2.915248938645916,0.6474299926326067,0,0.19997567137976122,positive,427
economic_inv,rd,青海,内蒙古,0.04643922572799615,0.04643922572799615,2.915248938645916,0.6474299926326067,0,0.19997567137976122,positive,428
economic_inv,rd,四川,内蒙古,0.04631304868340084,0.04631304868340084,2.915248938645916,0.6474299926326067,0,0.19997567137976122,positive,429
economic_inv,rd,江苏,天津,0.04615549244576449,0.04615549244576449,2.915248938645916,0.6474299926326067,0,0.19997567137976122,positive,430
economic_inv,rd,四川,广西,0.045984975045329744,0.045984975045329744,2.915248938645916,0.6474299926326067,0,0.19997567137976122,positive,431
economic_inv,rd,宁夏,天津,0.04568013154453746,0.04568013154453746,2.915248938645916,0.6474299926326067,0,0.19997567137976122,positive,432
economic_inv,rd,河南,宁夏,0.04562818459082393,0.04562818459082393,2.915248938645916,0.6474299926326067,0,0.19997567137976122,positive,433
economic_inv,rd,广东,云南,0.04557898174054397,0.04557898174054397,2.915248938645916,0.6474299926326067,0,0.19997567137976122,positive,434
economic_inv,rd,广东,黑龙江,0.04549471258199311,0.04549471258199311,2.915248938645916,0.6474299926326067,0,0.19997567137976122,positive,435
economic_inv,rd,甘肃,福建,0.045413898385247314,0.045413898385247314,2.915248938645916,0.6474299926326067,0,0.19997567137976122,positive,436
economic_inv,rd,山西,北京,0.04524950354831434,0.04524950354831434,2.915248938645916,0.6474299926326067,0,0.19997567137976122,positive,437
economic_inv,rd,江苏,云南,0.04509722637256918,0.04509722637256918,2.915248938645916,0.6474299926326067,0,0.19997567137976122,positive,438
economic_inv,rd,江苏,黑龙江,0.045010678356535314,0.045010678356535314,2.915248938645916,0.6474299926326067,0,0.19997567137976122,positive,439
economic_inv,rd,河南,青海,0.04491001853528109,0.04491001853528109,2.915248938645916,0.6474299926326067,0,0.19997567137976122,positive,440
economic_inv,rd,山西,青海,0.04480365967019589,0.04480365967019589,2.915248938645916,0.6474299926326067,0,0.19997567137976122,positive,441
economic_inv,rd,四川,重庆,0.044754366592990195,0.044754366592990195,2.915248938645916,0.6474299926326067,0,0.19997567137976122,positive,442
economic_inv,rd,广东,吉林,0.044670791311577904,0.044670791311577904,2.915248938645916,0.6474299926326067,0,0.19997567137976122,positive,443
economic_inv,rd,安徽,吉林,0.04462505189146109,0.04462505189146109,2.915248938645916,0.6474299926326067,0,0.19997567137976122,positive,444
economic_inv,rd,河北,福建,0.04446906144159735,0.04446906144159735,2.915248938645916,0.6474299926326067,0,0.19997567137976122,positive,445
economic_inv,rd,吉林,北京,0.044469015523723045,0.044469015523723045,2.915248938645916,0.6474299926326067,0,0.19997567137976122,positive,446
economic_inv,rd,福建,贵州,0.04438131881632347,0.04438131881632347,2.915248938645916,0.6474299926326067,0,0.19997567137976122,positive,447
economic_inv,rd,重庆,北京,0.04435902212786484,0.04435902212786484,2.915248938645916,0.6474299926326067,0,0.19997567137976122,positive,448
economic_inv,rd,贵州,上海,0.04432702165862589,0.04432702165862589,2.915248938645916,0.6474299926326067,0,0.19997567137976122,positive,449
economic_inv,rd,广西,吉林,0.04431633600694512,0.04431633600694512,2.915248938645916,0.6474299926326067,0,0.19997567137976122,positive,450
economic_inv,rd,河南,广东,0.04425421103448331,0.04425421103448331,2.915248938645916,0.6474299926326067,0,0.19997567137976122,positive,451
economic_inv,rd,内蒙古,吉林,0.04417926652052513,0.04417926652052513,2.915248938645916,0.6474299926326067,0,0.19997567137976122,positive,452
economic_inv,rd,广东,山西,0.044169408936792554,0.044169408936792554,2.915248938645916,0.6474299926326067,0,0.19997567137976122,positive,453
economic_inv,rd,江苏,吉林,0.044165117815054465,0.044165117815054465,2.915248938645916,0.6474299926326067,0,0.19997567137976122,positive,454
economic_inv,rd,新疆,福建,0.044155208050182033,0.044155208050182033,2.915248938645916,0.6474299926326067,0,0.19997567137976122,positive,455
economic_inv,rd,青海,江西,0.04405597955185673,0.04405597955185673,2.915248938645916,0.6474299926326067,0,0.19997567137976122,positive,456
economic_inv,rd,北京,山西,0.043956997383234504,0.043956997383234504,2.915248938645916,0.6474299926326067,0,0.19997567137976122,positive,457
economic_inv,rd,山西,安徽,0.043724187857342806,0.043724187857342806,2.915248938645916,0.6474299926326067,0,0.19997567137976122,positive,458
economic_inv,rd,吉林,海南,0.04370667738399078,0.04370667738399078,2.915248938645916,0.6474299926326067,0,0.19997567137976122,positive,459
economic_inv,rd,江苏,山西,0.0436511364293075,0.0436511364293075,2.915248938645916,0.6474299926326067,0,0.19997567137976122,positive,460
economic_inv,rd,广东,贵州,0.04331646167038469,0.04331646167038469,2.915248938645916,0.6474299926326067,0,0.19997567137976122,positive,461
economic_inv,rd,宁夏,重庆,0.04325916055154139,0.04325916055154139,2.915248938645916,0.6474299926326067,0,0.19997567137976122,positive,462
economic_inv,rd,贵州,辽宁,0.043177256778516596,0.043177256778516596,2.915248938645916,0.6474299926326067,0,0.19997567137976122,positive,463
economic_inv,rd,吉林,安徽,0.04286564820117272,0.04286564820117272,2.915248938645916,0.6474299926326067,0,0.19997567137976122,positive,464
economic_inv,rd,江苏,贵州,0.04277774352243761,0.04277774352243761,2.915248938645916,0.6474299926326067,0,0.19997567137976122,positive,465
economic_inv,rd,四川,天津,0.04266157342879829,0.04266157342879829,2.915248938645916,0.6474299926326067,0,0.19997567137976122,positive,466
economic_inv,rd,青海,陕西,0.042533916424071894,0.042533916424071894,2.915248938645916,0.6474299926326067,0,0.19997567137976122,positive,467
economic_inv,rd,上海,云南,0.04204875348745083,0.04204875348745083,2.915248938645916,0.6474299926326067,0,0.19997567137976122,positive,468
economic_inv,rd,宁夏,广西,0.04204359989800877,0.04204359989800877,2.915248938645916,0.6474299926326067,0,0.19997567137976122,positive,469
economic_inv,rd,重庆,安徽,0.04197758104635903,0.04197758104635903,2.915248938645916,0.6474299926326067,0,0.19997567137976122,positive,470
economic_inv,rd,广东,新疆,0.04193027730077538,0.04193027730077538,2.915248938645916,0.6474299926326067,0,0.19997567137976122,positive,471
economic_inv,rd,宁夏,内蒙古,0.0417414312731411,0.0417414312731411,2.915248938645916,0.6474299926326067,0,0.19997567137976122,positive,472
economic_inv,rd,安徽,山西,0.04172046497622195,0.04172046497622195,2.915248938645916,0.6474299926326067,0,0.19997567137976122,positive,473
economic_inv,rd,江西,新疆,0.041675428484230254,0.041675428484230254,2.915248938645916,0.6474299926326067,0,0.19997567137976122,positive,474
economic_inv,rd,上海,黑龙江,0.041611127485485365,0.041611127485485365,2.915248938645916,0.6474299926326067,0,0.19997567137976122,positive,475
economic_inv,rd,福建,浙江,0.0415893983245911,0.0415893983245911,2.915248938645916,0.6474299926326067,0,0.19997567137976122,positive,476
economic_inv,rd,江苏,新疆,0.04136097927917883,0.04136097927917883,2.915248938645916,0.6474299926326067,0,0.19997567137976122,positive,477
economic_inv,rd,辽宁,云南,0.04110897141367975,0.04110897141367975,2.915248938645916,0.6474299926326067,0,0.19997567137976122,positive,478
economic_inv,rd,辽宁,黑龙江,0.04069526147075551,0.04069526147075551,2.915248938645916,0.6474299926326067,0,0.19997567137976122,positive,479
economic_inv,rd,吉林,宁夏,0.04055946048198336,0.04055946048198336,2.915248938645916,0.6474299926326067,0,0.19997567137976122,positive,480
economic_inv,rd,天津,上海,0.04054427602954624,0.04054427602954624,2.915248938645916,0.6474299926326067,0,0.19997567137976122,positive,481
economic_inv,rd,广东,甘肃,0.04021679029478856,0.04021679029478856,2.915248938645916,0.6474299926326067,0,0.19997567137976122,positive,482
economic_inv,rd,天津,甘肃,0.04018321718034334,0.04018321718034334,2.915248938645916,0.6474299926326067,0,0.19997567137976122,positive,483
economic_inv,rd,甘肃,河北,0.04011813081754181,0.04011813081754181,2.915248938645916,0.6474299926326067,0,0.19997567137976122,positive,484
economic_inv,rd,甘肃,湖北,0.04000298639741117,0.04000298639741117,2.915248938645916,0.6474299926326067,0,0.19997567137976122,positive,485
economic_inv,rd,甘肃,湖南,0.03983989096123013,0.03983989096123013,2.915248938645916,0.6474299926326067,0,0.19997567137976122,positive,486
economic_inv,rd,江苏,甘肃,0.03961420786400629,0.03961420786400629,2.915248938645916,0.6474299926326067,0,0.19997567137976122,positive,487
economic_inv,rd,宁夏,江西,0.039519300312031345,0.039519300312031345,2.915248938645916,0.6474299926326067,0,0.19997567137976122,positive,488
economic_inv,rd,四川,云南,0.03933523027495632,0.03933523027495632,2.915248938645916,0.6474299926326067,0,0.19997567137976122,positive,489
economic_inv,rd,北京,贵州,0.039311414899554184,0.039311414899554184,2.915248938645916,0.6474299926326067,0,0.19997567137976122,positive,490
economic_inv,rd,福建,新疆,0.03926694878877979,0.03926694878877979,2.915248938645916,0.6474299926326067,0,0.19997567137976122,positive,491
economic_inv,rd,四川,黑龙江,0.039079694672131814,0.039079694672131814,2.915248938645916,0.6474299926326067,0,0.19997567137976122,positive,492
economic_inv,rd,天津,辽宁,0.03900449673419722,0.03900449673419722,2.915248938645916,0.6474299926326067,0,0.19997567137976122,positive,493
economic_inv,rd,黑龙江,新疆,0.03883302465575018,0.03883302465575018,2.915248938645916,0.6474299926326067,0,0.19997567137976122,positive,494
economic_inv,rd,重庆,新疆,0.03865978355051938,0.03865978355051938,2.915248938645916,0.6474299926326067,0,0.19997567137976122,positive,495
economic_inv,rd,广东,海南,0.03851231265666251,0.03851231265666251,2.915248938645916,0.6474299926326067,0,0.19997567137976122,positive,496
economic_inv,rd,吉林,青海,0.03849736665726483,0.03849736665726483,2.915248938645916,0.6474299926326067,0,0.19997567137976122,positive,497
economic_inv,rd,新疆,河北,0.03832061914131138,0.03832061914131138,2.915248938645916,0.6474299926326067,0,0.19997567137976122,positive,498
economic_inv,rd,新疆,湖北,0.03819603665928036,0.03819603665928036,2.915248938645916,0.6474299926326067,0,0.19997567137976122,positive,499
economic_inv,rd,宁夏,陕西,0.038104824149580975,0.038104824149580975,2.915248938645916,0.6474299926326067,0,0.19997567137976122,positive,500
economic_inv,rd,广东,宁夏,0.03810468589728581,0.03810468589728581,2.915248938645916,0.6474299926326067,0,0.19997567137976122,positive,501
economic_inv,rd,新疆,湖南,0.03801973556245086,0.03801973556245086,2.915248938645916,0.6474299926326067,0,0.19997567137976122,positive,502
economic_inv,rd,云南,新疆,0.037988738852333614,0.037988738852333614,2.915248938645916,0.6474299926326067,0,0.19997567137976122,positive,503
economic_inv,rd,甘肃,四川,0.03795465648966198,0.03795465648966198,2.915248938645916,0.6474299926326067,0,0.19997567137976122,positive,504
economic_inv,rd,贵州,福建,0.0378999186398455,0.0378999186398455,2.915248938645916,0.6474299926326067,0,0.19997567137976122,positive,505
economic_inv,rd,江苏,海南,0.03788155450684606,0.03788155450684606,2.915248938645916,0.6474299926326067,0,0.19997567137976122,positive,506
economic_inv,rd,广东,青海,0.03780701662105566,0.03780701662105566,2.915248938645916,0.6474299926326067,0,0.19997567137976122,positive,507
economic_inv,rd,上海,吉林,0.03769716455762751,0.03769716455762751,2.915248938645916,0.6474299926326067,0,0.19997567137976122,positive,508
economic_inv,rd,江西,福建,0.037577132415179224,0.037577132415179224,2.915248938645916,0.6474299926326067,0,0.19997567137976122,positive,509
economic_inv,rd,江苏,宁夏,0.037467916298216324,0.037467916298216324,2.915248938645916,0.6474299926326067,0,0.19997567137976122,positive,510
economic_inv,rd,安徽,贵州,0.03744464730925681,0.03744464730925681,2.915248938645916,0.6474299926326067,0,0.19997567137976122,positive,511
economic_inv,rd,山西,上海,0.03739968965727236,0.03739968965727236,2.915248938645916,0.6474299926326067,0,0.19997567137976122,positive,512
economic_inv,rd,海南,北京,0.03733887375000756,0.03733887375000756,2.915248938645916,0.6474299926326067,0,0.19997567137976122,positive,513
economic_inv,rd,内蒙古,山西,0.03731948990562869,0.03731948990562869,2.915248938645916,0.6474299926326067,0,0.19997567137976122,positive,514
economic_inv,rd,广西,山西,0.03727320365036744,0.03727320365036744,2.915248938645916,0.6474299926326067,0,0.19997567137976122,positive,515
economic_inv,rd,江苏,青海,0.03716603403849367,0.03716603403849367,2.915248938645916,0.6474299926326067,0,0.19997567137976122,positive,516
economic_inv,rd,辽宁,吉林,0.03698237106519874,0.03698237106519874,2.915248938645916,0.6474299926326067,0,0.19997567137976122,positive,517
economic_inv,rd,湖北,福建,0.03679659114199338,0.03679659114199338,2.915248938645916,0.6474299926326067,0,0.19997567137976122,positive,518
economic_inv,rd,四川,吉林,0.036701170003608154,0.036701170003608154,2.915248938645916,0.6474299926326067,0,0.19997567137976122,positive,519
economic_inv,rd,海南,安徽,0.03665919227105926,0.03665919227105926,2.915248938645916,0.6474299926326067,0,0.19997567137976122,positive,520
economic_inv,rd,陕西,河北,0.03648397955686538,0.03648397955686538,2.915248938645916,0.6474299926326067,0,0.19997567137976122,positive,521
economic_inv,rd,山西,辽宁,0.036337547398772686,0.036337547398772686,2.915248938645916,0.6474299926326067,0,0.19997567137976122,positive,522
economic_inv,rd,吉林,上海,0.03629978638611349,0.03629978638611349,2.915248938645916,0.6474299926326067,0,0.19997567137976122,positive,523
economic_inv,rd,陕西,湖北,0.036273306501851434,0.036273306501851434,2.915248938645916,0.6474299926326067,0,0.19997567137976122,positive,524
economic_inv,rd,新疆,四川,0.03599561126240263,0.03599561126240263,2.915248938645916,0.6474299926326067,0,0.19997567137976122,positive,525
economic_inv,rd,陕西,湖南,0.03597699186944863,0.03597699186944863,2.915248938645916,0.6474299926326067,0,0.19997567137976122,positive,526
economic_inv,rd,陕西,甘肃,0.03584702713280599,0.03584702713280599,2.915248938645916,0.6474299926326067,0,0.19997567137976122,positive,527
economic_inv,rd,上海,山西,0.03559841520709653,0.03559841520709653,2.915248938645916,0.6474299926326067,0,0.19997567137976122,positive,528
economic_inv,rd,辽宁,河南,0.03556949258366359,0.03556949258366359,2.915248938645916,0.6474299926326067,0,0.19997567137976122,positive,529
economic_inv,rd,四川,山西,0.03535251909348513,0.03535251909348513,2.915248938645916,0.6474299926326067,0,0.19997567137976122,positive,530
economic_inv,rd,吉林,辽宁,0.035209927599157136,0.035209927599157136,2.915248938645916,0.6474299926326067,0,0.19997567137976122,positive,531
economic_inv,rd,辽宁,山西,0.03498189088019837,0.03498189088019837,2.915248938645916,0.6474299926326067,0,0.19997567137976122,positive,532
economic_inv,rd,上海,河南,0.034181356292149884,0.034181356292149884,2.915248938645916,0.6474299926326067,0,0.19997567137976122,positive,533
economic_inv,rd,福建,甘肃,0.03404376912623037,0.03404376912623037,2.915248938645916,0.6474299926326067,0,0.19997567137976122,positive,534
economic_inv,rd,海南,上海,0.03359166839532084,0.03359166839532084,2.915248938645916,0.6474299926326067,0,0.19997567137976122,positive,535
economic_inv,rd,青海,北京,0.03335775526836325,0.03335775526836325,2.915248938645916,0.6474299926326067,0,0.19997567137976122,positive,536
economic_inv,rd,北京,新疆,0.033288590135023936,0.033288590135023936,2.915248938645916,0.6474299926326067,0,0.19997567137976122,positive,537
economic_inv,rd,四川,贵州,0.03321144728750579,0.03321144728750579,2.915248938645916,0.6474299926326067,0,0.19997567137976122,positive,538
economic_inv,rd,重庆,上海,0.0330708976247262,0.0330708976247262,2.915248938645916,0.6474299926326067,0,0.19997567137976122,positive,539
economic_inv,rd,海南,辽宁,0.033033099003248925,0.033033099003248925,2.915248938645916,0.6474299926326067,0,0.19997567137976122,positive,540
economic_inv,rd,青海,安徽,0.03278867133831557,0.03278867133831557,2.915248938645916,0.6474299926326067,0,0.19997567137976122,positive,541
economic_inv,rd,陕西,四川,0.03272059002659623,0.03272059002659623,2.915248938645916,0.6474299926326067,0,0.19997567137976122,positive,542
economic_inv,rd,上海,贵州,0.032430793869418606,0.032430793869418606,2.915248938645916,0.6474299926326067,0,0.19997567137976122,positive,543
economic_inv,rd,天津,福建,0.032399111093452,0.032399111093452,2.915248938645916,0.6474299926326067,0,0.19997567137976122,positive,544
economic_inv,rd,贵州,河北,0.03233538438606452,0.03233538438606452,2.915248938645916,0.6474299926326067,0,0.19997567137976122,positive,545
economic_inv,rd,贵州,湖北,0.032218620689085306,0.032218620689085306,2.915248938645916,0.6474299926326067,0,0.19997567137976122,positive,546
economic_inv,rd,贵州,湖南,0.032053528277667935,0.032053528277667935,2.915248938645916,0.6474299926326067,0,0.19997567137976122,positive,547
economic_inv,rd,辽宁,贵州,0.03194986872202475,0.03194986872202475,2.915248938645916,0.6474299926326067,0,0.19997567137976122,positive,548
economic_inv,rd,安徽,新疆,0.031855482742296125,0.031855482742296125,2.915248938645916,0.6474299926326067,0,0.19997567137976122,positive,549
economic_inv,rd,重庆,辽宁,0.03171122491681551,0.03171122491681551,2.915248938645916,0.6474299926326067,0,0.19997567137976122,positive,550
economic_inv,rd,山西,福建,0.031530468302921444,0.031530468302921444,2.915248938645916,0.6474299926326067,0,0.19997567137976122,positive,551
economic_inv,rd,江西,甘肃,0.03148680360846059,0.03148680360846059,2.915248938645916,0.6474299926326067,0,0.19997567137976122,positive,552
economic_inv,rd,湖南,辽宁,0.03072315192445426,0.03072315192445426,2.915248938645916,0.6474299926326067,0,0.19997567137976122,positive,553
economic_inv,rd,天津,海南,0.030378918282592676,0.030378918282592676,2.915248938645916,0.6474299926326067,0,0.19997567137976122,positive,554
economic_inv,rd,海南,福建,0.03032604172497232,0.03032604172497232,2.915248938645916,0.6474299926326067,0,0.19997567137976122,positive,555
economic_inv,rd,吉林,福建,0.03032262612703517,0.03032262612703517,2.915248938645916,0.6474299926326067,0,0.19997567137976122,positive,556
economic_inv,rd,青海,上海,0.030203721517234113,0.030203721517234113,2.915248938645916,0.6474299926326067,0,0.19997567137976122,positive,557
economic_inv,rd,贵州,四川,0.03017010512989652,0.03017010512989652,2.915248938645916,0.6474299926326067,0,0.19997567137976122,positive,558
economic_inv,rd,四川,新疆,0.03009149924150124,0.03009149924150124,2.915248938645916,0.6474299926326067,0,0.19997567137976122,positive,559
economic_inv,rd,安徽,河南,0.03008660701683334,0.03008660701683334,2.915248938645916,0.6474299926326067,0,0.19997567137976122,positive,560
economic_inv,rd,甘肃,河南,0.030054634285919174,0.030054634285919174,2.915248938645916,0.6474299926326067,0,0.19997567137976122,positive,561
economic_inv,rd,北京,河南,0.02990397822260151,0.02990397822260151,2.915248938645916,0.6474299926326067,0,0.19997567137976122,positive,562
economic_inv,rd,福建,海南,0.029756952653192812,0.029756952653192812,2.915248938645916,0.6474299926326067,0,0.19997567137976122,positive,563
economic_inv,rd,青海,辽宁,0.029730082825780376,0.029730082825780376,2.915248938645916,0.6474299926326067,0,0.19997567137976122,positive,564
economic_inv,rd,宁夏,北京,0.029653893764563066,0.029653893764563066,2.915248938645916,0.6474299926326067,0,0.19997567137976122,positive,565
economic_inv,rd,内蒙古,贵州,0.029329880383611444,0.029329880383611444,2.915248938645916,0.6474299926326067,0,0.19997567137976122,positive,566
economic_inv,rd,广西,贵州,0.029146532458615235,0.029146532458615235,2.915248938645916,0.6474299926326067,0,0.19997567137976122,positive,567
economic_inv,rd,江西,河北,0.029139914761205147,0.029139914761205147,2.915248938645916,0.6474299926326067,0,0.19997567137976122,positive,568
economic_inv,rd,宁夏,安徽,0.029134074190625688,0.029134074190625688,2.915248938645916,0.6474299926326067,0,0.19997567137976122,positive,569
economic_inv,rd,江西,湖北,0.028979304265295106,0.028979304265295106,2.915248938645916,0.6474299926326067,0,0.19997567137976122,positive,570
economic_inv,rd,福建,宁夏,0.0288403150822653,0.0288403150822653,2.915248938645916,0.6474299926326067,0,0.19997567137976122,positive,571
economic_inv,rd,江西,湖南,0.028753259636160256,0.028753259636160256,2.915248938645916,0.6474299926326067,0,0.19997567137976122,positive,572
economic_inv,rd,陕西,海南,0.028624906664355396,0.028624906664355396,2.915248938645916,0.6474299926326067,0,0.19997567137976122,positive,573
economic_inv,rd,天津,宁夏,0.028616577357309454,0.028616577357309454,2.915248938645916,0.6474299926326067,0,0.19997567137976122,positive,574
economic_inv,rd,内蒙古,北京,0.028594654874991684,0.028594654874991684,2.915248938645916,0.6474299926326067,0,0.19997567137976122,positive,575
economic_inv,rd,湖南,上海,0.02858653133377735,0.02858653133377735,2.915248938645916,0.6474299926326067,0,0.19997567137976122,positive,576
economic_inv,rd,福建,青海,0.028194261644986056,0.028194261644986056,2.915248938645916,0.6474299926326067,0,0.19997567137976122,positive,577
economic_inv,rd,上海,新疆,0.028143584655974087,0.028143584655974087,2.915248938645916,0.6474299926326067,0,0.19997567137976122,positive,578
economic_inv,rd,重庆,甘肃,0.027978812594922662,0.027978812594922662,2.915248938645916,0.6474299926326067,0,0.19997567137976122,positive,579
economic_inv,rd,辽宁,新疆,0.02782163391909761,0.02782163391909761,2.915248938645916,0.6474299926326067,0,0.19997567137976122,positive,580
economic_inv,rd,新疆,河南,0.02778014483064637,0.02778014483064637,2.915248938645916,0.6474299926326067,0,0.19997567137976122,positive,581
economic_inv,rd,北京,甘肃,0.027648796971691276,0.027648796971691276,2.915248938645916,0.6474299926326067,0,0.19997567137976122,positive,582
economic_inv,rd,天津,青海,0.02743275755093728,0.02743275755093728,2.915248938645916,0.6474299926326067,0,0.19997567137976122,positive,583
economic_inv,rd,青海,福建,0.027421653850398957,0.027421653850398957,2.915248938645916,0.6474299926326067,0,0.19997567137976122,positive,584
economic_inv,rd,广西,北京,0.02741856605537009,0.02741856605537009,2.915248938645916,0.6474299926326067,0,0.19997567137976122,positive,585
economic_inv,rd,陕西,宁夏,0.02723970081735993,0.02723970081735993,2.915248938645916,0.6474299926326067,0,0.19997567137976122,positive,586
economic_inv,rd,海南,河北,0.027188922400659274,0.027188922400659274,2.915248938645916,0.6474299926326067,0,0.19997567137976122,positive,587
economic_inv,rd,海南,湖北,0.027119673939925905,0.027119673939925905,2.915248938645916,0.6474299926326067,0,0.19997567137976122,positive,588
economic_inv,rd,海南,湖南,0.027021510625403394,0.027021510625403394,2.915248938645916,0.6474299926326067,0,0.19997567137976122,positive,589
economic_inv,rd,内蒙古,安徽,0.026935071622315163,0.026935071622315163,2.915248938645916,0.6474299926326067,0,0.19997567137976122,positive,590
economic_inv,rd,宁夏,上海,0.0267791354749203,0.0267791354749203,2.915248938645916,0.6474299926326067,0,0.19997567137976122,positive,591
economic_inv,rd,四川,甘肃,0.026746254352102566,0.026746254352102566,2.915248938645916,0.6474299926326067,0,0.19997567137976122,positive,592
economic_inv,rd,山西,河北,0.026579757209866155,0.026579757209866155,2.915248938645916,0.6474299926326067,0,0.19997567137976122,positive,593
economic_inv,rd,安徽,甘肃,0.026574369225046027,0.026574369225046027,2.915248938645916,0.6474299926326067,0,0.19997567137976122,positive,594
economic_inv,rd,山西,湖北,0.026477140380724847,0.026477140380724847,2.915248938645916,0.6474299926326067,0,0.19997567137976122,positive,595
economic_inv,rd,宁夏,辽宁,0.02634874653477886,0.02634874653477886,2.915248938645916,0.6474299926326067,0,0.19997567137976122,positive,596
economic_inv,rd,山西,湖南,0.026332137989530244,0.026332137989530244,2.915248938645916,0.6474299926326067,0,0.19997567137976122,positive,597
economic_inv,rd,陕西,青海,0.026293218503668295,0.026293218503668295,2.915248938645916,0.6474299926326067,0,0.19997567137976122,positive,598
economic_inv,rd,江西,四川,0.026257983978726373,0.026257983978726373,2.915248938645916,0.6474299926326067,0,0.19997567137976122,positive,599
economic_inv,rd,天津,河北,0.026161282387115663,0.026161282387115663,2.915248938645916,0.6474299926326067,0,0.19997567137976122,positive,600
economic_inv,rd,天津,湖北,0.02603754222300697,0.02603754222300697,2.915248938645916,0.6474299926326067,0,0.19997567137976122,positive,601
economic_inv,rd,河北,辽宁,0.02600155138269145,0.02600155138269145,2.915248938645916,0.6474299926326067,0,0.19997567137976122,positive,602
economic_inv,rd,重庆,福建,0.025977661632765717,0.025977661632765717,2.915248938645916,0.6474299926326067,0,0.19997567137976122,positive,603
economic_inv,rd,海南,四川,0.025880251770070174,0.025880251770070174,2.915248938645916,0.6474299926326067,0,0.19997567137976122,positive,604
economic_inv,rd,天津,湖南,0.025863059265234738,0.025863059265234738,2.915248938645916,0.6474299926326067,0,0.19997567137976122,positive,605
economic_inv,rd,广西,安徽,0.02585323843817274,0.02585323843817274,2.915248938645916,0.6474299926326067,0,0.19997567137976122,positive,606
economic_inv,rd,吉林,河北,0.025365420059277655,0.025365420059277655,2.915248938645916,0.6474299926326067,0,0.19997567137976122,positive,607
economic_inv,rd,吉林,湖北,0.025263473265894218,0.025263473265894218,2.915248938645916,0.6474299926326067,0,0.19997567137976122,positive,608
economic_inv,rd,黑龙江,甘肃,0.025154091300009968,0.025154091300009968,2.915248938645916,0.6474299926326067,0,0.19997567137976122,positive,609
economic_inv,rd,吉林,湖南,0.02511947293349603,0.02511947293349603,2.915248938645916,0.6474299926326067,0,0.19997567137976122,positive,610
economic_inv,rd,甘肃,浙江,0.024972333872499232,0.024972333872499232,2.915248938645916,0.6474299926326067,0,0.19997567137976122,positive,611
economic_inv,rd,江西,海南,0.024895216030337574,0.024895216030337574,2.915248938645916,0.6474299926326067,0,0.19997567137976122,positive,612
economic_inv,rd,云南,甘肃,0.024793104890734864,0.024793104890734864,2.915248938645916,0.6474299926326067,0,0.19997567137976122,positive,613
economic_inv,rd,青海,河北,0.024719270455379538,0.024719270455379538,2.915248938645916,0.6474299926326067,0,0.19997567137976122,positive,614
economic_inv,rd,山西,四川,0.024685148800056803,0.024685148800056803,2.915248938645916,0.6474299926326067,0,0.19997567137976122,positive,615
economic_inv,rd,青海,湖北,0.024659285249394626,0.024659285249394626,2.915248938645916,0.6474299926326067,0,0.19997567137976122,positive,616
economic_inv,rd,青海,湖南,0.024574228289828828,0.024574228289828828,2.915248938645916,0.6474299926326067,0,0.19997567137976122,positive,617
economic_inv,rd,宁夏,福建,0.024255985538363622,0.024255985538363622,2.915248938645916,0.6474299926326067,0,0.19997567137976122,positive,618
economic_inv,rd,河北,上海,0.024134514927231197,0.024134514927231197,2.915248938645916,0.6474299926326067,0,0.19997567137976122,positive,619
economic_inv,rd,上海,甘肃,0.02393153866263993,0.02393153866263993,2.915248938645916,0.6474299926326067,0,0.19997567137976122,positive,620
economic_inv,rd,天津,四川,0.0239109639254235,0.0239109639254235,2.915248938645916,0.6474299926326067,0,0.19997567137976122,positive,621
economic_inv,rd,四川,海南,0.023872080768834816,0.023872080768834816,2.915248938645916,0.6474299926326067,0,0.19997567137976122,positive,622
economic_inv,rd,辽宁,甘肃,0.023738015877481644,0.023738015877481644,2.915248938645916,0.6474299926326067,0,0.19997567137976122,positive,623
economic_inv,rd,江西,宁夏,0.02364577598537629,0.02364577598537629,2.915248938645916,0.6474299926326067,0,0.19997567137976122,positive,624
economic_inv,rd,云南,北京,0.023606776494364795,0.023606776494364795,2.915248938645916,0.6474299926326067,0,0.19997567137976122,positive,625
economic_inv,rd,青海,四川,0.02358320664601455,0.02358320664601455,2.915248938645916,0.6474299926326067,0,0.19997567137976122,positive,626
economic_inv,rd,辽宁,浙江,0.023579826856195817,0.023579826856195817,2.915248938645916,0.6474299926326067,0,0.19997567137976122,positive,627
economic_inv,rd,吉林,四川,0.02348839507307162,0.02348839507307162,2.915248938645916,0.6474299926326067,0,0.19997567137976122,positive,628
economic_inv,rd,北京,海南,0.02336213755070215,0.02336213755070215,2.915248938645916,0.6474299926326067,0,0.19997567137976122,positive,629
economic_inv,rd,黑龙江,北京,0.023309437477682847,0.023309437477682847,2.915248938645916,0.6474299926326067,0,0.19997567137976122,positive,630
economic_inv,rd,四川,宁夏,0.023241678296696884,0.023241678296696884,2.915248938645916,0.6474299926326067,0,0.19997567137976122,positive,631
economic_inv,rd,上海,浙江,0.022876018772201977,0.022876018772201977,2.915248938645916,0.6474299926326067,0,0.19997567137976122,positive,632
economic_inv,rd,江西,青海,0.022794768795894628,0.022794768795894628,2.915248938645916,0.6474299926326067,0,0.19997567137976122,positive,633
economic_inv,rd,四川,青海,0.0227939184570515,0.0227939184570515,2.915248938645916,0.6474299926326067,0,0.19997567137976122,positive,634
economic_inv,rd,贵州,河南,0.02274596626904108,0.02274596626904108,2.915248938645916,0.6474299926326067,0,0.19997567137976122,positive,635
economic_inv,rd,新疆,浙江,0.022711742507107842,0.022711742507107842,2.915248938645916,0.6474299926326067,0,0.19997567137976122,positive,636
economic_inv,rd,云南,安徽,0.02263711390043993,0.02263711390043993,2.915248938645916,0.6474299926326067,0,0.19997567137976122,positive,637
economic_inv,rd,安徽,海南,0.02252928673315198,0.02252928673315198,2.915248938645916,0.6474299926326067,0,0.19997567137976122,positive,638
economic_inv,rd,北京,宁夏,0.022482336291880265,0.022482336291880265,2.915248938645916,0.6474299926326067,0,0.19997567137976122,positive,639
economic_inv,rd,黑龙江,安徽,0.022363980623855105,0.022363980623855105,2.915248938645916,0.6474299926326067,0,0.19997567137976122,positive,640
economic_inv,rd,北京,青海,0.02186968542241409,0.02186968542241409,2.915248938645916,0.6474299926326067,0,0.19997567137976122,positive,641
economic_inv,rd,宁夏,河北,0.02181631094009396,0.02181631094009396,2.915248938645916,0.6474299926326067,0,0.19997567137976122,positive,642
economic_inv,rd,陕西,河南,0.021773293133376864,0.021773293133376864,2.915248938645916,0.6474299926326067,0,0.19997567137976122,positive,643
economic_inv,rd,宁夏,湖北,0.021762281836697376,0.021762281836697376,2.915248938645916,0.6474299926326067,0,0.19997567137976122,positive,644
economic_inv,rd,湖北,辽宁,0.02173278666195454,0.02173278666195454,2.915248938645916,0.6474299926326067,0,0.19997567137976122,positive,645
economic_inv,rd,安徽,宁夏,0.02169572275383339,0.02169572275383339,2.915248938645916,0.6474299926326067,0,0.19997567137976122,positive,646
economic_inv,rd,宁夏,湖南,0.02168567968919244,0.02168567968919244,2.915248938645916,0.6474299926326067,0,0.19997567137976122,positive,647
economic_inv,rd,重庆,海南,0.02153509228554513,0.02153509228554513,2.915248938645916,0.6474299926326067,0,0.19997567137976122,positive,648
economic_inv,rd,内蒙古,新疆,0.021463392316405618,0.021463392316405618,2.915248938645916,0.6474299926326067,0,0.19997567137976122,positive,649
economic_inv,rd,湖南,安徽,0.021267478422613305,0.021267478422613305,2.915248938645916,0.6474299926326067,0,0.19997567137976122,positive,650
economic_inv,rd,广西,新疆,0.021224373998545515,0.021224373998545515,2.915248938645916,0.6474299926326067,0,0.19997567137976122,positive,651
economic_inv,rd,安徽,青海,0.021114593501163653,0.021114593501163653,2.915248938645916,0.6474299926326067,0,0.19997567137976122,positive,652
economic_inv,rd,北京,浙江,0.021005377487324346,0.021005377487324346,2.915248938645916,0.6474299926326067,0,0.19997567137976122,positive,653
economic_inv,rd,安徽,浙江,0.020981883541549565,0.020981883541549565,2.915248938645916,0.6474299926326067,0,0.19997567137976122,positive,654
economic_inv,rd,海南,河南,0.02096231067849535,0.02096231067849535,2.915248938645916,0.6474299926326067,0,0.19997567137976122,positive,655
economic_inv,rd,内蒙古,上海,0.020861199799675195,0.020861199799675195,2.915248938645916,0.6474299926326067,0,0.19997567137976122,positive,656
economic_inv,rd,宁夏,四川,0.02079396733212574,0.02079396733212574,2.915248938645916,0.6474299926326067,0,0.19997567137976122,positive,657
economic_inv,rd,重庆,河北,0.020706472211048207,0.020706472211048207,2.915248938645916,0.6474299926326067,0,0.19997567137976122,positive,658
economic_inv,rd,重庆,湖北,0.020603278022333943,0.020603278022333943,2.915248938645916,0.6474299926326067,0,0.19997567137976122,positive,659
economic_inv,rd,上海,海南,0.020593558719778044,0.020593558719778044,2.915248938645916,0.6474299926326067,0,0.19997567137976122,positive,660
economic_inv,rd,辽宁,海南,0.020482084364714402,0.020482084364714402,2.915248938645916,0.6474299926326067,0,0.19997567137976122,positive,661
economic_inv,rd,重庆,湖南,0.020457855825365596,0.020457855825365596,2.915248938645916,0.6474299926326067,0,0.19997567137976122,positive,662
economic_inv,rd,重庆,宁夏,0.02035200959613796,0.02035200959613796,2.915248938645916,0.6474299926326067,0,0.19997567137976122,positive,663
economic_inv,rd,湖南,北京,0.020234765876309197,0.020234765876309197,2.915248938645916,0.6474299926326067,0,0.19997567137976122,positive,664
economic_inv,rd,湖北,上海,0.020192897157378927,0.020192897157378927,2.915248938645916,0.6474299926326067,0,0.19997567137976122,positive,665
economic_inv,rd,四川,山东,0.020188353098279942,0.020188353098279942,2.915248938645916,0.6474299926326067,0,0.19997567137976122,positive,666
economic_inv,rd,广西,上海,0.020097359341452733,0.020097359341452733,2.915248938645916,0.6474299926326067,0,0.19997567137976122,positive,667
economic_inv,rd,内蒙古,辽宁,0.019952005310355632,0.019952005310355632,2.915248938645916,0.6474299926326067,0,0.19997567137976122,positive,668
economic_inv,rd,上海,宁夏,0.019893203725791026,0.019893203725791026,2.915248938645916,0.6474299926326067,0,0.19997567137976122,positive,669
economic_inv,rd,辽宁,宁夏,0.019796715477531084,0.019796715477531084,2.915248938645916,0.6474299926326067,0,0.19997567137976122,positive,670
economic_inv,rd,重庆,青海,0.019552950005917426,0.019552950005917426,2.915248938645916,0.6474299926326067,0,0.19997567137976122,positive,671
economic_inv,rd,上海,青海,0.01940236368451875,0.01940236368451875,2.915248938645916,0.6474299926326067,0,0.19997567137976122,positive,672
economic_inv,rd,湖南,河南,0.019343254903025086,0.019343254903025086,2.915248938645916,0.6474299926326067,0,0.19997567137976122,positive,673
economic_inv,rd,辽宁,青海,0.019315915922770852,0.019315915922770852,2.915248938645916,0.6474299926326067,0,0.19997567137976122,positive,674
economic_inv,rd,青海,河南,0.01926712380138933,0.01926712380138933,2.915248938645916,0.6474299926326067,0,0.19997567137976122,positive,675
economic_inv,rd,广西,辽宁,0.019232100232291723,0.019232100232291723,2.915248938645916,0.6474299926326067,0,0.19997567137976122,positive,676
economic_inv,rd,福建,山东,0.019107070972920102,0.019107070972920102,2.915248938645916,0.6474299926326067,0,0.19997567137976122,positive,677
economic_inv,rd,重庆,四川,0.018837987216573357,0.018837987216573357,2.915248938645916,0.6474299926326067,0,0.19997567137976122,positive,678
economic_inv,rd,云南,上海,0.018769457902894773,0.018769457902894773,2.915248938645916,0.6474299926326067,0,0.19997567137976122,positive,679
economic_inv,rd,黑龙江,上海,0.018582757994192206,0.018582757994192206,2.915248938645916,0.6474299926326067,0,0.19997567137976122,positive,680
economic_inv,rd,贵州,浙江,0.018334554662356995,0.018334554662356995,2.915248938645916,0.6474299926326067,0,0.19997567137976122,positive,681
economic_inv,rd,山西,河南,0.018320096066878996,0.018320096066878996,2.915248938645916,0.6474299926326067,0,0.19997567137976122,positive,682
economic_inv,rd,黑龙江,海南,0.018207868007703094,0.018207868007703094,2.915248938645916,0.6474299926326067,0,0.19997567137976122,positive,683
economic_inv,rd,云南,辽宁,0.018143046364300055,0.018143046364300055,2.915248938645916,0.6474299926326067,0,0.19997567137976122,positive,684
economic_inv,rd,云南,海南,0.018015680474924536,0.018015680474924536,2.915248938645916,0.6474299926326067,0,0.19997567137976122,positive,685
economic_inv,rd,黑龙江,辽宁,0.017968818710519655,0.017968818710519655,2.915248938645916,0.6474299926326067,0,0.19997567137976122,positive,686
economic_inv,rd,河北,安徽,0.017807125101581864,0.017807125101581864,2.915248938645916,0.6474299926326067,0,0.19997567137976122,positive,687
economic_inv,rd,江西,河南,0.017717220868747326,0.017717220868747326,2.915248938645916,0.6474299926326067,0,0.19997567137976122,positive,688
economic_inv,rd,海南,浙江,0.017677734202563123,0.017677734202563123,2.915248938645916,0.6474299926326067,0,0.19997567137976122,positive,689
economic_inv,rd,吉林,河南,0.017262123887967006,0.017262123887967006,2.915248938645916,0.6474299926326067,0,0.19997567137976122,positive,690
economic_inv,rd,黑龙江,宁夏,0.01702145171223035,0.01702145171223035,2.915248938645916,0.6474299926326067,0,0.19997567137976122,positive,691
economic_inv,rd,宁夏,河南,0.01692750103857167,0.01692750103857167,2.915248938645916,0.6474299926326067,0,0.19997567137976122,positive,692
economic_inv,rd,河北,北京,0.016922733950734944,0.016922733950734944,2.915248938645916,0.6474299926326067,0,0.19997567137976122,positive,693
economic_inv,rd,云南,宁夏,0.01685287225555949,0.01685287225555949,2.915248938645916,0.6474299926326067,0,0.19997567137976122,positive,694
economic_inv,rd,天津,河南,0.016847402634542062,0.016847402634542062,2.915248938645916,0.6474299926326067,0,0.19997567137976122,positive,695
economic_inv,rd,陕西,浙江,0.016406268972020445,0.016406268972020445,2.915248938645916,0.6474299926326067,0,0.19997567137976122,positive,696
economic_inv,rd,四川,江苏,0.016385414731129744,0.016385414731129744,2.915248938645916,0.6474299926326067,0,0.19997567137976122,positive,697
economic_inv,rd,青海,浙江,0.016342652208274678,0.016342652208274678,2.915248938645916,0.6474299926326067,0,0.19997567137976122,positive,698
economic_inv,rd,甘肃,山东,0.01632573592412082,0.01632573592412082,2.915248938645916,0.6474299926326067,0,0.19997567137976122,positive,699
economic_inv,rd,黑龙江,青海,0.01623455641637392,0.01623455641637392,2.915248938645916,0.6474299926326067,0,0.19997567137976122,positive,700
economic_inv,rd,内蒙古,福建,0.016169000849575132,0.016169000849575132,2.915248938645916,0.6474299926326067,0,0.19997567137976122,positive,701
economic_inv,rd,云南,青海,0.016080790428948586,0.016080790428948586,2.915248938645916,0.6474299926326067,0,0.19997567137976122,positive,702
economic_inv,rd,福建,江苏,0.01583687602723699,0.01583687602723699,2.915248938645916,0.6474299926326067,0,0.19997567137976122,positive,703
economic_inv,rd,内蒙古,甘肃,0.015815763517469182,0.015815763517469182,2.915248938645916,0.6474299926326067,0,0.19997567137976122,positive,704
economic_inv,rd,广西,福建,0.015621590035255822,0.015621590035255822,2.915248938645916,0.6474299926326067,0,0.19997567137976122,positive,705
economic_inv,rd,广西,甘肃,0.01558463838315917,0.01558463838315917,2.915248938645916,0.6474299926326067,0,0.19997567137976122,positive,706
economic_inv,rd,四川,广东,0.015546631867297477,0.015546631867297477,2.915248938645916,0.6474299926326067,0,0.19997567137976122,positive,707
economic_inv,rd,河北,河南,0.015486762618933222,0.015486762618933222,2.915248938645916,0.6474299926326067,0,0.19997567137976122,positive,708
economic_inv,rd,云南,福建,0.01538639925201613,0.01538639925201613,2.915248938645916,0.6474299926326067,0,0.19997567137976122,positive,709
economic_inv,rd,黑龙江,福建,0.015261980472040618,0.015261980472040618,2.915248938645916,0.6474299926326067,0,0.19997567137976122,positive,710
economic_inv,rd,福建,广东,0.015096827727972616,0.015096827727972616,2.915248938645916,0.6474299926326067,0,0.19997567137976122,positive,711
economic_inv,rd,湖北,安徽,0.014950703900266801,0.014950703900266801,2.915248938645916,0.6474299926326067,0,0.19997567137976122,positive,712
economic_inv,rd,山西,浙江,0.01463128318569411,0.01463128318569411,2.915248938645916,0.6474299926326067,0,0.19997567137976122,positive,713
economic_inv,rd,新疆,山东,0.014452948374688265,0.014452948374688265,2.915248938645916,0.6474299926326067,0,0.19997567137976122,positive,714
economic_inv,rd,甘肃,江苏,0.014418704417873893,0.014418704417873893,2.915248938645916,0.6474299926326067,0,0.19997567137976122,positive,715
economic_inv,rd,宁夏,浙江,0.014323384201252749,0.014323384201252749,2.915248938645916,0.6474299926326067,0,0.19997567137976122,positive,716
economic_inv,rd,湖北,北京,0.014215086900027114,0.014215086900027114,2.915248938645916,0.6474299926326067,0,0.19997567137976122,positive,717
economic_inv,rd,甘肃,广东,0.013951922529795095,0.013951922529795095,2.915248938645916,0.6474299926326067,0,0.19997567137976122,positive,718
economic_inv,rd,吉林,浙江,0.013708947576257288,0.013708947576257288,2.915248938645916,0.6474299926326067,0,0.19997567137976122,positive,719
economic_inv,rd,江西,浙江,0.013442159939182083,0.013442159939182083,2.915248938645916,0.6474299926326067,0,0.19997567137976122,positive,720
economic_inv,rd,湖北,河南,0.013244927112527576,0.013244927112527576,2.915248938645916,0.6474299926326067,0,0.19997567137976122,positive,721
economic_inv,rd,重庆,河南,0.013083439097560774,0.013083439097560774,2.915248938645916,0.6474299926326067,0,0.19997567137976122,positive,722
economic_inv,rd,天津,浙江,0.013071707582623162,0.013071707582623162,2.915248938645916,0.6474299926326067,0,0.19997567137976122,positive,723
economic_inv,rd,内蒙古,河北,0.01276207605579674,0.01276207605579674,2.915248938645916,0.6474299926326067,0,0.19997567137976122,positive,724
economic_inv,rd,内蒙古,湖北,0.012696043498711961,0.012696043498711961,2.915248938645916,0.6474299926326067,0,0.19997567137976122,positive,725
economic_inv,rd,新疆,江苏,0.012690236261863493,0.012690236261863493,2.915248938645916,0.6474299926326067,0,0.19997567137976122,positive,726
economic_inv,rd,云南,河北,0.012674915773761865,0.012674915773761865,2.915248938645916,0.6474299926326067,0,0.19997567137976122,positive,727
economic_inv,rd,云南,湖北,0.012620019817748442,0.012620019817748442,2.915248938645916,0.6474299926326067,0,0.19997567137976122,positive,728
economic_inv,rd,湖南,陕西,0.012618475466007943,0.012618475466007943,2.915248938645916,0.6474299926326067,0,0.19997567137976122,positive,729
economic_inv,rd,内蒙古,湖南,0.012603032713415575,0.012603032713415575,2.915248938645916,0.6474299926326067,0,0.19997567137976122,positive,730
economic_inv,rd,黑龙江,河北,0.012591389628906607,0.012591389628906607,2.915248938645916,0.6474299926326067,0,0.19997567137976122,positive,731
economic_inv,rd,云南,湖南,0.012542537582269189,0.012542537582269189,2.915248938645916,0.6474299926326067,0,0.19997567137976122,positive,732
economic_inv,rd,黑龙江,湖北,0.01253723835281082,0.01253723835281082,2.915248938645916,0.6474299926326067,0,0.19997567137976122,positive,733
economic_inv,rd,黑龙江,湖南,0.012460801557099253,0.012460801557099253,2.915248938645916,0.6474299926326067,0,0.19997567137976122,positive,734
economic_inv,rd,广西,河北,0.012355708468932294,0.012355708468932294,2.915248938645916,0.6474299926326067,0,0.19997567137976122,positive,735
economic_inv,rd,内蒙古,海南,0.012308228855495101,0.012308228855495101,2.915248938645916,0.6474299926326067,0,0.19997567137976122,positive,736
economic_inv,rd,广西,湖北,0.012292275094201725,0.012292275094201725,2.915248938645916,0.6474299926326067,0,0.19997567137976122,positive,737
economic_inv,rd,新疆,广东,0.012261906952343008,0.012261906952343008,2.915248938645916,0.6474299926326067,0,0.19997567137976122,positive,738
economic_inv,rd,广西,湖南,0.0122029167171809,0.0122029167171809,2.915248938645916,0.6474299926326067,0,0.19997567137976122,positive,739
economic_inv,rd,广西,海南,0.012101929943755689,0.012101929943755689,2.915248938645916,0.6474299926326067,0,0.19997567137976122,positive,740
economic_inv,rd,湖南,江西,0.012048893705128199,0.012048893705128199,2.915248938645916,0.6474299926326067,0,0.19997567137976122,positive,741
economic_inv,rd,海南,山东,0.011858250478929635,0.011858250478929635,2.915248938645916,0.6474299926326067,0,0.19997567137976122,positive,742
economic_inv,rd,云南,四川,0.011669663961675238,0.011669663961675238,2.915248938645916,0.6474299926326067,0,0.19997567137976122,positive,743
economic_inv,rd,内蒙古,宁夏,0.011655769933308182,0.011655769933308182,2.915248938645916,0.6474299926326067,0,0.19997567137976122,positive,744
economic_inv,rd,黑龙江,四川,0.011599249740510043,0.011599249740510043,2.915248938645916,0.6474299926326067,0,0.19997567137976122,positive,745
economic_inv,rd,内蒙古,四川,0.011570360016203263,0.011570360016203263,2.915248938645916,0.6474299926326067,0,0.19997567137976122,positive,746
economic_inv,rd,辽宁,山东,0.01147029157957859,0.01147029157957859,2.915248938645916,0.6474299926326067,0,0.19997567137976122,positive,747
economic_inv,rd,广西,宁夏,0.011455762899929235,0.011455762899929235,2.915248938645916,0.6474299926326067,0,0.19997567137976122,positive,748
economic_inv,rd,贵州,山东,0.011406123823951743,0.011406123823951743,2.915248938645916,0.6474299926326067,0,0.19997567137976122,positive,749
economic_inv,rd,湖南,内蒙古,0.011316336281614357,0.011316336281614357,2.915248938645916,0.6474299926326067,0,0.19997567137976122,positive,750
economic_inv,rd,上海,山东,0.011236317200135229,0.011236317200135229,2.915248938645916,0.6474299926326067,0,0.19997567137976122,positive,751
economic_inv,rd,湖南,广西,0.011229073810519559,0.011229073810519559,2.915248938645916,0.6474299926326067,0,0.19997567137976122,positive,752
economic_inv,rd,内蒙古,青海,0.011213588265802264,0.011213588265802264,2.915248938645916,0.6474299926326067,0,0.19997567137976122,positive,753
economic_inv,rd,广西,四川,0.011210111928625135,0.011210111928625135,2.915248938645916,0.6474299926326067,0,0.19997567137976122,positive,754
economic_inv,rd,青海,山东,0.01107680180063421,0.01107680180063421,2.915248938645916,0.6474299926326067,0,0.19997567137976122,positive,755
economic_inv,rd,广西,青海,0.011018142973470802,0.011018142973470802,2.915248938645916,0.6474299926326067,0,0.19997567137976122,positive,756
economic_inv,rd,湖南,重庆,0.010902731419731136,0.010902731419731136,2.915248938645916,0.6474299926326067,0,0.19997567137976122,positive,757
economic_inv,rd,北京,山东,0.010872343107630519,0.010872343107630519,2.915248938645916,0.6474299926326067,0,0.19997567137976122,positive,758
economic_inv,rd,安徽,山东,0.010772087908295598,0.010772087908295598,2.915248938645916,0.6474299926326067,0,0.19997567137976122,positive,759
economic_inv,rd,湖南,浙江,0.010578153070644743,0.010578153070644743,2.915248938645916,0.6474299926326067,0,0.19997567137976122,positive,760
economic_inv,rd,海南,江苏,0.010533657231583811,0.010533657231583811,2.915248938645916,0.6474299926326067,0,0.19997567137976122,positive,761
economic_inv,rd,河北,陕西,0.010463318856121426,0.010463318856121426,2.915248938645916,0.6474299926326067,0,0.19997567137976122,positive,762
economic_inv,rd,湖南,天津,0.010351277767182225,0.010351277767182225,2.915248938645916,0.6474299926326067,0,0.19997567137976122,positive,763
economic_inv,rd,海南,广东,0.010207100130749805,0.010207100130749805,2.915248938645916,0.6474299926326067,0,0.19997567137976122,positive,764
economic_inv,rd,重庆,浙江,0.010074367771720733,0.010074367771720733,2.915248938645916,0.6474299926326067,0,0.19997567137976122,positive,765
economic_inv,rd,河北,江西,0.009984666900745606,0.009984666900745606,2.915248938645916,0.6474299926326067,0,0.19997567137976122,positive,766
economic_inv,rd,贵州,江苏,0.009967358113289356,0.009967358113289356,2.915248938645916,0.6474299926326067,0,0.19997567137976122,positive,767
economic_inv,rd,青海,江苏,0.009862868766267071,0.009862868766267071,2.915248938645916,0.6474299926326067,0,0.19997567137976122,positive,768
economic_inv,rd,宁夏,山东,0.009666029273550257,0.009666029273550257,2.915248938645916,0.6474299926326067,0,0.19997567137976122,positive,769
economic_inv,rd,贵州,广东,0.009619811239138158,0.009619811239138158,2.915248938645916,0.6474299926326067,0,0.19997567137976122,positive,770
economic_inv,rd,辽宁,江苏,0.009589182623988118,0.009589182623988118,2.915248938645916,0.6474299926326067,0,0.19997567137976122,positive,771
economic_inv,rd,青海,广东,0.009562706556748336,0.009562706556748336,2.915248938645916,0.6474299926326067,0,0.19997567137976122,positive,772
economic_inv,rd,湖南,云南,0.009483814278467681,0.009483814278467681,2.915248938645916,0.6474299926326067,0,0.19997567137976122,positive,773
economic_inv,rd,湖南,黑龙江,0.009417627865989832,0.009417627865989832,2.915248938645916,0.6474299926326067,0,0.19997567137976122,positive,774
economic_inv,rd,上海,江苏,0.009407814368387123,0.009407814368387123,2.915248938645916,0.6474299926326067,0,0.19997567137976122,positive,775
economic_inv,rd,河北,内蒙古,0.009369951142370223,0.009369951142370223,2.915248938645916,0.6474299926326067,0,0.19997567137976122,positive,776
economic_inv,rd,河北,广西,0.009296792945281677,0.009296792945281677,2.915248938645916,0.6474299926326067,0,0.19997567137976122,positive,777
economic_inv,rd,陕西,山东,0.009258470573423303,0.009258470573423303,2.915248938645916,0.6474299926326067,0,0.19997567137976122,positive,778
economic_inv,rd,北京,江苏,0.009180629038645065,0.009180629038645065,2.915248938645916,0.6474299926326067,0,0.19997567137976122,positive,779
economic_inv,rd,辽宁,广东,0.009158972063605272,0.009158972063605272,2.915248938645916,0.6474299926326067,0,0.19997567137976122,positive,780
economic_inv,rd,安徽,江苏,0.009083671731909394,0.009083671731909394,2.915248938645916,0.6474299926326067,0,0.19997567137976122,positive,781
economic_inv,rd,河北,重庆,0.009023323560772038,0.009023323560772038,2.915248938645916,0.6474299926326067,0,0.19997567137976122,positive,782
economic_inv,rd,上海,广东,0.008988855963602124,0.008988855963602124,2.915248938645916,0.6474299926326067,0,0.19997567137976122,positive,783
economic_inv,rd,山西,山东,0.008972716498553975,0.008972716498553975,2.915248938645916,0.6474299926326067,0,0.19997567137976122,positive,784
economic_inv,rd,湖北,陕西,0.008820513232412674,0.008820513232412674,2.915248938645916,0.6474299926326067,0,0.19997567137976122,positive,785
economic_inv,rd,湖南,吉林,0.00880463530653445,0.00880463530653445,2.915248938645916,0.6474299926326067,0,0.19997567137976122,positive,786
economic_inv,rd,北京,广东,0.008788945411187991,0.008788945411187991,2.915248938645916,0.6474299926326067,0,0.19997567137976122,positive,787
economic_inv,rd,安徽,广东,0.00869340256112404,0.00869340256112404,2.915248938645916,0.6474299926326067,0,0.19997567137976122,positive,788
economic_inv,rd,宁夏,江苏,0.008598101768484195,0.008598101768484195,2.915248938645916,0.6474299926326067,0,0.19997567137976122,positive,789
economic_inv,rd,河北,天津,0.008561666621166811,0.008561666621166811,2.915248938645916,0.6474299926326067,0,0.19997567137976122,positive,790
economic_inv,rd,河北,浙江,0.00854997997745405,0.00854997997745405,2.915248938645916,0.6474299926326067,0,0.19997567137976122,positive,791
economic_inv,rd,湖南,山西,0.008459506360548626,0.008459506360548626,2.915248938645916,0.6474299926326067,0,0.19997567137976122,positive,792
economic_inv,rd,湖北,江西,0.00841923656241306,0.00841923656241306,2.915248938645916,0.6474299926326067,0,0.19997567137976122,positive,793
economic_inv,rd,云南,河南,0.008416169540412213,0.008416169540412213,2.915248938645916,0.6474299926326067,0,0.19997567137976122,positive,794
economic_inv,rd,黑龙江,河南,0.008380565462847513,0.008380565462847513,2.915248938645916,0.6474299926326067,0,0.19997567137976122,positive,795
economic_inv,rd,吉林,山东,0.008335313562003316,0.008335313562003316,2.915248938645916,0.6474299926326067,0,0.19997567137976122,positive,796
economic_inv,rd,宁夏,广东,0.0083343706855591,0.0083343706855591,2.915248938645916,0.6474299926326067,0,0.19997567137976122,positive,797
economic_inv,rd,内蒙古,河南,0.007951302183341953,0.007951302183341953,2.915248938645916,0.6474299926326067,0,0.19997567137976122,positive,798
economic_inv,rd,陕西,江苏,0.007937503757474842,0.007937503757474842,2.915248938645916,0.6474299926326067,0,0.19997567137976122,positive,799
economic_inv,rd,湖南,贵州,0.007915185590673059,0.007915185590673059,2.915248938645916,0.6474299926326067,0,0.19997567137976122,positive,800
economic_inv,rd,湖北,内蒙古,0.007903579997442664,0.007903579997442664,2.915248938645916,0.6474299926326067,0,0.19997567137976122,positive,801
economic_inv,rd,湖北,广西,0.007842187664153002,0.007842187664153002,2.915248938645916,0.6474299926326067,0,0.19997567137976122,positive,802
economic_inv,rd,河北,云南,0.007836604485392409,0.007836604485392409,2.915248938645916,0.6474299926326067,0,0.19997567137976122,positive,803
economic_inv,rd,山西,江苏,0.00781779191569004,0.00781779191569004,2.915248938645916,0.6474299926326067,0,0.19997567137976122,positive,804
economic_inv,rd,河北,黑龙江,0.007781340600341995,0.007781340600341995,2.915248938645916,0.6474299926326067,0,0.19997567137976122,positive,805
economic_inv,rd,广西,河南,0.007720842296068629,0.007720842296068629,2.915248938645916,0.6474299926326067,0,0.19997567137976122,positive,806
economic_inv,rd,天津,山东,0.0076805655840935195,0.0076805655840935195,2.915248938645916,0.6474299926326067,0,0.19997567137976122,positive,807
economic_inv,rd,江西,山东,0.007656138001622746,0.007656138001622746,2.915248938645916,0.6474299926326067,0,0.19997567137976122,positive,808
economic_inv,rd,陕西,广东,0.007625875240696941,0.007625875240696941,2.915248938645916,0.6474299926326067,0,0.19997567137976122,positive,809
economic_inv,rd,湖北,重庆,0.007612655794389155,0.007612655794389155,2.915248938645916,0.6474299926326067,0,0.19997567137976122,positive,810
economic_inv,rd,山西,广东,0.0075398295205284585,0.0075398295205284585,2.915248938645916,0.6474299926326067,0,0.19997567137976122,positive,811
economic_inv,rd,湖北,浙江,0.007284010630419287,0.007284010630419287,2.915248938645916,0.6474299926326067,0,0.19997567137976122,positive,812
economic_inv,rd,河北,吉林,0.007269894773700595,0.007269894773700595,2.915248938645916,0.6474299926326067,0,0.19997567137976122,positive,813
economic_inv,rd,吉林,江苏,0.007249799484446026,0.007249799484446026,2.915248938645916,0.6474299926326067,0,0.19997567137976122,positive,814
economic_inv,rd,湖北,天津,0.0072250145404386314,0.0072250145404386314,2.915248938645916,0.6474299926326067,0,0.19997567137976122,positive,815
economic_inv,rd,湖南,新疆,0.007129804932100985,0.007129804932100985,2.915248938645916,0.6474299926326067,0,0.19997567137976122,positive,816
economic_inv,rd,吉林,广东,0.0069891061112378,0.0069891061112378,2.915248938645916,0.6474299926326067,0,0.19997567137976122,positive,817
economic_inv,rd,河北,山西,0.006982245669859497,0.006982245669859497,2.915248938645916,0.6474299926326067,0,0.19997567137976122,positive,818
economic_inv,rd,天津,江苏,0.006635242080053004,0.006635242080053004,2.915248938645916,0.6474299926326067,0,0.19997567137976122,positive,819
economic_inv,rd,湖北,云南,0.0066157995330235015,0.0066157995330235015,2.915248938645916,0.6474299926326067,0,0.19997567137976122,positive,820
economic_inv,rd,云南,浙江,0.006613353522650795,0.006613353522650795,2.915248938645916,0.6474299926326067,0,0.19997567137976122,positive,821
economic_inv,rd,黑龙江,浙江,0.006592003916807721,0.006592003916807721,2.915248938645916,0.6474299926326067,0,0.19997567137976122,positive,822
economic_inv,rd,江西,江苏,0.006575061701787521,0.006575061701787521,2.915248938645916,0.6474299926326067,0,0.19997567137976122,positive,823
economic_inv,rd,湖北,黑龙江,0.006569345434059235,0.006569345434059235,2.915248938645916,0.6474299926326067,0,0.19997567137976122,positive,824
economic_inv,rd,河北,贵州,0.006529027620791632,0.006529027620791632,2.915248938645916,0.6474299926326067,0,0.19997567137976122,positive,825
economic_inv,rd,天津,广东,0.006386298149029566,0.006386298149029566,2.915248938645916,0.6474299926326067,0,0.19997567137976122,positive,826
economic_inv,rd,江西,广东,0.006319483948507186,0.006319483948507186,2.915248938645916,0.6474299926326067,0,0.19997567137976122,positive,827
economic_inv,rd,湖南,甘肃,0.006297821239861755,0.006297821239861755,2.915248938645916,0.6474299926326067,0,0.19997567137976122,positive,828
economic_inv,rd,湖北,吉林,0.0061392960681045826,0.0061392960681045826,2.915248938645916,0.6474299926326067,0,0.19997567137976122,positive,829
economic_inv,rd,内蒙古,浙江,0.006089057709998489,0.006089057709998489,2.915248938645916,0.6474299926326067,0,0.19997567137976122,positive,830
economic_inv,rd,广西,浙江,0.005919336816464454,0.005919336816464454,2.915248938645916,0.6474299926326067,0,0.19997567137976122,positive,831
economic_inv,rd,湖北,山西,0.005897319369732322,0.005897319369732322,2.915248938645916,0.6474299926326067,0,0.19997567137976122,positive,832
economic_inv,rd,河北,新疆,0.005876060925366005,0.005876060925366005,2.915248938645916,0.6474299926326067,0,0.19997567137976122,positive,833
economic_inv,rd,重庆,山东,0.005856051908466488,0.005856051908466488,2.915248938645916,0.6474299926326067,0,0.19997567137976122,positive,834
economic_inv,rd,湖南,海南,0.005591208473105949,0.005591208473105949,2.915248938645916,0.6474299926326067,0,0.19997567137976122,positive,835
economic_inv,rd,湖北,贵州,0.0055159062434042925,0.0055159062434042925,2.915248938645916,0.6474299926326067,0,0.19997567137976122,positive,836
economic_inv,rd,湖南,宁夏,0.005437226812357073,0.005437226812357073,2.915248938645916,0.6474299926326067,0,0.19997567137976122,positive,837
economic_inv,rd,湖南,青海,0.005328074702541225,0.005328074702541225,2.915248938645916,0.6474299926326067,0,0.19997567137976122,positive,838
economic_inv,rd,河北,甘肃,0.005185589031600542,0.005185589031600542,2.915248938645916,0.6474299926326067,0,0.19997567137976122,positive,839
economic_inv,rd,重庆,江苏,0.005048566196318791,0.005048566196318791,2.915248938645916,0.6474299926326067,0,0.19997567137976122,positive,840
economic_inv,rd,湖北,新疆,0.0049660550340276995,0.0049660550340276995,2.915248938645916,0.6474299926326067,0,0.19997567137976122,positive,841
economic_inv,rd,重庆,广东,0.004856756270292853,0.004856756270292853,2.915248938645916,0.6474299926326067,0,0.19997567137976122,positive,842
economic_inv,rd,河北,海南,0.004600163557370862,0.004600163557370862,2.915248938645916,0.6474299926326067,0,0.19997567137976122,positive,843
economic_inv,rd,河北,宁夏,0.004472712083225361,0.004472712083225361,2.915248938645916,0.6474299926326067,0,0.19997567137976122,positive,844
economic_inv,rd,湖北,甘肃,0.004384189052276191,0.004384189052276191,2.915248938645916,0.6474299926326067,0,0.19997567137976122,positive,845
economic_inv,rd,河北,青海,0.004382392611601922,0.004382392611601922,2.915248938645916,0.6474299926326067,0,0.19997567137976122,positive,846
economic_inv,rd,湖南,山东,0.0043725392767479925,0.0043725392767479925,2.915248938645916,0.6474299926326067,0,0.19997567137976122,positive,847
economic_inv,rd,云南,山东,0.003957948820374641,0.003957948820374641,2.915248938645916,0.6474299926326067,0,0.19997567137976122,positive,848
economic_inv,rd,黑龙江,山东,0.003951028560003503,0.003951028560003503,2.915248938645916,0.6474299926326067,0,0.19997567137976122,positive,849
economic_inv,rd,湖北,海南,0.003890497992030956,0.003890497992030956,2.915248938645916,0.6474299926326067,0,0.19997567137976122,positive,850
economic_inv,rd,湖北,宁夏,0.003782975356511098,0.003782975356511098,2.915248938645916,0.6474299926326067,0,0.19997567137976122,positive,851
economic_inv,rd,湖北,青海,0.0037067694220489895,0.0037067694220489895,2.915248938645916,0.6474299926326067,0,0.19997567137976122,positive,852
economic_inv,rd,湖南,江苏,0.0035720764953006,0.0035720764953006,2.915248938645916,0.6474299926326067,0,0.19997567137976122,positive,853
economic_inv,rd,河北,山东,0.0035582192343460725,0.0035582192343460725,2.915248938645916,0.6474299926326067,0,0.19997567137976122,positive,854
economic_inv,rd,内蒙古,山东,0.0035125051085115296,0.0035125051085115296,2.915248938645916,0.6474299926326067,0,0.19997567137976122,positive,855
economic_inv,rd,云南,江苏,0.0034316236605675017,0.0034316236605675017,2.915248938645916,0.6474299926326067,0,0.19997567137976122,positive,856
economic_inv,rd,黑龙江,江苏,0.0034266319784276855,0.0034266319784276855,2.915248938645916,0.6474299926326067,0,0.19997567137976122,positive,857
economic_inv,rd,广西,山东,0.003420013836921986,0.003420013836921986,2.915248938645916,0.6474299926326067,0,0.19997567137976122,positive,858
economic_inv,rd,湖南,广东,0.0033941139212127274,0.0033941139212127274,2.915248938645916,0.6474299926326067,0,0.19997567137976122,positive,859
economic_inv,rd,云南,广东,0.0033057181834862345,0.0033057181834862345,2.915248938645916,0.6474299926326067,0,0.19997567137976122,positive,860
economic_inv,rd,黑龙江,广东,0.0033011420880075795,0.0033011420880075795,2.915248938645916,0.6474299926326067,0,0.19997567137976122,positive,861
economic_inv,rd,内蒙古,江苏,0.003023760665401483,0.003023760665401483,2.915248938645916,0.6474299926326067,0,0.19997567137976122,positive,862
economic_inv,rd,湖北,山东,0.003022948664990664,0.003022948664990664,2.915248938645916,0.6474299926326067,0,0.19997567137976122,positive,863
economic_inv,rd,广西,江苏,0.002945024614905244,0.002945024614905244,2.915248938645916,0.6474299926326067,0,0.19997567137976122,positive,864
economic_inv,rd,河北,江苏,0.00290938304678206,0.00290938304678206,2.915248938645916,0.6474299926326067,0,0.19997567137976122,positive,865
economic_inv,rd,内蒙古,广东,0.0029078735315580225,0.0029078735315580225,2.915248938645916,0.6474299926326067,0,0.19997567137976122,positive,866
economic_inv,rd,广西,广东,0.0028323570940217116,0.0028323570940217116,2.915248938645916,0.6474299926326067,0,0.19997567137976122,positive,867
economic_inv,rd,河北,广东,0.0027649759431948714,0.0027649759431948714,2.915248938645916,0.6474299926326067,0,0.19997567137976122,positive,868
economic_inv,rd,湖北,江苏,0.0024708266625347907,0.0024708266625347907,2.915248938645916,0.6474299926326067,0,0.19997567137976122,positive,869
economic_inv,rd,湖北,广东,0.002347998773645886,0.002347998773645886,2.915248938645916,0.6474299926326067,0,0.19997567137976122,positive,870
economic_inv,urb,河北,湖北,0.3085369765123694,0.3085369765123694,0.4992697489459262,0.5469817839425646,1,0.03424812266339122,positive,1
economic_inv,urb,黑龙江,云南,0.3057875403445493,0.3057875403445493,0.4992697489459262,0.5469817839425646,1,0.03424812266339122,positive,2
economic_inv,urb,云南,黑龙江,0.30564528580260253,0.30564528580260253,0.4992697489459262,0.5469817839425646,1,0.03424812266339122,positive,3
economic_inv,urb,内蒙古,广西,0.2777481018994739,0.2777481018994739,0.4992697489459262,0.5469817839425646,1,0.03424812266339122,positive,4
economic_inv,urb,广西,内蒙古,0.27102015641786964,0.27102015641786964,0.4992697489459262,0.5469817839425646,1,0.03424812266339122,positive,5
economic_inv,urb,湖南,湖北,0.2645455996262461,0.2645455996262461,0.4992697489459262,0.5469817839425646,1,0.03424812266339122,positive,6
economic_inv,urb,湖北,河北,0.2616053812419822,0.2616053812419822,0.4992697489459262,0.5469817839425646,1,0.03424812266339122,positive,7
economic_inv,urb,北京,安徽,0.21579910511248437,0.21579910511248437,0.4992697489459262,0.5469817839425646,1,0.03424812266339122,positive,8
economic_inv,urb,广东,江苏,0.2127547455542806,0.2127547455542806,0.4992697489459262,0.5469817839425646,1,0.03424812266339122,positive,9
economic_inv,urb,安徽,北京,0.21196435194145466,0.21196435194145466,0.4992697489459262,0.5469817839425646,1,0.03424812266339122,positive,10
economic_inv,urb,辽宁,上海,0.2109542104397294,0.2109542104397294,0.4992697489459262,0.5469817839425646,1,0.03424812266339122,positive,11
economic_inv,urb,青海,宁夏,0.20964514550572805,0.20964514550572805,0.4992697489459262,0.5469817839425646,1,0.03424812266339122,positive,12
economic_inv,urb,上海,辽宁,0.2085754523755751,0.2085754523755751,0.4992697489459262,0.5469817839425646,1,0.03424812266339122,positive,13
economic_inv,urb,江苏,广东,0.2027825792294191,0.2027825792294191,0.4992697489459262,0.5469817839425646,1,0.03424812266339122,positive,14
economic_inv,urb,湖北,湖南,0.18341092982994084,0.18341092982994084,0.4992697489459262,0.5469817839425646,1,0.03424812266339122,positive,15
economic_inv,urb,宁夏,青海,0.18128873395942943,0.18128873395942943,0.4992697489459262,0.5469817839425646,1,0.03424812266339122,positive,16
economic_inv,urb,海南,宁夏,0.16340964318569215,0.16340964318569215,0.4992697489459262,0.5469817839425646,1,0.03424812266339122,positive,17
economic_inv,urb,湖南,河北,0.15551464232718368,0.15551464232718368,0.4992697489459262,0.5469817839425646,1,0.03424812266339122,positive,18
economic_inv,urb,宁夏,海南,0.1348557074705681,0.1348557074705681,0.4992697489459262,0.5469817839425646,1,0.03424812266339122,positive,19
economic_inv,urb,陕西,江西,0.13033935094065274,0.13033935094065274,0.4992697489459262,0.5469817839425646,1,0.03424812266339122,positive,20
economic_inv,urb,河北,湖南,0.12716175192038381,0.12716175192038381,0.4992697489459262,0.5469817839425646,1,0.03424812266339122,positive,21
economic_inv,urb,重庆,广西,0.120556370934424,0.120556370934424,0.4992697489459262,0.5469817839425646,1,0.03424812266339122,positive,22
economic_inv,urb,山西,吉林,0.11504711059918292,0.11504711059918292,0.4992697489459262,0.5469817839425646,1,0.03424812266339122,positive,23
economic_inv,urb,江西,陕西,0.10909315617166165,0.10909315617166165,0.4992697489459262,0.5469817839425646,1,0.03424812266339122,positive,24
economic_inv,urb,吉林,山西,0.1054468876171866,0.1054468876171866,0.4992697489459262,0.5469817839425646,1,0.03424812266339122,positive,25
economic_inv,urb,四川,湖南,0.09679999748094222,0.09679999748094222,0.4992697489459262,0.5469817839425646,1,0.03424812266339122,positive,26
economic_inv,urb,重庆,内蒙古,0.09586055297161229,0.09586055297161229,0.4992697489459262,0.5469817839425646,1,0.03424812266339122,positive,27
economic_inv,urb,海南,青海,0.09370503936711827,0.09370503936711827,0.4992697489459262,0.5469817839425646,1,0.03424812266339122,positive,28
economic_inv,urb,四川,湖北,0.08945715566569105,0.08945715566569105,0.4992697489459262,0.5469817839425646,1,0.03424812266339122,positive,29
economic_inv,urb,青海,海南,0.08942698561158377,0.08942698561158377,0.4992697489459262,0.5469817839425646,1,0.03424812266339122,positive,30
economic_inv,urb,天津,重庆,0.08757210676699793,0.08757210676699793,0.4992697489459262,0.5469817839425646,1,0.03424812266339122,positive,31
economic_inv,urb,贵州,山西,0.08531503300832975,0.08531503300832975,0.4992697489459262,0.5469817839425646,1,0.03424812266339122,positive,32
economic_inv,urb,四川,河北,0.0849398561508369,0.0849398561508369,0.4992697489459262,0.5469817839425646,1,0.03424812266339122,positive,33
economic_inv,urb,江西,内蒙古,0.07606955290063494,0.07606955290063494,0.4992697489459262,0.5469817839425646,1,0.03424812266339122,positive,34
economic_inv,urb,山东,江苏,0.07471457160275996,0.07471457160275996,0.4992697489459262,0.5469817839425646,1,0.03424812266339122,positive,35
economic_inv,urb,广西,重庆,0.06982084120806649,0.06982084120806649,0.4992697489459262,0.5469817839425646,1,0.03424812266339122,positive,36
economic_inv,urb,江西,广西,0.06744848141849634,0.06744848141849634,0.4992697489459262,0.5469817839425646,1,0.03424812266339122,positive,37
economic_inv,urb,吉林,黑龙江,0.06609315014783522,0.06609315014783522,0.4992697489459262,0.5469817839425646,1,0.03424812266339122,positive,38
economic_inv,urb,重庆,天津,0.06576649023376223,0.06576649023376223,0.4992697489459262,0.5469817839425646,1,0.03424812266339122,positive,39
economic_inv,urb,新疆,贵州,0.06562202067255998,0.06562202067255998,0.4992697489459262,0.5469817839425646,1,0.03424812266339122,positive,40
economic_inv,urb,山西,贵州,0.06557705745088467,0.06557705745088467,0.4992697489459262,0.5469817839425646,1,0.03424812266339122,positive,41
economic_inv,urb,福建,辽宁,0.06218704702643776,0.06218704702643776,0.4992697489459262,0.5469817839425646,1,0.03424812266339122,positive,42
economic_inv,urb,吉林,云南,0.06007156393632459,0.06007156393632459,0.4992697489459262,0.5469817839425646,1,0.03424812266339122,positive,43
economic_inv,urb,浙江,河南,0.05869871031165549,0.05869871031165549,0.4992697489459262,0.5469817839425646,1,0.03424812266339122,positive,44
economic_inv,urb,甘肃,新疆,0.058471008168649585,0.058471008168649585,0.4992697489459262,0.5469817839425646,1,0.03424812266339122,positive,45
economic_inv,urb,江苏,山东,0.05807984946419337,0.05807984946419337,0.4992697489459262,0.5469817839425646,1,0.03424812266339122,positive,46
economic_inv,urb,山东,广东,0.05807970742093228,0.05807970742093228,0.4992697489459262,0.5469817839425646,1,0.03424812266339122,positive,47
economic_inv,urb,内蒙古,重庆,0.056896342440142286,0.056896342440142286,0.4992697489459262,0.5469817839425646,1,0.03424812266339122,positive,48
economic_inv,urb,天津,广西,0.056661728575436575,0.056661728575436575,0.4992697489459262,0.5469817839425646,1,0.03424812266339122,positive,49
economic_inv,urb,贵州,吉林,0.05434072385906075,0.05434072385906075,0.4992697489459262,0.5469817839425646,1,0.03424812266339122,positive,50
economic_inv,urb,甘肃,海南,0.05398858607136321,0.05398858607136321,0.4992697489459262,0.5469817839425646,1,0.03424812266339122,positive,51
economic_inv,urb,陕西,内蒙古,0.053546722237376346,0.053546722237376346,0.4992697489459262,0.5469817839425646,1,0.03424812266339122,positive,52
economic_inv,urb,福建,上海,0.05242194143829751,0.05242194143829751,0.4992697489459262,0.5469817839425646,1,0.03424812266339122,positive,53
economic_inv,urb,天津,内蒙古,0.051938774682069797,0.051938774682069797,0.4992697489459262,0.5469817839425646,1,0.03424812266339122,positive,54
economic_inv,urb,贵州,新疆,0.04983482002722235,0.04983482002722235,0.4992697489459262,0.5469817839425646,1,0.03424812266339122,positive,55
economic_inv,urb,陕西,广西,0.04979670184338176,0.04979670184338176,0.4992697489459262,0.5469817839425646,1,0.03424812266339122,positive,56
economic_inv,urb,新疆,甘肃,0.04928834256161811,0.04928834256161811,0.4992697489459262,0.5469817839425646,1,0.03424812266339122,positive,57
economic_inv,urb,天津,云南,0.04842519049931165,0.04842519049931165,0.4992697489459262,0.5469817839425646,1,0.03424812266339122,positive,58
economic_inv,urb,广东,山东,0.04736888963456983,0.04736888963456983,0.4992697489459262,0.5469817839425646,1,0.03424812266339122,positive,59
economic_inv,urb,江西,重庆,0.04684204992226003,0.04684204992226003,0.4992697489459262,0.5469817839425646,1,0.03424812266339122,positive,60
economic_inv,urb,天津,黑龙江,0.04467833412542771,0.04467833412542771,0.4992697489459262,0.5469817839425646,1,0.03424812266339122,positive,61
economic_inv,urb,山西,黑龙江,0.044326829199615864,0.044326829199615864,0.4992697489459262,0.5469817839425646,1,0.03424812266339122,positive,62
economic_inv,urb,福建,河北,0.04416813057005054,0.04416813057005054,0.4992697489459262,0.5469817839425646,1,0.03424812266339122,positive,63
economic_inv,urb,甘肃,宁夏,0.04310788028689138,0.04310788028689138,0.4992697489459262,0.5469817839425646,1,0.03424812266339122,positive,64
economic_inv,urb,福建,湖北,0.04310416018746856,0.04310416018746856,0.4992697489459262,0.5469817839425646,1,0.03424812266339122,positive,65
economic_inv,urb,河南,浙江,0.042981144172348086,0.042981144172348086,0.4992697489459262,0.5469817839425646,1,0.03424812266339122,positive,66
economic_inv,urb,安徽,上海,0.04225233086093243,0.04225233086093243,0.4992697489459262,0.5469817839425646,1,0.03424812266339122,positive,67
economic_inv,urb,上海,安徽,0.042148871302342246,0.042148871302342246,0.4992697489459262,0.5469817839425646,1,0.03424812266339122,positive,68
economic_inv,urb,河南,四川,0.042025793813313186,0.042025793813313186,0.4992697489459262,0.5469817839425646,1,0.03424812266339122,positive,69
economic_inv,urb,山西,云南,0.04175401470460341,0.04175401470460341,0.4992697489459262,0.5469817839425646,1,0.03424812266339122,positive,70
economic_inv,urb,福建,湖南,0.041672335576221534,0.041672335576221534,0.4992697489459262,0.5469817839425646,1,0.03424812266339122,positive,71
economic_inv,urb,新疆,山西,0.04142472029384778,0.04142472029384778,0.4992697489459262,0.5469817839425646,1,0.03424812266339122,positive,72
economic_inv,urb,海南,甘肃,0.04124564320986747,0.04124564320986747,0.4992697489459262,0.5469817839425646,1,0.03424812266339122,positive,73
economic_inv,urb,辽宁,福建,0.03929633437229487,0.03929633437229487,0.4992697489459262,0.5469817839425646,1,0.03424812266339122,positive,74
economic_inv,urb,陕西,重庆,0.03915320046404403,0.03915320046404403,0.4992697489459262,0.5469817839425646,1,0.03424812266339122,positive,75
economic_inv,urb,吉林,贵州,0.03828334093902539,0.03828334093902539,0.4992697489459262,0.5469817839425646,1,0.03424812266339122,positive,76
economic_inv,urb,甘肃,青海,0.037487788031785874,0.037487788031785874,0.4992697489459262,0.5469817839425646,1,0.03424812266339122,positive,77
economic_inv,urb,重庆,江西,0.036831616470067934,0.036831616470067934,0.4992697489459262,0.5469817839425646,1,0.03424812266339122,positive,78
economic_inv,urb,北京,上海,0.03586710001952363,0.03586710001952363,0.4992697489459262,0.5469817839425646,1,0.03424812266339122,positive,79
economic_inv,urb,河南,湖南,0.03561435564668999,0.03561435564668999,0.4992697489459262,0.5469817839425646,1,0.03424812266339122,positive,80
economic_inv,urb,内蒙古,江西,0.03550096592457645,0.03550096592457645,0.4992697489459262,0.5469817839425646,1,0.03424812266339122,positive,81
economic_inv,urb,辽宁,安徽,0.03546318018163847,0.03546318018163847,0.4992697489459262,0.5469817839425646,1,0.03424812266339122,positive,82
economic_inv,urb,河南,湖北,0.035173893026313796,0.035173893026313796,0.4992697489459262,0.5469817839425646,1,0.03424812266339122,positive,83
economic_inv,urb,安徽,辽宁,0.03514935804377928,0.03514935804377928,0.4992697489459262,0.5469817839425646,1,0.03424812266339122,positive,84
economic_inv,urb,上海,北京,0.035143477179302524,0.035143477179302524,0.4992697489459262,0.5469817839425646,1,0.03424812266339122,positive,85
economic_inv,urb,河南,河北,0.034871526669327,0.034871526669327,0.4992697489459262,0.5469817839425646,1,0.03424812266339122,positive,86
economic_inv,urb,贵州,黑龙江,0.03440956468032721,0.03440956468032721,0.4992697489459262,0.5469817839425646,1,0.03424812266339122,positive,87
economic_inv,urb,新疆,吉林,0.03423018466150944,0.03423018466150944,0.4992697489459262,0.5469817839425646,0,0.03424812266339122,positive,88
economic_inv,urb,甘肃,贵州,0.03339111981544283,0.03339111981544283,0.4992697489459262,0.5469817839425646,0,0.03424812266339122,positive,89
economic_inv,urb,贵州,云南,0.03318931853762286,0.03318931853762286,0.4992697489459262,0.5469817839425646,0,0.03424812266339122,positive,90
economic_inv,urb,上海,福建,0.032752179319163154,0.032752179319163154,0.4992697489459262,0.5469817839425646,0,0.03424812266339122,positive,91
economic_inv,urb,天津,江西,0.03143744415507348,0.03143744415507348,0.4992697489459262,0.5469817839425646,0,0.03424812266339122,positive,92
economic_inv,urb,广西,江西,0.030715102856324953,0.030715102856324953,0.4992697489459262,0.5469817839425646,0,0.03424812266339122,positive,93
economic_inv,urb,北京,辽宁,0.030695180820118195,0.030695180820118195,0.4992697489459262,0.5469817839425646,0,0.03424812266339122,positive,94
economic_inv,urb,黑龙江,吉林,0.030652207399532172,0.030652207399532172,0.4992697489459262,0.5469817839425646,0,0.03424812266339122,positive,95
economic_inv,urb,辽宁,北京,0.03041891121878396,0.03041891121878396,0.4992697489459262,0.5469817839425646,0,0.03424812266339122,positive,96
economic_inv,urb,江西,天津,0.030026257966285958,0.030026257966285958,0.4992697489459262,0.5469817839425646,0,0.03424812266339122,positive,97
economic_inv,urb,福建,四川,0.029666589171423636,0.029666589171423636,0.4992697489459262,0.5469817839425646,0,0.03424812266339122,positive,98
economic_inv,urb,福建,安徽,0.02949926128896276,0.02949926128896276,0.4992697489459262,0.5469817839425646,0,0.03424812266339122,positive,99
economic_inv,urb,浙江,四川,0.029019512467104647,0.029019512467104647,0.4992697489459262,0.5469817839425646,0,0.03424812266339122,positive,100
economic_inv,urb,吉林,天津,0.028792154438398596,0.028792154438398596,0.4992697489459262,0.5469817839425646,0,0.03424812266339122,positive,101
economic_inv,urb,山东,浙江,0.028539792222984167,0.028539792222984167,0.4992697489459262,0.5469817839425646,0,0.03424812266339122,positive,102
economic_inv,urb,陕西,天津,0.028131249680378195,0.028131249680378195,0.4992697489459262,0.5469817839425646,0,0.03424812266339122,positive,103
economic_inv,urb,四川,福建,0.02788795505868622,0.02788795505868622,0.4992697489459262,0.5469817839425646,0,0.03424812266339122,positive,104
economic_inv,urb,云南,吉林,0.02784659884550001,0.02784659884550001,0.4992697489459262,0.5469817839425646,0,0.03424812266339122,positive,105
economic_inv,urb,青海,甘肃,0.027332011009016013,0.027332011009016013,0.4992697489459262,0.5469817839425646,0,0.03424812266339122,positive,106
economic_inv,urb,宁夏,甘肃,0.027178434982584366,0.027178434982584366,0.4992697489459262,0.5469817839425646,0,0.03424812266339122,positive,107
economic_inv,urb,福建,北京,0.027134126064063898,0.027134126064063898,0.4992697489459262,0.5469817839425646,0,0.03424812266339122,positive,108
economic_inv,urb,新疆,黑龙江,0.026803272083048953,0.026803272083048953,0.4992697489459262,0.5469817839425646,0,0.03424812266339122,positive,109
economic_inv,urb,甘肃,山西,0.026701172713623097,0.026701172713623097,0.4992697489459262,0.5469817839425646,0,0.03424812266339122,positive,110
economic_inv,urb,浙江,湖南,0.026598428025207198,0.026598428025207198,0.4992697489459262,0.5469817839425646,0,0.03424812266339122,positive,111
economic_inv,urb,浙江,湖北,0.02641751870755153,0.02641751870755153,0.4992697489459262,0.5469817839425646,0,0.03424812266339122,positive,112
economic_inv,urb,浙江,河北,0.02629214412247654,0.02629214412247654,0.4992697489459262,0.5469817839425646,0,0.03424812266339122,positive,113
economic_inv,urb,新疆,云南,0.026232734055797492,0.026232734055797492,0.4992697489459262,0.5469817839425646,0,0.03424812266339122,positive,114
economic_inv,urb,河南,福建,0.025864110556733797,0.025864110556733797,0.4992697489459262,0.5469817839425646,0,0.03424812266339122,positive,115
economic_inv,urb,重庆,陕西,0.02576760815132366,0.02576760815132366,0.4992697489459262,0.5469817839425646,0,0.03424812266339122,positive,116
economic_inv,urb,云南,天津,0.025632311716027374,0.025632311716027374,0.4992697489459262,0.5469817839425646,0,0.03424812266339122,positive,117
economic_inv,urb,天津,吉林,0.02521511451321608,0.02521511451321608,0.4992697489459262,0.5469817839425646,0,0.03424812266339122,positive,118
economic_inv,urb,山西,天津,0.024675788245651482,0.024675788245651482,0.4992697489459262,0.5469817839425646,0,0.03424812266339122,positive,119
economic_inv,urb,天津,陕西,0.024652274638295966,0.024652274638295966,0.4992697489459262,0.5469817839425646,0,0.03424812266339122,positive,120
economic_inv,urb,广西,天津,0.024644703514284157,0.024644703514284157,0.4992697489459262,0.5469817839425646,0,0.03424812266339122,positive,121
economic_inv,urb,山西,新疆,0.02418072075239153,0.02418072075239153,0.4992697489459262,0.5469817839425646,0,0.03424812266339122,positive,122
economic_inv,urb,甘肃,吉林,0.023964424104480495,0.023964424104480495,0.4992697489459262,0.5469817839425646,0,0.03424812266339122,positive,123
economic_inv,urb,新疆,海南,0.02366190223862735,0.02366190223862735,0.4992697489459262,0.5469817839425646,0,0.03424812266339122,positive,124
economic_inv,urb,黑龙江,天津,0.023660041040195378,0.023660041040195378,0.4992697489459262,0.5469817839425646,0,0.03424812266339122,positive,125
economic_inv,urb,重庆,云南,0.023417780221060055,0.023417780221060055,0.4992697489459262,0.5469817839425646,0,0.03424812266339122,positive,126
economic_inv,urb,贵州,天津,0.023325754134815087,0.023325754134815087,0.4992697489459262,0.5469817839425646,0,0.03424812266339122,positive,127
economic_inv,urb,内蒙古,天津,0.023151278865329205,0.023151278865329205,0.4992697489459262,0.5469817839425646,0,0.03424812266339122,positive,128
economic_inv,urb,吉林,重庆,0.02235527743224977,0.02235527743224977,0.4992697489459262,0.5469817839425646,0,0.03424812266339122,positive,129
economic_inv,urb,重庆,黑龙江,0.022217976780212638,0.022217976780212638,0.4992697489459262,0.5469817839425646,0,0.03424812266339122,positive,130
economic_inv,urb,浙江,福建,0.022052208812542815,0.022052208812542815,0.4992697489459262,0.5469817839425646,0,0.03424812266339122,positive,131
economic_inv,urb,河南,辽宁,0.021854679186298,0.021854679186298,0.4992697489459262,0.5469817839425646,0,0.03424812266339122,positive,132
economic_inv,urb,湖南,四川,0.021714489763515674,0.021714489763515674,0.4992697489459262,0.5469817839425646,0,0.03424812266339122,positive,133
economic_inv,urb,山东,河南,0.021632798134558536,0.021632798134558536,0.4992697489459262,0.5469817839425646,0,0.03424812266339122,positive,134
economic_inv,urb,海南,新疆,0.021444807420329604,0.021444807420329604,0.4992697489459262,0.5469817839425646,0,0.03424812266339122,positive,135
economic_inv,urb,贵州,甘肃,0.021375580164102327,0.021375580164102327,0.4992697489459262,0.5469817839425646,0,0.03424812266339122,positive,136
economic_inv,urb,河南,上海,0.021241298440114065,0.021241298440114065,0.4992697489459262,0.5469817839425646,0,0.03424812266339122,positive,137
economic_inv,urb,新疆,天津,0.020922240394769615,0.020922240394769615,0.4992697489459262,0.5469817839425646,0,0.03424812266339122,positive,138
economic_inv,urb,新疆,宁夏,0.02091690510687123,0.02091690510687123,0.4992697489459262,0.5469817839425646,0,0.03424812266339122,positive,139
economic_inv,urb,内蒙古,陕西,0.020916265695499602,0.020916265695499602,0.4992697489459262,0.5469817839425646,0,0.03424812266339122,positive,140
economic_inv,urb,甘肃,黑龙江,0.020596413260957777,0.020596413260957777,0.4992697489459262,0.5469817839425646,0,0.03424812266339122,positive,141
economic_inv,urb,甘肃,云南,0.02031028258551237,0.02031028258551237,0.4992697489459262,0.5469817839425646,0,0.03424812266339122,positive,142
economic_inv,urb,山西,重庆,0.020124151059793257,0.020124151059793257,0.4992697489459262,0.5469817839425646,0,0.03424812266339122,positive,143
economic_inv,urb,贵州,重庆,0.0200334702598385,0.0200334702598385,0.4992697489459262,0.5469817839425646,0,0.03424812266339122,positive,144
economic_inv,urb,吉林,广西,0.01992520935527969,0.01992520935527969,0.4992697489459262,0.5469817839425646,0,0.03424812266339122,positive,145
economic_inv,urb,天津,山西,0.019806870680947178,0.019806870680947178,0.4992697489459262,0.5469817839425646,0,0.03424812266339122,positive,146
economic_inv,urb,浙江,辽宁,0.019785998172870464,0.019785998172870464,0.4992697489459262,0.5469817839425646,0,0.03424812266339122,positive,147
economic_inv,urb,浙江,上海,0.019414347587237035,0.019414347587237035,0.4992697489459262,0.5469817839425646,0,0.03424812266339122,positive,148
economic_inv,urb,吉林,内蒙古,0.019382421775293136,0.019382421775293136,0.4992697489459262,0.5469817839425646,0,0.03424812266339122,positive,149
economic_inv,urb,新疆,青海,0.019255253416567957,0.019255253416567957,0.4992697489459262,0.5469817839425646,0,0.03424812266339122,positive,150
economic_inv,urb,广西,陕西,0.018980267536163938,0.018980267536163938,0.4992697489459262,0.5469817839425646,0,0.03424812266339122,positive,151
economic_inv,urb,四川,辽宁,0.01888079388572378,0.01888079388572378,0.4992697489459262,0.5469817839425646,0,0.03424812266339122,positive,152
economic_inv,urb,黑龙江,山西,0.018842131032432142,0.018842131032432142,0.4992697489459262,0.5469817839425646,0,0.03424812266339122,positive,153
economic_inv,urb,新疆,重庆,0.018815929145140485,0.018815929145140485,0.4992697489459262,0.5469817839425646,0,0.03424812266339122,positive,154
economic_inv,urb,浙江,山东,0.018741525834939533,0.018741525834939533,0.4992697489459262,0.5469817839425646,0,0.03424812266339122,positive,155
economic_inv,urb,河南,安徽,0.018650920045649968,0.018650920045649968,0.4992697489459262,0.5469817839425646,0,0.03424812266339122,positive,156
economic_inv,urb,陕西,云南,0.018641329747696264,0.018641329747696264,0.4992697489459262,0.5469817839425646,0,0.03424812266339122,positive,157
economic_inv,urb,贵州,广西,0.018601224286372807,0.018601224286372807,0.4992697489459262,0.5469817839425646,0,0.03424812266339122,positive,158
economic_inv,urb,安徽,福建,0.018475787796392702,0.018475787796392702,0.4992697489459262,0.5469817839425646,0,0.03424812266339122,positive,159
economic_inv,urb,吉林,新疆,0.018313735974533854,0.018313735974533854,0.4992697489459262,0.5469817839425646,0,0.03424812266339122,positive,160
economic_inv,urb,山西,广西,0.018284273931474953,0.018284273931474953,0.4992697489459262,0.5469817839425646,0,0.03424812266339122,positive,161
economic_inv,urb,贵州,内蒙古,0.018264820923787416,0.018264820923787416,0.4992697489459262,0.5469817839425646,0,0.03424812266339122,positive,162
economic_inv,urb,河南,北京,0.018208291727485365,0.018208291727485365,0.4992697489459262,0.5469817839425646,0,0.03424812266339122,positive,163
economic_inv,urb,江西,云南,0.01820660272843917,0.01820660272843917,0.4992697489459262,0.5469817839425646,0,0.03424812266339122,positive,164
economic_inv,urb,陕西,黑龙江,0.0181284629544954,0.0181284629544954,0.4992697489459262,0.5469817839425646,0,0.03424812266339122,positive,165
economic_inv,urb,山西,内蒙古,0.017863526062224258,0.017863526062224258,0.4992697489459262,0.5469817839425646,0,0.03424812266339122,positive,166
economic_inv,urb,新疆,广西,0.01783636001902686,0.01783636001902686,0.4992697489459262,0.5469817839425646,0,0.03424812266339122,positive,167
economic_inv,urb,四川,上海,0.017809318013880908,0.017809318013880908,0.4992697489459262,0.5469817839425646,0,0.03424812266339122,positive,168
economic_inv,urb,浙江,安徽,0.017763236826421124,0.017763236826421124,0.4992697489459262,0.5469817839425646,0,0.03424812266339122,positive,169
economic_inv,urb,云南,山西,0.017740240749129596,0.017740240749129596,0.4992697489459262,0.5469817839425646,0,0.03424812266339122,positive,170
economic_inv,urb,江西,黑龙江,0.017624771318901528,0.017624771318901528,0.4992697489459262,0.5469817839425646,0,0.03424812266339122,positive,171
economic_inv,urb,新疆,内蒙古,0.017600305075090764,0.017600305075090764,0.4992697489459262,0.5469817839425646,0,0.03424812266339122,positive,172
economic_inv,urb,浙江,北京,0.01746712035606007,0.01746712035606007,0.4992697489459262,0.5469817839425646,0,0.03424812266339122,positive,173
economic_inv,urb,四川,河南,0.017426321131120887,0.017426321131120887,0.4992697489459262,0.5469817839425646,0,0.03424812266339122,positive,174
economic_inv,urb,甘肃,天津,0.01742393293884627,0.01742393293884627,0.4992697489459262,0.5469817839425646,0,0.03424812266339122,positive,175
economic_inv,urb,北京,陕西,0.01736106983516365,0.01736106983516365,0.4992697489459262,0.5469817839425646,0,0.03424812266339122,positive,176
economic_inv,urb,山东,四川,0.017340721342484253,0.017340721342484253,0.4992697489459262,0.5469817839425646,0,0.03424812266339122,positive,177
economic_inv,urb,北京,福建,0.01730192698739831,0.01730192698739831,0.4992697489459262,0.5469817839425646,0,0.03424812266339122,positive,178
economic_inv,urb,山东,湖南,0.016742708023897306,0.016742708023897306,0.4992697489459262,0.5469817839425646,0,0.03424812266339122,positive,179
economic_inv,urb,山东,湖北,0.0166954483337421,0.0166954483337421,0.4992697489459262,0.5469817839425646,0,0.03424812266339122,positive,180
economic_inv,urb,山东,河北,0.01666247345734399,0.01666247345734399,0.4992697489459262,0.5469817839425646,0,0.03424812266339122,positive,181
economic_inv,urb,青海,新疆,0.016654338135253834,0.016654338135253834,0.4992697489459262,0.5469817839425646,0,0.03424812266339122,positive,182
economic_inv,urb,云南,重庆,0.01650529520366194,0.01650529520366194,0.4992697489459262,0.5469817839425646,0,0.03424812266339122,positive,183
economic_inv,urb,陕西,北京,0.016369640552865453,0.016369640552865453,0.4992697489459262,0.5469817839425646,0,0.03424812266339122,positive,184
economic_inv,urb,辽宁,河北,0.01631933363944962,0.01631933363944962,0.4992697489459262,0.5469817839425646,0,0.03424812266339122,positive,185
economic_inv,urb,甘肃,重庆,0.016154439643434083,0.016154439643434083,0.4992697489459262,0.5469817839425646,0,0.03424812266339122,positive,186
economic_inv,urb,辽宁,湖北,0.01608715045048711,0.01608715045048711,0.4992697489459262,0.5469817839425646,0,0.03424812266339122,positive,187
economic_inv,urb,江苏,浙江,0.01605343129950473,0.01605343129950473,0.4992697489459262,0.5469817839425646,0,0.03424812266339122,positive,188
economic_inv,urb,贵州,江西,0.016000841149771454,0.016000841149771454,0.4992697489459262,0.5469817839425646,0,0.03424812266339122,positive,189
economic_inv,urb,吉林,江西,0.015977243897507966,0.015977243897507966,0.4992697489459262,0.5469817839425646,0,0.03424812266339122,positive,190
economic_inv,urb,新疆,江西,0.015948917500598844,0.015948917500598844,0.4992697489459262,0.5469817839425646,0,0.03424812266339122,positive,191
economic_inv,urb,安徽,陕西,0.01578283219871717,0.01578283219871717,0.4992697489459262,0.5469817839425646,0,0.03424812266339122,positive,192
economic_inv,urb,辽宁,湖南,0.015767184358702713,0.015767184358702713,0.4992697489459262,0.5469817839425646,0,0.03424812266339122,positive,193
economic_inv,urb,海南,贵州,0.015761534103462035,0.015761534103462035,0.4992697489459262,0.5469817839425646,0,0.03424812266339122,positive,194
economic_inv,urb,黑龙江,重庆,0.01566693937730587,0.01566693937730587,0.4992697489459262,0.5469817839425646,0,0.03424812266339122,positive,195
economic_inv,urb,宁夏,新疆,0.015644495800657448,0.015644495800657448,0.4992697489459262,0.5469817839425646,0,0.03424812266339122,positive,196
economic_inv,urb,广东,浙江,0.015607320217290577,0.015607320217290577,0.4992697489459262,0.5469817839425646,0,0.03424812266339122,positive,197
economic_inv,urb,河北,四川,0.015580127983546794,0.015580127983546794,0.4992697489459262,0.5469817839425646,0,0.03424812266339122,positive,198
economic_inv,urb,甘肃,广西,0.015536902396234408,0.015536902396234408,0.4992697489459262,0.5469817839425646,0,0.03424812266339122,positive,199
economic_inv,urb,山东,福建,0.015427993122141727,0.015427993122141727,0.4992697489459262,0.5469817839425646,0,0.03424812266339122,positive,200
economic_inv,urb,北京,江西,0.015423939261767598,0.015423939261767598,0.4992697489459262,0.5469817839425646,0,0.03424812266339122,positive,201
economic_inv,urb,甘肃,内蒙古,0.015385384787652409,0.015385384787652409,0.4992697489459262,0.5469817839425646,0,0.03424812266339122,positive,202
economic_inv,urb,陕西,安徽,0.015150759700347542,0.015150759700347542,0.4992697489459262,0.5469817839425646,0,0.03424812266339122,positive,203
economic_inv,urb,山西,江西,0.01513814200536271,0.01513814200536271,0.4992697489459262,0.5469817839425646,0,0.03424812266339122,positive,204
economic_inv,urb,上海,河北,0.01497672071822964,0.01497672071822964,0.4992697489459262,0.5469817839425646,0,0.03424812266339122,positive,205
economic_inv,urb,新疆,陕西,0.014969538928164217,0.014969538928164217,0.4992697489459262,0.5469817839425646,0,0.03424812266339122,positive,206
economic_inv,urb,上海,湖北,0.014778737537019066,0.014778737537019066,0.4992697489459262,0.5469817839425646,0,0.03424812266339122,positive,207
economic_inv,urb,贵州,陕西,0.014727891954830957,0.014727891954830957,0.4992697489459262,0.5469817839425646,0,0.03424812266339122,positive,208
economic_inv,urb,重庆,吉林,0.014702991735711766,0.014702991735711766,0.4992697489459262,0.5469817839425646,0,0.03424812266339122,positive,209
economic_inv,urb,山东,辽宁,0.014656749721669065,0.014656749721669065,0.4992697489459262,0.5469817839425646,0,0.03424812266339122,positive,210
economic_inv,urb,山东,上海,0.014521524383779441,0.014521524383779441,0.4992697489459262,0.5469817839425646,0,0.03424812266339122,positive,211
economic_inv,urb,上海,湖南,0.014505237201938056,0.014505237201938056,0.4992697489459262,0.5469817839425646,0,0.03424812266339122,positive,212
economic_inv,urb,浙江,陕西,0.01446898246183182,0.01446898246183182,0.4992697489459262,0.5469817839425646,0,0.03424812266339122,positive,213
economic_inv,urb,天津,贵州,0.014391527342354717,0.014391527342354717,0.4992697489459262,0.5469817839425646,0,0.03424812266339122,positive,214
economic_inv,urb,甘肃,江西,0.014294734091672773,0.014294734091672773,0.4992697489459262,0.5469817839425646,0,0.03424812266339122,positive,215
economic_inv,urb,吉林,陕西,0.014233592548569356,0.014233592548569356,0.4992697489459262,0.5469817839425646,0,0.03424812266339122,positive,216
economic_inv,urb,陕西,吉林,0.01422437978325636,0.01422437978325636,0.4992697489459262,0.5469817839425646,0,0.03424812266339122,positive,217
economic_inv,urb,浙江,江西,0.014163652692951875,0.014163652692951875,0.4992697489459262,0.5469817839425646,0,0.03424812266339122,positive,218
economic_inv,urb,安徽,江西,0.014139271017951009,0.014139271017951009,0.4992697489459262,0.5469817839425646,0,0.03424812266339122,positive,219
economic_inv,urb,河南,陕西,0.014060530133278333,0.014060530133278333,0.4992697489459262,0.5469817839425646,0,0.03424812266339122,positive,220
economic_inv,urb,湖北,四川,0.013912783884051703,0.013912783884051703,0.4992697489459262,0.5469817839425646,0,0.03424812266339122,positive,221
economic_inv,urb,四川,安徽,0.013904542344778822,0.013904542344778822,0.4992697489459262,0.5469817839425646,0,0.03424812266339122,positive,222
economic_inv,urb,山东,安徽,0.01388747799668131,0.01388747799668131,0.4992697489459262,0.5469817839425646,0,0.03424812266339122,positive,223
economic_inv,urb,云南,广西,0.013820664855360312,0.013820664855360312,0.4992697489459262,0.5469817839425646,0,0.03424812266339122,positive,224
economic_inv,urb,山东,北京,0.013767650496132771,0.013767650496132771,0.4992697489459262,0.5469817839425646,0,0.03424812266339122,positive,225
economic_inv,urb,浙江,内蒙古,0.013747603392472049,0.013747603392472049,0.4992697489459262,0.5469817839425646,0,0.03424812266339122,positive,226
economic_inv,urb,浙江,广西,0.013696180315197287,0.013696180315197287,0.4992697489459262,0.5469817839425646,0,0.03424812266339122,positive,227
economic_inv,urb,山西,陕西,0.013682546175376457,0.013682546175376457,0.4992697489459262,0.5469817839425646,0,0.03424812266339122,positive,228
economic_inv,urb,河南,江西,0.013669455726652971,0.013669455726652971,0.4992697489459262,0.5469817839425646,0,0.03424812266339122,positive,229
economic_inv,urb,海南,山西,0.013648659502948586,0.013648659502948586,0.4992697489459262,0.5469817839425646,0,0.03424812266339122,positive,230
economic_inv,urb,甘肃,陕西,0.013621426860903322,0.013621426860903322,0.4992697489459262,0.5469817839425646,0,0.03424812266339122,positive,231
economic_inv,urb,福建,陕西,0.013590211484768487,0.013590211484768487,0.4992697489459262,0.5469817839425646,0,0.03424812266339122,positive,232
economic_inv,urb,浙江,江苏,0.013561316171614978,0.013561316171614978,0.4992697489459262,0.5469817839425646,0,0.03424812266339122,positive,233
economic_inv,urb,浙江,重庆,0.013500166488759386,0.013500166488759386,0.4992697489459262,0.5469817839425646,0,0.03424812266339122,positive,234
economic_inv,urb,江西,吉林,0.013364189558605577,0.013364189558605577,0.4992697489459262,0.5469817839425646,0,0.03424812266339122,positive,235
economic_inv,urb,四川,北京,0.013322284501071832,0.013322284501071832,0.4992697489459262,0.5469817839425646,0,0.03424812266339122,positive,236
economic_inv,urb,北京,内蒙古,0.013296292128295974,0.013296292128295974,0.4992697489459262,0.5469817839425646,0,0.03424812266339122,positive,237
economic_inv,urb,云南,内蒙古,0.01326482926808718,0.01326482926808718,0.4992697489459262,0.5469817839425646,0,0.03424812266339122,positive,238
economic_inv,urb,黑龙江,广西,0.013228912512718826,0.013228912512718826,0.4992697489459262,0.5469817839425646,0,0.03424812266339122,positive,239
economic_inv,urb,贵州,海南,0.013207155343480662,0.013207155343480662,0.4992697489459262,0.5469817839425646,0,0.03424812266339122,positive,240
economic_inv,urb,浙江,天津,0.01315505035911957,0.01315505035911957,0.4992697489459262,0.5469817839425646,0,0.03424812266339122,positive,241
economic_inv,urb,河南,内蒙古,0.01314512064182146,0.01314512064182146,0.4992697489459262,0.5469817839425646,0,0.03424812266339122,positive,242
economic_inv,urb,山西,甘肃,0.013138434645621292,0.013138434645621292,0.4992697489459262,0.5469817839425646,0,0.03424812266339122,positive,243
economic_inv,urb,河南,广西,0.013080986797504045,0.013080986797504045,0.4992697489459262,0.5469817839425646,0,0.03424812266339122,positive,244
economic_inv,urb,北京,广西,0.013065918213926565,0.013065918213926565,0.4992697489459262,0.5469817839425646,0,0.03424812266339122,positive,245
economic_inv,urb,江苏,河南,0.013040622308322506,0.013040622308322506,0.4992697489459262,0.5469817839425646,0,0.03424812266339122,positive,246
economic_inv,urb,青海,贵州,0.012876135963697294,0.012876135963697294,0.4992697489459262,0.5469817839425646,0,0.03424812266339122,positive,247
economic_inv,urb,广东,河南,0.012855217888107718,0.012855217888107718,0.4992697489459262,0.5469817839425646,0,0.03424812266339122,positive,248
economic_inv,urb,河南,重庆,0.012837860539881204,0.012837860539881204,0.4992697489459262,0.5469817839425646,0,0.03424812266339122,positive,249
economic_inv,urb,福建,江西,0.012788511361222719,0.012788511361222719,0.4992697489459262,0.5469817839425646,0,0.03424812266339122,positive,250
economic_inv,urb,黑龙江,内蒙古,0.012719005523167612,0.012719005523167612,0.4992697489459262,0.5469817839425646,0,0.03424812266339122,positive,251
economic_inv,urb,辽宁,四川,0.012691802480794554,0.012691802480794554,0.4992697489459262,0.5469817839425646,0,0.03424812266339122,positive,252
economic_inv,urb,海南,吉林,0.012679793687430196,0.012679793687430196,0.4992697489459262,0.5469817839425646,0,0.03424812266339122,positive,253
economic_inv,urb,浙江,云南,0.012573769416557998,0.012573769416557998,0.4992697489459262,0.5469817839425646,0,0.03424812266339122,positive,254
economic_inv,urb,浙江,广东,0.012566481468836106,0.012566481468836106,0.4992697489459262,0.5469817839425646,0,0.03424812266339122,positive,255
economic_inv,urb,陕西,山西,0.012532675122560066,0.012532675122560066,0.4992697489459262,0.5469817839425646,0,0.03424812266339122,positive,256
economic_inv,urb,浙江,黑龙江,0.012527347531737667,0.012527347531737667,0.4992697489459262,0.5469817839425646,0,0.03424812266339122,positive,257
economic_inv,urb,山东,陕西,0.012434069043707686,0.012434069043707686,0.4992697489459262,0.5469817839425646,0,0.03424812266339122,positive,258
economic_inv,urb,河南,天津,0.012414880944330332,0.012414880944330332,0.4992697489459262,0.5469817839425646,0,0.03424812266339122,positive,259
economic_inv,urb,安徽,内蒙古,0.012302036523397534,0.012302036523397534,0.4992697489459262,0.5469817839425646,0,0.03424812266339122,positive,260
economic_inv,urb,山东,江西,0.012284622757257531,0.012284622757257531,0.4992697489459262,0.5469817839425646,0,0.03424812266339122,positive,261
economic_inv,urb,北京,重庆,0.012242555227306334,0.012242555227306334,0.4992697489459262,0.5469817839425646,0,0.03424812266339122,positive,262
economic_inv,urb,江西,北京,0.012172503778591597,0.012172503778591597,0.4992697489459262,0.5469817839425646,0,0.03424812266339122,positive,263
economic_inv,urb,重庆,山西,0.012131130302779467,0.012131130302779467,0.4992697489459262,0.5469817839425646,0,0.03424812266339122,positive,264
economic_inv,urb,安徽,广西,0.012101057848340285,0.012101057848340285,0.4992697489459262,0.5469817839425646,0,0.03424812266339122,positive,265
economic_inv,urb,浙江,吉林,0.012082340988914862,0.012082340988914862,0.4992697489459262,0.5469817839425646,0,0.03424812266339122,positive,266
economic_inv,urb,山东,内蒙古,0.012076462303400535,0.012076462303400535,0.4992697489459262,0.5469817839425646,0,0.03424812266339122,positive,267
economic_inv,urb,山东,广西,0.01205036319877408,0.01205036319877408,0.4992697489459262,0.5469817839425646,0,0.03424812266339122,positive,268
economic_inv,urb,贵州,宁夏,0.012045333266376568,0.012045333266376568,0.4992697489459262,0.5469817839425646,0,0.03424812266339122,positive,269
economic_inv,urb,山东,重庆,0.011950115480808115,0.011950115480808115,0.4992697489459262,0.5469817839425646,0,0.03424812266339122,positive,270
economic_inv,urb,宁夏,贵州,0.011863140402958295,0.011863140402958295,0.4992697489459262,0.5469817839425646,0,0.03424812266339122,positive,271
economic_inv,urb,上海,四川,0.011836555498236817,0.011836555498236817,0.4992697489459262,0.5469817839425646,0,0.03424812266339122,positive,272
economic_inv,urb,浙江,山西,0.011819182493156433,0.011819182493156433,0.4992697489459262,0.5469817839425646,0,0.03424812266339122,positive,273
economic_inv,urb,福建,内蒙古,0.01179098905821251,0.01179098905821251,0.4992697489459262,0.5469817839425646,0,0.03424812266339122,positive,274
economic_inv,urb,山东,天津,0.011770617687866256,0.011770617687866256,0.4992697489459262,0.5469817839425646,0,0.03424812266339122,positive,275
economic_inv,urb,河南,云南,0.011716762896499774,0.011716762896499774,0.4992697489459262,0.5469817839425646,0,0.03424812266339122,positive,276
economic_inv,urb,福建,广西,0.011674594282507483,0.011674594282507483,0.4992697489459262,0.5469817839425646,0,0.03424812266339122,positive,277
economic_inv,urb,河南,黑龙江,0.011661768203058157,0.011661768203058157,0.4992697489459262,0.5469817839425646,0,0.03424812266339122,positive,278
economic_inv,urb,江西,山西,0.011605701246551246,0.011605701246551246,0.4992697489459262,0.5469817839425646,0,0.03424812266339122,positive,279
economic_inv,urb,上海,陕西,0.011462508728477516,0.011462508728477516,0.4992697489459262,0.5469817839425646,0,0.03424812266339122,positive,280
economic_inv,urb,山东,云南,0.011459344825788201,0.011459344825788201,0.4992697489459262,0.5469817839425646,0,0.03424812266339122,positive,281
economic_inv,urb,山东,黑龙江,0.011433987130534708,0.011433987130534708,0.4992697489459262,0.5469817839425646,0,0.03424812266339122,positive,282
economic_inv,urb,福建,河南,0.011408755766083717,0.011408755766083717,0.4992697489459262,0.5469817839425646,0,0.03424812266339122,positive,283
economic_inv,urb,海南,黑龙江,0.011389854801491168,0.011389854801491168,0.4992697489459262,0.5469817839425646,0,0.03424812266339122,positive,284
economic_inv,urb,浙江,贵州,0.011384179898248421,0.011384179898248421,0.4992697489459262,0.5469817839425646,0,0.03424812266339122,positive,285
economic_inv,urb,安徽,重庆,0.011379435147934346,0.011379435147934346,0.4992697489459262,0.5469817839425646,0,0.03424812266339122,positive,286
economic_inv,urb,青海,山西,0.011369505567431689,0.011369505567431689,0.4992697489459262,0.5469817839425646,0,0.03424812266339122,positive,287
economic_inv,urb,江西,安徽,0.011360526064804177,0.011360526064804177,0.4992697489459262,0.5469817839425646,0,0.03424812266339122,positive,288
economic_inv,urb,广西,云南,0.011356546304581779,0.011356546304581779,0.4992697489459262,0.5469817839425646,0,0.03424812266339122,positive,289
economic_inv,urb,贵州,青海,0.01130552434548904,0.01130552434548904,0.4992697489459262,0.5469817839425646,0,0.03424812266339122,positive,290
economic_inv,urb,海南,云南,0.011274877856927603,0.011274877856927603,0.4992697489459262,0.5469817839425646,0,0.03424812266339122,positive,291
economic_inv,urb,福建,重庆,0.011243758968932871,0.011243758968932871,0.4992697489459262,0.5469817839425646,0,0.03424812266339122,positive,292
economic_inv,urb,黑龙江,贵州,0.0112426552587733,0.0112426552587733,0.4992697489459262,0.5469817839425646,0,0.03424812266339122,positive,293
economic_inv,urb,山东,吉林,0.011187029303020972,0.011187029303020972,0.4992697489459262,0.5469817839425646,0,0.03424812266339122,positive,294
economic_inv,urb,内蒙古,云南,0.011170394546788861,0.011170394546788861,0.4992697489459262,0.5469817839425646,0,0.03424812266339122,positive,295
economic_inv,urb,河南,吉林,0.011140139129854345,0.011140139129854345,0.4992697489459262,0.5469817839425646,0,0.03424812266339122,positive,296
economic_inv,urb,安徽,河北,0.011077370695265461,0.011077370695265461,0.4992697489459262,0.5469817839425646,0,0.03424812266339122,positive,297
economic_inv,urb,山东,山西,0.011037604527317333,0.011037604527317333,0.4992697489459262,0.5469817839425646,0,0.03424812266339122,positive,298
economic_inv,urb,陕西,上海,0.011030466322551244,0.011030466322551244,0.4992697489459262,0.5469817839425646,0,0.03424812266339122,positive,299
economic_inv,urb,辽宁,陕西,0.010989305964943906,0.010989305964943906,0.4992697489459262,0.5469817839425646,0,0.03424812266339122,positive,300
economic_inv,urb,北京,天津,0.010974804946405665,0.010974804946405665,0.4992697489459262,0.5469817839425646,0,0.03424812266339122,positive,301
economic_inv,urb,安徽,湖北,0.010968950230859554,0.010968950230859554,0.4992697489459262,0.5469817839425646,0,0.03424812266339122,positive,302
economic_inv,urb,江苏,四川,0.010940668949597823,0.010940668949597823,0.4992697489459262,0.5469817839425646,0,0.03424812266339122,positive,303
economic_inv,urb,广东,四川,0.01089109050324572,0.01089109050324572,0.4992697489459262,0.5469817839425646,0,0.03424812266339122,positive,304
economic_inv,urb,广西,黑龙江,0.010865241925924373,0.010865241925924373,0.4992697489459262,0.5469817839425646,0,0.03424812266339122,positive,305
economic_inv,urb,云南,贵州,0.010838918902372723,0.010838918902372723,0.4992697489459262,0.5469817839425646,0,0.03424812266339122,positive,306
economic_inv,urb,河南,山西,0.010836328998543634,0.010836328998543634,0.4992697489459262,0.5469817839425646,0,0.03424812266339122,positive,307
economic_inv,urb,安徽,湖南,0.010817928260683738,0.010817928260683738,0.4992697489459262,0.5469817839425646,0,0.03424812266339122,positive,308
economic_inv,urb,吉林,甘肃,0.010807825787970805,0.010807825787970805,0.4992697489459262,0.5469817839425646,0,0.03424812266339122,positive,309
economic_inv,urb,山东,贵州,0.010784880254843454,0.010784880254843454,0.4992697489459262,0.5469817839425646,0,0.03424812266339122,positive,310
economic_inv,urb,北京,河北,0.010717665980949899,0.010717665980949899,0.4992697489459262,0.5469817839425646,0,0.03424812266339122,positive,311
economic_inv,urb,浙江,新疆,0.010709399880598896,0.010709399880598896,0.4992697489459262,0.5469817839425646,0,0.03424812266339122,positive,312
economic_inv,urb,内蒙古,黑龙江,0.010705770285849299,0.010705770285849299,0.4992697489459262,0.5469817839425646,0,0.03424812266339122,positive,313
economic_inv,urb,青海,吉林,0.01065862205247131,0.01065862205247131,0.4992697489459262,0.5469817839425646,0,0.03424812266339122,positive,314
economic_inv,urb,江苏,湖南,0.010632439163077963,0.010632439163077963,0.4992697489459262,0.5469817839425646,0,0.03424812266339122,positive,315
economic_inv,urb,北京,湖北,0.01061792751813214,0.01061792751813214,0.4992697489459262,0.5469817839425646,0,0.03424812266339122,positive,316
economic_inv,urb,江苏,湖北,0.010607908483497581,0.010607908483497581,0.4992697489459262,0.5469817839425646,0,0.03424812266339122,positive,317
economic_inv,urb,广东,湖南,0.010599544051776832,0.010599544051776832,0.4992697489459262,0.5469817839425646,0,0.03424812266339122,positive,318
economic_inv,urb,江苏,河北,0.010590777470066497,0.010590777470066497,0.4992697489459262,0.5469817839425646,0,0.03424812266339122,positive,319
economic_inv,urb,广东,湖北,0.010576304944323099,0.010576304944323099,0.4992697489459262,0.5469817839425646,0,0.03424812266339122,positive,320
economic_inv,urb,上海,江西,0.01056813948510511,0.01056813948510511,0.4992697489459262,0.5469817839425646,0,0.03424812266339122,positive,321
economic_inv,urb,广东,河北,0.010560072732227175,0.010560072732227175,0.4992697489459262,0.5469817839425646,0,0.03424812266339122,positive,322
economic_inv,urb,福建,天津,0.010531335150100083,0.010531335150100083,0.4992697489459262,0.5469817839425646,0,0.03424812266339122,positive,323
economic_inv,urb,北京,湖南,0.010478837166536387,0.010478837166536387,0.4992697489459262,0.5469817839425646,0,0.03424812266339122,positive,324
economic_inv,urb,陕西,辽宁,0.010455852670131197,0.010455852670131197,0.4992697489459262,0.5469817839425646,0,0.03424812266339122,positive,325
economic_inv,urb,河南,山东,0.010401985634398972,0.010401985634398972,0.4992697489459262,0.5469817839425646,0,0.03424812266339122,positive,326
economic_inv,urb,宁夏,山西,0.01039544379080458,0.01039544379080458,0.4992697489459262,0.5469817839425646,0,0.03424812266339122,positive,327
economic_inv,urb,山东,新疆,0.010378079466068694,0.010378079466068694,0.4992697489459262,0.5469817839425646,0,0.03424812266339122,positive,328
economic_inv,urb,陕西,贵州,0.010369165614312172,0.010369165614312172,0.4992697489459262,0.5469817839425646,0,0.03424812266339122,positive,329
economic_inv,urb,河南,贵州,0.010341539337182114,0.010341539337182114,0.4992697489459262,0.5469817839425646,0,0.03424812266339122,positive,330
economic_inv,urb,安徽,天津,0.010258091054415783,0.010258091054415783,0.4992697489459262,0.5469817839425646,0,0.03424812266339122,positive,331
economic_inv,urb,辽宁,江西,0.01017320881695996,0.01017320881695996,0.4992697489459262,0.5469817839425646,0,0.03424812266339122,positive,332
economic_inv,urb,云南,江西,0.01009000481420755,0.01009000481420755,0.4992697489459262,0.5469817839425646,0,0.03424812266339122,positive,333
economic_inv,urb,海南,天津,0.01006352011200681,0.01006352011200681,0.4992697489459262,0.5469817839425646,0,0.03424812266339122,positive,334
economic_inv,urb,新疆,北京,0.010053821064826003,0.010053821064826003,0.4992697489459262,0.5469817839425646,0,0.03424812266339122,positive,335
economic_inv,urb,广东,福建,0.009941909461001245,0.009941909461001245,0.4992697489459262,0.5469817839425646,0,0.03424812266339122,positive,336
economic_inv,urb,江苏,福建,0.009940426265919119,0.009940426265919119,0.4992697489459262,0.5469817839425646,0,0.03424812266339122,positive,337
economic_inv,urb,浙江,甘肃,0.009926072526656775,0.009926072526656775,0.4992697489459262,0.5469817839425646,0,0.03424812266339122,positive,338
economic_inv,urb,甘肃,北京,0.009906228854548338,0.009906228854548338,0.4992697489459262,0.5469817839425646,0,0.03424812266339122,positive,339
economic_inv,urb,山东,甘肃,0.009881820023003888,0.009881820023003888,0.4992697489459262,0.5469817839425646,0,0.03424812266339122,positive,340
economic_inv,urb,天津,新疆,0.009803082920514778,0.009803082920514778,0.4992697489459262,0.5469817839425646,0,0.03424812266339122,positive,341
economic_inv,urb,新疆,安徽,0.009795052139930331,0.009795052139930331,0.4992697489459262,0.5469817839425646,0,0.03424812266339122,positive,342
economic_inv,urb,黑龙江,江西,0.00977210291625505,0.00977210291625505,0.4992697489459262,0.5469817839425646,0,0.03424812266339122,positive,343
economic_inv,urb,宁夏,吉林,0.009710648058527843,0.009710648058527843,0.4992697489459262,0.5469817839425646,0,0.03424812266339122,positive,344
economic_inv,urb,甘肃,安徽,0.009693528555346043,0.009693528555346043,0.4992697489459262,0.5469817839425646,0,0.03424812266339122,positive,345
economic_inv,urb,青海,黑龙江,0.009691816044049313,0.009691816044049313,0.4992697489459262,0.5469817839425646,0,0.03424812266339122,positive,346
economic_inv,urb,青海,云南,0.009604487853919695,0.009604487853919695,0.4992697489459262,0.5469817839425646,0,0.03424812266339122,positive,347
economic_inv,urb,河南,新疆,0.009591766502430278,0.009591766502430278,0.4992697489459262,0.5469817839425646,0,0.03424812266339122,positive,348
economic_inv,urb,广东,辽宁,0.009545061544668247,0.009545061544668247,0.4992697489459262,0.5469817839425646,0,0.03424812266339122,positive,349
economic_inv,urb,江苏,辽宁,0.00952499979695751,0.00952499979695751,0.4992697489459262,0.5469817839425646,0,0.03424812266339122,positive,350
economic_inv,urb,上海,内蒙古,0.009504591090364741,0.009504591090364741,0.4992697489459262,0.5469817839425646,0,0.03424812266339122,positive,351
economic_inv,urb,海南,重庆,0.009499166125191253,0.009499166125191253,0.4992697489459262,0.5469817839425646,0,0.03424812266339122,positive,352
economic_inv,urb,广东,上海,0.009474611776715356,0.009474611776715356,0.4992697489459262,0.5469817839425646,0,0.03424812266339122,positive,353
economic_inv,urb,江苏,上海,0.009451421432957541,0.009451421432957541,0.4992697489459262,0.5469817839425646,0,0.03424812266339122,positive,354
economic_inv,urb,福建,云南,0.009448674724451236,0.009448674724451236,0.4992697489459262,0.5469817839425646,0,0.03424812266339122,positive,355
economic_inv,urb,江西,贵州,0.009429051065096943,0.009429051065096943,0.4992697489459262,0.5469817839425646,0,0.03424812266339122,positive,356
economic_inv,urb,山东,海南,0.009395257017353319,0.009395257017353319,0.4992697489459262,0.5469817839425646,0,0.03424812266339122,positive,357
economic_inv,urb,上海,广西,0.009383884647926688,0.009383884647926688,0.4992697489459262,0.5469817839425646,0,0.03424812266339122,positive,358
economic_inv,urb,福建,黑龙江,0.009367910019077833,0.009367910019077833,0.4992697489459262,0.5469817839425646,0,0.03424812266339122,positive,359
economic_inv,urb,重庆,贵州,0.009282527546976454,0.009282527546976454,0.4992697489459262,0.5469817839425646,0,0.03424812266339122,positive,360
economic_inv,urb,山东,宁夏,0.009279925754815352,0.009279925754815352,0.4992697489459262,0.5469817839425646,0,0.03424812266339122,positive,361
economic_inv,urb,安徽,四川,0.009264019732821017,0.009264019732821017,0.4992697489459262,0.5469817839425646,0,0.03424812266339122,positive,362
economic_inv,urb,北京,云南,0.009243772017508622,0.009243772017508622,0.4992697489459262,0.5469817839425646,0,0.03424812266339122,positive,363
economic_inv,urb,海南,广西,0.009217188500880203,0.009217188500880203,0.4992697489459262,0.5469817839425646,0,0.03424812266339122,positive,364
economic_inv,urb,浙江,海南,0.009197478561131877,0.009197478561131877,0.4992697489459262,0.5469817839425646,0,0.03424812266339122,positive,365
economic_inv,urb,山东,青海,0.009195953912259226,0.009195953912259226,0.4992697489459262,0.5469817839425646,0,0.03424812266339122,positive,366
economic_inv,urb,辽宁,内蒙古,0.009194025630014903,0.009194025630014903,0.4992697489459262,0.5469817839425646,0,0.03424812266339122,positive,367
economic_inv,urb,海南,内蒙古,0.009147236113781808,0.009147236113781808,0.4992697489459262,0.5469817839425646,0,0.03424812266339122,positive,368
economic_inv,urb,广东,安徽,0.009140755035923806,0.009140755035923806,0.4992697489459262,0.5469817839425646,0,0.03424812266339122,positive,369
economic_inv,urb,北京,黑龙江,0.009123096035992165,0.009123096035992165,0.4992697489459262,0.5469817839425646,0,0.03424812266339122,positive,370
economic_inv,urb,江苏,安徽,0.009103430847605778,0.009103430847605778,0.4992697489459262,0.5469817839425646,0,0.03424812266339122,positive,371
economic_inv,urb,辽宁,广西,0.009082290319814532,0.009082290319814532,0.4992697489459262,0.5469817839425646,0,0.03424812266339122,positive,372
economic_inv,urb,广东,北京,0.009076997899233039,0.009076997899233039,0.4992697489459262,0.5469817839425646,0,0.03424812266339122,positive,373
economic_inv,urb,天津,北京,0.009068332622653597,0.009068332622653597,0.4992697489459262,0.5469817839425646,0,0.03424812266339122,positive,374
economic_inv,urb,江苏,北京,0.00903710428290799,0.00903710428290799,0.4992697489459262,0.5469817839425646,0,0.03424812266339122,positive,375
economic_inv,urb,北京,四川,0.009036667191270734,0.009036667191270734,0.4992697489459262,0.5469817839425646,0,0.03424812266339122,positive,376
economic_inv,urb,浙江,宁夏,0.009030175186709306,0.009030175186709306,0.4992697489459262,0.5469817839425646,0,0.03424812266339122,positive,377
economic_inv,urb,贵州,北京,0.009016494449853614,0.009016494449853614,0.4992697489459262,0.5469817839425646,0,0.03424812266339122,positive,378
economic_inv,urb,上海,重庆,0.008943027299611496,0.008943027299611496,0.4992697489459262,0.5469817839425646,0,0.03424812266339122,positive,379
economic_inv,urb,浙江,青海,0.008909617887364395,0.008909617887364395,0.4992697489459262,0.5469817839425646,0,0.03424812266339122,positive,380
economic_inv,urb,四川,浙江,0.008811083408941984,0.008811083408941984,0.4992697489459262,0.5469817839425646,0,0.03424812266339122,positive,381
economic_inv,urb,山西,海南,0.008790774943303055,0.008790774943303055,0.4992697489459262,0.5469817839425646,0,0.03424812266339122,positive,382
economic_inv,urb,湖南,福建,0.008787618148608,0.008787618148608,0.4992697489459262,0.5469817839425646,0,0.03424812266339122,positive,383
economic_inv,urb,宁夏,黑龙江,0.008787135803758221,0.008787135803758221,0.4992697489459262,0.5469817839425646,0,0.03424812266339122,positive,384
economic_inv,urb,四川,陕西,0.008761702238167262,0.008761702238167262,0.4992697489459262,0.5469817839425646,0,0.03424812266339122,positive,385
economic_inv,urb,甘肃,上海,0.008750931293706308,0.008750931293706308,0.4992697489459262,0.5469817839425646,0,0.03424812266339122,positive,386
economic_inv,urb,河南,甘肃,0.008747403743347064,0.008747403743347064,0.4992697489459262,0.5469817839425646,0,0.03424812266339122,positive,387
economic_inv,urb,贵州,安徽,0.008743707089618778,0.008743707089618778,0.4992697489459262,0.5469817839425646,0,0.03424812266339122,positive,388
economic_inv,urb,安徽,云南,0.008706563700987427,0.008706563700987427,0.4992697489459262,0.5469817839425646,0,0.03424812266339122,positive,389
economic_inv,urb,宁夏,云南,0.008704157763750851,0.008704157763750851,0.4992697489459262,0.5469817839425646,0,0.03424812266339122,positive,390
economic_inv,urb,新疆,上海,0.008674944337319104,0.008674944337319104,0.4992697489459262,0.5469817839425646,0,0.03424812266339122,positive,391
economic_inv,urb,辽宁,重庆,0.00867314476336743,0.00867314476336743,0.4992697489459262,0.5469817839425646,0,0.03424812266339122,positive,392
economic_inv,urb,青海,天津,0.0086726680294658,0.0086726680294658,0.4992697489459262,0.5469817839425646,0,0.03424812266339122,positive,393
economic_inv,urb,云南,陕西,0.008646917169992054,0.008646917169992054,0.4992697489459262,0.5469817839425646,0,0.03424812266339122,positive,394
economic_inv,urb,海南,江西,0.008634546485398234,0.008634546485398234,0.4992697489459262,0.5469817839425646,0,0.03424812266339122,positive,395
economic_inv,urb,福建,吉林,0.008631850935317705,0.008631850935317705,0.4992697489459262,0.5469817839425646,0,0.03424812266339122,positive,396
economic_inv,urb,天津,安徽,0.00862946740356441,0.00862946740356441,0.4992697489459262,0.5469817839425646,0,0.03424812266339122,positive,397
economic_inv,urb,安徽,黑龙江,0.008597511179842164,0.008597511179842164,0.4992697489459262,0.5469817839425646,0,0.03424812266339122,positive,398
economic_inv,urb,甘肃,辽宁,0.008582287602639198,0.008582287602639198,0.4992697489459262,0.5469817839425646,0,0.03424812266339122,positive,399
economic_inv,urb,江西,上海,0.008512060130430502,0.008512060130430502,0.4992697489459262,0.5469817839425646,0,0.03424812266339122,positive,400
economic_inv,urb,新疆,辽宁,0.008479005404868754,0.008479005404868754,0.4992697489459262,0.5469817839425646,0,0.03424812266339122,positive,401
economic_inv,urb,黑龙江,陕西,0.008412933912985419,0.008412933912985419,0.4992697489459262,0.5469817839425646,0,0.03424812266339122,positive,402
economic_inv,urb,四川,江西,0.008400531988731825,0.008400531988731825,0.4992697489459262,0.5469817839425646,0,0.03424812266339122,positive,403
economic_inv,urb,广东,陕西,0.008352808114530163,0.008352808114530163,0.4992697489459262,0.5469817839425646,0,0.03424812266339122,positive,404
economic_inv,urb,海南,陕西,0.008309782648273922,0.008309782648273922,0.4992697489459262,0.5469817839425646,0,0.03424812266339122,positive,405
economic_inv,urb,江苏,陕西,0.008286633651758333,0.008286633651758333,0.4992697489459262,0.5469817839425646,0,0.03424812266339122,positive,406
economic_inv,urb,广东,江西,0.008269942144226165,0.008269942144226165,0.4992697489459262,0.5469817839425646,0,0.03424812266339122,positive,407
economic_inv,urb,上海,天津,0.008233926597606736,0.008233926597606736,0.4992697489459262,0.5469817839425646,0,0.03424812266339122,positive,408
economic_inv,urb,青海,重庆,0.008231077293287564,0.008231077293287564,0.4992697489459262,0.5469817839425646,0,0.03424812266339122,positive,409
economic_inv,urb,福建,山西,0.008226698695785663,0.008226698695785663,0.4992697489459262,0.5469817839425646,0,0.03424812266339122,positive,410
economic_inv,urb,江苏,江西,0.008201099397696308,0.008201099397696308,0.4992697489459262,0.5469817839425646,0,0.03424812266339122,positive,411
economic_inv,urb,陕西,福建,0.008170855137123022,0.008170855137123022,0.4992697489459262,0.5469817839425646,0,0.03424812266339122,positive,412
economic_inv,urb,广东,内蒙古,0.008153931611055654,0.008153931611055654,0.4992697489459262,0.5469817839425646,0,0.03424812266339122,positive,413
economic_inv,urb,广东,广西,0.008139337653237932,0.008139337653237932,0.4992697489459262,0.5469817839425646,0,0.03424812266339122,positive,414
economic_inv,urb,山西,宁夏,0.00811313208698819,0.00811313208698819,0.4992697489459262,0.5469817839425646,0,0.03424812266339122,positive,415
economic_inv,urb,江西,辽宁,0.008101568370209991,0.008101568370209991,0.4992697489459262,0.5469817839425646,0,0.03424812266339122,positive,416
economic_inv,urb,广东,重庆,0.008083180534741807,0.008083180534741807,0.4992697489459262,0.5469817839425646,0,0.03424812266339122,positive,417
economic_inv,urb,江苏,内蒙古,0.008081469721860319,0.008081469721860319,0.4992697489459262,0.5469817839425646,0,0.03424812266339122,positive,418
economic_inv,urb,北京,吉林,0.008071853521242388,0.008071853521242388,0.4992697489459262,0.5469817839425646,0,0.03424812266339122,positive,419
economic_inv,urb,河南,江苏,0.008066436090691713,0.008066436090691713,0.4992697489459262,0.5469817839425646,0,0.03424812266339122,positive,420
economic_inv,urb,江苏,广西,0.008066430086931375,0.008066430086931375,0.4992697489459262,0.5469817839425646,0,0.03424812266339122,positive,421
economic_inv,urb,辽宁,天津,0.008011560627327257,0.008011560627327257,0.4992697489459262,0.5469817839425646,0,0.03424812266339122,positive,422
economic_inv,urb,青海,广西,0.00800862360368481,0.00800862360368481,0.4992697489459262,0.5469817839425646,0,0.03424812266339122,positive,423
economic_inv,urb,江苏,重庆,0.008008578021355784,0.008008578021355784,0.4992697489459262,0.5469817839425646,0,0.03424812266339122,positive,424
economic_inv,urb,陕西,新疆,0.008003776272059018,0.008003776272059018,0.4992697489459262,0.5469817839425646,0,0.03424812266339122,positive,425
economic_inv,urb,河南,海南,0.007986026571023652,0.007986026571023652,0.4992697489459262,0.5469817839425646,0,0.03424812266339122,positive,426
economic_inv,urb,广东,天津,0.007982226128780327,0.007982226128780327,0.4992697489459262,0.5469817839425646,0,0.03424812266339122,positive,427
economic_inv,urb,青海,内蒙古,0.0079532489534939,0.0079532489534939,0.4992697489459262,0.5469817839425646,0,0.03424812266339122,positive,428
economic_inv,urb,四川,内蒙古,0.007931639690373096,0.007931639690373096,0.4992697489459262,0.5469817839425646,0,0.03424812266339122,positive,429
economic_inv,urb,江苏,天津,0.007904656381274936,0.007904656381274936,0.4992697489459262,0.5469817839425646,0,0.03424812266339122,positive,430
economic_inv,urb,四川,广西,0.00787545332469291,0.00787545332469291,0.4992697489459262,0.5469817839425646,0,0.03424812266339122,positive,431
economic_inv,urb,宁夏,天津,0.007823245385915972,0.007823245385915972,0.4992697489459262,0.5469817839425646,0,0.03424812266339122,positive,432
economic_inv,urb,河南,宁夏,0.007814348875503004,0.007814348875503004,0.4992697489459262,0.5469817839425646,0,0.03424812266339122,positive,433
economic_inv,urb,广东,云南,0.00780592232421229,0.00780592232421229,0.4992697489459262,0.5469817839425646,0,0.03424812266339122,positive,434
economic_inv,urb,广东,黑龙江,0.007791490266258052,0.007791490266258052,0.4992697489459262,0.5469817839425646,0,0.03424812266339122,positive,435
economic_inv,urb,甘肃,福建,0.007777649910058734,0.007777649910058734,0.4992697489459262,0.5469817839425646,0,0.03424812266339122,positive,436
economic_inv,urb,山西,北京,0.007749495412555802,0.007749495412555802,0.4992697489459262,0.5469817839425646,0,0.03424812266339122,positive,437
economic_inv,urb,江苏,云南,0.007723416203231128,0.007723416203231128,0.4992697489459262,0.5469817839425646,0,0.03424812266339122,positive,438
economic_inv,urb,江苏,黑龙江,0.007708593864848915,0.007708593864848915,0.4992697489459262,0.5469817839425646,0,0.03424812266339122,positive,439
economic_inv,urb,河南,青海,0.007691354718297719,0.007691354718297719,0.4992697489459262,0.5469817839425646,0,0.03424812266339122,positive,440
economic_inv,urb,山西,青海,0.007673139545258695,0.007673139545258695,0.4992697489459262,0.5469817839425646,0,0.03424812266339122,positive,441
economic_inv,urb,四川,重庆,0.007664697541574204,0.007664697541574204,0.4992697489459262,0.5469817839425646,0,0.03424812266339122,positive,442
economic_inv,urb,广东,吉林,0.007650384318022125,0.007650384318022125,0.4992697489459262,0.5469817839425646,0,0.03424812266339122,positive,443
economic_inv,urb,安徽,吉林,0.007642550918789585,0.007642550918789585,0.4992697489459262,0.5469817839425646,0,0.03424812266339122,positive,444
economic_inv,urb,河北,福建,0.0076158357687696335,0.0076158357687696335,0.4992697489459262,0.5469817839425646,0,0.03424812266339122,positive,445
economic_inv,urb,吉林,北京,0.007615827904808077,0.007615827904808077,0.4992697489459262,0.5469817839425646,0,0.03424812266339122,positive,446
economic_inv,urb,福建,贵州,0.007600808839881461,0.007600808839881461,0.4992697489459262,0.5469817839425646,0,0.03424812266339122,positive,447
economic_inv,urb,重庆,北京,0.00759699027677301,0.00759699027677301,0.4992697489459262,0.5469817839425646,0,0.03424812266339122,positive,448
economic_inv,urb,贵州,上海,0.007591509830135577,0.007591509830135577,0.4992697489459262,0.5469817839425646,0,0.03424812266339122,positive,449
economic_inv,urb,广西,吉林,0.007589679789976311,0.007589679789976311,0.4992697489459262,0.5469817839425646,0,0.03424812266339122,positive,450
economic_inv,urb,河南,广东,0.007579040177354176,0.007579040177354176,0.4992697489459262,0.5469817839425646,0,0.03424812266339122,positive,451
economic_inv,urb,内蒙古,吉林,0.007566205071517159,0.007566205071517159,0.4992697489459262,0.5469817839425646,0,0.03424812266339122,positive,452
economic_inv,urb,广东,山西,0.0075645168474721605,0.0075645168474721605,0.4992697489459262,0.5469817839425646,0,0.03424812266339122,positive,453
economic_inv,urb,江苏,吉林,0.007563781943757945,0.007563781943757945,0.4992697489459262,0.5469817839425646,0,0.03424812266339122,positive,454
economic_inv,urb,新疆,福建,0.0075620847830954775,0.0075620847830954775,0.4992697489459262,0.5469817839425646,0,0.03424812266339122,positive,455
economic_inv,urb,青海,江西,0.007545090766978909,0.007545090766978909,0.4992697489459262,0.5469817839425646,0,0.03424812266339122,positive,456
economic_inv,urb,北京,山西,0.007528138937643506,0.007528138937643506,0.4992697489459262,0.5469817839425646,0,0.03424812266339122,positive,457
economic_inv,urb,山西,安徽,0.007488267641575679,0.007488267641575679,0.4992697489459262,0.5469817839425646,0,0.03424812266339122,positive,458
economic_inv,urb,吉林,海南,0.007485268772587685,0.007485268772587685,0.4992697489459262,0.5469817839425646,0,0.03424812266339122,positive,459
economic_inv,urb,江苏,山西,0.007475756748371386,0.007475756748371386,0.4992697489459262,0.5469817839425646,0,0.03424812266339122,positive,460
economic_inv,urb,广东,贵州,0.007418439865188318,0.007418439865188318,0.4992697489459262,0.5469817839425646,0,0.03424812266339122,positive,461
economic_inv,urb,宁夏,重庆,0.007408626392712617,0.007408626392712617,0.4992697489459262,0.5469817839425646,0,0.03424812266339122,positive,462
economic_inv,urb,贵州,辽宁,0.0073945994341041345,0.0073945994341041345,0.4992697489459262,0.5469817839425646,0,0.03424812266339122,positive,463
economic_inv,urb,吉林,安徽,0.0073412328985340575,0.0073412328985340575,0.4992697489459262,0.5469817839425646,0,0.03424812266339122,positive,464
economic_inv,urb,江苏,贵州,0.007326178216135773,0.007326178216135773,0.4992697489459262,0.5469817839425646,0,0.03424812266339122,positive,465
economic_inv,urb,四川,天津,0.00730628275790665,0.00730628275790665,0.4992697489459262,0.5469817839425646,0,0.03424812266339122,positive,466
economic_inv,urb,青海,陕西,0.007284420034673641,0.007284420034673641,0.4992697489459262,0.5469817839425646,0,0.03424812266339122,positive,467
economic_inv,urb,上海,云南,0.007201330328558466,0.007201330328558466,0.4992697489459262,0.5469817839425646,0,0.03424812266339122,positive,468
economic_inv,urb,宁夏,广西,0.007200447717378063,0.007200447717378063,0.4992697489459262,0.5469817839425646,0,0.03424812266339122,positive,469
economic_inv,urb,重庆,安徽,0.007189141233375301,0.007189141233375301,0.4992697489459262,0.5469817839425646,0,0.03424812266339122,positive,470
economic_inv,urb,广东,新疆,0.007181039925501155,0.007181039925501155,0.4992697489459262,0.5469817839425646,0,0.03424812266339122,positive,471
economic_inv,urb,宁夏,内蒙古,0.007148697881720086,0.007148697881720086,0.4992697489459262,0.5469817839425646,0,0.03424812266339122,positive,472
economic_inv,urb,安徽,山西,0.0071451071633905515,0.0071451071633905515,0.4992697489459262,0.5469817839425646,0,0.03424812266339122,positive,473
economic_inv,urb,江西,新疆,0.007137394148645216,0.007137394148645216,0.4992697489459262,0.5469817839425646,0,0.03424812266339122,positive,474
economic_inv,urb,上海,黑龙江,0.0071263818666151115,0.0071263818666151115,0.4992697489459262,0.5469817839425646,0,0.03424812266339122,positive,475
economic_inv,urb,福建,浙江,0.007122660499098029,0.007122660499098029,0.4992697489459262,0.5469817839425646,0,0.03424812266339122,positive,476
economic_inv,urb,江苏,新疆,0.007083541123066142,0.007083541123066142,0.4992697489459262,0.5469817839425646,0,0.03424812266339122,positive,477
economic_inv,urb,辽宁,云南,0.00704038189159462,0.00704038189159462,0.4992697489459262,0.5469817839425646,0,0.03424812266339122,positive,478
economic_inv,urb,辽宁,黑龙江,0.006969529328507448,0.006969529328507448,0.4992697489459262,0.5469817839425646,0,0.03424812266339122,positive,479
economic_inv,urb,吉林,宁夏,0.006946271854789829,0.006946271854789829,0.4992697489459262,0.5469817839425646,0,0.03424812266339122,positive,480
economic_inv,urb,天津,上海,0.006943671343507356,0.006943671343507356,0.4992697489459262,0.5469817839425646,0,0.03424812266339122,positive,481
economic_inv,urb,广东,甘肃,0.006887585662998788,0.006887585662998788,0.4992697489459262,0.5469817839425646,0,0.03424812266339122,positive,482
economic_inv,urb,天津,甘肃,0.006881835882869141,0.006881835882869141,0.4992697489459262,0.5469817839425646,0,0.03424812266339122,positive,483
economic_inv,urb,甘肃,河北,0.0068706890982549885,0.0068706890982549885,0.4992697489459262,0.5469817839425646,0,0.03424812266339122,positive,484
economic_inv,urb,甘肃,湖北,0.006850969298354178,0.006850969298354178,0.4992697489459262,0.5469817839425646,0,0.03424812266339122,positive,485
economic_inv,urb,甘肃,湖南,0.006823037338103074,0.006823037338103074,0.4992697489459262,0.5469817839425646,0,0.03424812266339122,positive,486
economic_inv,urb,江苏,甘肃,0.006784386524514364,0.006784386524514364,0.4992697489459262,0.5469817839425646,0,0.03424812266339122,positive,487
economic_inv,urb,宁夏,江西,0.006768132519918237,0.006768132519918237,0.4992697489459262,0.5469817839425646,0,0.03424812266339122,positive,488
economic_inv,urb,四川,云南,0.00673660841918686,0.00673660841918686,0.4992697489459262,0.5469817839425646,0,0.03424812266339122,positive,489
economic_inv,urb,北京,贵州,0.006732529763556305,0.006732529763556305,0.4992697489459262,0.5469817839425646,0,0.03424812266339122,positive,490
economic_inv,urb,福建,新疆,0.006724914433123066,0.006724914433123066,0.4992697489459262,0.5469817839425646,0,0.03424812266339122,positive,491
economic_inv,urb,四川,黑龙江,0.00669284502231956,0.00669284502231956,0.4992697489459262,0.5469817839425646,0,0.03424812266339122,positive,492
economic_inv,urb,天津,辽宁,0.006679966514725868,0.006679966514725868,0.4992697489459262,0.5469817839425646,0,0.03424812266339122,positive,493
economic_inv,urb,黑龙江,新疆,0.006650599958606904,0.006650599958606904,0.4992697489459262,0.5469817839425646,0,0.03424812266339122,positive,494
economic_inv,urb,重庆,新疆,0.006620930436402784,0.006620930436402784,0.4992697489459262,0.5469817839425646,0,0.03424812266339122,positive,495
economic_inv,urb,广东,海南,0.006595674357864616,0.006595674357864616,0.4992697489459262,0.5469817839425646,0,0.03424812266339122,positive,496
economic_inv,urb,吉林,青海,0.0065931146843945035,0.0065931146843945035,0.4992697489459262,0.5469817839425646,0,0.03424812266339122,positive,497
economic_inv,urb,新疆,河北,0.006562844649219434,0.006562844649219434,0.4992697489459262,0.5469817839425646,0,0.03424812266339122,positive,498
economic_inv,urb,新疆,湖北,0.006541508473189274,0.006541508473189274,0.4992697489459262,0.5469817839425646,0,0.03424812266339122,positive,499
economic_inv,urb,宁夏,陕西,0.006525887286876625,0.006525887286876625,0.4992697489459262,0.5469817839425646,0,0.03424812266339122,positive,500
economic_inv,urb,广东,宁夏,0.0065258636095886285,0.0065258636095886285,0.4992697489459262,0.5469817839425646,0,0.03424812266339122,positive,501
economic_inv,urb,新疆,湖南,0.006511314892398935,0.006511314892398935,0.4992697489459262,0.5469817839425646,0,0.03424812266339122,positive,502
economic_inv,urb,云南,新疆,0.006506006351000211,0.006506006351000211,0.4992697489459262,0.5469817839425646,0,0.03424812266339122,positive,503
economic_inv,urb,甘肃,四川,0.006500169356282891,0.006500169356282891,0.4992697489459262,0.5469817839425646,0,0.03424812266339122,positive,504
economic_inv,urb,贵州,福建,0.006490794872967443,0.006490794872967443,0.4992697489459262,0.5469817839425646,0,0.03424812266339122,positive,505
economic_inv,urb,江苏,海南,0.0064876498049937625,0.0064876498049937625,0.4992697489459262,0.5469817839425646,0,0.03424812266339122,positive,506
economic_inv,urb,广东,青海,0.00647488433888478,0.00647488433888478,0.4992697489459262,0.5469817839425646,0,0.03424812266339122,positive,507
economic_inv,urb,上海,吉林,0.006456070915646063,0.006456070915646063,0.4992697489459262,0.5469817839425646,0,0.03424812266339122,positive,508
economic_inv,urb,江西,福建,0.006435514037353043,0.006435514037353043,0.4992697489459262,0.5469817839425646,0,0.03424812266339122,positive,509
economic_inv,urb,江苏,宁夏,0.0064168095272256025,0.0064168095272256025,0.4992697489459262,0.5469817839425646,0,0.03424812266339122,positive,510
economic_inv,urb,安徽,贵州,0.006412824446527335,0.006412824446527335,0.4992697489459262,0.5469817839425646,0,0.03424812266339122,positive,511
economic_inv,urb,山西,上海,0.00640512493403565,0.00640512493403565,0.4992697489459262,0.5469817839425646,0,0.03424812266339122,positive,512
economic_inv,urb,海南,北京,0.006394709513812182,0.006394709513812182,0.4992697489459262,0.5469817839425646,0,0.03424812266339122,positive,513
economic_inv,urb,内蒙古,山西,0.0063913898085930666,0.0063913898085930666,0.4992697489459262,0.5469817839425646,0,0.03424812266339122,positive,514
economic_inv,urb,广西,山西,0.006383462757582916,0.006383462757582916,0.4992697489459262,0.5469817839425646,0,0.03424812266339122,positive,515
economic_inv,urb,江苏,青海,0.00636510873487647,0.00636510873487647,0.4992697489459262,0.5469817839425646,0,0.03424812266339122,positive,516
economic_inv,urb,辽宁,吉林,0.006333654348476723,0.006333654348476723,0.4992697489459262,0.5469817839425646,0,0.03424812266339122,positive,517
economic_inv,urb,湖北,福建,0.006301837410174015,0.006301837410174015,0.4992697489459262,0.5469817839425646,0,0.03424812266339122,positive,518
economic_inv,urb,四川,吉林,0.006285495448026572,0.006285495448026572,0.4992697489459262,0.5469817839425646,0,0.03424812266339122,positive,519
economic_inv,urb,海南,安徽,0.006278306280846653,0.006278306280846653,0.4992697489459262,0.5469817839425646,0,0.03424812266339122,positive,520
economic_inv,urb,陕西,河北,0.00624829909804039,0.00624829909804039,0.4992697489459262,0.5469817839425646,0,0.03424812266339122,positive,521
economic_inv,urb,山西,辽宁,0.0062232209148913005,0.0062232209148913005,0.4992697489459262,0.5469817839425646,0,0.03424812266339122,positive,522
economic_inv,urb,吉林,上海,0.00621675390925745,0.00621675390925745,0.4992697489459262,0.5469817839425646,0,0.03424812266339122,positive,523
economic_inv,urb,陕西,湖北,0.006212218925986424,0.006212218925986424,0.4992697489459262,0.5469817839425646,0,0.03424812266339122,positive,524
economic_inv,urb,新疆,四川,0.006164660437706011,0.006164660437706011,0.4992697489459262,0.5469817839425646,0,0.03424812266339122,positive,525
economic_inv,urb,陕西,湖南,0.0061614716535433834,0.0061614716535433834,0.4992697489459262,0.5469817839425646,0,0.03424812266339122,positive,526
economic_inv,urb,陕西,甘肃,0.00613921370480521,0.00613921370480521,0.4992697489459262,0.5469817839425646,0,0.03424812266339122,positive,527
economic_inv,urb,上海,山西,0.006096636066892896,0.006096636066892896,0.4992697489459262,0.5469817839425646,0,0.03424812266339122,positive,528
economic_inv,urb,辽宁,河南,0.006091682736579043,0.006091682736579043,0.4992697489459262,0.5469817839425646,0,0.03424812266339122,positive,529
economic_inv,urb,四川,山西,0.006054523542887803,0.006054523542887803,0.4992697489459262,0.5469817839425646,0,0.03424812266339122,positive,530
economic_inv,urb,吉林,辽宁,0.0060301031173690045,0.0060301031173690045,0.4992697489459262,0.5469817839425646,0,0.03424812266339122,positive,531
economic_inv,urb,辽宁,山西,0.005991049219118421,0.005991049219118421,0.4992697489459262,0.5469817839425646,0,0.03424812266339122,positive,532
economic_inv,urb,上海,河南,0.005853948507923877,0.005853948507923877,0.4992697489459262,0.5469817839425646,0,0.03424812266339122,positive,533
economic_inv,urb,福建,甘肃,0.005830385130925024,0.005830385130925024,0.4992697489459262,0.5469817839425646,0,0.03424812266339122,positive,534
economic_inv,urb,海南,上海,0.0057529577059709435,0.0057529577059709435,0.4992697489459262,0.5469817839425646,0,0.03424812266339122,positive,535
economic_inv,urb,青海,北京,0.005712897405588667,0.005712897405588667,0.4992697489459262,0.5469817839425646,0,0.03424812266339122,positive,536
economic_inv,urb,北京,新疆,0.005701052084833941,0.005701052084833941,0.4992697489459262,0.5469817839425646,0,0.03424812266339122,positive,537
economic_inv,urb,四川,贵州,0.005687840489212454,0.005687840489212454,0.4992697489459262,0.5469817839425646,0,0.03424812266339122,positive,538
economic_inv,urb,重庆,上海,0.005663769750717308,0.005663769750717308,0.4992697489459262,0.5469817839425646,0,0.03424812266339122,positive,539
economic_inv,urb,海南,辽宁,0.005657296304142887,0.005657296304142887,0.4992697489459262,0.5469817839425646,0,0.03424812266339122,positive,540
economic_inv,urb,青海,安徽,0.0056154352687819075,0.0056154352687819075,0.4992697489459262,0.5469817839425646,0,0.03424812266339122,positive,541
economic_inv,urb,陕西,四川,0.005603775564885124,0.005603775564885124,0.4992697489459262,0.5469817839425646,0,0.03424812266339122,positive,542
economic_inv,urb,上海,贵州,0.005554144655935451,0.005554144655935451,0.4992697489459262,0.5469817839425646,0,0.03424812266339122,positive,543
economic_inv,urb,天津,福建,0.005548718617907252,0.005548718617907252,0.4992697489459262,0.5469817839425646,0,0.03424812266339122,positive,544
economic_inv,urb,贵州,河北,0.0055378046898454944,0.0055378046898454944,0.4992697489459262,0.5469817839425646,0,0.03424812266339122,positive,545
economic_inv,urb,贵州,湖北,0.005517807570249975,0.005517807570249975,0.4992697489459262,0.5469817839425646,0,0.03424812266339122,positive,546
economic_inv,urb,贵州,湖南,0.00548953360513209,0.00548953360513209,0.4992697489459262,0.5469817839425646,0,0.03424812266339122,positive,547
economic_inv,urb,辽宁,贵州,0.005471780719731554,0.005471780719731554,0.4992697489459262,0.5469817839425646,0,0.03424812266339122,positive,548
economic_inv,urb,安徽,新疆,0.005455616040352571,0.005455616040352571,0.4992697489459262,0.5469817839425646,0,0.03424812266339122,positive,549
economic_inv,urb,重庆,辽宁,0.005430910236550908,0.005430910236550908,0.4992697489459262,0.5469817839425646,0,0.03424812266339122,positive,550
economic_inv,urb,山西,福建,0.005399953597465011,0.005399953597465011,0.4992697489459262,0.5469817839425646,0,0.03424812266339122,positive,551
economic_inv,urb,江西,甘肃,0.005392475518748552,0.005392475518748552,0.4992697489459262,0.5469817839425646,0,0.03424812266339122,positive,552
economic_inv,urb,湖南,辽宁,0.0052616914270362785,0.0052616914270362785,0.4992697489459262,0.5469817839425646,0,0.03424812266339122,positive,553
economic_inv,urb,天津,海南,0.0052027374757381084,0.0052027374757381084,0.4992697489459262,0.5469817839425646,0,0.03424812266339122,positive,554
economic_inv,urb,海南,福建,0.005193681760015765,0.005193681760015765,0.4992697489459262,0.5469817839425646,0,0.03424812266339122,positive,555
economic_inv,urb,吉林,福建,0.005193096799773785,0.005193096799773785,0.4992697489459262,0.5469817839425646,0,0.03424812266339122,positive,556
economic_inv,urb,青海,上海,0.005172733024352445,0.005172733024352445,0.4992697489459262,0.5469817839425646,0,0.03424812266339122,positive,557
economic_inv,urb,贵州,四川,0.0051669758332446745,0.0051669758332446745,0.4992697489459262,0.5469817839425646,0,0.03424812266339122,positive,558
economic_inv,urb,四川,新疆,0.00515351367512688,0.00515351367512688,0.4992697489459262,0.5469817839425646,0,0.03424812266339122,positive,559
economic_inv,urb,安徽,河南,0.0051526758256556565,0.0051526758256556565,0.4992697489459262,0.5469817839425646,0,0.03424812266339122,positive,560
economic_inv,urb,甘肃,河南,0.005147200129523838,0.005147200129523838,0.4992697489459262,0.5469817839425646,0,0.03424812266339122,positive,561
economic_inv,urb,北京,河南,0.005121398554257773,0.005121398554257773,0.4992697489459262,0.5469817839425646,0,0.03424812266339122,positive,562
economic_inv,urb,福建,海南,0.005096218742628578,0.005096218742628578,0.4992697489459262,0.5469817839425646,0,0.03424812266339122,positive,563
economic_inv,urb,青海,辽宁,0.005091616977129725,0.005091616977129725,0.4992697489459262,0.5469817839425646,0,0.03424812266339122,positive,564
economic_inv,urb,宁夏,北京,0.005078568728329381,0.005078568728329381,0.4992697489459262,0.5469817839425646,0,0.03424812266339122,positive,565
economic_inv,urb,内蒙古,贵州,0.0050230777281549755,0.0050230777281549755,0.4992697489459262,0.5469817839425646,0,0.03424812266339122,positive,566
economic_inv,urb,广西,贵州,0.0049916772973824545,0.0049916772973824545,0.4992697489459262,0.5469817839425646,0,0.03424812266339122,positive,567
economic_inv,urb,江西,河北,0.004990543940954215,0.004990543940954215,0.4992697489459262,0.5469817839425646,0,0.03424812266339122,positive,568
economic_inv,urb,宁夏,安徽,0.004989543676390784,0.004989543676390784,0.4992697489459262,0.5469817839425646,0,0.03424812266339122,positive,569
economic_inv,urb,江西,湖北,0.004963037555167369,0.004963037555167369,0.4992697489459262,0.5469817839425646,0,0.03424812266339122,positive,570
economic_inv,urb,福建,宁夏,0.004939234066690765,0.004939234066690765,0.4992697489459262,0.5469817839425646,0,0.03424812266339122,positive,571
economic_inv,urb,江西,湖南,0.004924324825100772,0.004924324825100772,0.4992697489459262,0.5469817839425646,0,0.03424812266339122,positive,572
economic_inv,urb,陕西,海南,0.004902342909539475,0.004902342909539475,0.4992697489459262,0.5469817839425646,0,0.03424812266339122,positive,573
economic_inv,urb,天津,宁夏,0.004900916420369857,0.004900916420369857,0.4992697489459262,0.5469817839425646,0,0.03424812266339122,positive,574
economic_inv,urb,内蒙古,北京,0.004897161944346224,0.004897161944346224,0.4992697489459262,0.5469817839425646,0,0.03424812266339122,positive,575
economic_inv,urb,湖南,上海,0.004895770694930484,0.004895770694930484,0.4992697489459262,0.5469817839425646,0,0.03424812266339122,positive,576
economic_inv,urb,福建,青海,0.004828590020770665,0.004828590020770665,0.4992697489459262,0.5469817839425646,0,0.03424812266339122,positive,577
economic_inv,urb,上海,新疆,0.00481991100634897,0.00481991100634897,0.4992697489459262,0.5469817839425646,0,0.03424812266339122,positive,578
economic_inv,urb,重庆,甘肃,0.0047916919048980105,0.0047916919048980105,0.4992697489459262,0.5469817839425646,0,0.03424812266339122,positive,579
economic_inv,urb,辽宁,新疆,0.004764773257581643,0.004764773257581643,0.4992697489459262,0.5469817839425646,0,0.03424812266339122,positive,580
economic_inv,urb,新疆,河南,0.004757667776296512,0.004757667776296512,0.4992697489459262,0.5469817839425646,0,0.03424812266339122,positive,581
economic_inv,urb,北京,甘肃,0.004735172952030988,0.004735172952030988,0.4992697489459262,0.5469817839425646,0,0.03424812266339122,positive,582
economic_inv,urb,天津,青海,0.004698173728420132,0.004698173728420132,0.4992697489459262,0.5469817839425646,0,0.03424812266339122,positive,583
economic_inv,urb,青海,福建,0.004696272092608984,0.004696272092608984,0.4992697489459262,0.5469817839425646,0,0.03424812266339122,positive,584
economic_inv,urb,广西,北京,0.004695743272367109,0.004695743272367109,0.4992697489459262,0.5469817839425646,0,0.03424812266339122,positive,585
economic_inv,urb,陕西,宁夏,0.004665110553050191,0.004665110553050191,0.4992697489459262,0.5469817839425646,0,0.03424812266339122,positive,586
economic_inv,urb,海南,河北,0.004656414167975857,0.004656414167975857,0.4992697489459262,0.5469817839425646,0,0.03424812266339122,positive,587
economic_inv,urb,海南,湖北,0.0046445545764511285,0.0046445545764511285,0.4992697489459262,0.5469817839425646,0,0.03424812266339122,positive,588
economic_inv,urb,海南,湖南,0.004627742985252979,0.004627742985252979,0.4992697489459262,0.5469817839425646,0,0.03424812266339122,positive,589
economic_inv,urb,内蒙古,安徽,0.004612939316585477,0.004612939316585477,0.4992697489459262,0.5469817839425646,0,0.03424812266339122,positive,590
economic_inv,urb,宁夏,上海,0.004586233466484872,0.004586233466484872,0.4992697489459262,0.5469817839425646,0,0.03424812266339122,positive,591
economic_inv,urb,四川,甘肃,0.004580602197842031,0.004580602197842031,0.4992697489459262,0.5469817839425646,0,0.03424812266339122,positive,592
economic_inv,urb,山西,河北,0.004552087656492709,0.004552087656492709,0.4992697489459262,0.5469817839425646,0,0.03424812266339122,positive,593
economic_inv,urb,安徽,甘肃,0.004551164902420902,0.004551164902420902,0.4992697489459262,0.5469817839425646,0,0.03424812266339122,positive,594
economic_inv,urb,山西,湖北,0.00453451334994076,0.00453451334994076,0.4992697489459262,0.5469817839425646,0,0.03424812266339122,positive,595
economic_inv,urb,宁夏,辽宁,0.004512524434214946,0.004512524434214946,0.4992697489459262,0.5469817839425646,0,0.03424812266339122,positive,596
economic_inv,urb,山西,湖南,0.004509680030738211,0.004509680030738211,0.4992697489459262,0.5469817839425646,0,0.03424812266339122,positive,597
economic_inv,urb,陕西,青海,0.004503014623308399,0.004503014623308399,0.4992697489459262,0.5469817839425646,0,0.03424812266339122,positive,598
economic_inv,urb,江西,四川,0.004496980307614538,0.004496980307614538,0.4992697489459262,0.5469817839425646,0,0.03424812266339122,positive,599
economic_inv,urb,天津,河北,0.004480419053196047,0.004480419053196047,0.4992697489459262,0.5469817839425646,0,0.03424812266339122,positive,600
economic_inv,urb,天津,湖北,0.0044592271337513326,0.0044592271337513326,0.4992697489459262,0.5469817839425646,0,0.03424812266339122,positive,601
economic_inv,urb,河北,辽宁,0.004453063290392889,0.004453063290392889,0.4992697489459262,0.5469817839425646,0,0.03424812266339122,positive,602
economic_inv,urb,重庆,福建,0.004448971897273871,0.004448971897273871,0.4992697489459262,0.5469817839425646,0,0.03424812266339122,positive,603
economic_inv,urb,海南,四川,0.004432289343325167,0.004432289343325167,0.4992697489459262,0.5469817839425646,0,0.03424812266339122,positive,604
economic_inv,urb,天津,湖南,0.004429344930085134,0.004429344930085134,0.4992697489459262,0.5469817839425646,0,0.03424812266339122,positive,605
economic_inv,urb,广西,安徽,0.004427663001040693,0.004427663001040693,0.4992697489459262,0.5469817839425646,0,0.03424812266339122,positive,606
economic_inv,urb,吉林,河北,0.004344118520041659,0.004344118520041659,0.4992697489459262,0.5469817839425646,0,0.03424812266339122,positive,607
economic_inv,urb,吉林,湖北,0.004326658964782536,0.004326658964782536,0.4992697489459262,0.5469817839425646,0,0.03424812266339122,positive,608
economic_inv,urb,黑龙江,甘肃,0.004307926051128991,0.004307926051128991,0.4992697489459262,0.5469817839425646,0,0.03424812266339122,positive,609
economic_inv,urb,吉林,湖南,0.004301997259618527,0.004301997259618527,0.4992697489459262,0.5469817839425646,0,0.03424812266339122,positive,610
economic_inv,urb,甘肃,浙江,0.004276798011255836,0.004276798011255836,0.4992697489459262,0.5469817839425646,0,0.03424812266339122,positive,611
economic_inv,urb,江西,海南,0.004263590698087861,0.004263590698087861,0.4992697489459262,0.5469817839425646,0,0.03424812266339122,positive,612
economic_inv,urb,云南,甘肃,0.004246102996657565,0.004246102996657565,0.4992697489459262,0.5469817839425646,0,0.03424812266339122,positive,613
economic_inv,urb,青海,河北,0.004233458004487345,0.004233458004487345,0.4992697489459262,0.5469817839425646,0,0.03424812266339122,positive,614
economic_inv,urb,山西,四川,0.004227614280453777,0.004227614280453777,0.4992697489459262,0.5469817839425646,0,0.03424812266339122,positive,615
economic_inv,urb,青海,湖北,0.004223184851366341,0.004223184851366341,0.4992697489459262,0.5469817839425646,0,0.03424812266339122,positive,616
economic_inv,urb,青海,湖南,0.004208617873471052,0.004208617873471052,0.4992697489459262,0.5469817839425646,0,0.03424812266339122,positive,617
economic_inv,urb,宁夏,福建,0.00415411515964734,0.00415411515964734,0.4992697489459262,0.5469817839425646,0,0.03424812266339122,positive,618
economic_inv,urb,河北,上海,0.00413331192712732,0.00413331192712732,0.4992697489459262,0.5469817839425646,0,0.03424812266339122,positive,619
economic_inv,urb,上海,甘肃,0.0040985499185313985,0.0040985499185313985,0.4992697489459262,0.5469817839425646,0,0.03424812266339122,positive,620
economic_inv,urb,天津,四川,0.004095026259282783,0.004095026259282783,0.4992697489459262,0.5469817839425646,0,0.03424812266339122,positive,621
economic_inv,urb,四川,海南,0.004088367073656846,0.004088367073656846,0.4992697489459262,0.5469817839425646,0,0.03424812266339122,positive,622
economic_inv,urb,辽宁,甘肃,0.004065406926493753,0.004065406926493753,0.4992697489459262,0.5469817839425646,0,0.03424812266339122,positive,623
economic_inv,urb,江西,宁夏,0.00404960978918457,0.00404960978918457,0.4992697489459262,0.5469817839425646,0,0.03424812266339122,positive,624
economic_inv,urb,云南,北京,0.004042930679957153,0.004042930679957153,0.4992697489459262,0.5469817839425646,0,0.03424812266339122,positive,625
economic_inv,urb,青海,四川,0.0040388940736445595,0.0040388940736445595,0.4992697489459262,0.5469817839425646,0,0.03424812266339122,positive,626
economic_inv,urb,辽宁,浙江,0.0040383152459527215,0.0040383152459527215,0.4992697489459262,0.5469817839425646,0,0.03424812266339122,positive,627
economic_inv,urb,吉林,四川,0.00402265650655625,0.00402265650655625,0.4992697489459262,0.5469817839425646,0,0.03424812266339122,positive,628
economic_inv,urb,北京,海南,0.004001033460695467,0.004001033460695467,0.4992697489459262,0.5469817839425646,0,0.03424812266339122,positive,629
economic_inv,urb,黑龙江,北京,0.003992007969981113,0.003992007969981113,0.4992697489459262,0.5469817839425646,0,0.03424812266339122,positive,630
economic_inv,urb,四川,宁夏,0.003980403434659557,0.003980403434659557,0.4992697489459262,0.5469817839425646,0,0.03424812266339122,positive,631
economic_inv,urb,上海,浙江,0.003917780055717842,0.003917780055717842,0.4992697489459262,0.5469817839425646,0,0.03424812266339122,positive,632
economic_inv,urb,江西,青海,0.003903865067280636,0.003903865067280636,0.4992697489459262,0.5469817839425646,0,0.03424812266339122,positive,633
economic_inv,urb,四川,青海,0.003903719437020695,0.003903719437020695,0.4992697489459262,0.5469817839425646,0,0.03424812266339122,positive,634
economic_inv,urb,贵州,河南,0.0038955070759588337,0.0038955070759588337,0.4992697489459262,0.5469817839425646,0,0.03424812266339122,positive,635
economic_inv,urb,新疆,浙江,0.0038896458649994945,0.0038896458649994945,0.4992697489459262,0.5469817839425646,0,0.03424812266339122,positive,636
economic_inv,urb,云南,安徽,0.0038768648619018384,0.0038768648619018384,0.4992697489459262,0.5469817839425646,0,0.03424812266339122,positive,637
economic_inv,urb,安徽,海南,0.0038583982253042747,0.0038583982253042747,0.4992697489459262,0.5469817839425646,0,0.03424812266339122,positive,638
economic_inv,urb,北京,宁夏,0.0038503574248375,0.0038503574248375,0.4992697489459262,0.5469817839425646,0,0.03424812266339122,positive,639
economic_inv,urb,黑龙江,安徽,0.0038300876619785187,0.0038300876619785187,0.4992697489459262,0.5469817839425646,0,0.03424812266339122,positive,640
economic_inv,urb,北京,青海,0.003745433950984198,0.003745433950984198,0.4992697489459262,0.5469817839425646,0,0.03424812266339122,positive,641
economic_inv,urb,宁夏,河北,0.0037362929599577275,0.0037362929599577275,0.4992697489459262,0.5469817839425646,0,0.03424812266339122,positive,642
economic_inv,urb,陕西,河南,0.0037289256681717216,0.0037289256681717216,0.4992697489459262,0.5469817839425646,0,0.03424812266339122,positive,643
economic_inv,urb,宁夏,湖北,0.0037270398575790626,0.0037270398575790626,0.4992697489459262,0.5469817839425646,0,0.03424812266339122,positive,644
economic_inv,urb,湖北,辽宁,0.003721988471299916,0.003721988471299916,0.4992697489459262,0.5469817839425646,0,0.03424812266339122,positive,645
economic_inv,urb,安徽,宁夏,0.003715640852797327,0.003715640852797327,0.4992697489459262,0.5469817839425646,0,0.03424812266339122,positive,646
economic_inv,urb,宁夏,湖南,0.0037139208630237387,0.0037139208630237387,0.4992697489459262,0.5469817839425646,0,0.03424812266339122,positive,647
economic_inv,urb,重庆,海南,0.0036881310465121065,0.0036881310465121065,0.4992697489459262,0.5469817839425646,0,0.03424812266339122,positive,648
economic_inv,urb,内蒙古,新疆,0.0036758516061126383,0.0036758516061126383,0.4992697489459262,0.5469817839425646,0,0.03424812266339122,positive,649
economic_inv,urb,湖南,安徽,0.0036422991093525707,0.0036422991093525707,0.4992697489459262,0.5469817839425646,0,0.03424812266339122,positive,650
economic_inv,urb,广西,新疆,0.0036349169833538282,0.0036349169833538282,0.4992697489459262,0.5469817839425646,0,0.03424812266339122,positive,651
economic_inv,urb,安徽,青海,0.00361611581661969,0.00361611581661969,0.4992697489459262,0.5469817839425646,0,0.03424812266339122,positive,652
economic_inv,urb,北京,浙江,0.003597411324153344,0.003597411324153344,0.4992697489459262,0.5469817839425646,0,0.03424812266339122,positive,653
economic_inv,urb,安徽,浙江,0.003593387717025586,0.003593387717025586,0.4992697489459262,0.5469817839425646,0,0.03424812266339122,positive,654
economic_inv,urb,海南,河南,0.0035900356401947927,0.0035900356401947927,0.4992697489459262,0.5469817839425646,0,0.03424812266339122,positive,655
economic_inv,urb,内蒙古,上海,0.003572719244872584,0.003572719244872584,0.4992697489459262,0.5469817839425646,0,0.03424812266339122,positive,656
economic_inv,urb,宁夏,四川,0.0035612049152558404,0.0035612049152558404,0.4992697489459262,0.5469817839425646,0,0.03424812266339122,positive,657
economic_inv,urb,重庆,河北,0.0035462203742942498,0.0035462203742942498,0.4992697489459262,0.5469817839425646,0,0.03424812266339122,positive,658
economic_inv,urb,重庆,湖北,0.0035285471883069225,0.0035285471883069225,0.4992697489459262,0.5469817839425646,0,0.03424812266339122,positive,659
economic_inv,urb,上海,海南,0.0035268826464962093,0.0035268826464962093,0.4992697489459262,0.5469817839425646,0,0.03424812266339122,positive,660
economic_inv,urb,辽宁,海南,0.003507791387246018,0.003507791387246018,0.4992697489459262,0.5469817839425646,0,0.03424812266339122,positive,661
economic_inv,urb,重庆,湖南,0.0035036419725604836,0.0035036419725604836,0.4992697489459262,0.5469817839425646,0,0.03424812266339122,positive,662
economic_inv,urb,重庆,宁夏,0.003485514594279746,0.003485514594279746,0.4992697489459262,0.5469817839425646,0,0.03424812266339122,positive,663
economic_inv,urb,湖南,北京,0.003465435265276857,0.003465435265276857,0.4992697489459262,0.5469817839425646,0,0.03424812266339122,positive,664
economic_inv,urb,湖北,上海,0.0034582647679269078,0.0034582647679269078,0.4992697489459262,0.5469817839425646,0,0.03424812266339122,positive,665
economic_inv,urb,四川,山东,0.0034574865457944956,0.0034574865457944956,0.4992697489459262,0.5469817839425646,0,0.03424812266339122,positive,666
economic_inv,urb,广西,上海,0.003441902823415072,0.003441902823415072,0.4992697489459262,0.5469817839425646,0,0.03424812266339122,positive,667
economic_inv,urb,内蒙古,辽宁,0.003417009281854317,0.003417009281854317,0.4992697489459262,0.5469817839425646,0,0.03424812266339122,positive,668
economic_inv,urb,上海,宁夏,0.0034069388374493776,0.0034069388374493776,0.4992697489459262,0.5469817839425646,0,0.03424812266339122,positive,669
economic_inv,urb,辽宁,宁夏,0.0033904141205216526,0.0033904141205216526,0.4992697489459262,0.5469817839425646,0,0.03424812266339122,positive,670
economic_inv,urb,重庆,青海,0.0033486664933461956,0.0033486664933461956,0.4992697489459262,0.5469817839425646,0,0.03424812266339122,positive,671
economic_inv,urb,上海,青海,0.0033228768621820287,0.0033228768621820287,0.4992697489459262,0.5469817839425646,0,0.03424812266339122,positive,672
economic_inv,urb,湖南,河南,0.003312753806786784,0.003312753806786784,0.4992697489459262,0.5469817839425646,0,0.03424812266339122,positive,673
economic_inv,urb,辽宁,青海,0.0033080716934938076,0.0033080716934938076,0.4992697489459262,0.5469817839425646,0,0.03424812266339122,positive,674
economic_inv,urb,青海,河南,0.0032997154842281913,0.0032997154842281913,0.4992697489459262,0.5469817839425646,0,0.03424812266339122,positive,675
economic_inv,urb,广西,辽宁,0.003293717297137289,0.003293717297137289,0.4992697489459262,0.5469817839425646,0,0.03424812266339122,positive,676
economic_inv,urb,福建,山东,0.0032723046053736967,0.0032723046053736967,0.4992697489459262,0.5469817839425646,0,0.03424812266339122,positive,677
economic_inv,urb,重庆,四川,0.0032262209321423235,0.0032262209321423235,0.4992697489459262,0.5469817839425646,0,0.03424812266339122,positive,678
economic_inv,urb,云南,上海,0.0032144845027821485,0.0032144845027821485,0.4992697489459262,0.5469817839425646,0,0.03424812266339122,positive,679
economic_inv,urb,黑龙江,上海,0.003182510006432806,0.003182510006432806,0.4992697489459262,0.5469817839425646,0,0.03424812266339122,positive,680
economic_inv,urb,贵州,浙江,0.003140002344898259,0.003140002344898259,0.4992697489459262,0.5469817839425646,0,0.03424812266339122,positive,681
economic_inv,urb,山西,河南,0.003137526144928261,0.003137526144928261,0.4992697489459262,0.5469817839425646,0,0.03424812266339122,positive,682
economic_inv,urb,黑龙江,海南,0.0031183058052218797,0.0031183058052218797,0.4992697489459262,0.5469817839425646,0,0.03424812266339122,positive,683
economic_inv,urb,云南,辽宁,0.0031072043568347208,0.0031072043568347208,0.4992697489459262,0.5469817839425646,0,0.03424812266339122,positive,684
economic_inv,urb,云南,海南,0.0030853914904376833,0.0030853914904376833,0.4992697489459262,0.5469817839425646,0,0.03424812266339122,positive,685
economic_inv,urb,黑龙江,辽宁,0.003077365876899357,0.003077365876899357,0.4992697489459262,0.5469817839425646,0,0.03424812266339122,positive,686
economic_inv,urb,河北,安徽,0.0030496739956090996,0.0030496739956090996,0.4992697489459262,0.5469817839425646,0,0.03424812266339122,positive,687
economic_inv,urb,江西,河南,0.0030342768666842108,0.0030342768666842108,0.4992697489459262,0.5469817839425646,0,0.03424812266339122,positive,688
economic_inv,urb,海南,浙江,0.0030275143231322165,0.0030275143231322165,0.4992697489459262,0.5469817839425646,0,0.03424812266339122,positive,689
economic_inv,urb,吉林,河南,0.0029563362996444104,0.0029563362996444104,0.4992697489459262,0.5469817839425646,0,0.03424812266339122,positive,690
economic_inv,urb,黑龙江,宁夏,0.0029151184347940345,0.0029151184347940345,0.4992697489459262,0.5469817839425646,0,0.03424812266339122,positive,691
economic_inv,urb,宁夏,河南,0.002899028306562084,0.002899028306562084,0.4992697489459262,0.5469817839425646,0,0.03424812266339122,positive,692
economic_inv,urb,河北,北京,0.0028982118882055264,0.0028982118882055264,0.4992697489459262,0.5469817839425646,0,0.03424812266339122,positive,693
economic_inv,urb,云南,宁夏,0.0028862472732634537,0.0028862472732634537,0.4992697489459262,0.5469817839425646,0,0.03424812266339122,positive,694
economic_inv,urb,天津,河南,0.002885310538058442,0.002885310538058442,0.4992697489459262,0.5469817839425646,0,0.03424812266339122,positive,695
economic_inv,urb,陕西,浙江,0.0028097613490958473,0.0028097613490958473,0.4992697489459262,0.5469817839425646,0,0.03424812266339122,positive,696
economic_inv,urb,四川,江苏,0.0028061898216437888,0.0028061898216437888,0.4992697489459262,0.5469817839425646,0,0.03424812266339122,positive,697
economic_inv,urb,青海,浙江,0.0027988662501411575,0.0027988662501411575,0.4992697489459262,0.5469817839425646,0,0.03424812266339122,positive,698
economic_inv,urb,甘肃,山东,0.002795969142854492,0.002795969142854492,0.4992697489459262,0.5469817839425646,0,0.03424812266339122,positive,699
economic_inv,urb,黑龙江,青海,0.002780353608503949,0.002780353608503949,0.4992697489459262,0.5469817839425646,0,0.03424812266339122,positive,700
economic_inv,urb,内蒙古,福建,0.0027691264673347146,0.0027691264673347146,0.4992697489459262,0.5469817839425646,0,0.03424812266339122,positive,701
economic_inv,urb,云南,青海,0.002754019423137973,0.002754019423137973,0.4992697489459262,0.5469817839425646,0,0.03424812266339122,positive,702
economic_inv,urb,福建,江苏,0.002712246289978576,0.002712246289978576,0.4992697489459262,0.5469817839425646,0,0.03424812266339122,positive,703
economic_inv,urb,内蒙古,甘肃,0.002708630531025145,0.002708630531025145,0.4992697489459262,0.5469817839425646,0,0.03424812266339122,positive,704
economic_inv,urb,广西,福建,0.002675376099668881,0.002675376099668881,0.4992697489459262,0.5469817839425646,0,0.03424812266339122,positive,705
economic_inv,urb,广西,甘肃,0.00266904770629538,0.00266904770629538,0.4992697489459262,0.5469817839425646,0,0.03424812266339122,positive,706
economic_inv,urb,四川,广东,0.00266253865542805,0.00266253865542805,0.4992697489459262,0.5469817839425646,0,0.03424812266339122,positive,707
economic_inv,urb,河北,河南,0.0026522853613768437,0.0026522853613768437,0.4992697489459262,0.5469817839425646,0,0.03424812266339122,positive,708
economic_inv,urb,云南,福建,0.002635096986024124,0.002635096986024124,0.4992697489459262,0.5469817839425646,0,0.03424812266339122,positive,709
economic_inv,urb,黑龙江,福建,0.0026137888458447178,0.0026137888458447178,0.4992697489459262,0.5469817839425646,0,0.03424812266339122,positive,710
economic_inv,urb,福建,广东,0.0025855045480698384,0.0025855045480698384,0.4992697489459262,0.5469817839425646,0,0.03424812266339122,positive,711
economic_inv,urb,湖北,安徽,0.0025604791700286796,0.0025604791700286796,0.4992697489459262,0.5469817839425646,0,0.03424812266339122,positive,712
economic_inv,urb,山西,浙江,0.0025057747165397404,0.0025057747165397404,0.4992697489459262,0.5469817839425646,0,0.03424812266339122,positive,713
economic_inv,urb,新疆,山东,0.002475232838918626,0.002475232838918626,0.4992697489459262,0.5469817839425646,0,0.03424812266339122,positive,714
economic_inv,urb,甘肃,江苏,0.00246936816935474,0.00246936816935474,0.4992697489459262,0.5469817839425646,0,0.03424812266339122,positive,715
economic_inv,urb,宁夏,浙江,0.0024530434912145554,0.0024530434912145554,0.4992697489459262,0.5469817839425646,0,0.03424812266339122,positive,716
economic_inv,urb,湖北,北京,0.0024344963387989684,0.0024344963387989684,0.4992697489459262,0.5469817839425646,0,0.03424812266339122,positive,717
economic_inv,urb,甘肃,广东,0.00238942642819357,0.00238942642819357,0.4992697489459262,0.5469817839425646,0,0.03424812266339122,positive,718
economic_inv,urb,吉林,浙江,0.002347814186286944,0.002347814186286944,0.4992697489459262,0.5469817839425646,0,0.03424812266339122,positive,719
economic_inv,urb,江西,浙江,0.002302123749762411,0.002302123749762411,0.4992697489459262,0.5469817839425646,0,0.03424812266339122,positive,720
economic_inv,urb,湖北,河南,0.0022683453706530683,0.0022683453706530683,0.4992697489459262,0.5469817839425646,0,0.03424812266339122,positive,721
economic_inv,urb,重庆,河南,0.0022406886996835895,0.0022406886996835895,0.4992697489459262,0.5469817839425646,0,0.03424812266339122,positive,722
economic_inv,urb,天津,浙江,0.0022386795434705432,0.0022386795434705432,0.4992697489459262,0.5469817839425646,0,0.03424812266339122,positive,723
economic_inv,urb,内蒙古,河北,0.0021856516004310797,0.0021856516004310797,0.4992697489459262,0.5469817839425646,0,0.03424812266339122,positive,724
economic_inv,urb,内蒙古,湖北,0.002174342769215696,0.002174342769215696,0.4992697489459262,0.5469817839425646,0,0.03424812266339122,positive,725
economic_inv,urb,新疆,江苏,0.0021733482134352377,0.0021733482134352377,0.4992697489459262,0.5469817839425646,0,0.03424812266339122,positive,726
economic_inv,urb,云南,河北,0.002170724404488143,0.002170724404488143,0.4992697489459262,0.5469817839425646,0,0.03424812266339122,positive,727
economic_inv,urb,云南,湖北,0.00216132284367677,0.00216132284367677,0.4992697489459262,0.5469817839425646,0,0.03424812266339122,positive,728
economic_inv,urb,湖南,陕西,0.00216105835576442,0.00216105835576442,0.4992697489459262,0.5469817839425646,0,0.03424812266339122,positive,729
economic_inv,urb,内蒙古,湖南,0.0021584136076238354,0.0021584136076238354,0.4992697489459262,0.5469817839425646,0,0.03424812266339122,positive,730
economic_inv,urb,黑龙江,河北,0.002156419596133877,0.002156419596133877,0.4992697489459262,0.5469817839425646,0,0.03424812266339122,positive,731
economic_inv,urb,云南,湖南,0.0021480531239822785,0.0021480531239822785,0.4992697489459262,0.5469817839425646,0,0.03424812266339122,positive,732
economic_inv,urb,黑龙江,湖北,0.0021471455702820733,0.0021471455702820733,0.4992697489459262,0.5469817839425646,0,0.03424812266339122,positive,733
economic_inv,urb,黑龙江,湖南,0.002134054894113996,0.002134054894113996,0.4992697489459262,0.5469817839425646,0,0.03424812266339122,positive,734
economic_inv,urb,广西,河北,0.00211605649986042,0.00211605649986042,0.4992697489459262,0.5469817839425646,0,0.03424812266339122,positive,735
economic_inv,urb,内蒙古,海南,0.002107925072603354,0.002107925072603354,0.4992697489459262,0.5469817839425646,0,0.03424812266339122,positive,736
economic_inv,urb,广西,湖北,0.0021051928083736697,0.0021051928083736697,0.4992697489459262,0.5469817839425646,0,0.03424812266339122,positive,737
economic_inv,urb,新疆,广东,0.0020999919164838682,0.0020999919164838682,0.4992697489459262,0.5469817839425646,0,0.03424812266339122,positive,738
economic_inv,urb,广西,湖南,0.0020898891635047945,0.0020898891635047945,0.4992697489459262,0.5469817839425646,0,0.03424812266339122,positive,739
economic_inv,urb,广西,海南,0.002072594022651992,0.002072594022651992,0.4992697489459262,0.5469817839425646,0,0.03424812266339122,positive,740
economic_inv,urb,湖南,江西,0.0020635109597294536,0.0020635109597294536,0.4992697489459262,0.5469817839425646,0,0.03424812266339122,positive,741
economic_inv,urb,海南,山东,0.0020308611251233536,0.0020308611251233536,0.4992697489459262,0.5469817839425646,0,0.03424812266339122,positive,742
economic_inv,urb,云南,四川,0.0019985635254652187,0.0019985635254652187,0.4992697489459262,0.5469817839425646,0,0.03424812266339122,positive,743
economic_inv,urb,内蒙古,宁夏,0.0019961840140750556,0.0019961840140750556,0.4992697489459262,0.5469817839425646,0,0.03424812266339122,positive,744
economic_inv,urb,黑龙江,四川,0.00198650428412314,0.00198650428412314,0.4992697489459262,0.5469817839425646,0,0.03424812266339122,positive,745
economic_inv,urb,内蒙古,四川,0.0019815565881612083,0.0019815565881612083,0.4992697489459262,0.5469817839425646,0,0.03424812266339122,positive,746
economic_inv,urb,辽宁,山东,0.001964418722996864,0.001964418722996864,0.4992697489459262,0.5469817839425646,0,0.03424812266339122,positive,747
economic_inv,urb,广西,宁夏,0.001961930520310332,0.001961930520310332,0.4992697489459262,0.5469817839425646,0,0.03424812266339122,positive,748
economic_inv,urb,贵州,山东,0.0019534292603758364,0.0019534292603758364,0.4992697489459262,0.5469817839425646,0,0.03424812266339122,positive,749
economic_inv,urb,湖南,内蒙古,0.0019380521160342352,0.0019380521160342352,0.4992697489459262,0.5469817839425646,0,0.03424812266339122,positive,750
economic_inv,urb,上海,山东,0.0019243479324252961,0.0019243479324252961,0.4992697489459262,0.5469817839425646,0,0.03424812266339122,positive,751
economic_inv,urb,湖南,广西,0.0019231074190451205,0.0019231074190451205,0.4992697489459262,0.5469817839425646,0,0.03424812266339122,positive,752
economic_inv,urb,内蒙古,青海,0.0019204553422633396,0.0019204553422633396,0.4992697489459262,0.5469817839425646,0,0.03424812266339122,positive,753
economic_inv,urb,广西,四川,0.0019198599797312867,0.0019198599797312867,0.4992697489459262,0.5469817839425646,0,0.03424812266339122,positive,754
economic_inv,urb,青海,山东,0.0018970290944330683,0.0018970290944330683,0.4992697489459262,0.5469817839425646,0,0.03424812266339122,positive,755
economic_inv,urb,广西,青海,0.0018869830988670975,0.0018869830988670975,0.4992697489459262,0.5469817839425646,0,0.03424812266339122,positive,756
economic_inv,urb,湖南,重庆,0.0018672175492781054,0.0018672175492781054,0.4992697489459262,0.5469817839425646,0,0.03424812266339122,positive,757
economic_inv,urb,北京,山东,0.0018620132030035081,0.0018620132030035081,0.4992697489459262,0.5469817839425646,0,0.03424812266339122,positive,758
economic_inv,urb,安徽,山东,0.001844843352587331,0.001844843352587331,0.4992697489459262,0.5469817839425646,0,0.03424812266339122,positive,759
economic_inv,urb,湖南,浙江,0.0018116297918439436,0.0018116297918439436,0.4992697489459262,0.5469817839425646,0,0.03424812266339122,positive,760
economic_inv,urb,海南,江苏,0.0018040093701013641,0.0018040093701013641,0.4992697489459262,0.5469817839425646,0,0.03424812266339122,positive,761
economic_inv,urb,河北,陕西,0.0017919631182040283,0.0017919631182040283,0.4992697489459262,0.5469817839425646,0,0.03424812266339122,positive,762
economic_inv,urb,湖南,天津,0.0017727747992907605,0.0017727747992907605,0.4992697489459262,0.5469817839425646,0,0.03424812266339122,positive,763
economic_inv,urb,海南,广东,0.0017480827287814523,0.0017480827287814523,0.4992697489459262,0.5469817839425646,0,0.03424812266339122,positive,764
economic_inv,urb,重庆,浙江,0.0017253507930311469,0.0017253507930311469,0.4992697489459262,0.5469817839425646,0,0.03424812266339122,positive,765
economic_inv,urb,河北,江西,0.0017099884921523804,0.0017099884921523804,0.4992697489459262,0.5469817839425646,0,0.03424812266339122,positive,766
economic_inv,urb,贵州,江苏,0.001707024164182552,0.001707024164182552,0.4992697489459262,0.5469817839425646,0,0.03424812266339122,positive,767
economic_inv,urb,青海,江苏,0.0016891291675104768,0.0016891291675104768,0.4992697489459262,0.5469817839425646,0,0.03424812266339122,positive,768
economic_inv,urb,宁夏,山东,0.0016554181513400996,0.0016554181513400996,0.4992697489459262,0.5469817839425646,0,0.03424812266339122,positive,769
economic_inv,urb,贵州,广东,0.0016475027839312289,0.0016475027839312289,0.4992697489459262,0.5469817839425646,0,0.03424812266339122,positive,770
economic_inv,urb,辽宁,江苏,0.0016422572830088876,0.0016422572830088876,0.4992697489459262,0.5469817839425646,0,0.03424812266339122,positive,771
economic_inv,urb,青海,广东,0.0016377229534466162,0.0016377229534466162,0.4992697489459262,0.5469817839425646,0,0.03424812266339122,positive,772
economic_inv,urb,湖南,云南,0.0016242117477829074,0.0016242117477829074,0.4992697489459262,0.5469817839425646,0,0.03424812266339122,positive,773
economic_inv,urb,湖南,黑龙江,0.0016128765670704172,0.0016128765670704172,0.4992697489459262,0.5469817839425646,0,0.03424812266339122,positive,774
economic_inv,urb,上海,江苏,0.0016111958932797726,0.0016111958932797726,0.4992697489459262,0.5469817839425646,0,0.03424812266339122,positive,775
economic_inv,urb,河北,内蒙古,0.0016047113824384717,0.0016047113824384717,0.4992697489459262,0.5469817839425646,0,0.03424812266339122,positive,776
economic_inv,urb,河北,广西,0.0015921822038117229,0.0015921822038117229,0.4992697489459262,0.5469817839425646,0,0.03424812266339122,positive,777
economic_inv,urb,陕西,山东,0.0015856190589896445,0.0015856190589896445,0.4992697489459262,0.5469817839425646,0,0.03424812266339122,positive,778
economic_inv,urb,北京,江苏,0.0015722878051776293,0.0015722878051776293,0.4992697489459262,0.5469817839425646,0,0.03424812266339122,positive,779
economic_inv,urb,辽宁,广东,0.0015685788003143714,0.0015685788003143714,0.4992697489459262,0.5469817839425646,0,0.03424812266339122,positive,780
economic_inv,urb,安徽,江苏,0.0015556827566170506,0.0015556827566170506,0.4992697489459262,0.5469817839425646,0,0.03424812266339122,positive,781
economic_inv,urb,河北,重庆,0.0015453474415591574,0.0015453474415591574,0.4992697489459262,0.5469817839425646,0,0.03424812266339122,positive,782
economic_inv,urb,上海,广东,0.0015394444710245775,0.0015394444710245775,0.4992697489459262,0.5469817839425646,0,0.03424812266339122,positive,783
economic_inv,urb,山西,山东,0.0015366804029013066,0.0015366804029013066,0.4992697489459262,0.5469817839425646,0,0.03424812266339122,positive,784
economic_inv,urb,湖北,陕西,0.0015106138514422696,0.0015106138514422696,0.4992697489459262,0.5469817839425646,0,0.03424812266339122,positive,785
economic_inv,urb,湖南,吉林,0.001507894574895449,0.001507894574895449,0.4992697489459262,0.5469817839425646,0,0.03424812266339122,positive,786
economic_inv,urb,北京,广东,0.001505207500729408,0.001505207500729408,0.4992697489459262,0.5469817839425646,0,0.03424812266339122,positive,787
economic_inv,urb,安徽,广东,0.00148884469406386,0.00148884469406386,0.4992697489459262,0.5469817839425646,0,0.03424812266339122,positive,788
economic_inv,urb,宁夏,江苏,0.0014725233425028012,0.0014725233425028012,0.4992697489459262,0.5469817839425646,0,0.03424812266339122,positive,789
economic_inv,urb,河北,天津,0.0014662834064847103,0.0014662834064847103,0.4992697489459262,0.5469817839425646,0,0.03424812266339122,positive,790
economic_inv,urb,河北,浙江,0.0014642819349825196,0.0014642819349825196,0.4992697489459262,0.5469817839425646,0,0.03424812266339122,positive,791
economic_inv,urb,湖南,山西,0.0014487872925182704,0.0014487872925182704,0.4992697489459262,0.5469817839425646,0,0.03424812266339122,positive,792
economic_inv,urb,湖北,江西,0.0014418906286558062,0.0014418906286558062,0.4992697489459262,0.5469817839425646,0,0.03424812266339122,positive,793
economic_inv,urb,云南,河南,0.00144136536603275,0.00144136536603275,0.4992697489459262,0.5469817839425646,0,0.03424812266339122,positive,794
economic_inv,urb,黑龙江,河南,0.0014352677602223055,0.0014352677602223055,0.4992697489459262,0.5469817839425646,0,0.03424812266339122,positive,795
economic_inv,urb,吉林,山东,0.00142751785424539,0.00142751785424539,0.4992697489459262,0.5469817839425646,0,0.03424812266339122,positive,796
economic_inv,urb,宁夏,广东,0.0014273563758620692,0.0014273563758620692,0.4992697489459262,0.5469817839425646,0,0.03424812266339122,positive,797
economic_inv,urb,内蒙古,河南,0.0013617515102206871,0.0013617515102206871,0.4992697489459262,0.5469817839425646,0,0.03424812266339122,positive,798
economic_inv,urb,陕西,江苏,0.0013593883718529148,0.0013593883718529148,0.4992697489459262,0.5469817839425646,0,0.03424812266339122,positive,799
economic_inv,urb,湖南,贵州,0.0013555661303323555,0.0013555661303323555,0.4992697489459262,0.5469817839425646,0,0.03424812266339122,positive,800
economic_inv,urb,湖北,内蒙古,0.0013535785396529812,0.0013535785396529812,0.4992697489459262,0.5469817839425646,0,0.03424812266339122,positive,801
economic_inv,urb,湖北,广西,0.0013430643998749315,0.0013430643998749315,0.4992697489459262,0.5469817839425646,0,0.03424812266339122,positive,802
economic_inv,urb,河北,云南,0.0013421082166066114,0.0013421082166066114,0.4992697489459262,0.5469817839425646,0,0.03424812266339122,positive,803
economic_inv,urb,山西,江苏,0.0013388863487147078,0.0013388863487147078,0.4992697489459262,0.5469817839425646,0,0.03424812266339122,positive,804
economic_inv,urb,河北,黑龙江,0.0013326436437363053,0.0013326436437363053,0.4992697489459262,0.5469817839425646,0,0.03424812266339122,positive,805
economic_inv,urb,广西,河南,0.0013222826166604331,0.0013222826166604331,0.4992697489459262,0.5469817839425646,0,0.03424812266339122,positive,806
economic_inv,urb,天津,山东,0.0013153847687238105,0.0013153847687238105,0.4992697489459262,0.5469817839425646,0,0.03424812266339122,positive,807
economic_inv,urb,江西,山东,0.001311201265625374,0.001311201265625374,0.4992697489459262,0.5469817839425646,0,0.03424812266339122,positive,808
economic_inv,urb,陕西,广东,0.0013060184214265334,0.0013060184214265334,0.4992697489459262,0.5469817839425646,0,0.03424812266339122,positive,809
economic_inv,urb,湖北,重庆,0.0013037544399353478,0.0013037544399353478,0.4992697489459262,0.5469817839425646,0,0.03424812266339122,positive,810
economic_inv,urb,山西,广东,0.0012912821069605914,0.0012912821069605914,0.4992697489459262,0.5469817839425646,0,0.03424812266339122,positive,811
economic_inv,urb,湖北,浙江,0.0012474701939032603,0.0012474701939032603,0.4992697489459262,0.5469817839425646,0,0.03424812266339122,positive,812
economic_inv,urb,河北,吉林,0.0012450526918688126,0.0012450526918688126,0.4992697489459262,0.5469817839425646,0,0.03424812266339122,positive,813
economic_inv,urb,吉林,江苏,0.0012416111435714708,0.0012416111435714708,0.4992697489459262,0.5469817839425646,0,0.03424812266339122,positive,814
economic_inv,urb,湖北,天津,0.0012373664382194954,0.0012373664382194954,0.4992697489459262,0.5469817839425646,0,0.03424812266339122,positive,815
economic_inv,urb,湖南,新疆,0.001221060703013892,0.001221060703013892,0.4992697489459262,0.5469817839425646,0,0.03424812266339122,positive,816
economic_inv,urb,吉林,广东,0.0011969644194896527,0.0011969644194896527,0.4992697489459262,0.5469817839425646,0,0.03424812266339122,positive,817
economic_inv,urb,河北,山西,0.0011957894903783862,0.0011957894903783862,0.4992697489459262,0.5469817839425646,0,0.03424812266339122,positive,818
economic_inv,urb,天津,江苏,0.0011363611537895753,0.0011363611537895753,0.4992697489459262,0.5469817839425646,0,0.03424812266339122,positive,819
economic_inv,urb,湖北,云南,0.0011330313950696227,0.0011330313950696227,0.4992697489459262,0.5469817839425646,0,0.03424812266339122,positive,820
economic_inv,urb,云南,浙江,0.0011326124877960408,0.0011326124877960408,0.4992697489459262,0.5469817839425646,0,0.03424812266339122,positive,821
economic_inv,urb,黑龙江,浙江,0.0011289561234258964,0.0011289561234258964,0.4992697489459262,0.5469817839425646,0,0.03424812266339122,positive,822
economic_inv,urb,江西,江苏,0.0011260545751815632,0.0011260545751815632,0.4992697489459262,0.5469817839425646,0,0.03424812266339122,positive,823
economic_inv,urb,湖北,黑龙江,0.001125075598904177,0.001125075598904177,0.4992697489459262,0.5469817839425646,0,0.03424812266339122,positive,824
economic_inv,urb,河北,贵州,0.001118170711900766,0.001118170711900766,0.4992697489459262,0.5469817839425646,0,0.03424812266339122,positive,825
economic_inv,urb,天津,广东,0.0010937266561670792,0.0010937266561670792,0.4992697489459262,0.5469817839425646,0,0.03424812266339122,positive,826
economic_inv,urb,江西,广东,0.0010822839595662442,0.0010822839595662442,0.4992697489459262,0.5469817839425646,0,0.03424812266339122,positive,827
economic_inv,urb,湖南,甘肃,0.001078573972757393,0.001078573972757393,0.4992697489459262,0.5469817839425646,0,0.03424812266339122,positive,828
economic_inv,urb,湖北,吉林,0.0010514247226005352,0.0010514247226005352,0.4992697489459262,0.5469817839425646,0,0.03424812266339122,positive,829
economic_inv,urb,内蒙古,浙江,0.0010428208287420794,0.0010428208287420794,0.4992697489459262,0.5469817839425646,0,0.03424812266339122,positive,830
economic_inv,urb,广西,浙江,0.0010137541830836903,0.0010137541830836903,0.4992697489459262,0.5469817839425646,0,0.03424812266339122,positive,831
economic_inv,urb,湖北,山西,0.0010099834433171275,0.0010099834433171275,0.4992697489459262,0.5469817839425646,0,0.03424812266339122,positive,832
economic_inv,urb,河北,新疆,0.0010063426913933203,0.0010063426913933203,0.4992697489459262,0.5469817839425646,0,0.03424812266339122,positive,833
economic_inv,urb,重庆,山东,0.0010029159182242623,0.0010029159182242623,0.4992697489459262,0.5469817839425646,0,0.03424812266339122,positive,834
economic_inv,urb,湖南,海南,0.000957558448496874,0.000957558448496874,0.4992697489459262,0.5469817839425646,0,0.03424812266339122,positive,835
economic_inv,urb,湖北,贵州,0.0009446620797443389,0.0009446620797443389,0.4992697489459262,0.5469817839425646,0,0.03424812266339122,positive,836
economic_inv,urb,湖南,宁夏,0.0009311873266056243,0.0009311873266056243,0.4992697489459262,0.5469817839425646,0,0.03424812266339122,positive,837
economic_inv,urb,湖南,青海,0.000912493778434747,0.000912493778434747,0.4992697489459262,0.5469817839425646,0,0.03424812266339122,positive,838
economic_inv,urb,河北,甘肃,0.0008880914763822885,0.0008880914763822885,0.4992697489459262,0.5469817839425646,0,0.03424812266339122,positive,839
economic_inv,urb,重庆,江苏,0.0008646247474645328,0.0008646247474645328,0.4992697489459262,0.5469817839425646,0,0.03424812266339122,positive,840
economic_inv,urb,湖北,新疆,0.0008504937664919628,0.0008504937664919628,0.4992697489459262,0.5469817839425646,0,0.03424812266339122,positive,841
economic_inv,urb,重庆,广东,0.000831775102158843,0.000831775102158843,0.4992697489459262,0.5469817839425646,0,0.03424812266339122,positive,842
economic_inv,urb,河北,海南,0.0007878306630875709,0.0007878306630875709,0.4992697489459262,0.5469817839425646,0,0.03424812266339122,positive,843
economic_inv,urb,河北,宁夏,0.0007660031393190624,0.0007660031393190624,0.4992697489459262,0.5469817839425646,0,0.03424812266339122,positive,844
economic_inv,urb,湖北,甘肃,0.0007508425570264046,0.0007508425570264046,0.4992697489459262,0.5469817839425646,0,0.03424812266339122,positive,845
economic_inv,urb,河北,青海,0.0007505348959987137,0.0007505348959987137,0.4992697489459262,0.5469817839425646,0,0.03424812266339122,positive,846
economic_inv,urb,湖南,山东,0.0007488473996228171,0.0007488473996228171,0.4992697489459262,0.5469817839425646,0,0.03424812266339122,positive,847
economic_inv,urb,云南,山东,0.000677844038529049,0.000677844038529049,0.4992697489459262,0.5469817839425646,0,0.03424812266339122,positive,848
economic_inv,urb,黑龙江,山东,0.000676658864730566,0.000676658864730566,0.4992697489459262,0.5469817839425646,0,0.03424812266339122,positive,849
economic_inv,urb,湖北,海南,0.0006662923121269159,0.0006662923121269159,0.4992697489459262,0.5469817839425646,0,0.03424812266339122,positive,850
economic_inv,urb,湖北,宁夏,0.000647877830080337,0.000647877830080337,0.4992697489459262,0.5469817839425646,0,0.03424812266339122,positive,851
economic_inv,urb,湖北,青海,0.000634826691543688,0.000634826691543688,0.4992697489459262,0.5469817839425646,0,0.03424812266339122,positive,852
economic_inv,urb,湖南,江苏,0.000611758986130614,0.000611758986130614,0.4992697489459262,0.5469817839425646,0,0.03424812266339122,positive,853
economic_inv,urb,河北,山东,0.00060938577158069,0.00060938577158069,0.4992697489459262,0.5469817839425646,0,0.03424812266339122,positive,854
economic_inv,urb,内蒙古,山东,0.000601556704283509,0.000601556704283509,0.4992697489459262,0.5469817839425646,0,0.03424812266339122,positive,855
economic_inv,urb,云南,江苏,0.0005877048305467314,0.0005877048305467314,0.4992697489459262,0.5469817839425646,0,0.03424812266339122,positive,856
economic_inv,urb,黑龙江,江苏,0.000586849947845043,0.000586849947845043,0.4992697489459262,0.5469817839425646,0,0.03424812266339122,positive,857
economic_inv,urb,广西,山东,0.0005857165153603462,0.0005857165153603462,0.4992697489459262,0.5469817839425646,0,0.03424812266339122,positive,858
economic_inv,urb,湖南,广东,0.0005812808583423597,0.0005812808583423597,0.4992697489459262,0.5469817839425646,0,0.03424812266339122,positive,859
economic_inv,urb,云南,广东,0.0005661420764710952,0.0005661420764710952,0.4992697489459262,0.5469817839425646,0,0.03424812266339122,positive,860
economic_inv,urb,黑龙江,广东,0.0005653583677419731,0.0005653583677419731,0.4992697489459262,0.5469817839425646,0,0.03424812266339122,positive,861
economic_inv,urb,内蒙古,江苏,0.0005178536241878481,0.0005178536241878481,0.4992697489459262,0.5469817839425646,0,0.03424812266339122,positive,862
economic_inv,urb,湖北,山东,0.0005177145598232652,0.0005177145598232652,0.4992697489459262,0.5469817839425646,0,0.03424812266339122,positive,863
economic_inv,urb,广西,江苏,0.0005043691743204174,0.0005043691743204174,0.4992697489459262,0.5469817839425646,0,0.03424812266339122,positive,864
economic_inv,urb,河北,江苏,0.0004982651478227125,0.0004982651478227125,0.4992697489459262,0.5469817839425646,0,0.03424812266339122,positive,865
economic_inv,urb,内蒙古,广东,0.0004980066260625483,0.0004980066260625483,0.4992697489459262,0.5469817839425646,0,0.03424812266339122,positive,866
economic_inv,urb,广西,广东,0.00048507357176648635,0.00048507357176648635,0.4992697489459262,0.5469817839425646,0,0.03424812266339122,positive,867
economic_inv,urb,河北,广东,0.00047353377843664814,0.00047353377843664814,0.4992697489459262,0.5469817839425646,0,0.03424812266339122,positive,868
economic_inv,urb,湖北,江苏,0.0004231573472643596,0.0004231573472643596,0.4992697489459262,0.5469817839425646,0,0.03424812266339122,positive,869
economic_inv,urb,湖北,广东,0.00040212166539301805,0.00040212166539301805,0.4992697489459262,0.5469817839425646,0,0.03424812266339122,positive,870
