variable,label,vif,tolerance,judge
ind,产业结构 ind,1.4019097880769997,0.713312659990555,可接受
es,能源结构 es,2.3405532041550643,0.4272494204467351,可接受
rd,研发投入 rd,3.464706115951889,0.2886247683161033,可接受
urb,城镇化率 urb,3.9360145310804886,0.2540641026865027,可接受
lntl,夜间灯光 lntl,5.48488386411895,0.18231926596327896,需关注
open,对外开放度 open,7.1305962538979815,0.14024072663675835,需关注
