weight_type,variable,source,target,spillover_weight,abs_weight,indirect_coef,indirect_pvalue,retained,threshold,sign,rank_within_variable
economic_inv,es,河北,湖北,-0.6529456671331413,0.6529456671331413,-1.056586549171115,0.0001395464102329,1,0.07247806584897007,negative,1
economic_inv,es,黑龙江,云南,-0.6471271346086764,0.6471271346086764,-1.056586549171115,0.0001395464102329,1,0.07247806584897007,negative,2
economic_inv,es,云南,黑龙江,-0.6468260864560559,0.6468260864560559,-1.056586549171115,0.0001395464102329,1,0.07247806584897007,negative,3
economic_inv,es,内蒙古,广西,-0.5877882830761619,0.5877882830761619,-1.056586549171115,0.0001395464102329,1,0.07247806584897007,negative,4
economic_inv,es,广西,内蒙古,-0.5735501748903011,0.5735501748903011,-1.056586549171115,0.0001395464102329,1,0.07247806584897007,negative,5
economic_inv,es,湖南,湖北,-0.5598483040432957,0.5598483040432957,-1.056586549171115,0.0001395464102329,1,0.07247806584897007,negative,6
economic_inv,es,湖北,河北,-0.5536260260002185,0.5536260260002185,-1.056586549171115,0.0001395464102329,1,0.07247806584897007,negative,7
economic_inv,es,北京,安徽,-0.4566878571481595,0.4566878571481595,-1.056586549171115,0.0001395464102329,1,0.07247806584897007,negative,8
economic_inv,es,广东,江苏,-0.4502451888975201,0.4502451888975201,-1.056586549171115,0.0001395464102329,1,0.07247806584897007,negative,9
economic_inv,es,安徽,北京,-0.44857250742297494,0.44857250742297494,-1.056586549171115,0.0001395464102329,1,0.07247806584897007,negative,10
economic_inv,es,辽宁,上海,-0.44643478142268,0.44643478142268,-1.056586549171115,0.0001395464102329,1,0.07247806584897007,negative,11
economic_inv,es,青海,宁夏,-0.44366445455193027,0.44366445455193027,-1.056586549171115,0.0001395464102329,1,0.07247806584897007,negative,12
economic_inv,es,上海,辽宁,-0.4414007015898361,0.4414007015898361,-1.056586549171115,0.0001395464102329,1,0.07247806584897007,negative,13
economic_inv,es,江苏,广东,-0.4291414532372068,0.4291414532372068,-1.056586549171115,0.0001395464102329,1,0.07247806584897007,negative,14
economic_inv,es,湖北,湖南,-0.38814593080878057,0.38814593080878057,-1.056586549171115,0.0001395464102329,1,0.07247806584897007,negative,15
economic_inv,es,宁夏,青海,-0.3836548042860485,0.3836548042860485,-1.056586549171115,0.0001395464102329,1,0.07247806584897007,negative,16
economic_inv,es,海南,宁夏,-0.3458179298052232,0.3458179298052232,-1.056586549171115,0.0001395464102329,1,0.07247806584897007,negative,17
economic_inv,es,湖南,河北,-0.3291100244486382,0.3291100244486382,-1.056586549171115,0.0001395464102329,1,0.07247806584897007,negative,18
economic_inv,es,宁夏,海南,-0.28539026627024633,0.28539026627024633,-1.056586549171115,0.0001395464102329,1,0.07247806584897007,negative,19
economic_inv,es,陕西,江西,-0.2758324639582811,0.2758324639582811,-1.056586549171115,0.0001395464102329,1,0.07247806584897007,negative,20
economic_inv,es,河北,湖南,-0.2691078258431865,0.2691078258431865,-1.056586549171115,0.0001395464102329,1,0.07247806584897007,negative,21
economic_inv,es,重庆,广西,-0.2551290964756444,0.2551290964756444,-1.056586549171115,0.0001395464102329,1,0.07247806584897007,negative,22
economic_inv,es,山西,吉林,-0.24347004767810126,0.24347004767810126,-1.056586549171115,0.0001395464102329,1,0.07247806584897007,negative,23
economic_inv,es,江西,陕西,-0.23086990882374797,0.23086990882374797,-1.056586549171115,0.0001395464102329,1,0.07247806584897007,negative,24
economic_inv,es,吉林,山西,-0.2231534422894593,0.2231534422894593,-1.056586549171115,0.0001395464102329,1,0.07247806584897007,negative,25
economic_inv,es,四川,湖南,-0.20485434079291398,0.20485434079291398,-1.056586549171115,0.0001395464102329,1,0.07247806584897007,negative,26
economic_inv,es,重庆,内蒙古,-0.20286622828590495,0.20286622828590495,-1.056586549171115,0.0001395464102329,1,0.07247806584897007,negative,27
economic_inv,es,海南,青海,-0.1983045926453078,0.1983045926453078,-1.056586549171115,0.0001395464102329,1,0.07247806584897007,negative,28
economic_inv,es,四川,湖北,-0.18931494969007776,0.18931494969007776,-1.056586549171115,0.0001395464102329,1,0.07247806584897007,negative,29
economic_inv,es,青海,海南,-0.18925110189352126,0.18925110189352126,-1.056586549171115,0.0001395464102329,1,0.07247806584897007,negative,30
economic_inv,es,天津,重庆,-0.18532568874427852,0.18532568874427852,-1.056586549171115,0.0001395464102329,1,0.07247806584897007,negative,31
economic_inv,es,贵州,山西,-0.18054912501509057,0.18054912501509057,-1.056586549171115,0.0001395464102329,1,0.07247806584897007,negative,32
economic_inv,es,四川,河北,-0.1797551517731224,0.1797551517731224,-1.056586549171115,0.0001395464102329,1,0.07247806584897007,negative,33
economic_inv,es,江西,内蒙古,-0.16098324916732826,0.16098324916732826,-1.056586549171115,0.0001395464102329,1,0.07247806584897007,negative,34
economic_inv,es,山东,江苏,-0.15811575115300697,0.15811575115300697,-1.056586549171115,0.0001395464102329,1,0.07247806584897007,negative,35
economic_inv,es,广西,重庆,-0.14775932615185397,0.14775932615185397,-1.056586549171115,0.0001395464102329,1,0.07247806584897007,negative,36
economic_inv,es,江西,广西,-0.14273878675657467,0.14273878675657467,-1.056586549171115,0.0001395464102329,1,0.07247806584897007,negative,37
economic_inv,es,吉林,黑龙江,-0.1398705481074779,0.1398705481074779,-1.056586549171115,0.0001395464102329,1,0.07247806584897007,negative,38
economic_inv,es,重庆,天津,-0.1391792495217102,0.1391792495217102,-1.056586549171115,0.0001395464102329,1,0.07247806584897007,negative,39
economic_inv,es,新疆,贵州,-0.13887351380378773,0.13887351380378773,-1.056586549171115,0.0001395464102329,1,0.07247806584897007,negative,40
economic_inv,es,山西,贵州,-0.13877835976064806,0.13877835976064806,-1.056586549171115,0.0001395464102329,1,0.07247806584897007,negative,41
economic_inv,es,福建,辽宁,-0.1316042030576182,0.1316042030576182,-1.056586549171115,0.0001395464102329,1,0.07247806584897007,negative,42
economic_inv,es,吉林,云南,-0.1271272825497534,0.1271272825497534,-1.056586549171115,0.0001395464102329,1,0.07247806584897007,negative,43
economic_inv,es,浙江,河南,-0.12422196197531722,0.12422196197531722,-1.056586549171115,0.0001395464102329,1,0.07247806584897007,negative,44
economic_inv,es,甘肃,新疆,-0.12374008414870062,0.12374008414870062,-1.056586549171115,0.0001395464102329,1,0.07247806584897007,negative,45
economic_inv,es,江苏,山东,-0.12291228910084885,0.12291228910084885,-1.056586549171115,0.0001395464102329,1,0.07247806584897007,negative,46
economic_inv,es,山东,广东,-0.1229119884998223,0.1229119884998223,-1.056586549171115,0.0001395464102329,1,0.07247806584897007,negative,47
economic_inv,es,内蒙古,重庆,-0.1204076759030696,0.1204076759030696,-1.056586549171115,0.0001395464102329,1,0.07247806584897007,negative,48
economic_inv,es,天津,广西,-0.11991117104928972,0.11991117104928972,-1.056586549171115,0.0001395464102329,1,0.07247806584897007,negative,49
economic_inv,es,贵州,吉林,-0.1149993125418138,0.1149993125418138,-1.056586549171115,0.0001395464102329,1,0.07247806584897007,negative,50
economic_inv,es,甘肃,海南,-0.11425409605168675,0.11425409605168675,-1.056586549171115,0.0001395464102329,1,0.07247806584897007,negative,51
economic_inv,es,陕西,内蒙古,-0.11331899556834811,0.11331899556834811,-1.056586549171115,0.0001395464102329,1,0.07247806584897007,negative,52
economic_inv,es,福建,上海,-0.11093866256082727,0.11093866256082727,-1.056586549171115,0.0001395464102329,1,0.07247806584897007,negative,53
economic_inv,es,天津,内蒙古,-0.10991615419392813,0.10991615419392813,-1.056586549171115,0.0001395464102329,1,0.07247806584897007,negative,54
economic_inv,es,贵州,新疆,-0.1054636308975116,0.1054636308975116,-1.056586549171115,0.0001395464102329,1,0.07247806584897007,negative,55
economic_inv,es,陕西,广西,-0.10538296276087838,0.10538296276087838,-1.056586549171115,0.0001395464102329,1,0.07247806584897007,negative,56
economic_inv,es,新疆,甘肃,-0.10430714036148055,0.10430714036148055,-1.056586549171115,0.0001395464102329,1,0.07247806584897007,negative,57
economic_inv,es,天津,云南,-0.1024804828064259,0.1024804828064259,-1.056586549171115,0.0001395464102329,1,0.07247806584897007,negative,58
economic_inv,es,广东,山东,-0.10024507141224406,0.10024507141224406,-1.056586549171115,0.0001395464102329,1,0.07247806584897007,negative,59
economic_inv,es,江西,重庆,-0.09913013954470966,0.09913013954470966,-1.056586549171115,0.0001395464102329,1,0.07247806584897007,negative,60
economic_inv,es,天津,黑龙江,-0.09455114590051494,0.09455114590051494,-1.056586549171115,0.0001395464102329,1,0.07247806584897007,negative,61
economic_inv,es,山西,黑龙江,-0.09380726871315423,0.09380726871315423,-1.056586549171115,0.0001395464102329,1,0.07247806584897007,negative,62
economic_inv,es,福建,河北,-0.09347142053143558,0.09347142053143558,-1.056586549171115,0.0001395464102329,1,0.07247806584897007,negative,63
economic_inv,es,甘肃,宁夏,-0.0912276511256065,0.0912276511256065,-1.056586549171115,0.0001395464102329,1,0.07247806584897007,negative,64
economic_inv,es,福建,湖北,-0.09121977841347037,0.09121977841347037,-1.056586549171115,0.0001395464102329,1,0.07247806584897007,negative,65
economic_inv,es,河南,浙江,-0.0909594440607816,0.0909594440607816,-1.056586549171115,0.0001395464102329,1,0.07247806584897007,negative,66
economic_inv,es,安徽,上海,-0.08941708275544634,0.08941708275544634,-1.056586549171115,0.0001395464102329,1,0.07247806584897007,negative,67
economic_inv,es,上海,安徽,-0.08919813502584656,0.08919813502584656,-1.056586549171115,0.0001395464102329,1,0.07247806584897007,negative,68
economic_inv,es,河南,四川,-0.08893767057814388,0.08893767057814388,-1.056586549171115,0.0001395464102329,1,0.07247806584897007,negative,69
economic_inv,es,山西,云南,-0.08836251425991165,0.08836251425991165,-1.056586549171115,0.0001395464102329,1,0.07247806584897007,negative,70
economic_inv,es,福建,湖南,-0.08818965966862405,0.08818965966862405,-1.056586549171115,0.0001395464102329,1,0.07247806584897007,negative,71
economic_inv,es,新疆,山西,-0.08766564038390337,0.08766564038390337,-1.056586549171115,0.0001395464102329,1,0.07247806584897007,negative,72
economic_inv,es,海南,甘肃,-0.08728666601464137,0.08728666601464137,-1.056586549171115,0.0001395464102329,1,0.07247806584897007,negative,73
economic_inv,es,辽宁,福建,-0.08316141407957438,0.08316141407957438,-1.056586549171115,0.0001395464102329,1,0.07247806584897007,negative,74
economic_inv,es,陕西,重庆,-0.08285850495578424,0.08285850495578424,-1.056586549171115,0.0001395464102329,1,0.07247806584897007,negative,75
economic_inv,es,吉林,贵州,-0.08101765263948937,0.08101765263948937,-1.056586549171115,0.0001395464102329,1,0.07247806584897007,negative,76
economic_inv,es,甘肃,青海,-0.07933405273639513,0.07933405273639513,-1.056586549171115,0.0001395464102329,1,0.07247806584897007,negative,77
economic_inv,es,重庆,江西,-0.07794542054403118,0.07794542054403118,-1.056586549171115,0.0001395464102329,1,0.07247806584897007,negative,78
economic_inv,es,北京,上海,-0.07590424919277082,0.07590424919277082,-1.056586549171115,0.0001395464102329,1,0.07247806584897007,negative,79
economic_inv,es,河南,湖南,-0.07536937539903804,0.07536937539903804,-1.056586549171115,0.0001395464102329,1,0.07247806584897007,negative,80
economic_inv,es,内蒙古,江西,-0.07512941282279073,0.07512941282279073,-1.056586549171115,0.0001395464102329,1,0.07247806584897007,negative,81
economic_inv,es,辽宁,安徽,-0.07504944821884067,0.07504944821884067,-1.056586549171115,0.0001395464102329,1,0.07247806584897007,negative,82
economic_inv,es,河南,湖北,-0.0744372402534886,0.0744372402534886,-1.056586549171115,0.0001395464102329,1,0.07247806584897007,negative,83
economic_inv,es,安徽,辽宁,-0.07438531775551059,0.07438531775551059,-1.056586549171115,0.0001395464102329,1,0.07247806584897007,negative,84
economic_inv,es,上海,北京,-0.07437287229428097,0.07437287229428097,-1.056586549171115,0.0001395464102329,1,0.07247806584897007,negative,85
economic_inv,es,河南,河北,-0.07379735324573657,0.07379735324573657,-1.056586549171115,0.0001395464102329,1,0.07247806584897007,negative,86
economic_inv,es,贵州,黑龙江,-0.07281971976236205,0.07281971976236205,-1.056586549171115,0.0001395464102329,1,0.07247806584897007,negative,87
economic_inv,es,新疆,吉林,-0.07244010430303761,0.07244010430303761,-1.056586549171115,0.0001395464102329,0,0.07247806584897007,negative,88
economic_inv,es,甘肃,贵州,-0.07066442165431311,0.07066442165431311,-1.056586549171115,0.0001395464102329,0,0.07247806584897007,negative,89
economic_inv,es,贵州,云南,-0.07023735689382987,0.07023735689382987,-1.056586549171115,0.0001395464102329,0,0.07247806584897007,negative,90
economic_inv,es,上海,福建,-0.0693122549438022,0.0693122549438022,-1.056586549171115,0.0001395464102329,0,0.07247806584897007,negative,91
economic_inv,es,天津,江西,-0.06652992836977642,0.06652992836977642,-1.056586549171115,0.0001395464102329,0,0.07247806584897007,negative,92
economic_inv,es,广西,江西,-0.06500126355124934,0.06500126355124934,-1.056586549171115,0.0001395464102329,0,0.07247806584897007,negative,93
economic_inv,es,北京,辽宁,-0.0649591032650862,0.0649591032650862,-1.056586549171115,0.0001395464102329,0,0.07247806584897007,negative,94
economic_inv,es,黑龙江,吉林,-0.06486816016617239,0.06486816016617239,-1.056586549171115,0.0001395464102329,0,0.07247806584897007,negative,95
economic_inv,es,辽宁,北京,-0.0643744438793916,0.0643744438793916,-1.056586549171115,0.0001395464102329,0,0.07247806584897007,negative,96
economic_inv,es,江西,天津,-0.06354348597346286,0.06354348597346286,-1.056586549171115,0.0001395464102329,0,0.07247806584897007,negative,97
economic_inv,es,福建,四川,-0.06278233188469536,0.06278233188469536,-1.056586549171115,0.0001395464102329,0,0.07247806584897007,negative,98
economic_inv,es,福建,安徽,-0.062428221926536055,0.062428221926536055,-1.056586549171115,0.0001395464102329,0,0.07247806584897007,negative,99
economic_inv,es,浙江,四川,-0.0614129468107772,0.0614129468107772,-1.056586549171115,0.0001395464102329,0,0.07247806584897007,negative,100
economic_inv,es,吉林,天津,-0.060931797220833,0.060931797220833,-1.056586549171115,0.0001395464102329,0,0.07247806584897007,negative,101
economic_inv,es,山东,浙江,-0.06039773217305301,0.06039773217305301,-1.056586549171115,0.0001395464102329,0,0.07247806584897007,negative,102
economic_inv,es,陕西,天津,-0.059533148335973014,0.059533148335973014,-1.056586549171115,0.0001395464102329,0,0.07247806584897007,negative,103
economic_inv,es,四川,福建,-0.05901827270950429,0.05901827270950429,-1.056586549171115,0.0001395464102329,0,0.07247806584897007,negative,104
economic_inv,es,云南,吉林,-0.0589307520482396,0.0589307520482396,-1.056586549171115,0.0001395464102329,0,0.07247806584897007,negative,105
economic_inv,es,青海,甘肃,-0.05784174838329907,0.05784174838329907,-1.056586549171115,0.0001395464102329,0,0.07247806584897007,negative,106
economic_inv,es,宁夏,甘肃,-0.05751674098169821,0.05751674098169821,-1.056586549171115,0.0001395464102329,0,0.07247806584897007,negative,107
economic_inv,es,福建,北京,-0.057422971616708875,0.057422971616708875,-1.056586549171115,0.0001395464102329,0,0.07247806584897007,negative,108
economic_inv,es,新疆,黑龙江,-0.05672279727845156,0.05672279727845156,-1.056586549171115,0.0001395464102329,0,0.07247806584897007,negative,109
economic_inv,es,甘肃,山西,-0.0565067280680859,0.0565067280680859,-1.056586549171115,0.0001395464102329,0,0.07247806584897007,negative,110
economic_inv,es,浙江,湖南,-0.05628929319243359,0.05628929319243359,-1.056586549171115,0.0001395464102329,0,0.07247806584897007,negative,111
economic_inv,es,浙江,湖北,-0.055906441333176626,0.055906441333176626,-1.056586549171115,0.0001395464102329,0,0.07247806584897007,negative,112
economic_inv,es,浙江,河北,-0.055641115624022776,0.055641115624022776,-1.056586549171115,0.0001395464102329,0,0.07247806584897007,negative,113
economic_inv,es,新疆,云南,-0.055515388244242674,0.055515388244242674,-1.056586549171115,0.0001395464102329,0,0.07247806584897007,negative,114
economic_inv,es,河南,福建,-0.05473528363818276,0.05473528363818276,-1.056586549171115,0.0001395464102329,0,0.07247806584897007,negative,115
economic_inv,es,重庆,陕西,-0.054531059080748075,0.054531059080748075,-1.056586549171115,0.0001395464102329,0,0.07247806584897007,negative,116
economic_inv,es,云南,天津,-0.054244736118087784,0.054244736118087784,-1.056586549171115,0.0001395464102329,0,0.07247806584897007,negative,117
economic_inv,es,天津,吉林,-0.053361836735994504,0.053361836735994504,-1.056586549171115,0.0001395464102329,0,0.07247806584897007,negative,118
economic_inv,es,山西,天津,-0.052220480022261116,0.052220480022261116,-1.056586549171115,0.0001395464102329,0,0.07247806584897007,negative,119
economic_inv,es,天津,陕西,-0.05217071902370917,0.05217071902370917,-1.056586549171115,0.0001395464102329,0,0.07247806584897007,negative,120
economic_inv,es,广西,天津,-0.05215469652723332,0.05215469652723332,-1.056586549171115,0.0001395464102329,0,0.07247806584897007,negative,121
economic_inv,es,山西,新疆,-0.05117278655512302,0.05117278655512302,-1.056586549171115,0.0001395464102329,0,0.07247806584897007,negative,122
economic_inv,es,甘肃,吉林,-0.050715045766108476,0.050715045766108476,-1.056586549171115,0.0001395464102329,0,0.07247806584897007,negative,123
economic_inv,es,新疆,海南,-0.05007482966055549,0.05007482966055549,-1.056586549171115,0.0001395464102329,0,0.07247806584897007,negative,124
economic_inv,es,黑龙江,天津,-0.05007089087349155,0.05007089087349155,-1.056586549171115,0.0001395464102329,0,0.07247806584897007,negative,125
economic_inv,es,重庆,云南,-0.04955820304605965,0.04955820304605965,-1.056586549171115,0.0001395464102329,0,0.07247806584897007,negative,126
economic_inv,es,贵州,天津,-0.04936345156130701,0.04936345156130701,-1.056586549171115,0.0001395464102329,0,0.07247806584897007,negative,127
economic_inv,es,内蒙古,天津,-0.04899421584596277,0.04899421584596277,-1.056586549171115,0.0001395464102329,0,0.07247806584897007,negative,128
economic_inv,es,吉林,重庆,-0.04730966674382249,0.04730966674382249,-1.056586549171115,0.0001395464102329,0,0.07247806584897007,negative,129
economic_inv,es,重庆,黑龙江,-0.047019102329613274,0.047019102329613274,-1.056586549171115,0.0001395464102329,0,0.07247806584897007,negative,130
economic_inv,es,浙江,福建,-0.046668293562823086,0.046668293562823086,-1.056586549171115,0.0001395464102329,0,0.07247806584897007,negative,131
economic_inv,es,河南,辽宁,-0.04625026874438837,0.04625026874438837,-1.056586549171115,0.0001395464102329,0,0.07247806584897007,negative,132
economic_inv,es,湖南,四川,-0.045953590928917695,0.045953590928917695,-1.056586549171115,0.0001395464102329,0,0.07247806584897007,negative,133
economic_inv,es,山东,河南,-0.04578070988311386,0.04578070988311386,-1.056586549171115,0.0001395464102329,0,0.07247806584897007,negative,134
economic_inv,es,海南,新疆,-0.04538287191988313,0.04538287191988313,-1.056586549171115,0.0001395464102329,0,0.07247806584897007,negative,135
economic_inv,es,贵州,甘肃,-0.045236368776201415,0.045236368776201415,-1.056586549171115,0.0001395464102329,0,0.07247806584897007,negative,136
economic_inv,es,河南,上海,-0.044952193210457556,0.044952193210457556,-1.056586549171115,0.0001395464102329,0,0.07247806584897007,negative,137
economic_inv,es,新疆,天津,-0.044276982185100025,0.044276982185100025,-1.056586549171115,0.0001395464102329,0,0.07247806584897007,negative,138
economic_inv,es,新疆,宁夏,-0.044265691307891285,0.044265691307891285,-1.056586549171115,0.0001395464102329,0,0.07247806584897007,negative,139
economic_inv,es,内蒙古,陕西,-0.044264338144684265,0.044264338144684265,-1.056586549171115,0.0001395464102329,0,0.07247806584897007,negative,140
economic_inv,es,甘肃,黑龙江,-0.04358744598214083,0.04358744598214083,-1.056586549171115,0.0001395464102329,0,0.07247806584897007,negative,141
economic_inv,es,甘肃,云南,-0.04298191796122802,0.04298191796122802,-1.056586549171115,0.0001395464102329,0,0.07247806584897007,negative,142
economic_inv,es,山西,重庆,-0.042588014531535524,0.042588014531535524,-1.056586549171115,0.0001395464102329,0,0.07247806584897007,negative,143
economic_inv,es,贵州,重庆,-0.042396110027602414,0.042396110027602414,-1.056586549171115,0.0001395464102329,0,0.07247806584897007,negative,144
economic_inv,es,吉林,广西,-0.042167001382827855,0.042167001382827855,-1.056586549171115,0.0001395464102329,0,0.07247806584897007,negative,145
economic_inv,es,天津,山西,-0.04191656551762583,0.04191656551762583,-1.056586549171115,0.0001395464102329,0,0.07247806584897007,negative,146
economic_inv,es,浙江,辽宁,-0.0418723937821504,0.0418723937821504,-1.056586549171115,0.0001395464102329,0,0.07247806584897007,negative,147
economic_inv,es,浙江,上海,-0.0410858830620419,0.0410858830620419,-1.056586549171115,0.0001395464102329,0,0.07247806584897007,negative,148
economic_inv,es,吉林,内蒙古,-0.04101831961854767,0.04101831961854767,-1.056586549171115,0.0001395464102329,0,0.07247806584897007,negative,149
economic_inv,es,新疆,青海,-0.04074919781096195,0.04074919781096195,-1.056586549171115,0.0001395464102329,0,0.07247806584897007,negative,150
economic_inv,es,广西,陕西,-0.04016725511753766,0.04016725511753766,-1.056586549171115,0.0001395464102329,0,0.07247806584897007,negative,151
economic_inv,es,四川,辽宁,-0.03995674262148935,0.03995674262148935,-1.056586549171115,0.0001395464102329,0,0.07247806584897007,negative,152
economic_inv,es,黑龙江,山西,-0.039874921820556054,0.039874921820556054,-1.056586549171115,0.0001395464102329,0,0.07247806584897007,negative,153
economic_inv,es,新疆,重庆,-0.03981947171220539,0.03981947171220539,-1.056586549171115,0.0001395464102329,0,0.07247806584897007,negative,154
economic_inv,es,浙江,山东,-0.039662014672322436,0.039662014672322436,-1.056586549171115,0.0001395464102329,0,0.07247806584897007,negative,155
economic_inv,es,河南,安徽,-0.039470268910752664,0.039470268910752664,-1.056586549171115,0.0001395464102329,0,0.07247806584897007,negative,156
economic_inv,es,陕西,云南,-0.039449973309343155,0.039449973309343155,-1.056586549171115,0.0001395464102329,0,0.07247806584897007,negative,157
economic_inv,es,贵州,广西,-0.039365099569101274,0.039365099569101274,-1.056586549171115,0.0001395464102329,0,0.07247806584897007,negative,158
economic_inv,es,安徽,福建,-0.03909964285283111,0.03909964285283111,-1.056586549171115,0.0001395464102329,0,0.07247806584897007,negative,159
economic_inv,es,吉林,新疆,-0.03875669843129101,0.03875669843129101,-1.056586549171115,0.0001395464102329,0,0.07247806584897007,negative,160
economic_inv,es,山西,广西,-0.03869434897296141,0.03869434897296141,-1.056586549171115,0.0001395464102329,0,0.07247806584897007,negative,161
economic_inv,es,贵州,内蒙古,-0.03865318127492449,0.03865318127492449,-1.056586549171115,0.0001395464102329,0,0.07247806584897007,negative,162
economic_inv,es,河南,北京,-0.03853355057714178,0.03853355057714178,-1.056586549171115,0.0001395464102329,0,0.07247806584897007,negative,163
economic_inv,es,江西,云南,-0.03852997620942264,0.03852997620942264,-1.056586549171115,0.0001395464102329,0,0.07247806584897007,negative,164
economic_inv,es,陕西,黑龙江,-0.03836461182618379,0.03836461182618379,-1.056586549171115,0.0001395464102329,0,0.07247806584897007,negative,165
economic_inv,es,山西,内蒙古,-0.03780393544363933,0.03780393544363933,-1.056586549171115,0.0001395464102329,0,0.07247806584897007,negative,166
economic_inv,es,新疆,广西,-0.03774644492694535,0.03774644492694535,-1.056586549171115,0.0001395464102329,0,0.07247806584897007,negative,167
economic_inv,es,四川,上海,-0.03768921690750265,0.03768921690750265,-1.056586549171115,0.0001395464102329,0,0.07247806584897007,negative,168
economic_inv,es,浙江,安徽,-0.03759169695372489,0.03759169695372489,-1.056586549171115,0.0001395464102329,0,0.07247806584897007,negative,169
economic_inv,es,云南,山西,-0.03754303118536775,0.03754303118536775,-1.056586549171115,0.0001395464102329,0,0.07247806584897007,negative,170
economic_inv,es,江西,黑龙江,-0.03729866739790214,0.03729866739790214,-1.056586549171115,0.0001395464102329,0,0.07247806584897007,negative,171
economic_inv,es,新疆,内蒙古,-0.03724689036920419,0.03724689036920419,-1.056586549171115,0.0001395464102329,0,0.07247806584897007,negative,172
economic_inv,es,浙江,北京,-0.036965036355457,0.036965036355457,-1.056586549171115,0.0001395464102329,0,0.07247806584897007,negative,173
economic_inv,es,四川,河南,-0.036878694428315685,0.036878694428315685,-1.056586549171115,0.0001395464102329,0,0.07247806584897007,negative,174
economic_inv,es,甘肃,天津,-0.03687364038320376,0.03687364038320376,-1.056586549171115,0.0001395464102329,0,0.07247806584897007,negative,175
economic_inv,es,北京,陕西,-0.036740605465846086,0.036740605465846086,-1.056586549171115,0.0001395464102329,0,0.07247806584897007,negative,176
economic_inv,es,山东,四川,-0.03669754268524232,0.03669754268524232,-1.056586549171115,0.0001395464102329,0,0.07247806584897007,negative,177
economic_inv,es,北京,福建,-0.036615443591808135,0.036615443591808135,-1.056586549171115,0.0001395464102329,0,0.07247806584897007,negative,178
economic_inv,es,山东,湖南,-0.035431988683666746,0.035431988683666746,-1.056586549171115,0.0001395464102329,0,0.07247806584897007,negative,179
economic_inv,es,山东,湖北,-0.03533197470717126,0.03533197470717126,-1.056586549171115,0.0001395464102329,0,0.07247806584897007,negative,180
economic_inv,es,山东,河北,-0.03526219116643726,0.03526219116643726,-1.056586549171115,0.0001395464102329,0,0.07247806584897007,negative,181
economic_inv,es,青海,新疆,-0.03524497467793223,0.03524497467793223,-1.056586549171115,0.0001395464102329,0,0.07247806584897007,negative,182
economic_inv,es,云南,重庆,-0.03492956050132431,0.03492956050132431,-1.056586549171115,0.0001395464102329,0,0.07247806584897007,negative,183
economic_inv,es,陕西,北京,-0.03464247946013029,0.03464247946013029,-1.056586549171115,0.0001395464102329,0,0.07247806584897007,negative,184
economic_inv,es,辽宁,河北,-0.03453601675503409,0.03453601675503409,-1.056586549171115,0.0001395464102329,0,0.07247806584897007,negative,185
economic_inv,es,甘肃,重庆,-0.03418705754291094,0.03418705754291094,-1.056586549171115,0.0001395464102329,0,0.07247806584897007,negative,186
economic_inv,es,辽宁,湖北,-0.03404465585259733,0.03404465585259733,-1.056586549171115,0.0001395464102329,0,0.07247806584897007,negative,187
economic_inv,es,江苏,浙江,-0.033973297230424304,0.033973297230424304,-1.056586549171115,0.0001395464102329,0,0.07247806584897007,negative,188
economic_inv,es,贵州,江西,-0.03386200259472008,0.03386200259472008,-1.056586549171115,0.0001395464102329,0,0.07247806584897007,negative,189
economic_inv,es,吉林,江西,-0.03381206458146846,0.03381206458146846,-1.056586549171115,0.0001395464102329,0,0.07247806584897007,negative,190
economic_inv,es,新疆,江西,-0.03375211845009589,0.03375211845009589,-1.056586549171115,0.0001395464102329,0,0.07247806584897007,negative,191
economic_inv,es,安徽,陕西,-0.03340063812036695,0.03340063812036695,-1.056586549171115,0.0001395464102329,0,0.07247806584897007,negative,192
economic_inv,es,辽宁,湖南,-0.03336752316133375,0.03336752316133375,-1.056586549171115,0.0001395464102329,0,0.07247806584897007,negative,193
economic_inv,es,海南,贵州,-0.03335556573010687,0.03335556573010687,-1.056586549171115,0.0001395464102329,0,0.07247806584897007,negative,194
economic_inv,es,黑龙江,重庆,-0.03315537832542204,0.03315537832542204,-1.056586549171115,0.0001395464102329,0,0.07247806584897007,negative,195
economic_inv,es,宁夏,新疆,-0.03310788179423409,0.03310788179423409,-1.056586549171115,0.0001395464102329,0,0.07247806584897007,negative,196
economic_inv,es,广东,浙江,-0.033029208448961414,0.033029208448961414,-1.056586549171115,0.0001395464102329,0,0.07247806584897007,negative,197
economic_inv,es,河北,四川,-0.03297166250615944,0.03297166250615944,-1.056586549171115,0.0001395464102329,0,0.07247806584897007,negative,198
economic_inv,es,甘肃,广西,-0.03288018575590427,0.03288018575590427,-1.056586549171115,0.0001395464102329,0,0.07247806584897007,negative,199
economic_inv,es,山东,福建,-0.03264970499008727,0.03264970499008727,-1.056586549171115,0.0001395464102329,0,0.07247806584897007,negative,200
economic_inv,es,北京,江西,-0.03264112595169657,0.03264112595169657,-1.056586549171115,0.0001395464102329,0,0.07247806584897007,negative,201
economic_inv,es,甘肃,内蒙古,-0.03255953450970258,0.03255953450970258,-1.056586549171115,0.0001395464102329,0,0.07247806584897007,negative,202
economic_inv,es,陕西,安徽,-0.03206300590594119,0.03206300590594119,-1.056586549171115,0.0001395464102329,0,0.07247806584897007,negative,203
economic_inv,es,山西,江西,-0.032036303533464865,0.032036303533464865,-1.056586549171115,0.0001395464102329,0,0.07247806584897007,negative,204
economic_inv,es,上海,河北,-0.03169469348980655,0.03169469348980655,-1.056586549171115,0.0001395464102329,0,0.07247806584897007,negative,205
economic_inv,es,新疆,陕西,-0.031679494926708913,0.031679494926708913,-1.056586549171115,0.0001395464102329,0,0.07247806584897007,negative,206
economic_inv,es,上海,湖北,-0.0312757088293683,0.0312757088293683,-1.056586549171115,0.0001395464102329,0,0.07247806584897007,negative,207
economic_inv,es,贵州,陕西,-0.031168106158991918,0.031168106158991918,-1.056586549171115,0.0001395464102329,0,0.07247806584897007,negative,208
economic_inv,es,重庆,吉林,-0.031115410724012534,0.031115410724012534,-1.056586549171115,0.0001395464102329,0,0.07247806584897007,negative,209
economic_inv,es,山东,辽宁,-0.031017550418742185,0.031017550418742185,-1.056586549171115,0.0001395464102329,0,0.07247806584897007,negative,210
economic_inv,es,山东,上海,-0.030731377916957445,0.030731377916957445,-1.056586549171115,0.0001395464102329,0,0.07247806584897007,negative,211
economic_inv,es,上海,湖南,-0.03069690994189217,0.03069690994189217,-1.056586549171115,0.0001395464102329,0,0.07247806584897007,negative,212
economic_inv,es,浙江,陕西,-0.03062018534397528,0.03062018534397528,-1.056586549171115,0.0001395464102329,0,0.07247806584897007,negative,213
economic_inv,es,天津,贵州,-0.030456269870272484,0.030456269870272484,-1.056586549171115,0.0001395464102329,0,0.07247806584897007,negative,214
economic_inv,es,甘肃,江西,-0.03025142980748677,0.03025142980748677,-1.056586549171115,0.0001395464102329,0,0.07247806584897007,negative,215
economic_inv,es,吉林,陕西,-0.030122038166645274,0.030122038166645274,-1.056586549171115,0.0001395464102329,0,0.07247806584897007,negative,216
economic_inv,es,陕西,吉林,-0.03010254152393673,0.03010254152393673,-1.056586549171115,0.0001395464102329,0,0.07247806584897007,negative,217
economic_inv,es,浙江,江西,-0.029974026974594455,0.029974026974594455,-1.056586549171115,0.0001395464102329,0,0.07247806584897007,negative,218
economic_inv,es,安徽,江西,-0.02992242891581648,0.02992242891581648,-1.056586549171115,0.0001395464102329,0,0.07247806584897007,negative,219
economic_inv,es,河南,陕西,-0.029755792423638388,0.029755792423638388,-1.056586549171115,0.0001395464102329,0,0.07247806584897007,negative,220
economic_inv,es,湖北,四川,-0.02944312236911793,0.02944312236911793,-1.056586549171115,0.0001395464102329,0,0.07247806584897007,negative,221
economic_inv,es,四川,安徽,-0.02942568109702288,0.02942568109702288,-1.056586549171115,0.0001395464102329,0,0.07247806584897007,negative,222
economic_inv,es,山东,安徽,-0.02938956843306062,0.02938956843306062,-1.056586549171115,0.0001395464102329,0,0.07247806584897007,negative,223
economic_inv,es,云南,广西,-0.029248174193620573,0.029248174193620573,-1.056586549171115,0.0001395464102329,0,0.07247806584897007,negative,224
economic_inv,es,山东,北京,-0.029135981818674956,0.029135981818674956,-1.056586549171115,0.0001395464102329,0,0.07247806584897007,negative,225
economic_inv,es,浙江,内蒙古,-0.02909355685677314,0.02909355685677314,-1.056586549171115,0.0001395464102329,0,0.07247806584897007,negative,226
economic_inv,es,浙江,广西,-0.028984732054388843,0.028984732054388843,-1.056586549171115,0.0001395464102329,0,0.07247806584897007,negative,227
economic_inv,es,山西,陕西,-0.028955878616393406,0.028955878616393406,-1.056586549171115,0.0001395464102329,0,0.07247806584897007,negative,228
economic_inv,es,河南,江西,-0.028928175772243426,0.028928175772243426,-1.056586549171115,0.0001395464102329,0,0.07247806584897007,negative,229
economic_inv,es,海南,山西,-0.02888416547463177,0.02888416547463177,-1.056586549171115,0.0001395464102329,0,0.07247806584897007,negative,230
economic_inv,es,甘肃,陕西,-0.028826534017199857,0.028826534017199857,-1.056586549171115,0.0001395464102329,0,0.07247806584897007,negative,231
economic_inv,es,福建,陕西,-0.028760474043366045,0.028760474043366045,-1.056586549171115,0.0001395464102329,0,0.07247806584897007,negative,232
economic_inv,es,浙江,江苏,-0.028699323935079808,0.028699323935079808,-1.056586549171115,0.0001395464102329,0,0.07247806584897007,negative,233
economic_inv,es,浙江,重庆,-0.028569915068374578,0.028569915068374578,-1.056586549171115,0.0001395464102329,0,0.07247806584897007,negative,234
economic_inv,es,江西,吉林,-0.02828215199900893,0.02828215199900893,-1.056586549171115,0.0001395464102329,0,0.07247806584897007,negative,235
economic_inv,es,四川,北京,-0.02819346983826141,0.02819346983826141,-1.056586549171115,0.0001395464102329,0,0.07247806584897007,negative,236
economic_inv,es,北京,内蒙古,-0.02813846311791836,0.02813846311791836,-1.056586549171115,0.0001395464102329,0,0.07247806584897007,negative,237
economic_inv,es,云南,内蒙古,-0.028071879402471456,0.028071879402471456,-1.056586549171115,0.0001395464102329,0,0.07247806584897007,negative,238
economic_inv,es,黑龙江,广西,-0.027995870069456207,0.027995870069456207,-1.056586549171115,0.0001395464102329,0,0.07247806584897007,negative,239
economic_inv,es,贵州,海南,-0.027949826157495555,0.027949826157495555,-1.056586549171115,0.0001395464102329,0,0.07247806584897007,negative,240
economic_inv,es,浙江,天津,-0.027839558259757043,0.027839558259757043,-1.056586549171115,0.0001395464102329,0,0.07247806584897007,negative,241
economic_inv,es,河南,内蒙古,-0.027818544357439898,0.027818544357439898,-1.056586549171115,0.0001395464102329,0,0.07247806584897007,negative,242
economic_inv,es,山西,甘肃,-0.027804395025004234,0.027804395025004234,-1.056586549171115,0.0001395464102329,0,0.07247806584897007,negative,243
economic_inv,es,河南,广西,-0.027682820217542623,0.027682820217542623,-1.056586549171115,0.0001395464102329,0,0.07247806584897007,negative,244
economic_inv,es,北京,广西,-0.02765093111799946,0.02765093111799946,-1.056586549171115,0.0001395464102329,0,0.07247806584897007,negative,245
economic_inv,es,江苏,河南,-0.02759739830599397,0.02759739830599397,-1.056586549171115,0.0001395464102329,0,0.07247806584897007,negative,246
economic_inv,es,青海,贵州,-0.027249301791794495,0.027249301791794495,-1.056586549171115,0.0001395464102329,0,0.07247806584897007,negative,247
economic_inv,es,广东,河南,-0.027205033623436303,0.027205033623436303,-1.056586549171115,0.0001395464102329,0,0.07247806584897007,negative,248
economic_inv,es,河南,重庆,-0.027168300893876514,0.027168300893876514,-1.056586549171115,0.0001395464102329,0,0.07247806584897007,negative,249
economic_inv,es,福建,江西,-0.02706386500827904,0.02706386500827904,-1.056586549171115,0.0001395464102329,0,0.07247806584897007,negative,250
economic_inv,es,黑龙江,内蒙古,-0.026916772311930143,0.026916772311930143,-1.056586549171115,0.0001395464102329,0,0.07247806584897007,negative,251
economic_inv,es,辽宁,四川,-0.026859203495216158,0.026859203495216158,-1.056586549171115,0.0001395464102329,0,0.07247806584897007,negative,252
economic_inv,es,海南,吉林,-0.026833789719261692,0.026833789719261692,-1.056586549171115,0.0001395464102329,0,0.07247806584897007,negative,253
economic_inv,es,浙江,云南,-0.026609414381629583,0.026609414381629583,-1.056586549171115,0.0001395464102329,0,0.07247806584897007,negative,254
economic_inv,es,浙江,广东,-0.02659399116091519,0.02659399116091519,-1.056586549171115,0.0001395464102329,0,0.07247806584897007,negative,255
economic_inv,es,陕西,山西,-0.0265224480104894,0.0265224480104894,-1.056586549171115,0.0001395464102329,0,0.07247806584897007,negative,256
economic_inv,es,浙江,黑龙江,-0.026511173422324747,0.026511173422324747,-1.056586549171115,0.0001395464102329,0,0.07247806584897007,negative,257
economic_inv,es,山东,陕西,-0.026313771524878384,0.026313771524878384,-1.056586549171115,0.0001395464102329,0,0.07247806584897007,negative,258
economic_inv,es,河南,天津,-0.026273164442736766,0.026273164442736766,-1.056586549171115,0.0001395464102329,0,0.07247806584897007,negative,259
economic_inv,es,安徽,内蒙古,-0.026034355867696278,0.026034355867696278,-1.056586549171115,0.0001395464102329,0,0.07247806584897007,negative,260
economic_inv,es,山东,江西,-0.02599750374294251,0.02599750374294251,-1.056586549171115,0.0001395464102329,0,0.07247806584897007,negative,261
economic_inv,es,北京,重庆,-0.025908477747682176,0.025908477747682176,-1.056586549171115,0.0001395464102329,0,0.07247806584897007,negative,262
economic_inv,es,江西,北京,-0.02576023039518745,0.02576023039518745,-1.056586549171115,0.0001395464102329,0,0.07247806584897007,negative,263
economic_inv,es,重庆,山西,-0.025672673201650596,0.025672673201650596,-1.056586549171115,0.0001395464102329,0,0.07247806584897007,negative,264
economic_inv,es,安徽,广西,-0.02560903195174895,0.02560903195174895,-1.056586549171115,0.0001395464102329,0,0.07247806584897007,negative,265
economic_inv,es,浙江,吉林,-0.025569422137708783,0.025569422137708783,-1.056586549171115,0.0001395464102329,0,0.07247806584897007,negative,266
economic_inv,es,山东,内蒙古,-0.025556981287738683,0.025556981287738683,-1.056586549171115,0.0001395464102329,0,0.07247806584897007,negative,267
economic_inv,es,山东,广西,-0.02550174869463257,0.02550174869463257,-1.056586549171115,0.0001395464102329,0,0.07247806584897007,negative,268
economic_inv,es,贵州,宁夏,-0.025491104030248898,0.025491104030248898,-1.056586549171115,0.0001395464102329,0,0.07247806584897007,negative,269
economic_inv,es,山东,重庆,-0.025289598067418404,0.025289598067418404,-1.056586549171115,0.0001395464102329,0,0.07247806584897007,negative,270
economic_inv,es,宁夏,贵州,-0.02510553584942253,0.02510553584942253,-1.056586549171115,0.0001395464102329,0,0.07247806584897007,negative,271
economic_inv,es,上海,四川,-0.02504927517510967,0.02504927517510967,-1.056586549171115,0.0001395464102329,0,0.07247806584897007,negative,272
economic_inv,es,浙江,山西,-0.025012509311515156,0.025012509311515156,-1.056586549171115,0.0001395464102329,0,0.07247806584897007,negative,273
economic_inv,es,福建,内蒙古,-0.024952844562750442,0.024952844562750442,-1.056586549171115,0.0001395464102329,0,0.07247806584897007,negative,274
economic_inv,es,山东,天津,-0.02490973336696604,0.02490973336696604,-1.056586549171115,0.0001395464102329,0,0.07247806584897007,negative,275
economic_inv,es,河南,云南,-0.024795762415819142,0.024795762415819142,-1.056586549171115,0.0001395464102329,0,0.07247806584897007,negative,276
economic_inv,es,福建,广西,-0.024706522500051144,0.024706522500051144,-1.056586549171115,0.0001395464102329,0,0.07247806584897007,negative,277
economic_inv,es,河南,黑龙江,-0.024679379131053985,0.024679379131053985,-1.056586549171115,0.0001395464102329,0,0.07247806584897007,negative,278
economic_inv,es,江西,山西,-0.024560726654665757,0.024560726654665757,-1.056586549171115,0.0001395464102329,0,0.07247806584897007,negative,279
economic_inv,es,上海,陕西,-0.02425769349702289,0.02425769349702289,-1.056586549171115,0.0001395464102329,0,0.07247806584897007,negative,280
economic_inv,es,山东,云南,-0.024250997843958642,0.024250997843958642,-1.056586549171115,0.0001395464102329,0,0.07247806584897007,negative,281
economic_inv,es,山东,黑龙江,-0.024197334268748275,0.024197334268748275,-1.056586549171115,0.0001395464102329,0,0.07247806584897007,negative,282
economic_inv,es,福建,河南,-0.024143938042855487,0.024143938042855487,-1.056586549171115,0.0001395464102329,0,0.07247806584897007,negative,283
economic_inv,es,海南,黑龙江,-0.02410393861369518,0.02410393861369518,-1.056586549171115,0.0001395464102329,0,0.07247806584897007,negative,284
economic_inv,es,浙江,贵州,-0.02409192902079116,0.02409192902079116,-1.056586549171115,0.0001395464102329,0,0.07247806584897007,negative,285
economic_inv,es,安徽,重庆,-0.024081887876957364,0.024081887876957364,-1.056586549171115,0.0001395464102329,0,0.07247806584897007,negative,286
economic_inv,es,青海,山西,-0.0240608742641355,0.0240608742641355,-1.056586549171115,0.0001395464102329,0,0.07247806584897007,negative,287
economic_inv,es,江西,安徽,-0.024041871266828923,0.024041871266828923,-1.056586549171115,0.0001395464102329,0,0.07247806584897007,negative,288
economic_inv,es,广西,云南,-0.024033449043914776,0.024033449043914776,-1.056586549171115,0.0001395464102329,0,0.07247806584897007,negative,289
economic_inv,es,贵州,青海,-0.023925473113461226,0.023925473113461226,-1.056586549171115,0.0001395464102329,0,0.07247806584897007,negative,290
economic_inv,es,海南,云南,-0.0238606170558657,0.0238606170558657,-1.056586549171115,0.0001395464102329,0,0.07247806584897007,negative,291
economic_inv,es,福建,重庆,-0.023794761276400168,0.023794761276400168,-1.056586549171115,0.0001395464102329,0,0.07247806584897007,negative,292
economic_inv,es,黑龙江,贵州,-0.02379242553442652,0.02379242553442652,-1.056586549171115,0.0001395464102329,0,0.07247806584897007,negative,293
economic_inv,es,山东,吉林,-0.023674706332017834,0.023674706332017834,-1.056586549171115,0.0001395464102329,0,0.07247806584897007,negative,294
economic_inv,es,内蒙古,云南,-0.02363950279781474,0.02363950279781474,-1.056586549171115,0.0001395464102329,0,0.07247806584897007,negative,295
economic_inv,es,河南,吉林,-0.02357547435098802,0.02357547435098802,-1.056586549171115,0.0001395464102329,0,0.07247806584897007,negative,296
economic_inv,es,安徽,河北,-0.02344263977841646,0.02344263977841646,-1.056586549171115,0.0001395464102329,0,0.07247806584897007,negative,297
economic_inv,es,山东,山西,-0.023358484072498412,0.023358484072498412,-1.056586549171115,0.0001395464102329,0,0.07247806584897007,negative,298
economic_inv,es,陕西,上海,-0.023343377747396594,0.023343377747396594,-1.056586549171115,0.0001395464102329,0,0.07247806584897007,negative,299
economic_inv,es,辽宁,陕西,-0.02325627156822431,0.02325627156822431,-1.056586549171115,0.0001395464102329,0,0.07247806584897007,negative,300
economic_inv,es,北京,天津,-0.02322558358608813,0.02322558358608813,-1.056586549171115,0.0001395464102329,0,0.07247806584897007,negative,301
economic_inv,es,安徽,湖北,-0.023213193462896603,0.023213193462896603,-1.056586549171115,0.0001395464102329,0,0.07247806584897007,negative,302
economic_inv,es,江苏,四川,-0.023153342808140215,0.023153342808140215,-1.056586549171115,0.0001395464102329,0,0.07247806584897007,negative,303
economic_inv,es,广东,四川,-0.023048421731597872,0.023048421731597872,-1.056586549171115,0.0001395464102329,0,0.07247806584897007,negative,304
economic_inv,es,广西,黑龙江,-0.022993719320385082,0.022993719320385082,-1.056586549171115,0.0001395464102329,0,0.07247806584897007,negative,305
economic_inv,es,云南,贵州,-0.022938012855739657,0.022938012855739657,-1.056586549171115,0.0001395464102329,0,0.07247806584897007,negative,306
economic_inv,es,河南,山西,-0.022932531935745525,0.022932531935745525,-1.056586549171115,0.0001395464102329,0,0.07247806584897007,negative,307
economic_inv,es,安徽,湖南,-0.022893591118364465,0.022893591118364465,-1.056586549171115,0.0001395464102329,0,0.07247806584897007,negative,308
economic_inv,es,吉林,甘肃,-0.022872211619998327,0.022872211619998327,-1.056586549171115,0.0001395464102329,0,0.07247806584897007,negative,309
economic_inv,es,山东,贵州,-0.02282365281643151,0.02282365281643151,-1.056586549171115,0.0001395464102329,0,0.07247806584897007,negative,310
economic_inv,es,北京,河北,-0.022681409674606537,0.022681409674606537,-1.056586549171115,0.0001395464102329,0,0.07247806584897007,negative,311
economic_inv,es,浙江,新疆,-0.022663916424788363,0.022663916424788363,-1.056586549171115,0.0001395464102329,0,0.07247806584897007,negative,312
economic_inv,es,内蒙古,黑龙江,-0.022656235244425515,0.022656235244425515,-1.056586549171115,0.0001395464102329,0,0.07247806584897007,negative,313
economic_inv,es,青海,吉林,-0.02255645713988476,0.02255645713988476,-1.056586549171115,0.0001395464102329,0,0.07247806584897007,negative,314
economic_inv,es,江苏,湖南,-0.02250104723610058,0.02250104723610058,-1.056586549171115,0.0001395464102329,0,0.07247806584897007,negative,315
economic_inv,es,北京,湖北,-0.022470336765681588,0.022470336765681588,-1.056586549171115,0.0001395464102329,0,0.07247806584897007,negative,316
economic_inv,es,江苏,湖北,-0.022449133844309112,0.022449133844309112,-1.056586549171115,0.0001395464102329,0,0.07247806584897007,negative,317
economic_inv,es,广东,湖南,-0.022431432499362292,0.022431432499362292,-1.056586549171115,0.0001395464102329,0,0.07247806584897007,negative,318
economic_inv,es,江苏,河北,-0.022412880098907618,0.022412880098907618,-1.056586549171115,0.0001395464102329,0,0.07247806584897007,negative,319
economic_inv,es,广东,湖北,-0.022382252415044757,0.022382252415044757,-1.056586549171115,0.0001395464102329,0,0.07247806584897007,negative,320
economic_inv,es,上海,江西,-0.022364972148423864,0.022364972148423864,-1.056586549171115,0.0001395464102329,0,0.07247806584897007,negative,321
economic_inv,es,广东,河北,-0.022347900770467742,0.022347900770467742,-1.056586549171115,0.0001395464102329,0,0.07247806584897007,negative,322
economic_inv,es,福建,天津,-0.022287084462659607,0.022287084462659607,-1.056586549171115,0.0001395464102329,0,0.07247806584897007,negative,323
economic_inv,es,北京,湖南,-0.022175984874893445,0.022175984874893445,-1.056586549171115,0.0001395464102329,0,0.07247806584897007,negative,324
economic_inv,es,陕西,辽宁,-0.02212734361474807,0.02212734361474807,-1.056586549171115,0.0001395464102329,0,0.07247806584897007,negative,325
economic_inv,es,河南,山东,-0.02201334675129189,0.02201334675129189,-1.056586549171115,0.0001395464102329,0,0.07247806584897007,negative,326
economic_inv,es,宁夏,山西,-0.02199950248381282,0.02199950248381282,-1.056586549171115,0.0001395464102329,0,0.07247806584897007,negative,327
economic_inv,es,山东,新疆,-0.021962754990118058,0.021962754990118058,-1.056586549171115,0.0001395464102329,0,0.07247806584897007,negative,328
economic_inv,es,陕西,贵州,-0.021943890927380166,0.021943890927380166,-1.056586549171115,0.0001395464102329,0,0.07247806584897007,negative,329
economic_inv,es,河南,贵州,-0.021885426434226075,0.021885426434226075,-1.056586549171115,0.0001395464102329,0,0.07247806584897007,negative,330
economic_inv,es,安徽,天津,-0.02170882784537009,0.02170882784537009,-1.056586549171115,0.0001395464102329,0,0.07247806584897007,negative,331
economic_inv,es,辽宁,江西,-0.021529194629961553,0.021529194629961553,-1.056586549171115,0.0001395464102329,0,0.07247806584897007,negative,332
economic_inv,es,云南,江西,-0.021353113002082043,0.021353113002082043,-1.056586549171115,0.0001395464102329,0,0.07247806584897007,negative,333
economic_inv,es,海南,天津,-0.021297064382747134,0.021297064382747134,-1.056586549171115,0.0001395464102329,0,0.07247806584897007,negative,334
economic_inv,es,新疆,北京,-0.02127653863927349,0.02127653863927349,-1.056586549171115,0.0001395464102329,0,0.07247806584897007,negative,335
economic_inv,es,广东,福建,-0.02103970415140987,0.02103970415140987,-1.056586549171115,0.0001395464102329,0,0.07247806584897007,negative,336
economic_inv,es,江苏,福建,-0.021036565319191656,0.021036565319191656,-1.056586549171115,0.0001395464102329,0,0.07247806584897007,negative,337
economic_inv,es,浙江,甘肃,-0.021006189018871194,0.021006189018871194,-1.056586549171115,0.0001395464102329,0,0.07247806584897007,negative,338
economic_inv,es,甘肃,北京,-0.020964194571820874,0.020964194571820874,-1.056586549171115,0.0001395464102329,0,0.07247806584897007,negative,339
economic_inv,es,山东,甘肃,-0.020912539042629893,0.020912539042629893,-1.056586549171115,0.0001395464102329,0,0.07247806584897007,negative,340
economic_inv,es,天津,新疆,-0.020745910554550374,0.020745910554550374,-1.056586549171115,0.0001395464102329,0,0.07247806584897007,negative,341
economic_inv,es,新疆,安徽,-0.020728915303460587,0.020728915303460587,-1.056586549171115,0.0001395464102329,0,0.07247806584897007,negative,342
economic_inv,es,黑龙江,江西,-0.02068034868972039,0.02068034868972039,-1.056586549171115,0.0001395464102329,0,0.07247806584897007,negative,343
economic_inv,es,宁夏,吉林,-0.02055029399244927,0.02055029399244927,-1.056586549171115,0.0001395464102329,0,0.07247806584897007,negative,344
economic_inv,es,甘肃,安徽,-0.02051406460577289,0.02051406460577289,-1.056586549171115,0.0001395464102329,0,0.07247806584897007,negative,345
economic_inv,es,青海,黑龙江,-0.020510440479926593,0.020510440479926593,-1.056586549171115,0.0001395464102329,0,0.07247806584897007,negative,346
economic_inv,es,青海,云南,-0.020325630983158132,0.020325630983158132,-1.056586549171115,0.0001395464102329,0,0.07247806584897007,negative,347
economic_inv,es,河南,新疆,-0.020298709246162505,0.020298709246162505,-1.056586549171115,0.0001395464102329,0,0.07247806584897007,negative,348
economic_inv,es,广东,辽宁,-0.020199869229808314,0.020199869229808314,-1.056586549171115,0.0001395464102329,0,0.07247806584897007,negative,349
economic_inv,es,江苏,辽宁,-0.020157413277232014,0.020157413277232014,-1.056586549171115,0.0001395464102329,0,0.07247806584897007,negative,350
economic_inv,es,上海,内蒙古,-0.020114223068096723,0.020114223068096723,-1.056586549171115,0.0001395464102329,0,0.07247806584897007,negative,351
economic_inv,es,海南,重庆,-0.02010274241010747,0.02010274241010747,-1.056586549171115,0.0001395464102329,0,0.07247806584897007,negative,352
economic_inv,es,广东,上海,-0.02005077892868672,0.02005077892868672,-1.056586549171115,0.0001395464102329,0,0.07247806584897007,negative,353
economic_inv,es,江苏,上海,-0.02000170204121879,0.02000170204121879,-1.056586549171115,0.0001395464102329,0,0.07247806584897007,negative,354
economic_inv,es,福建,云南,-0.019995889281145936,0.019995889281145936,-1.056586549171115,0.0001395464102329,0,0.07247806584897007,negative,355
economic_inv,es,江西,贵州,-0.019954360439146123,0.019954360439146123,-1.056586549171115,0.0001395464102329,0,0.07247806584897007,negative,356
economic_inv,es,山东,海南,-0.019882843315660585,0.019882843315660585,-1.056586549171115,0.0001395464102329,0,0.07247806584897007,negative,357
economic_inv,es,上海,广西,-0.019858776380714593,0.019858776380714593,-1.056586549171115,0.0001395464102329,0,0.07247806584897007,negative,358
economic_inv,es,福建,黑龙江,-0.0198249698502662,0.0198249698502662,-1.056586549171115,0.0001395464102329,0,0.07247806584897007,negative,359
economic_inv,es,重庆,贵州,-0.01964427800633262,0.01964427800633262,-1.056586549171115,0.0001395464102329,0,0.07247806584897007,negative,360
economic_inv,es,山东,宁夏,-0.019638771927490545,0.019638771927490545,-1.056586549171115,0.0001395464102329,0,0.07247806584897007,negative,361
economic_inv,es,安徽,四川,-0.019605110587252096,0.019605110587252096,-1.056586549171115,0.0001395464102329,0,0.07247806584897007,negative,362
economic_inv,es,北京,云南,-0.019562261078152676,0.019562261078152676,-1.056586549171115,0.0001395464102329,0,0.07247806584897007,negative,363
economic_inv,es,海南,广西,-0.01950600334141106,0.01950600334141106,-1.056586549171115,0.0001395464102329,0,0.07247806584897007,negative,364
economic_inv,es,浙江,海南,-0.019464291907327538,0.019464291907327538,-1.056586549171115,0.0001395464102329,0,0.07247806584897007,negative,365
economic_inv,es,山东,青海,-0.019461065347948663,0.019461065347948663,-1.056586549171115,0.0001395464102329,0,0.07247806584897007,negative,366
economic_inv,es,辽宁,内蒙古,-0.019456984593833954,0.019456984593833954,-1.056586549171115,0.0001395464102329,0,0.07247806584897007,negative,367
economic_inv,es,海南,内蒙古,-0.019357965629439488,0.019357965629439488,-1.056586549171115,0.0001395464102329,0,0.07247806584897007,negative,368
economic_inv,es,广东,安徽,-0.01934424995829508,0.01934424995829508,-1.056586549171115,0.0001395464102329,0,0.07247806584897007,negative,369
economic_inv,es,北京,黑龙江,-0.019306878854119473,0.019306878854119473,-1.056586549171115,0.0001395464102329,0,0.07247806584897007,negative,370
economic_inv,es,江苏,安徽,-0.01926526212572798,0.01926526212572798,-1.056586549171115,0.0001395464102329,0,0.07247806584897007,negative,371
economic_inv,es,辽宁,广西,-0.01922052318980453,0.01922052318980453,-1.056586549171115,0.0001395464102329,0,0.07247806584897007,negative,372
economic_inv,es,广东,北京,-0.01920932303115128,0.01920932303115128,-1.056586549171115,0.0001395464102329,0,0.07247806584897007,negative,373
economic_inv,es,天津,北京,-0.01919098501908863,0.01919098501908863,-1.056586549171115,0.0001395464102329,0,0.07247806584897007,negative,374
economic_inv,es,江苏,北京,-0.019124897610833243,0.019124897610833243,-1.056586549171115,0.0001395464102329,0,0.07247806584897007,negative,375
economic_inv,es,北京,四川,-0.0191239726095776,0.0191239726095776,-1.056586549171115,0.0001395464102329,0,0.07247806584897007,negative,376
economic_inv,es,浙江,宁夏,-0.019110233814645113,0.019110233814645113,-1.056586549171115,0.0001395464102329,0,0.07247806584897007,negative,377
economic_inv,es,贵州,北京,-0.019081281765026666,0.019081281765026666,-1.056586549171115,0.0001395464102329,0,0.07247806584897007,negative,378
economic_inv,es,上海,重庆,-0.018925805886675053,0.018925805886675053,-1.056586549171115,0.0001395464102329,0,0.07247806584897007,negative,379
economic_inv,es,浙江,青海,-0.018855102753407866,0.018855102753407866,-1.056586549171115,0.0001395464102329,0,0.07247806584897007,negative,380
economic_inv,es,四川,浙江,-0.018646577793202463,0.018646577793202463,-1.056586549171115,0.0001395464102329,0,0.07247806584897007,negative,381
economic_inv,es,山西,海南,-0.018603599720379706,0.018603599720379706,-1.056586549171115,0.0001395464102329,0,0.07247806584897007,negative,382
economic_inv,es,湖南,福建,-0.018596919109707157,0.018596919109707157,-1.056586549171115,0.0001395464102329,0,0.07247806584897007,negative,383
economic_inv,es,宁夏,黑龙江,-0.018595898340711212,0.018595898340711212,-1.056586549171115,0.0001395464102329,0,0.07247806584897007,negative,384
economic_inv,es,四川,陕西,-0.01854207420384411,0.01854207420384411,-1.056586549171115,0.0001395464102329,0,0.07247806584897007,negative,385
economic_inv,es,甘肃,上海,-0.01851928004284529,0.01851928004284529,-1.056586549171115,0.0001395464102329,0,0.07247806584897007,negative,386
economic_inv,es,河南,甘肃,-0.018511814815342583,0.018511814815342583,-1.056586549171115,0.0001395464102329,0,0.07247806584897007,negative,387
economic_inv,es,贵州,安徽,-0.01850399172048355,0.01850399172048355,-1.056586549171115,0.0001395464102329,0,0.07247806584897007,negative,388
economic_inv,es,安徽,云南,-0.01842538650776762,0.01842538650776762,-1.056586549171115,0.0001395464102329,0,0.07247806584897007,negative,389
economic_inv,es,宁夏,云南,-0.01842029490963318,0.01842029490963318,-1.056586549171115,0.0001395464102329,0,0.07247806584897007,negative,390
economic_inv,es,新疆,上海,-0.018358471589698114,0.018358471589698114,-1.056586549171115,0.0001395464102329,0,0.07247806584897007,negative,391
economic_inv,es,辽宁,重庆,-0.018354663216297584,0.018354663216297584,-1.056586549171115,0.0001395464102329,0,0.07247806584897007,negative,392
economic_inv,es,青海,天津,-0.01835365432154868,0.01835365432154868,-1.056586549171115,0.0001395464102329,0,0.07247806584897007,negative,393
economic_inv,es,云南,陕西,-0.01829915870708977,0.01829915870708977,-1.056586549171115,0.0001395464102329,0,0.07247806584897007,negative,394
economic_inv,es,海南,江西,-0.018272979073788408,0.018272979073788408,-1.056586549171115,0.0001395464102329,0,0.07247806584897007,negative,395
economic_inv,es,福建,吉林,-0.018267274578445524,0.018267274578445524,-1.056586549171115,0.0001395464102329,0,0.07247806584897007,negative,396
economic_inv,es,天津,安徽,-0.01826223039622665,0.01826223039622665,-1.056586549171115,0.0001395464102329,0,0.07247806584897007,negative,397
economic_inv,es,安徽,黑龙江,-0.018194602593383576,0.018194602593383576,-1.056586549171115,0.0001395464102329,0,0.07247806584897007,negative,398
economic_inv,es,甘肃,辽宁,-0.018162385486425098,0.018162385486425098,-1.056586549171115,0.0001395464102329,0,0.07247806584897007,negative,399
economic_inv,es,江西,上海,-0.018013765621763454,0.018013765621763454,-1.056586549171115,0.0001395464102329,0,0.07247806584897007,negative,400
economic_inv,es,新疆,辽宁,-0.0179438130991265,0.0179438130991265,-1.056586549171115,0.0001395464102329,0,0.07247806584897007,negative,401
economic_inv,es,黑龙江,陕西,-0.017803988385622457,0.017803988385622457,-1.056586549171115,0.0001395464102329,0,0.07247806584897007,negative,402
economic_inv,es,四川,江西,-0.017777742640956672,0.017777742640956672,-1.056586549171115,0.0001395464102329,0,0.07247806584897007,negative,403
economic_inv,es,广东,陕西,-0.017676746328517817,0.017676746328517817,-1.056586549171115,0.0001395464102329,0,0.07247806584897007,negative,404
economic_inv,es,海南,陕西,-0.017585693087230646,0.017585693087230646,-1.056586549171115,0.0001395464102329,0,0.07247806584897007,negative,405
economic_inv,es,江苏,陕西,-0.017536703701439057,0.017536703701439057,-1.056586549171115,0.0001395464102329,0,0.07247806584897007,negative,406
economic_inv,es,广东,江西,-0.017501380066508018,0.017501380066508018,-1.056586549171115,0.0001395464102329,0,0.07247806584897007,negative,407
economic_inv,es,上海,天津,-0.017425161665133863,0.017425161665133863,-1.056586549171115,0.0001395464102329,0,0.07247806584897007,negative,408
economic_inv,es,青海,重庆,-0.01741913178524531,0.01741913178524531,-1.056586549171115,0.0001395464102329,0,0.07247806584897007,negative,409
economic_inv,es,福建,山西,-0.01740986551739209,0.01740986551739209,-1.056586549171115,0.0001395464102329,0,0.07247806584897007,negative,410
economic_inv,es,江苏,江西,-0.017355690646820545,0.017355690646820545,-1.056586549171115,0.0001395464102329,0,0.07247806584897007,negative,411
economic_inv,es,陕西,福建,-0.01729168580979842,0.01729168580979842,-1.056586549171115,0.0001395464102329,0,0.07247806584897007,negative,412
economic_inv,es,广东,内蒙古,-0.01725587116241576,0.01725587116241576,-1.056586549171115,0.0001395464102329,0,0.07247806584897007,negative,413
economic_inv,es,广东,广西,-0.017224986496236945,0.017224986496236945,-1.056586549171115,0.0001395464102329,0,0.07247806584897007,negative,414
economic_inv,es,山西,宁夏,-0.01716952860224007,0.01716952860224007,-1.056586549171115,0.0001395464102329,0,0.07247806584897007,negative,415
economic_inv,es,江西,辽宁,-0.0171450567258004,0.0171450567258004,-1.056586549171115,0.0001395464102329,0,0.07247806584897007,negative,416
economic_inv,es,广东,重庆,-0.017106143213285227,0.017106143213285227,-1.056586549171115,0.0001395464102329,0,0.07247806584897007,negative,417
economic_inv,es,江苏,内蒙古,-0.017102522681733807,0.017102522681733807,-1.056586549171115,0.0001395464102329,0,0.07247806584897007,negative,418
economic_inv,es,北京,吉林,-0.017082172263450927,0.017082172263450927,-1.056586549171115,0.0001395464102329,0,0.07247806584897007,negative,419
economic_inv,es,河南,江苏,-0.017070707550711977,0.017070707550711977,-1.056586549171115,0.0001395464102329,0,0.07247806584897007,negative,420
economic_inv,es,江苏,广西,-0.017070694845170674,0.017070694845170674,-1.056586549171115,0.0001395464102329,0,0.07247806584897007,negative,421
economic_inv,es,辽宁,天津,-0.01695457658825566,0.01695457658825566,-1.056586549171115,0.0001395464102329,0,0.07247806584897007,negative,422
economic_inv,es,青海,广西,-0.01694836107112938,0.01694836107112938,-1.056586549171115,0.0001395464102329,0,0.07247806584897007,negative,423
economic_inv,es,江苏,重庆,-0.0169482646068917,0.0169482646068917,-1.056586549171115,0.0001395464102329,0,0.07247806584897007,negative,424
economic_inv,es,陕西,新疆,-0.016938102838168146,0.016938102838168146,-1.056586549171115,0.0001395464102329,0,0.07247806584897007,negative,425
economic_inv,es,河南,海南,-0.016900539786520473,0.016900539786520473,-1.056586549171115,0.0001395464102329,0,0.07247806584897007,negative,426
economic_inv,es,广东,天津,-0.01689249704777318,0.01689249704777318,-1.056586549171115,0.0001395464102329,0,0.07247806584897007,negative,427
economic_inv,es,青海,内蒙古,-0.016831173697609763,0.016831173697609763,-1.056586549171115,0.0001395464102329,0,0.07247806584897007,negative,428
economic_inv,es,四川,内蒙古,-0.01678544279402679,0.01678544279402679,-1.056586549171115,0.0001395464102329,0,0.07247806584897007,negative,429
economic_inv,es,江苏,天津,-0.016728338990911473,0.016728338990911473,-1.056586549171115,0.0001395464102329,0,0.07247806584897007,negative,430
economic_inv,es,四川,广西,-0.016666537616315088,0.016666537616315088,-1.056586549171115,0.0001395464102329,0,0.07247806584897007,negative,431
economic_inv,es,宁夏,天津,-0.016556051839862335,0.016556051839862335,-1.056586549171115,0.0001395464102329,0,0.07247806584897007,negative,432
economic_inv,es,河南,宁夏,-0.016537224475983887,0.016537224475983887,-1.056586549171115,0.0001395464102329,0,0.07247806584897007,negative,433
economic_inv,es,广东,云南,-0.01651939166963328,0.01651939166963328,-1.056586549171115,0.0001395464102329,0,0.07247806584897007,negative,434
economic_inv,es,广东,黑龙江,-0.016488849626291983,0.016488849626291983,-1.056586549171115,0.0001395464102329,0,0.07247806584897007,negative,435
economic_inv,es,甘肃,福建,-0.016459559780017882,0.016459559780017882,-1.056586549171115,0.0001395464102329,0,0.07247806584897007,negative,436
economic_inv,es,山西,北京,-0.016399977433154137,0.016399977433154137,-1.056586549171115,0.0001395464102329,0,0.07247806584897007,negative,437
economic_inv,es,江苏,云南,-0.016344786943757086,0.016344786943757086,-1.056586549171115,0.0001395464102329,0,0.07247806584897007,negative,438
economic_inv,es,江苏,黑龙江,-0.016313418964032753,0.016313418964032753,-1.056586549171115,0.0001395464102329,0,0.07247806584897007,negative,439
economic_inv,es,河南,青海,-0.016276936380412096,0.016276936380412096,-1.056586549171115,0.0001395464102329,0,0.07247806584897007,negative,440
economic_inv,es,山西,青海,-0.016238388267163718,0.016238388267163718,-1.056586549171115,0.0001395464102329,0,0.07247806584897007,negative,441
economic_inv,es,四川,重庆,-0.016220522759469894,0.016220522759469894,-1.056586549171115,0.0001395464102329,0,0.07247806584897007,negative,442
economic_inv,es,广东,吉林,-0.016190232201084707,0.016190232201084707,-1.056586549171115,0.0001395464102329,0,0.07247806584897007,negative,443
economic_inv,es,安徽,吉林,-0.016173654661025723,0.016173654661025723,-1.056586549171115,0.0001395464102329,0,0.07247806584897007,negative,444
economic_inv,es,河北,福建,-0.01611711835328875,0.01611711835328875,-1.056586549171115,0.0001395464102329,0,0.07247806584897007,negative,445
economic_inv,es,吉林,北京,-0.01611710171107075,0.01611710171107075,-1.056586549171115,0.0001395464102329,0,0.07247806584897007,negative,446
economic_inv,es,福建,贵州,-0.016085317406061096,0.016085317406061096,-1.056586549171115,0.0001395464102329,0,0.07247806584897007,negative,447
economic_inv,es,重庆,北京,-0.016077236318780986,0.016077236318780986,-1.056586549171115,0.0001395464102329,0,0.07247806584897007,negative,448
economic_inv,es,贵州,上海,-0.01606563824737212,0.01606563824737212,-1.056586549171115,0.0001395464102329,0,0.07247806584897007,negative,449
economic_inv,es,广西,吉林,-0.016061765399436097,0.016061765399436097,-1.056586549171115,0.0001395464102329,0,0.07247806584897007,negative,450
economic_inv,es,河南,广东,-0.01603924917126751,0.01603924917126751,-1.056586549171115,0.0001395464102329,0,0.07247806584897007,negative,451
economic_inv,es,内蒙古,吉林,-0.016012086700051876,0.016012086700051876,-1.056586549171115,0.0001395464102329,0,0.07247806584897007,negative,452
economic_inv,es,广东,山西,-0.016008513972439804,0.016008513972439804,-1.056586549171115,0.0001395464102329,0,0.07247806584897007,negative,453
economic_inv,es,江苏,吉林,-0.01600695872223485,0.01600695872223485,-1.056586549171115,0.0001395464102329,0,0.07247806584897007,negative,454
economic_inv,es,新疆,福建,-0.01600336708238178,0.01600336708238178,-1.056586549171115,0.0001395464102329,0,0.07247806584897007,negative,455
economic_inv,es,青海,江西,-0.01596740325945225,0.01596740325945225,-1.056586549171115,0.0001395464102329,0,0.07247806584897007,negative,456
economic_inv,es,北京,山西,-0.015931528714885016,0.015931528714885016,-1.056586549171115,0.0001395464102329,0,0.07247806584897007,negative,457
economic_inv,es,山西,安徽,-0.015847150530121718,0.015847150530121718,-1.056586549171115,0.0001395464102329,0,0.07247806584897007,negative,458
economic_inv,es,吉林,海南,-0.015840804131922886,0.015840804131922886,-1.056586549171115,0.0001395464102329,0,0.07247806584897007,negative,459
economic_inv,es,江苏,山西,-0.015820674178398664,0.015820674178398664,-1.056586549171115,0.0001395464102329,0,0.07247806584897007,negative,460
economic_inv,es,广东,贵州,-0.01569937652730024,0.01569937652730024,-1.056586549171115,0.0001395464102329,0,0.07247806584897007,negative,461
economic_inv,es,宁夏,重庆,-0.01567860862970505,0.01567860862970505,-1.056586549171115,0.0001395464102329,0,0.07247806584897007,negative,462
economic_inv,es,贵州,辽宁,-0.01564892388348761,0.01564892388348761,-1.056586549171115,0.0001395464102329,0,0.07247806584897007,negative,463
economic_inv,es,吉林,安徽,-0.015535986210459653,0.015535986210459653,-1.056586549171115,0.0001395464102329,0,0.07247806584897007,negative,464
economic_inv,es,江苏,贵州,-0.015504126529480277,0.015504126529480277,-1.056586549171115,0.0001395464102329,0,0.07247806584897007,negative,465
economic_inv,es,四川,天津,-0.015462022489331904,0.015462022489331904,-1.056586549171115,0.0001395464102329,0,0.07247806584897007,negative,466
economic_inv,es,青海,陕西,-0.015415755197261804,0.015415755197261804,-1.056586549171115,0.0001395464102329,0,0.07247806584897007,negative,467
economic_inv,es,上海,云南,-0.015239915451230277,0.015239915451230277,-1.056586549171115,0.0001395464102329,0,0.07247806584897007,negative,468
economic_inv,es,宁夏,广西,-0.015238047613045947,0.015238047613045947,-1.056586549171115,0.0001395464102329,0,0.07247806584897007,negative,469
economic_inv,es,重庆,安徽,-0.015214120109044438,0.015214120109044438,-1.056586549171115,0.0001395464102329,0,0.07247806584897007,negative,470
economic_inv,es,广东,新疆,-0.015196975603597054,0.015196975603597054,-1.056586549171115,0.0001395464102329,0,0.07247806584897007,negative,471
economic_inv,es,宁夏,内蒙古,-0.015128531303689186,0.015128531303689186,-1.056586549171115,0.0001395464102329,0,0.07247806584897007,negative,472
economic_inv,es,安徽,山西,-0.015120932396090922,0.015120932396090922,-1.056586549171115,0.0001395464102329,0,0.07247806584897007,negative,473
economic_inv,es,江西,新疆,-0.015104609621377083,0.015104609621377083,-1.056586549171115,0.0001395464102329,0,0.07247806584897007,negative,474
economic_inv,es,上海,黑龙江,-0.015081304726391452,0.015081304726391452,-1.056586549171115,0.0001395464102329,0,0.07247806584897007,negative,475
economic_inv,es,福建,浙江,-0.0150734293306332,0.0150734293306332,-1.056586549171115,0.0001395464102329,0,0.07247806584897007,negative,476
economic_inv,es,江苏,新疆,-0.01499064240710234,0.01499064240710234,-1.056586549171115,0.0001395464102329,0,0.07247806584897007,negative,477
economic_inv,es,辽宁,云南,-0.014899306083318157,0.014899306083318157,-1.056586549171115,0.0001395464102329,0,0.07247806584897007,negative,478
economic_inv,es,辽宁,黑龙江,-0.014749363361392275,0.014749363361392275,-1.056586549171115,0.0001395464102329,0,0.07247806584897007,negative,479
economic_inv,es,吉林,宁夏,-0.014700144409213382,0.014700144409213382,-1.056586549171115,0.0001395464102329,0,0.07247806584897007,negative,480
economic_inv,es,天津,上海,-0.014694641041048518,0.014694641041048518,-1.056586549171115,0.0001395464102329,0,0.07247806584897007,negative,481
economic_inv,es,广东,甘肃,-0.0145759489397314,0.0145759489397314,-1.056586549171115,0.0001395464102329,0,0.07247806584897007,negative,482
economic_inv,es,天津,甘肃,-0.01456378088757422,0.01456378088757422,-1.056586549171115,0.0001395464102329,0,0.07247806584897007,negative,483
economic_inv,es,甘肃,河北,-0.014540191349624674,0.014540191349624674,-1.056586549171115,0.0001395464102329,0,0.07247806584897007,negative,484
economic_inv,es,甘肃,湖北,-0.01449845904885634,0.01449845904885634,-1.056586549171115,0.0001395464102329,0,0.07247806584897007,negative,485
economic_inv,es,甘肃,湖南,-0.014439347649546434,0.014439347649546434,-1.056586549171115,0.0001395464102329,0,0.07247806584897007,negative,486
economic_inv,es,江苏,甘肃,-0.014357552327801887,0.014357552327801887,-1.056586549171115,0.0001395464102329,0,0.07247806584897007,negative,487
economic_inv,es,宁夏,江西,-0.014323154564543266,0.014323154564543266,-1.056586549171115,0.0001395464102329,0,0.07247806584897007,negative,488
economic_inv,es,四川,云南,-0.014256441247988822,0.014256441247988822,-1.056586549171115,0.0001395464102329,0,0.07247806584897007,negative,489
economic_inv,es,北京,贵州,-0.014247809736291901,0.014247809736291901,-1.056586549171115,0.0001395464102329,0,0.07247806584897007,negative,490
economic_inv,es,福建,新疆,-0.014231693687361956,0.014231693687361956,-1.056586549171115,0.0001395464102329,0,0.07247806584897007,negative,491
economic_inv,es,四川,黑龙江,-0.014163826350784153,0.014163826350784153,-1.056586549171115,0.0001395464102329,0,0.07247806584897007,negative,492
economic_inv,es,天津,辽宁,-0.014136572029997402,0.014136572029997402,-1.056586549171115,0.0001395464102329,0,0.07247806584897007,negative,493
economic_inv,es,黑龙江,新疆,-0.014074424647232306,0.014074424647232306,-1.056586549171115,0.0001395464102329,0,0.07247806584897007,negative,494
economic_inv,es,重庆,新疆,-0.01401163610827638,0.01401163610827638,-1.056586549171115,0.0001395464102329,0,0.07247806584897007,negative,495
economic_inv,es,广东,海南,-0.013958187580852925,0.013958187580852925,-1.056586549171115,0.0001395464102329,0,0.07247806584897007,negative,496
economic_inv,es,吉林,青海,-0.01395277063627637,0.01395277063627637,-1.056586549171115,0.0001395464102329,0,0.07247806584897007,negative,497
economic_inv,es,新疆,河北,-0.013888711253394794,0.013888711253394794,-1.056586549171115,0.0001395464102329,0,0.07247806584897007,negative,498
economic_inv,es,新疆,湖北,-0.013843558274165012,0.013843558274165012,-1.056586549171115,0.0001395464102329,0,0.07247806584897007,negative,499
economic_inv,es,宁夏,陕西,-0.013810499721398924,0.013810499721398924,-1.056586549171115,0.0001395464102329,0,0.07247806584897007,negative,500
economic_inv,es,广东,宁夏,-0.01381044961400894,0.01381044961400894,-1.056586549171115,0.0001395464102329,0,0.07247806584897007,negative,501
economic_inv,es,新疆,湖南,-0.013779660688938315,0.013779660688938315,-1.056586549171115,0.0001395464102329,0,0.07247806584897007,negative,502
economic_inv,es,云南,新疆,-0.013768426414381422,0.013768426414381422,-1.056586549171115,0.0001395464102329,0,0.07247806584897007,negative,503
economic_inv,es,甘肃,四川,-0.013756073793140252,0.013756073793140252,-1.056586549171115,0.0001395464102329,0,0.07247806584897007,negative,504
economic_inv,es,贵州,福建,-0.013736234912460133,0.013736234912460133,-1.056586549171115,0.0001395464102329,0,0.07247806584897007,negative,505
economic_inv,es,江苏,海南,-0.013729579118624767,0.013729579118624767,-1.056586549171115,0.0001395464102329,0,0.07247806584897007,negative,506
economic_inv,es,广东,青海,-0.013702564023452012,0.013702564023452012,-1.056586549171115,0.0001395464102329,0,0.07247806584897007,negative,507
economic_inv,es,上海,吉林,-0.013662749854899124,0.013662749854899124,-1.056586549171115,0.0001395464102329,0,0.07247806584897007,negative,508
economic_inv,es,江西,福建,-0.013619246075342664,0.013619246075342664,-1.056586549171115,0.0001395464102329,0,0.07247806584897007,negative,509
economic_inv,es,江苏,宁夏,-0.013579662395676085,0.013579662395676085,-1.056586549171115,0.0001395464102329,0,0.07247806584897007,negative,510
economic_inv,es,安徽,贵州,-0.013571228913230893,0.013571228913230893,-1.056586549171115,0.0001395464102329,0,0.07247806584897007,negative,511
economic_inv,es,山西,上海,-0.013554934712849107,0.013554934712849107,-1.056586549171115,0.0001395464102329,0,0.07247806584897007,negative,512
economic_inv,es,海南,北京,-0.013532892934961873,0.013532892934961873,-1.056586549171115,0.0001395464102329,0,0.07247806584897007,negative,513
economic_inv,es,内蒙古,山西,-0.013525867562627306,0.013525867562627306,-1.056586549171115,0.0001395464102329,0,0.07247806584897007,negative,514
economic_inv,es,广西,山西,-0.013509091830691612,0.013509091830691612,-1.056586549171115,0.0001395464102329,0,0.07247806584897007,negative,515
economic_inv,es,江苏,青海,-0.013470249874903674,0.013470249874903674,-1.056586549171115,0.0001395464102329,0,0.07247806584897007,negative,516
economic_inv,es,辽宁,吉林,-0.013403684092273006,0.013403684092273006,-1.056586549171115,0.0001395464102329,0,0.07247806584897007,negative,517
economic_inv,es,湖北,福建,-0.01333635105413596,0.01333635105413596,-1.056586549171115,0.0001395464102329,0,0.07247806584897007,negative,518
economic_inv,es,四川,吉林,-0.013301767149486209,0.013301767149486209,-1.056586549171115,0.0001395464102329,0,0.07247806584897007,negative,519
economic_inv,es,海南,安徽,-0.01328655297446743,0.01328655297446743,-1.056586549171115,0.0001395464102329,0,0.07247806584897007,negative,520
economic_inv,es,陕西,河北,-0.013223049856566629,0.013223049856566629,-1.056586549171115,0.0001395464102329,0,0.07247806584897007,negative,521
economic_inv,es,山西,辽宁,-0.013169977802734168,0.013169977802734168,-1.056586549171115,0.0001395464102329,0,0.07247806584897007,negative,522
economic_inv,es,吉林,上海,-0.013156291912129808,0.013156291912129808,-1.056586549171115,0.0001395464102329,0,0.07247806584897007,negative,523
economic_inv,es,陕西,湖北,-0.01314669469071794,0.01314669469071794,-1.056586549171115,0.0001395464102329,0,0.07247806584897007,negative,524
economic_inv,es,新疆,四川,-0.013046048378534824,0.013046048378534824,-1.056586549171115,0.0001395464102329,0,0.07247806584897007,negative,525
economic_inv,es,陕西,湖南,-0.013039300069706671,0.013039300069706671,-1.056586549171115,0.0001395464102329,0,0.07247806584897007,negative,526
economic_inv,es,陕西,甘肃,-0.012992196376165164,0.012992196376165164,-1.056586549171115,0.0001395464102329,0,0.07247806584897007,negative,527
economic_inv,es,上海,山西,-0.012902090857838432,0.012902090857838432,-1.056586549171115,0.0001395464102329,0,0.07247806584897007,negative,528
economic_inv,es,辽宁,河南,-0.012891608303679549,0.012891608303679549,-1.056586549171115,0.0001395464102329,0,0.07247806584897007,negative,529
economic_inv,es,四川,山西,-0.012812969643285847,0.012812969643285847,-1.056586549171115,0.0001395464102329,0,0.07247806584897007,negative,530
economic_inv,es,吉林,辽宁,-0.012761289578185422,0.012761289578185422,-1.056586549171115,0.0001395464102329,0,0.07247806584897007,negative,531
economic_inv,es,辽宁,山西,-0.012678641222919795,0.012678641222919795,-1.056586549171115,0.0001395464102329,0,0.07247806584897007,negative,532
economic_inv,es,上海,河南,-0.012388499936299126,0.012388499936299126,-1.056586549171115,0.0001395464102329,0,0.07247806584897007,negative,533
economic_inv,es,福建,甘肃,-0.012338633612047359,0.012338633612047359,-1.056586549171115,0.0001395464102329,0,0.07247806584897007,negative,534
economic_inv,es,海南,上海,-0.012174776747264032,0.012174776747264032,-1.056586549171115,0.0001395464102329,0,0.07247806584897007,negative,535
economic_inv,es,青海,北京,-0.01208999857949194,0.01208999857949194,-1.056586549171115,0.0001395464102329,0,0.07247806584897007,negative,536
economic_inv,es,北京,新疆,-0.012064930754720895,0.012064930754720895,-1.056586549171115,0.0001395464102329,0,0.07247806584897007,negative,537
economic_inv,es,四川,贵州,-0.012036971531763321,0.012036971531763321,-1.056586549171115,0.0001395464102329,0,0.07247806584897007,negative,538
economic_inv,es,重庆,上海,-0.011986031496689533,0.011986031496689533,-1.056586549171115,0.0001395464102329,0,0.07247806584897007,negative,539
economic_inv,es,海南,辽宁,-0.011972331975355122,0.011972331975355122,-1.056586549171115,0.0001395464102329,0,0.07247806584897007,negative,540
economic_inv,es,青海,安徽,-0.011883742977142899,0.011883742977142899,-1.056586549171115,0.0001395464102329,0,0.07247806584897007,negative,541
economic_inv,es,陕西,四川,-0.011859067966628705,0.011859067966628705,-1.056586549171115,0.0001395464102329,0,0.07247806584897007,negative,542
economic_inv,es,上海,贵州,-0.011754035865384694,0.011754035865384694,-1.056586549171115,0.0001395464102329,0,0.07247806584897007,negative,543
economic_inv,es,天津,福建,-0.011742552936951737,0.011742552936951737,-1.056586549171115,0.0001395464102329,0,0.07247806584897007,negative,544
economic_inv,es,贵州,河北,-0.011719456184919354,0.011719456184919354,-1.056586549171115,0.0001395464102329,0,0.07247806584897007,negative,545
economic_inv,es,贵州,湖北,-0.01167713700249062,0.01167713700249062,-1.056586549171115,0.0001395464102329,0,0.07247806584897007,negative,546
economic_inv,es,贵州,湖南,-0.011617301830625388,0.011617301830625388,-1.056586549171115,0.0001395464102329,0,0.07247806584897007,negative,547
economic_inv,es,辽宁,贵州,-0.01157973204002064,0.01157973204002064,-1.056586549171115,0.0001395464102329,0,0.07247806584897007,negative,548
economic_inv,es,安徽,新疆,-0.011545523312494978,0.011545523312494978,-1.056586549171115,0.0001395464102329,0,0.07247806584897007,negative,549
economic_inv,es,重庆,辽宁,-0.011493239311634904,0.011493239311634904,-1.056586549171115,0.0001395464102329,0,0.07247806584897007,negative,550
economic_inv,es,山西,福建,-0.011427726893678963,0.011427726893678963,-1.056586549171115,0.0001395464102329,0,0.07247806584897007,negative,551
economic_inv,es,江西,甘肃,-0.011411901305603309,0.011411901305603309,-1.056586549171115,0.0001395464102329,0,0.07247806584897007,negative,552
economic_inv,es,湖南,辽宁,-0.011135127652802414,0.011135127652802414,-1.056586549171115,0.0001395464102329,0,0.07247806584897007,negative,553
economic_inv,es,天津,海南,-0.011010365533539943,0.011010365533539943,-1.056586549171115,0.0001395464102329,0,0.07247806584897007,negative,554
economic_inv,es,海南,福建,-0.01099120124921159,0.01099120124921159,-1.056586549171115,0.0001395464102329,0,0.07247806584897007,negative,555
economic_inv,es,吉林,福建,-0.010989963318964903,0.010989963318964903,-1.056586549171115,0.0001395464102329,0,0.07247806584897007,negative,556
economic_inv,es,青海,上海,-0.01094686819604597,0.01094686819604597,-1.056586549171115,0.0001395464102329,0,0.07247806584897007,negative,557
economic_inv,es,贵州,四川,-0.010934684460303276,0.010934684460303276,-1.056586549171115,0.0001395464102329,0,0.07247806584897007,negative,558
economic_inv,es,四川,新疆,-0.010906194980978511,0.010906194980978511,-1.056586549171115,0.0001395464102329,0,0.07247806584897007,negative,559
economic_inv,es,安徽,河南,-0.0109044218703837,0.0109044218703837,-1.056586549171115,0.0001395464102329,0,0.07247806584897007,negative,560
economic_inv,es,甘肃,河南,-0.010892833852298401,0.010892833852298401,-1.056586549171115,0.0001395464102329,0,0.07247806584897007,negative,561
economic_inv,es,北京,河南,-0.010838230909838724,0.010838230909838724,-1.056586549171115,0.0001395464102329,0,0.07247806584897007,negative,562
economic_inv,es,福建,海南,-0.010784943783321971,0.010784943783321971,-1.056586549171115,0.0001395464102329,0,0.07247806584897007,negative,563
economic_inv,es,青海,辽宁,-0.010775205233091775,0.010775205233091775,-1.056586549171115,0.0001395464102329,0,0.07247806584897007,negative,564
economic_inv,es,宁夏,北京,-0.010747591695115985,0.010747591695115985,-1.056586549171115,0.0001395464102329,0,0.07247806584897007,negative,565
economic_inv,es,内蒙古,贵州,-0.010630158094325805,0.010630158094325805,-1.056586549171115,0.0001395464102329,0,0.07247806584897007,negative,566
economic_inv,es,广西,贵州,-0.010563706496041573,0.010563706496041573,-1.056586549171115,0.0001395464102329,0,0.07247806584897007,negative,567
economic_inv,es,江西,河北,-0.010561308014739585,0.010561308014739585,-1.056586549171115,0.0001395464102329,0,0.07247806584897007,negative,568
economic_inv,es,宁夏,安徽,-0.010559191190947307,0.010559191190947307,-1.056586549171115,0.0001395464102329,0,0.07247806584897007,negative,569
economic_inv,es,江西,湖北,-0.010503097243307807,0.010503097243307807,-1.056586549171115,0.0001395464102329,0,0.07247806584897007,negative,570
economic_inv,es,福建,宁夏,-0.010452722779802201,0.010452722779802201,-1.056586549171115,0.0001395464102329,0,0.07247806584897007,negative,571
economic_inv,es,江西,湖南,-0.010421170889955908,0.010421170889955908,-1.056586549171115,0.0001395464102329,0,0.07247806584897007,negative,572
economic_inv,es,陕西,海南,-0.010374651355463546,0.010374651355463546,-1.056586549171115,0.0001395464102329,0,0.07247806584897007,negative,573
economic_inv,es,天津,宁夏,-0.010371632527921244,0.010371632527921244,-1.056586549171115,0.0001395464102329,0,0.07247806584897007,negative,574
economic_inv,es,内蒙古,北京,-0.010363687065825591,0.010363687065825591,-1.056586549171115,0.0001395464102329,0,0.07247806584897007,negative,575
economic_inv,es,湖南,上海,-0.010360742814902483,0.010360742814902483,-1.056586549171115,0.0001395464102329,0,0.07247806584897007,negative,576
economic_inv,es,福建,青海,-0.010218570778981277,0.010218570778981277,-1.056586549171115,0.0001395464102329,0,0.07247806584897007,negative,577
economic_inv,es,上海,新疆,-0.010200203694018917,0.010200203694018917,-1.056586549171115,0.0001395464102329,0,0.07247806584897007,negative,578
economic_inv,es,重庆,甘肃,-0.010140484628151767,0.010140484628151767,-1.056586549171115,0.0001395464102329,0,0.07247806584897007,negative,579
economic_inv,es,辽宁,新疆,-0.010083517666431367,0.010083517666431367,-1.056586549171115,0.0001395464102329,0,0.07247806584897007,negative,580
economic_inv,es,新疆,河南,-0.010068480592851191,0.010068480592851191,-1.056586549171115,0.0001395464102329,0,0.07247806584897007,negative,581
economic_inv,es,北京,甘肃,-0.010020875608180881,0.010020875608180881,-1.056586549171115,0.0001395464102329,0,0.07247806584897007,negative,582
economic_inv,es,天津,青海,-0.009942575486694373,0.009942575486694373,-1.056586549171115,0.0001395464102329,0,0.07247806584897007,negative,583
economic_inv,es,青海,福建,-0.009938551123464428,0.009938551123464428,-1.056586549171115,0.0001395464102329,0,0.07247806584897007,negative,584
economic_inv,es,广西,北京,-0.00993743200027366,0.00993743200027366,-1.056586549171115,0.0001395464102329,0,0.07247806584897007,negative,585
economic_inv,es,陕西,宁夏,-0.009872605082033326,0.009872605082033326,-1.056586549171115,0.0001395464102329,0,0.07247806584897007,negative,586
economic_inv,es,海南,河北,-0.00985420123618576,0.00985420123618576,-1.056586549171115,0.0001395464102329,0,0.07247806584897007,negative,587
economic_inv,es,海南,湖北,-0.009829103210699242,0.009829103210699242,-1.056586549171115,0.0001395464102329,0,0.07247806584897007,negative,588
economic_inv,es,海南,湖南,-0.009793525447040157,0.009793525447040157,-1.056586549171115,0.0001395464102329,0,0.07247806584897007,negative,589
economic_inv,es,内蒙古,安徽,-0.009762196977359208,0.009762196977359208,-1.056586549171115,0.0001395464102329,0,0.07247806584897007,negative,590
economic_inv,es,宁夏,上海,-0.009705680350705875,0.009705680350705875,-1.056586549171115,0.0001395464102329,0,0.07247806584897007,negative,591
economic_inv,es,四川,甘肃,-0.0096937631001307,0.0096937631001307,-1.056586549171115,0.0001395464102329,0,0.07247806584897007,negative,592
economic_inv,es,山西,河北,-0.009633418805470178,0.009633418805470178,-1.056586549171115,0.0001395464102329,0,0.07247806584897007,negative,593
economic_inv,es,安徽,甘肃,-0.009631466014333677,0.009631466014333677,-1.056586549171115,0.0001395464102329,0,0.07247806584897007,negative,594
economic_inv,es,山西,湖北,-0.009596226934837115,0.009596226934837115,-1.056586549171115,0.0001395464102329,0,0.07247806584897007,negative,595
economic_inv,es,宁夏,辽宁,-0.009549692586149247,0.009549692586149247,-1.056586549171115,0.0001395464102329,0,0.07247806584897007,negative,596
economic_inv,es,山西,湖南,-0.009543673077736655,0.009543673077736655,-1.056586549171115,0.0001395464102329,0,0.07247806584897007,negative,597
economic_inv,es,陕西,青海,-0.009529567316572568,0.009529567316572568,-1.056586549171115,0.0001395464102329,0,0.07247806584897007,negative,598
economic_inv,es,江西,四川,-0.009516797112070801,0.009516797112070801,-1.056586549171115,0.0001395464102329,0,0.07247806584897007,negative,599
economic_inv,es,天津,河北,-0.009481749127102913,0.009481749127102913,-1.056586549171115,0.0001395464102329,0,0.07247806584897007,negative,600
economic_inv,es,天津,湖北,-0.009436901432878146,0.009436901432878146,-1.056586549171115,0.0001395464102329,0,0.07247806584897007,negative,601
economic_inv,es,河北,辽宁,-0.009423857113654961,0.009423857113654961,-1.056586549171115,0.0001395464102329,0,0.07247806584897007,negative,602
economic_inv,es,重庆,福建,-0.00941519864607095,0.00941519864607095,-1.056586549171115,0.0001395464102329,0,0.07247806584897007,negative,603
economic_inv,es,海南,四川,-0.009379893959285429,0.009379893959285429,-1.056586549171115,0.0001395464102329,0,0.07247806584897007,negative,604
economic_inv,es,天津,湖南,-0.009373662803820496,0.009373662803820496,-1.056586549171115,0.0001395464102329,0,0.07247806584897007,negative,605
economic_inv,es,广西,安徽,-0.009370103398090891,0.009370103398090891,-1.056586549171115,0.0001395464102329,0,0.07247806584897007,negative,606
economic_inv,es,吉林,河北,-0.009193301228387192,0.009193301228387192,-1.056586549171115,0.0001395464102329,0,0.07247806584897007,negative,607
economic_inv,es,吉林,湖北,-0.009156352201773328,0.009156352201773328,-1.056586549171115,0.0001395464102329,0,0.07247806584897007,negative,608
economic_inv,es,黑龙江,甘肃,-0.009116708412749645,0.009116708412749645,-1.056586549171115,0.0001395464102329,0,0.07247806584897007,negative,609
economic_inv,es,吉林,湖南,-0.009104161525268438,0.009104161525268438,-1.056586549171115,0.0001395464102329,0,0.07247806584897007,negative,610
economic_inv,es,甘肃,浙江,-0.009050833265494128,0.009050833265494128,-1.056586549171115,0.0001395464102329,0,0.07247806584897007,negative,611
economic_inv,es,江西,海南,-0.009022883105338353,0.009022883105338353,-1.056586549171115,0.0001395464102329,0,0.07247806584897007,negative,612
economic_inv,es,云南,甘肃,-0.00898587451399834,0.00898587451399834,-1.056586549171115,0.0001395464102329,0,0.07247806584897007,negative,613
economic_inv,es,青海,河北,-0.008959114373473832,0.008959114373473832,-1.056586549171115,0.0001395464102329,0,0.07247806584897007,negative,614
economic_inv,es,山西,四川,-0.008946747511223572,0.008946747511223572,-1.056586549171115,0.0001395464102329,0,0.07247806584897007,negative,615
economic_inv,es,青海,湖北,-0.008937373670320587,0.008937373670320587,-1.056586549171115,0.0001395464102329,0,0.07247806584897007,negative,616
economic_inv,es,青海,湖南,-0.008906546100777811,0.008906546100777811,-1.056586549171115,0.0001395464102329,0,0.07247806584897007,negative,617
economic_inv,es,宁夏,福建,-0.008791203974720635,0.008791203974720635,-1.056586549171115,0.0001395464102329,0,0.07247806584897007,negative,618
economic_inv,es,河北,上海,-0.008747178844605425,0.008747178844605425,-1.056586549171115,0.0001395464102329,0,0.07247806584897007,negative,619
economic_inv,es,上海,甘肃,-0.008673613260505515,0.008673613260505515,-1.056586549171115,0.0001395464102329,0,0.07247806584897007,negative,620
economic_inv,es,天津,四川,-0.008666156267619785,0.008666156267619785,-1.056586549171115,0.0001395464102329,0,0.07247806584897007,negative,621
economic_inv,es,四川,海南,-0.008652063673434674,0.008652063673434674,-1.056586549171115,0.0001395464102329,0,0.07247806584897007,negative,622
economic_inv,es,辽宁,甘肃,-0.00860347394271149,0.00860347394271149,-1.056586549171115,0.0001395464102329,0,0.07247806584897007,negative,623
economic_inv,es,江西,宁夏,-0.00857004303120217,0.00857004303120217,-1.056586549171115,0.0001395464102329,0,0.07247806584897007,negative,624
economic_inv,es,云南,北京,-0.008555908273418362,0.008555908273418362,-1.056586549171115,0.0001395464102329,0,0.07247806584897007,negative,625
economic_inv,es,青海,四川,-0.008547365749175324,0.008547365749175324,-1.056586549171115,0.0001395464102329,0,0.07247806584897007,negative,626
economic_inv,es,辽宁,浙江,-0.008546140797023156,0.008546140797023156,-1.056586549171115,0.0001395464102329,0,0.07247806584897007,negative,627
economic_inv,es,吉林,四川,-0.008513002772021208,0.008513002772021208,-1.056586549171115,0.0001395464102329,0,0.07247806584897007,negative,628
economic_inv,es,北京,海南,-0.008467242700523087,0.008467242700523087,-1.056586549171115,0.0001395464102329,0,0.07247806584897007,negative,629
economic_inv,es,黑龙江,北京,-0.008448142380288208,0.008448142380288208,-1.056586549171115,0.0001395464102329,0,0.07247806584897007,negative,630
economic_inv,es,四川,宁夏,-0.008423584121038528,0.008423584121038528,-1.056586549171115,0.0001395464102329,0,0.07247806584897007,negative,631
economic_inv,es,上海,浙江,-0.008291056524497466,0.008291056524497466,-1.056586549171115,0.0001395464102329,0,0.07247806584897007,negative,632
economic_inv,es,江西,青海,-0.00826160873671208,0.00826160873671208,-1.056586549171115,0.0001395464102329,0,0.07247806584897007,negative,633
economic_inv,es,四川,青海,-0.008261300544649311,0.008261300544649311,-1.056586549171115,0.0001395464102329,0,0.07247806584897007,negative,634
economic_inv,es,贵州,河南,-0.008243921021349092,0.008243921021349092,-1.056586549171115,0.0001395464102329,0,0.07247806584897007,negative,635
economic_inv,es,新疆,浙江,-0.008231517152148992,0.008231517152148992,-1.056586549171115,0.0001395464102329,0,0.07247806584897007,negative,636
economic_inv,es,云南,安徽,-0.008204469176607897,0.008204469176607897,-1.056586549171115,0.0001395464102329,0,0.07247806584897007,negative,637
economic_inv,es,安徽,海南,-0.008165388900106848,0.008165388900106848,-1.056586549171115,0.0001395464102329,0,0.07247806584897007,negative,638
economic_inv,es,北京,宁夏,-0.008148372444301746,0.008148372444301746,-1.056586549171115,0.0001395464102329,0,0.07247806584897007,negative,639
economic_inv,es,黑龙江,安徽,-0.008105476276775266,0.008105476276775266,-1.056586549171115,0.0001395464102329,0,0.07247806584897007,negative,640
economic_inv,es,北京,青海,-0.007926326683668824,0.007926326683668824,-1.056586549171115,0.0001395464102329,0,0.07247806584897007,negative,641
economic_inv,es,宁夏,河北,-0.007906981934292252,0.007906981934292252,-1.056586549171115,0.0001395464102329,0,0.07247806584897007,negative,642
economic_inv,es,陕西,河南,-0.007891390800598799,0.007891390800598799,-1.056586549171115,0.0001395464102329,0,0.07247806584897007,negative,643
economic_inv,es,宁夏,湖北,-0.007887399927707551,0.007887399927707551,-1.056586549171115,0.0001395464102329,0,0.07247806584897007,negative,644
economic_inv,es,湖北,辽宁,-0.007876709861248525,0.007876709861248525,-1.056586549171115,0.0001395464102329,0,0.07247806584897007,negative,645
economic_inv,es,安徽,宁夏,-0.007863276625320924,0.007863276625320924,-1.056586549171115,0.0001395464102329,0,0.07247806584897007,negative,646
economic_inv,es,宁夏,湖南,-0.007859636673043978,0.007859636673043978,-1.056586549171115,0.0001395464102329,0,0.07247806584897007,negative,647
economic_inv,es,重庆,海南,-0.007805058615211892,0.007805058615211892,-1.056586549171115,0.0001395464102329,0,0.07247806584897007,negative,648
economic_inv,es,内蒙古,新疆,-0.007779072078705688,0.007779072078705688,-1.056586549171115,0.0001395464102329,0,0.07247806584897007,negative,649
economic_inv,es,湖南,安徽,-0.007708066140848168,0.007708066140848168,-1.056586549171115,0.0001395464102329,0,0.07247806584897007,negative,650
economic_inv,es,广西,新疆,-0.007692443614045722,0.007692443614045722,-1.056586549171115,0.0001395464102329,0,0.07247806584897007,negative,651
economic_inv,es,安徽,青海,-0.00765265538349109,0.00765265538349109,-1.056586549171115,0.0001395464102329,0,0.07247806584897007,negative,652
economic_inv,es,北京,浙江,-0.007613071741200048,0.007613071741200048,-1.056586549171115,0.0001395464102329,0,0.07247806584897007,negative,653
economic_inv,es,安徽,浙江,-0.00760455672666269,0.00760455672666269,-1.056586549171115,0.0001395464102329,0,0.07247806584897007,negative,654
economic_inv,es,海南,河南,-0.007597462847454742,0.007597462847454742,-1.056586549171115,0.0001395464102329,0,0.07247806584897007,negative,655
economic_inv,es,内蒙古,上海,-0.007560816785048192,0.007560816785048192,-1.056586549171115,0.0001395464102329,0,0.07247806584897007,negative,656
economic_inv,es,宁夏,四川,-0.007536449424875742,0.007536449424875742,-1.056586549171115,0.0001395464102329,0,0.07247806584897007,negative,657
economic_inv,es,重庆,河北,-0.0075047381816871735,0.0075047381816871735,-1.056586549171115,0.0001395464102329,0,0.07247806584897007,negative,658
economic_inv,es,重庆,湖北,-0.0074673370560739485,0.0074673370560739485,-1.056586549171115,0.0001395464102329,0,0.07247806584897007,negative,659
economic_inv,es,上海,海南,-0.007463814446319511,0.007463814446319511,-1.056586549171115,0.0001395464102329,0,0.07247806584897007,negative,660
economic_inv,es,辽宁,海南,-0.007423412303443686,0.007423412303443686,-1.056586549171115,0.0001395464102329,0,0.07247806584897007,negative,661
economic_inv,es,重庆,湖南,-0.007414631046912673,0.007414631046912673,-1.056586549171115,0.0001395464102329,0,0.07247806584897007,negative,662
economic_inv,es,重庆,宁夏,-0.007376268730542412,0.007376268730542412,-1.056586549171115,0.0001395464102329,0,0.07247806584897007,negative,663
economic_inv,es,湖南,北京,-0.007333775571312107,0.007333775571312107,-1.056586549171115,0.0001395464102329,0,0.07247806584897007,negative,664
economic_inv,es,湖北,上海,-0.00731860090658063,0.00731860090658063,-1.056586549171115,0.0001395464102329,0,0.07247806584897007,negative,665
economic_inv,es,四川,山东,-0.007316953983170769,0.007316953983170769,-1.056586549171115,0.0001395464102329,0,0.07247806584897007,negative,666
economic_inv,es,广西,上海,-0.007283974713974351,0.007283974713974351,-1.056586549171115,0.0001395464102329,0,0.07247806584897007,negative,667
economic_inv,es,内蒙古,辽宁,-0.007231293410470873,0.007231293410470873,-1.056586549171115,0.0001395464102329,0,0.07247806584897007,negative,668
economic_inv,es,上海,宁夏,-0.0072099816924569154,0.0072099816924569154,-1.056586549171115,0.0001395464102329,0,0.07247806584897007,negative,669
economic_inv,es,辽宁,宁夏,-0.0071750110304619604,0.0071750110304619604,-1.056586549171115,0.0001395464102329,0,0.07247806584897007,negative,670
economic_inv,es,重庆,青海,-0.007086662033899431,0.007086662033899431,-1.056586549171115,0.0001395464102329,0,0.07247806584897007,negative,671
economic_inv,es,上海,青海,-0.007032084368311496,0.007032084368311496,-1.056586549171115,0.0001395464102329,0,0.07247806584897007,negative,672
economic_inv,es,湖南,河南,-0.007010661311557685,0.007010661311557685,-1.056586549171115,0.0001395464102329,0,0.07247806584897007,negative,673
economic_inv,es,辽宁,青海,-0.007000752724190838,0.007000752724190838,-1.056586549171115,0.0001395464102329,0,0.07247806584897007,negative,674
economic_inv,es,青海,河南,-0.006983068780129038,0.006983068780129038,-1.056586549171115,0.0001395464102329,0,0.07247806584897007,negative,675
economic_inv,es,广西,辽宁,-0.0069703750332856945,0.0069703750332856945,-1.056586549171115,0.0001395464102329,0,0.07247806584897007,negative,676
economic_inv,es,福建,山东,-0.006925060126570989,0.006925060126570989,-1.056586549171115,0.0001395464102329,0,0.07247806584897007,negative,677
economic_inv,es,重庆,四川,-0.006827534912244536,0.006827534912244536,-1.056586549171115,0.0001395464102329,0,0.07247806584897007,negative,678
economic_inv,es,云南,上海,-0.006802697530401478,0.006802697530401478,-1.056586549171115,0.0001395464102329,0,0.07247806584897007,negative,679
economic_inv,es,黑龙江,上海,-0.006735031057857204,0.006735031057857204,-1.056586549171115,0.0001395464102329,0,0.07247806584897007,negative,680
economic_inv,es,贵州,浙江,-0.006645073628013031,0.006645073628013031,-1.056586549171115,0.0001395464102329,0,0.07247806584897007,negative,681
economic_inv,es,山西,河南,-0.006639833335391895,0.006639833335391895,-1.056586549171115,0.0001395464102329,0,0.07247806584897007,negative,682
economic_inv,es,黑龙江,海南,-0.006599158024205634,0.006599158024205634,-1.056586549171115,0.0001395464102329,0,0.07247806584897007,negative,683
economic_inv,es,云南,辽宁,-0.006575664429676918,0.006575664429676918,-1.056586549171115,0.0001395464102329,0,0.07247806584897007,negative,684
economic_inv,es,云南,海南,-0.00652950264782926,0.00652950264782926,-1.056586549171115,0.0001395464102329,0,0.07247806584897007,negative,685
economic_inv,es,黑龙江,辽宁,-0.00651251833157268,0.00651251833157268,-1.056586549171115,0.0001395464102329,0,0.07247806584897007,negative,686
economic_inv,es,河北,安徽,-0.006453915002702262,0.006453915002702262,-1.056586549171115,0.0001395464102329,0,0.07247806584897007,negative,687
economic_inv,es,江西,河南,-0.006421330614498816,0.006421330614498816,-1.056586549171115,0.0001395464102329,0,0.07247806584897007,negative,688
economic_inv,es,海南,浙江,-0.006407019287665364,0.006407019287665364,-1.056586549171115,0.0001395464102329,0,0.07247806584897007,negative,689
economic_inv,es,吉林,河南,-0.00625638780564071,0.00625638780564071,-1.056586549171115,0.0001395464102329,0,0.07247806584897007,negative,690
economic_inv,es,黑龙江,宁夏,-0.0061691599259656345,0.0061691599259656345,-1.056586549171115,0.0001395464102329,0,0.07247806584897007,negative,691
economic_inv,es,宁夏,河南,-0.006135108968341606,0.006135108968341606,-1.056586549171115,0.0001395464102329,0,0.07247806584897007,negative,692
economic_inv,es,河北,北京,-0.006133381211641233,0.006133381211641233,-1.056586549171115,0.0001395464102329,0,0.07247806584897007,negative,693
economic_inv,es,云南,宁夏,-0.00610806092888728,0.00610806092888728,-1.056586549171115,0.0001395464102329,0,0.07247806584897007,negative,694
economic_inv,es,天津,河南,-0.006106078549983211,0.006106078549983211,-1.056586549171115,0.0001395464102329,0,0.07247806584897007,negative,695
economic_inv,es,陕西,浙江,-0.005946196528236065,0.005946196528236065,-1.056586549171115,0.0001395464102329,0,0.07247806584897007,negative,696
economic_inv,es,四川,江苏,-0.005938638233599133,0.005938638233599133,-1.056586549171115,0.0001395464102329,0,0.07247806584897007,negative,697
economic_inv,es,青海,浙江,-0.005923139623563356,0.005923139623563356,-1.056586549171115,0.0001395464102329,0,0.07247806584897007,negative,698
economic_inv,es,甘肃,山东,-0.0059170085799800844,0.0059170085799800844,-1.056586549171115,0.0001395464102329,0,0.07247806584897007,negative,699
economic_inv,es,黑龙江,青海,-0.0058839619882574004,0.0058839619882574004,-1.056586549171115,0.0001395464102329,0,0.07247806584897007,negative,700
economic_inv,es,内蒙古,福建,-0.005860202394630703,0.005860202394630703,-1.056586549171115,0.0001395464102329,0,0.07247806584897007,negative,701
economic_inv,es,云南,青海,-0.005828231902267186,0.005828231902267186,-1.056586549171115,0.0001395464102329,0,0.07247806584897007,negative,702
economic_inv,es,福建,江苏,-0.005739828928311453,0.005739828928311453,-1.056586549171115,0.0001395464102329,0,0.07247806584897007,negative,703
economic_inv,es,内蒙古,甘肃,-0.005732177028144646,0.005732177028144646,-1.056586549171115,0.0001395464102329,0,0.07247806584897007,negative,704
economic_inv,es,广西,福建,-0.005661801875342893,0.005661801875342893,-1.056586549171115,0.0001395464102329,0,0.07247806584897007,negative,705
economic_inv,es,广西,甘肃,-0.005648409324862073,0.005648409324862073,-1.056586549171115,0.0001395464102329,0,0.07247806584897007,negative,706
economic_inv,es,四川,广东,-0.00563463445544767,0.00563463445544767,-1.056586549171115,0.0001395464102329,0,0.07247806584897007,negative,707
economic_inv,es,河北,河南,-0.00561293577932705,0.00561293577932705,-1.056586549171115,0.0001395464102329,0,0.07247806584897007,negative,708
economic_inv,es,云南,福建,-0.005576560640961207,0.005576560640961207,-1.056586549171115,0.0001395464102329,0,0.07247806584897007,negative,709
economic_inv,es,黑龙江,福建,-0.005531466992990455,0.005531466992990455,-1.056586549171115,0.0001395464102329,0,0.07247806584897007,negative,710
economic_inv,es,福建,广东,-0.005471609954496171,0.005471609954496171,-1.056586549171115,0.0001395464102329,0,0.07247806584897007,negative,711
economic_inv,es,湖北,安徽,-0.005418649650207689,0.005418649650207689,-1.056586549171115,0.0001395464102329,0,0.07247806584897007,negative,712
economic_inv,es,山西,浙江,-0.005302880589778534,0.005302880589778534,-1.056586549171115,0.0001395464102329,0,0.07247806584897007,negative,713
economic_inv,es,新疆,山东,-0.00523824591654021,0.00523824591654021,-1.056586549171115,0.0001395464102329,0,0.07247806584897007,negative,714
economic_inv,es,甘肃,江苏,-0.005225834728020141,0.005225834728020141,-1.056586549171115,0.0001395464102329,0,0.07247806584897007,negative,715
economic_inv,es,宁夏,浙江,-0.005191287400891105,0.005191287400891105,-1.056586549171115,0.0001395464102329,0,0.07247806584897007,negative,716
economic_inv,es,湖北,北京,-0.00515203673167049,0.00515203673167049,-1.056586549171115,0.0001395464102329,0,0.07247806584897007,negative,717
economic_inv,es,甘肃,广东,-0.005056656906598882,0.005056656906598882,-1.056586549171115,0.0001395464102329,0,0.07247806584897007,negative,718
economic_inv,es,吉林,浙江,-0.004968594420994216,0.004968594420994216,-1.056586549171115,0.0001395464102329,0,0.07247806584897007,negative,719
economic_inv,es,江西,浙江,-0.0048719013993170565,0.0048719013993170565,-1.056586549171115,0.0001395464102329,0,0.07247806584897007,negative,720
economic_inv,es,湖北,河南,-0.004800417434796708,0.004800417434796708,-1.056586549171115,0.0001395464102329,0,0.07247806584897007,negative,721
economic_inv,es,重庆,河南,-0.004741888620257281,0.004741888620257281,-1.056586549171115,0.0001395464102329,0,0.07247806584897007,negative,722
economic_inv,es,天津,浙江,-0.004737636715481616,0.004737636715481616,-1.056586549171115,0.0001395464102329,0,0.07247806584897007,negative,723
economic_inv,es,内蒙古,河北,-0.004625415593605118,0.004625415593605118,-1.056586549171115,0.0001395464102329,0,0.07247806584897007,negative,724
economic_inv,es,内蒙古,湖北,-0.0046014831222822555,0.0046014831222822555,-1.056586549171115,0.0001395464102329,0,0.07247806584897007,negative,725
economic_inv,es,新疆,江苏,-0.004599378379781331,0.004599378379781331,-1.056586549171115,0.0001395464102329,0,0.07247806584897007,negative,726
economic_inv,es,云南,河北,-0.004593825707609728,0.004593825707609728,-1.056586549171115,0.0001395464102329,0,0.07247806584897007,negative,727
economic_inv,es,云南,湖北,-0.0045739295238023114,0.0045739295238023114,-1.056586549171115,0.0001395464102329,0,0.07247806584897007,negative,728
economic_inv,es,湖南,陕西,-0.0045733697975797695,0.0045733697975797695,-1.056586549171115,0.0001395464102329,0,0.07247806584897007,negative,729
economic_inv,es,内蒙古,湖南,-0.004567772812548758,0.004567772812548758,-1.056586549171115,0.0001395464102329,0,0.07247806584897007,negative,730
economic_inv,es,黑龙江,河北,-0.004563552958003934,0.004563552958003934,-1.056586549171115,0.0001395464102329,0,0.07247806584897007,negative,731
economic_inv,es,云南,湖南,-0.004545847294966955,0.004545847294966955,-1.056586549171115,0.0001395464102329,0,0.07247806584897007,negative,732
economic_inv,es,黑龙江,湖北,-0.004543926671828237,0.004543926671828237,-1.056586549171115,0.0001395464102329,0,0.07247806584897007,negative,733
economic_inv,es,黑龙江,湖南,-0.004516223346345476,0.004516223346345476,-1.056586549171115,0.0001395464102329,0,0.07247806584897007,negative,734
economic_inv,es,广西,河北,-0.004478133994216378,0.004478133994216378,-1.056586549171115,0.0001395464102329,0,0.07247806584897007,negative,735
economic_inv,es,内蒙古,海南,-0.004460925748206045,0.004460925748206045,-1.056586549171115,0.0001395464102329,0,0.07247806584897007,negative,736
economic_inv,es,广西,湖北,-0.004455143556034457,0.004455143556034457,-1.056586549171115,0.0001395464102329,0,0.07247806584897007,negative,737
economic_inv,es,新疆,广东,-0.00444413709624782,0.00444413709624782,-1.056586549171115,0.0001395464102329,0,0.07247806584897007,negative,738
economic_inv,es,广西,湖南,-0.004422757004764561,0.004422757004764561,-1.056586549171115,0.0001395464102329,0,0.07247806584897007,negative,739
economic_inv,es,广西,海南,-0.0043861559224244616,0.0043861559224244616,-1.056586549171115,0.0001395464102329,0,0.07247806584897007,negative,740
economic_inv,es,湖南,江西,-0.004366933764203398,0.004366933764203398,-1.056586549171115,0.0001395464102329,0,0.07247806584897007,negative,741
economic_inv,es,海南,山东,-0.004297838097681846,0.004297838097681846,-1.056586549171115,0.0001395464102329,0,0.07247806584897007,negative,742
economic_inv,es,云南,四川,-0.0042294878532671875,0.0042294878532671875,-1.056586549171115,0.0001395464102329,0,0.07247806584897007,negative,743
economic_inv,es,内蒙古,宁夏,-0.004224452179197703,0.004224452179197703,-1.056586549171115,0.0001395464102329,0,0.07247806584897007,negative,744
economic_inv,es,黑龙江,四川,-0.004203967316078325,0.004203967316078325,-1.056586549171115,0.0001395464102329,0,0.07247806584897007,negative,745
economic_inv,es,内蒙古,四川,-0.004193496685695046,0.004193496685695046,-1.056586549171115,0.0001395464102329,0,0.07247806584897007,negative,746
economic_inv,es,辽宁,山东,-0.00415722844021776,0.00415722844021776,-1.056586549171115,0.0001395464102329,0,0.07247806584897007,negative,747
economic_inv,es,广西,宁夏,-0.004151962746680845,0.004151962746680845,-1.056586549171115,0.0001395464102329,0,0.07247806584897007,negative,748
economic_inv,es,贵州,山东,-0.00413397183712392,0.00413397183712392,-1.056586549171115,0.0001395464102329,0,0.07247806584897007,negative,749
economic_inv,es,湖南,内蒙古,-0.004101429741572766,0.004101429741572766,-1.056586549171115,0.0001395464102329,0,0.07247806584897007,negative,750
economic_inv,es,上海,山东,-0.004072428072436701,0.004072428072436701,-1.056586549171115,0.0001395464102329,0,0.07247806584897007,negative,751
economic_inv,es,湖南,广西,-0.004069802818745029,0.004069802818745029,-1.056586549171115,0.0001395464102329,0,0.07247806584897007,negative,752
economic_inv,es,内蒙古,青海,-0.004064190324375172,0.004064190324375172,-1.056586549171115,0.0001395464102329,0,0.07247806584897007,negative,753
economic_inv,es,广西,四川,-0.004062930380137462,0.004062930380137462,-1.056586549171115,0.0001395464102329,0,0.07247806584897007,negative,754
economic_inv,es,青海,山东,-0.004014614201633367,0.004014614201633367,-1.056586549171115,0.0001395464102329,0,0.07247806584897007,negative,755
economic_inv,es,广西,青海,-0.003993354223814869,0.003993354223814869,-1.056586549171115,0.0001395464102329,0,0.07247806584897007,negative,756
economic_inv,es,湖南,重庆,-0.003951525104632714,0.003951525104632714,-1.056586549171115,0.0001395464102329,0,0.07247806584897007,negative,757
economic_inv,es,北京,山东,-0.003940511334456216,0.003940511334456216,-1.056586549171115,0.0001395464102329,0,0.07247806584897007,negative,758
economic_inv,es,安徽,山东,-0.003904175399744943,0.003904175399744943,-1.056586549171115,0.0001395464102329,0,0.07247806584897007,negative,759
economic_inv,es,湖南,浙江,-0.003833886739946046,0.003833886739946046,-1.056586549171115,0.0001395464102329,0,0.07247806584897007,negative,760
economic_inv,es,海南,江苏,-0.003817759916461909,0.003817759916461909,-1.056586549171115,0.0001395464102329,0,0.07247806584897007,negative,761
economic_inv,es,河北,陕西,-0.0037922668683661176,0.0037922668683661176,-1.056586549171115,0.0001395464102329,0,0.07247806584897007,negative,762
economic_inv,es,湖南,天津,-0.003751659321628572,0.003751659321628572,-1.056586549171115,0.0001395464102329,0,0.07247806584897007,negative,763
economic_inv,es,海南,广东,-0.0036994043840394217,0.0036994043840394217,-1.056586549171115,0.0001395464102329,0,0.07247806584897007,negative,764
economic_inv,es,重庆,浙江,-0.0036512976088921138,0.0036512976088921138,-1.056586549171115,0.0001395464102329,0,0.07247806584897007,negative,765
economic_inv,es,河北,江西,-0.0036187869260256014,0.0036187869260256014,-1.056586549171115,0.0001395464102329,0,0.07247806584897007,negative,766
economic_inv,es,贵州,江苏,-0.0036125136257368,0.0036125136257368,-1.056586549171115,0.0001395464102329,0,0.07247806584897007,negative,767
economic_inv,es,青海,江苏,-0.0035746430901774256,0.0035746430901774256,-1.056586549171115,0.0001395464102329,0,0.07247806584897007,negative,768
economic_inv,es,宁夏,山东,-0.0035033016834134273,0.0035033016834134273,-1.056586549171115,0.0001395464102329,0,0.07247806584897007,negative,769
economic_inv,es,贵州,广东,-0.003486550677061416,0.003486550677061416,-1.056586549171115,0.0001395464102329,0,0.07247806584897007,negative,770
economic_inv,es,辽宁,江苏,-0.0034754498127893235,0.0034754498127893235,-1.056586549171115,0.0001395464102329,0,0.07247806584897007,negative,771
economic_inv,es,青海,广东,-0.003465853974797698,0.003465853974797698,-1.056586549171115,0.0001395464102329,0,0.07247806584897007,negative,772
economic_inv,es,湖南,云南,-0.0034372606979218233,0.0034372606979218233,-1.056586549171115,0.0001395464102329,0,0.07247806584897007,negative,773
economic_inv,es,湖南,黑龙江,-0.0034132724641092868,0.0034132724641092868,-1.056586549171115,0.0001395464102329,0,0.07247806584897007,negative,774
economic_inv,es,上海,江苏,-0.003409715714827985,0.003409715714827985,-1.056586549171115,0.0001395464102329,0,0.07247806584897007,negative,775
economic_inv,es,河北,内蒙古,-0.003395992778584926,0.003395992778584926,-1.056586549171115,0.0001395464102329,0,0.07247806584897007,negative,776
economic_inv,es,河北,广西,-0.00336947773008232,0.00336947773008232,-1.056586549171115,0.0001395464102329,0,0.07247806584897007,negative,777
economic_inv,es,陕西,山东,-0.0033555883835839385,0.0033555883835839385,-1.056586549171115,0.0001395464102329,0,0.07247806584897007,negative,778
economic_inv,es,北京,江苏,-0.003327375932316664,0.003327375932316664,-1.056586549171115,0.0001395464102329,0,0.07247806584897007,negative,779
economic_inv,es,辽宁,广东,-0.0033195266991964873,0.0033195266991964873,-1.056586549171115,0.0001395464102329,0,0.07247806584897007,negative,780
economic_inv,es,安徽,江苏,-0.0032922352673865705,0.0032922352673865705,-1.056586549171115,0.0001395464102329,0,0.07247806584897007,negative,781
economic_inv,es,河北,重庆,-0.0032703630131699457,0.0032703630131699457,-1.056586549171115,0.0001395464102329,0,0.07247806584897007,negative,782
economic_inv,es,上海,广东,-0.0032578707696880238,0.0032578707696880238,-1.056586549171115,0.0001395464102329,0,0.07247806584897007,negative,783
economic_inv,es,山西,山东,-0.0032520212720843606,0.0032520212720843606,-1.056586549171115,0.0001395464102329,0,0.07247806584897007,negative,784
economic_inv,es,湖北,陕西,-0.0031968575700714874,0.0031968575700714874,-1.056586549171115,0.0001395464102329,0,0.07247806584897007,negative,785
economic_inv,es,湖南,吉林,-0.0031911028632643696,0.0031911028632643696,-1.056586549171115,0.0001395464102329,0,0.07247806584897007,negative,786
economic_inv,es,北京,广东,-0.0031854163051933905,0.0031854163051933905,-1.056586549171115,0.0001395464102329,0,0.07247806584897007,negative,787
economic_inv,es,安徽,广东,-0.0031507882880423294,0.0031507882880423294,-1.056586549171115,0.0001395464102329,0,0.07247806584897007,negative,788
economic_inv,es,宁夏,江苏,-0.003116248000832628,0.003116248000832628,-1.056586549171115,0.0001395464102329,0,0.07247806584897007,negative,789
economic_inv,es,河北,天津,-0.0031030426494603035,0.0031030426494603035,-1.056586549171115,0.0001395464102329,0,0.07247806584897007,negative,790
economic_inv,es,河北,浙江,-0.003098807007560852,0.003098807007560852,-1.056586549171115,0.0001395464102329,0,0.07247806584897007,negative,791
economic_inv,es,湖南,山西,-0.0030660162549736884,0.0030660162549736884,-1.056586549171115,0.0001395464102329,0,0.07247806584897007,negative,792
economic_inv,es,湖北,江西,-0.0030514210941680947,0.0030514210941680947,-1.056586549171115,0.0001395464102329,0,0.07247806584897007,negative,793
economic_inv,es,云南,河南,-0.003050309499837624,0.003050309499837624,-1.056586549171115,0.0001395464102329,0,0.07247806584897007,negative,794
economic_inv,es,黑龙江,河南,-0.0030374053567465095,0.0030374053567465095,-1.056586549171115,0.0001395464102329,0,0.07247806584897007,negative,795
economic_inv,es,吉林,山东,-0.00302100451045082,0.00302100451045082,-1.056586549171115,0.0001395464102329,0,0.07247806584897007,negative,796
economic_inv,es,宁夏,广东,-0.0030206627795765603,0.0030206627795765603,-1.056586549171115,0.0001395464102329,0,0.07247806584897007,negative,797
economic_inv,es,内蒙古,河南,-0.0028818255703460644,0.0028818255703460644,-1.056586549171115,0.0001395464102329,0,0.07247806584897007,negative,798
economic_inv,es,陕西,江苏,-0.0028768245459129,0.0028768245459129,-1.056586549171115,0.0001395464102329,0,0.07247806584897007,negative,799
economic_inv,es,湖南,贵州,-0.0028687356741420133,0.0028687356741420133,-1.056586549171115,0.0001395464102329,0,0.07247806584897007,negative,800
economic_inv,es,湖北,内蒙古,-0.002864529407726877,0.002864529407726877,-1.056586549171115,0.0001395464102329,0,0.07247806584897007,negative,801
economic_inv,es,湖北,广西,-0.002842278713209442,0.002842278713209442,-1.056586549171115,0.0001395464102329,0,0.07247806584897007,negative,802
economic_inv,es,河北,云南,-0.002840255177070947,0.002840255177070947,-1.056586549171115,0.0001395464102329,0,0.07247806584897007,negative,803
economic_inv,es,山西,江苏,-0.0028334368543406424,0.0028334368543406424,-1.056586549171115,0.0001395464102329,0,0.07247806584897007,negative,804
economic_inv,es,河北,黑龙江,-0.0028202256431175523,0.0028202256431175523,-1.056586549171115,0.0001395464102329,0,0.07247806584897007,negative,805
economic_inv,es,广西,河南,-0.0027982989754853226,0.0027982989754853226,-1.056586549171115,0.0001395464102329,0,0.07247806584897007,negative,806
economic_inv,es,天津,山东,-0.002783701308866325,0.002783701308866325,-1.056586549171115,0.0001395464102329,0,0.07247806584897007,negative,807
economic_inv,es,江西,山东,-0.002774847912257466,0.002774847912257466,-1.056586549171115,0.0001395464102329,0,0.07247806584897007,negative,808
economic_inv,es,陕西,广东,-0.002763879646147801,0.002763879646147801,-1.056586549171115,0.0001395464102329,0,0.07247806584897007,negative,809
economic_inv,es,湖北,重庆,-0.002759088463833613,0.002759088463833613,-1.056586549171115,0.0001395464102329,0,0.07247806584897007,negative,810
economic_inv,es,山西,广东,-0.0027326937157325453,0.0027326937157325453,-1.056586549171115,0.0001395464102329,0,0.07247806584897007,negative,811
economic_inv,es,湖北,浙江,-0.0026399761454660477,0.0026399761454660477,-1.056586549171115,0.0001395464102329,0,0.07247806584897007,negative,812
economic_inv,es,河北,吉林,-0.0026348600731672875,0.0026348600731672875,-1.056586549171115,0.0001395464102329,0,0.07247806584897007,negative,813
economic_inv,es,吉林,江苏,-0.002627576848724046,0.002627576848724046,-1.056586549171115,0.0001395464102329,0,0.07247806584897007,negative,814
economic_inv,es,湖北,天津,-0.002618593931995042,0.002618593931995042,-1.056586549171115,0.0001395464102329,0,0.07247806584897007,negative,815
economic_inv,es,湖南,新疆,-0.002584086693114738,0.002584086693114738,-1.056586549171115,0.0001395464102329,0,0.07247806584897007,negative,816
economic_inv,es,吉林,广东,-0.0025330925980178963,0.0025330925980178963,-1.056586549171115,0.0001395464102329,0,0.07247806584897007,negative,817
economic_inv,es,河北,山西,-0.002530606137947334,0.002530606137947334,-1.056586549171115,0.0001395464102329,0,0.07247806584897007,negative,818
economic_inv,es,天津,江苏,-0.00240484009421663,0.00240484009421663,-1.056586549171115,0.0001395464102329,0,0.07247806584897007,negative,819
economic_inv,es,湖北,云南,-0.0023977934460211103,0.0023977934460211103,-1.056586549171115,0.0001395464102329,0,0.07247806584897007,negative,820
economic_inv,es,云南,浙江,-0.002396906927677968,0.002396906927677968,-1.056586549171115,0.0001395464102329,0,0.07247806584897007,negative,821
economic_inv,es,黑龙江,浙江,-0.002389169095733375,0.002389169095733375,-1.056586549171115,0.0001395464102329,0,0.07247806584897007,negative,822
economic_inv,es,江西,江苏,-0.002383028653911682,0.002383028653911682,-1.056586549171115,0.0001395464102329,0,0.07247806584897007,negative,823
economic_inv,es,湖北,黑龙江,-0.0023809568817507853,0.0023809568817507853,-1.056586549171115,0.0001395464102329,0,0.07247806584897007,negative,824
economic_inv,es,河北,贵州,-0.0023663443186088097,0.0023663443186088097,-1.056586549171115,0.0001395464102329,0,0.07247806584897007,negative,825
economic_inv,es,天津,广东,-0.002314614245737522,0.002314614245737522,-1.056586549171115,0.0001395464102329,0,0.07247806584897007,negative,826
economic_inv,es,江西,广东,-0.0022903984799311347,0.0022903984799311347,-1.056586549171115,0.0001395464102329,0,0.07247806584897007,negative,827
economic_inv,es,湖南,甘肃,-0.0022825471687549417,0.0022825471687549417,-1.056586549171115,0.0001395464102329,0,0.07247806584897007,negative,828
economic_inv,es,湖北,吉林,-0.002225092190566538,0.002225092190566538,-1.056586549171115,0.0001395464102329,0,0.07247806584897007,negative,829
economic_inv,es,内蒙古,浙江,-0.0022068840805407794,0.0022068840805407794,-1.056586549171115,0.0001395464102329,0,0.07247806584897007,negative,830
economic_inv,es,广西,浙江,-0.002145371387458501,0.002145371387458501,-1.056586549171115,0.0001395464102329,0,0.07247806584897007,negative,831
economic_inv,es,湖北,山西,-0.0021373915069907053,0.0021373915069907053,-1.056586549171115,0.0001395464102329,0,0.07247806584897007,negative,832
economic_inv,es,河北,新疆,-0.0021296867151027834,0.0021296867151027834,-1.056586549171115,0.0001395464102329,0,0.07247806584897007,negative,833
economic_inv,es,重庆,山东,-0.0021224347587302382,0.0021224347587302382,-1.056586549171115,0.0001395464102329,0,0.07247806584897007,negative,834
economic_inv,es,湖南,海南,-0.0020264463826678526,0.0020264463826678526,-1.056586549171115,0.0001395464102329,0,0.07247806584897007,negative,835
economic_inv,es,湖北,贵州,-0.001999154262955318,0.001999154262955318,-1.056586549171115,0.0001395464102329,0,0.07247806584897007,negative,836
economic_inv,es,湖南,宁夏,-0.0019706381292423796,0.0019706381292423796,-1.056586549171115,0.0001395464102329,0,0.07247806584897007,negative,837
economic_inv,es,湖南,青海,-0.001931077647968818,0.001931077647968818,-1.056586549171115,0.0001395464102329,0,0.07247806584897007,negative,838
economic_inv,es,河北,甘肃,-0.0018794359369060656,0.0018794359369060656,-1.056586549171115,0.0001395464102329,0,0.07247806584897007,negative,839
economic_inv,es,重庆,江苏,-0.0018297741454999317,0.0018297741454999317,-1.056586549171115,0.0001395464102329,0,0.07247806584897007,negative,840
economic_inv,es,湖北,新疆,-0.0017998692605079361,0.0017998692605079361,-1.056586549171115,0.0001395464102329,0,0.07247806584897007,negative,841
economic_inv,es,重庆,广东,-0.0017602556268067572,0.0017602556268067572,-1.056586549171115,0.0001395464102329,0,0.07247806584897007,negative,842
economic_inv,es,河北,海南,-0.0016672575965203187,0.0016672575965203187,-1.056586549171115,0.0001395464102329,0,0.07247806584897007,negative,843
economic_inv,es,河北,宁夏,-0.0016210647958064572,0.0016210647958064572,-1.056586549171115,0.0001395464102329,0,0.07247806584897007,negative,844
economic_inv,es,湖北,甘肃,-0.0015889810027029444,0.0015889810027029444,-1.056586549171115,0.0001395464102329,0,0.07247806584897007,negative,845
economic_inv,es,河北,青海,-0.0015883299107746856,0.0015883299107746856,-1.056586549171115,0.0001395464102329,0,0.07247806584897007,negative,846
economic_inv,es,湖南,山东,-0.0015847587231024671,0.0015847587231024671,-1.056586549171115,0.0001395464102329,0,0.07247806584897007,negative,847
economic_inv,es,云南,山东,-0.0014344968727980933,0.0014344968727980933,-1.056586549171115,0.0001395464102329,0,0.07247806584897007,negative,848
economic_inv,es,黑龙江,山东,-0.0014319887322657438,0.0014319887322657438,-1.056586549171115,0.0001395464102329,0,0.07247806584897007,negative,849
economic_inv,es,湖北,海南,-0.0014100503711585144,0.0014100503711585144,-1.056586549171115,0.0001395464102329,0,0.07247806584897007,negative,850
economic_inv,es,湖北,宁夏,-0.0013710804674512591,0.0013710804674512591,-1.056586549171115,0.0001395464102329,0,0.07247806584897007,negative,851
economic_inv,es,湖北,青海,-0.001343460814030828,0.001343460814030828,-1.056586549171115,0.0001395464102329,0,0.07247806584897007,negative,852
economic_inv,es,湖南,江苏,-0.001294643461665393,0.001294643461665393,-1.056586549171115,0.0001395464102329,0,0.07247806584897007,negative,853
economic_inv,es,河北,山东,-0.0012896211133716282,0.0012896211133716282,-1.056586549171115,0.0001395464102329,0,0.07247806584897007,negative,854
economic_inv,es,内蒙古,山东,-0.00127305274083109,0.00127305274083109,-1.056586549171115,0.0001395464102329,0,0.07247806584897007,negative,855
economic_inv,es,云南,江苏,-0.0012437385204081722,0.0012437385204081722,-1.056586549171115,0.0001395464102329,0,0.07247806584897007,negative,856
economic_inv,es,黑龙江,江苏,-0.0012419293630025212,0.0012419293630025212,-1.056586549171115,0.0001395464102329,0,0.07247806584897007,negative,857
economic_inv,es,广西,山东,-0.001239530720744999,0.001239530720744999,-1.056586549171115,0.0001395464102329,0,0.07247806584897007,negative,858
economic_inv,es,湖南,广东,-0.00123014369989738,0.00123014369989738,-1.056586549171115,0.0001395464102329,0,0.07247806584897007,negative,859
economic_inv,es,云南,广东,-0.0011981060422388023,0.0011981060422388023,-1.056586549171115,0.0001395464102329,0,0.07247806584897007,negative,860
economic_inv,es,黑龙江,广东,-0.001196447507742357,0.001196447507742357,-1.056586549171115,0.0001395464102329,0,0.07247806584897007,negative,861
economic_inv,es,内蒙古,江苏,-0.0010959149335836372,0.0010959149335836372,-1.056586549171115,0.0001395464102329,0,0.07247806584897007,negative,862
economic_inv,es,湖北,山东,-0.0010956206366882263,0.0010956206366882263,-1.056586549171115,0.0001395464102329,0,0.07247806584897007,negative,863
economic_inv,es,广西,江苏,-0.0010673782790337086,0.0010673782790337086,-1.056586549171115,0.0001395464102329,0,0.07247806584897007,negative,864
economic_inv,es,河北,江苏,-0.001054460548073891,0.001054460548073891,-1.056586549171115,0.0001395464102329,0,0.07247806584897007,negative,865
economic_inv,es,内蒙古,广东,-0.0010539134478038785,0.0010539134478038785,-1.056586549171115,0.0001395464102329,0,0.07247806584897007,negative,866
economic_inv,es,广西,广东,-0.0010265436917996972,0.0010265436917996972,-1.056586549171115,0.0001395464102329,0,0.07247806584897007,negative,867
economic_inv,es,河北,广东,-0.0010021224436903065,0.0010021224436903065,-1.056586549171115,0.0001395464102329,0,0.07247806584897007,negative,868
economic_inv,es,湖北,江苏,-0.0008955126206752748,0.0008955126206752748,-1.056586549171115,0.0001395464102329,0,0.07247806584897007,negative,869
economic_inv,es,湖北,广东,-0.0008509955663878352,0.0008509955663878352,-1.056586549171115,0.0001395464102329,0,0.07247806584897007,negative,870
economic_inv,ind,河北,湖北,-0.1259411910614068,0.1259411910614068,-0.2037960816040429,0.4387054611651237,1,0.013979683759789908,negative,1
economic_inv,ind,黑龙江,云南,-0.12481890332255391,0.12481890332255391,-0.2037960816040429,0.4387054611651237,1,0.013979683759789908,negative,2
economic_inv,ind,云南,黑龙江,-0.12476083667962123,0.12476083667962123,-0.2037960816040429,0.4387054611651237,1,0.013979683759789908,negative,3
economic_inv,ind,内蒙古,广西,-0.1133735319625859,0.1133735319625859,-0.2037960816040429,0.4387054611651237,1,0.013979683759789908,negative,4
economic_inv,ind,广西,内蒙古,-0.11062726317844399,0.11062726317844399,-0.2037960816040429,0.4387054611651237,1,0.013979683759789908,negative,5
economic_inv,ind,湖南,湖北,-0.10798442469876146,0.10798442469876146,-0.2037960816040429,0.4387054611651237,1,0.013979683759789908,negative,6
economic_inv,ind,湖北,河北,-0.10678426188689831,0.10678426188689831,-0.2037960816040429,0.4387054611651237,1,0.013979683759789908,negative,7
economic_inv,ind,北京,安徽,-0.08808667484547812,0.08808667484547812,-0.2037960816040429,0.4387054611651237,1,0.013979683759789908,negative,8
economic_inv,ind,广东,江苏,-0.08684400282245727,0.08684400282245727,-0.2037960816040429,0.4387054611651237,1,0.013979683759789908,negative,9
economic_inv,ind,安徽,北京,-0.08652137337903743,0.08652137337903743,-0.2037960816040429,0.4387054611651237,1,0.013979683759789908,negative,10
economic_inv,ind,辽宁,上海,-0.08610904541333982,0.08610904541333982,-0.2037960816040429,0.4387054611651237,1,0.013979683759789908,negative,11
economic_inv,ind,青海,宁夏,-0.08557470039308179,0.08557470039308179,-0.2037960816040429,0.4387054611651237,1,0.013979683759789908,negative,12
economic_inv,ind,上海,辽宁,-0.08513806414803754,0.08513806414803754,-0.2037960816040429,0.4387054611651237,1,0.013979683759789908,negative,13
economic_inv,ind,江苏,广东,-0.08277348097249301,0.08277348097249301,-0.2037960816040429,0.4387054611651237,1,0.013979683759789908,negative,14
economic_inv,ind,湖北,湖南,-0.07486619988815767,0.07486619988815767,-0.2037960816040429,0.4387054611651237,1,0.013979683759789908,negative,15
economic_inv,ind,宁夏,青海,-0.07399994431445307,0.07399994431445307,-0.2037960816040429,0.4387054611651237,1,0.013979683759789908,negative,16
economic_inv,ind,海南,宁夏,-0.06670190823270904,0.06670190823270904,-0.2037960816040429,0.4387054611651237,1,0.013979683759789908,negative,17
economic_inv,ind,湖南,河北,-0.0634792610712868,0.0634792610712868,-0.2037960816040429,0.4387054611651237,1,0.013979683759789908,negative,18
economic_inv,ind,宁夏,海南,-0.05504652509483288,0.05504652509483288,-0.2037960816040429,0.4387054611651237,1,0.013979683759789908,negative,19
economic_inv,ind,陕西,江西,-0.053203001096299433,0.053203001096299433,-0.2037960816040429,0.4387054611651237,1,0.013979683759789908,negative,20
economic_inv,ind,河北,湖南,-0.05190594228068552,0.05190594228068552,-0.2037960816040429,0.4387054611651237,1,0.013979683759789908,negative,21
economic_inv,ind,重庆,广西,-0.04920970289249409,0.04920970289249409,-0.2037960816040429,0.4387054611651237,1,0.013979683759789908,negative,22
economic_inv,ind,山西,吉林,-0.04696088715465071,0.04696088715465071,-0.2037960816040429,0.4387054611651237,1,0.013979683759789908,negative,23
economic_inv,ind,江西,陕西,-0.04453055248098056,0.04453055248098056,-0.2037960816040429,0.4387054611651237,1,0.013979683759789908,negative,24
economic_inv,ind,吉林,山西,-0.043042188234104196,0.043042188234104196,-0.2037960816040429,0.4387054611651237,1,0.013979683759789908,negative,25
economic_inv,ind,四川,湖南,-0.03951262864923515,0.03951262864923515,-0.2037960816040429,0.4387054611651237,1,0.013979683759789908,negative,26
economic_inv,ind,重庆,内蒙古,-0.03912915837031263,0.03912915837031263,-0.2037960816040429,0.4387054611651237,1,0.013979683759789908,negative,27
economic_inv,ind,海南,青海,-0.038249302886643695,0.038249302886643695,-0.2037960816040429,0.4387054611651237,1,0.013979683759789908,negative,28
economic_inv,ind,四川,湖北,-0.03651536636177263,0.03651536636177263,-0.2037960816040429,0.4387054611651237,1,0.013979683759789908,negative,29
economic_inv,ind,青海,海南,-0.03650305129797831,0.03650305129797831,-0.2037960816040429,0.4387054611651237,1,0.013979683759789908,negative,30
economic_inv,ind,天津,重庆,-0.03574591141282622,0.03574591141282622,-0.2037960816040429,0.4387054611651237,1,0.013979683759789908,negative,31
economic_inv,ind,贵州,山西,-0.034824600260129686,0.034824600260129686,-0.2037960816040429,0.4387054611651237,1,0.013979683759789908,negative,32
economic_inv,ind,四川,河北,-0.03467145744779831,0.03467145744779831,-0.2037960816040429,0.4387054611651237,1,0.013979683759789908,negative,33
economic_inv,ind,江西,内蒙古,-0.031050703238581126,0.031050703238581126,-0.2037960816040429,0.4387054611651237,1,0.013979683759789908,negative,34
economic_inv,ind,山东,江苏,-0.030497615694750006,0.030497615694750006,-0.2037960816040429,0.4387054611651237,1,0.013979683759789908,negative,35
economic_inv,ind,广西,重庆,-0.02850005209116554,0.02850005209116554,-0.2037960816040429,0.4387054611651237,1,0.013979683759789908,negative,36
economic_inv,ind,江西,广西,-0.0275316825268366,0.0275316825268366,-0.2037960816040429,0.4387054611651237,1,0.013979683759789908,negative,37
economic_inv,ind,吉林,黑龙江,-0.026978452128200766,0.026978452128200766,-0.2037960816040429,0.4387054611651237,1,0.013979683759789908,negative,38
economic_inv,ind,重庆,天津,-0.02684511336564658,0.02684511336564658,-0.2037960816040429,0.4387054611651237,1,0.013979683759789908,negative,39
economic_inv,ind,新疆,贵州,-0.026786142577718344,0.026786142577718344,-0.2037960816040429,0.4387054611651237,1,0.013979683759789908,negative,40
economic_inv,ind,山西,贵州,-0.026767789115660873,0.026767789115660873,-0.2037960816040429,0.4387054611651237,1,0.013979683759789908,negative,41
economic_inv,ind,福建,辽宁,-0.025384026445165162,0.025384026445165162,-0.2037960816040429,0.4387054611651237,1,0.013979683759789908,negative,42
economic_inv,ind,吉林,云南,-0.024520510950034755,0.024520510950034755,-0.2037960816040429,0.4387054611651237,1,0.013979683759789908,negative,43
economic_inv,ind,浙江,河南,-0.02396012813109939,0.02396012813109939,-0.2037960816040429,0.4387054611651237,1,0.013979683759789908,negative,44
economic_inv,ind,甘肃,新疆,-0.023867182775176226,0.023867182775176226,-0.2037960816040429,0.4387054611651237,1,0.013979683759789908,negative,45
economic_inv,ind,江苏,山东,-0.0237075163595326,0.0237075163595326,-0.2037960816040429,0.4387054611651237,1,0.013979683759789908,negative,46
economic_inv,ind,山东,广东,-0.023707458379132046,0.023707458379132046,-0.2037960816040429,0.4387054611651237,1,0.013979683759789908,negative,47
economic_inv,ind,内蒙古,重庆,-0.02322442261199094,0.02322442261199094,-0.2037960816040429,0.4387054611651237,1,0.013979683759789908,negative,48
economic_inv,ind,天津,广西,-0.023128655971977295,0.023128655971977295,-0.2037960816040429,0.4387054611651237,1,0.013979683759789908,negative,49
economic_inv,ind,贵州,吉林,-0.022181248948858964,0.022181248948858964,-0.2037960816040429,0.4387054611651237,1,0.013979683759789908,negative,50
economic_inv,ind,甘肃,海南,-0.02203751041579345,0.02203751041579345,-0.2037960816040429,0.4387054611651237,1,0.013979683759789908,negative,51
economic_inv,ind,陕西,内蒙古,-0.021857146758353402,0.021857146758353402,-0.2037960816040429,0.4387054611651237,1,0.013979683759789908,negative,52
economic_inv,ind,福建,上海,-0.02139802437010601,0.02139802437010601,-0.2037960816040429,0.4387054611651237,1,0.013979683759789908,negative,53
economic_inv,ind,天津,内蒙古,-0.021200801342096738,0.021200801342096738,-0.2037960816040429,0.4387054611651237,1,0.013979683759789908,negative,54
economic_inv,ind,贵州,新疆,-0.02034199161962558,0.02034199161962558,-0.2037960816040429,0.4387054611651237,1,0.013979683759789908,negative,55
economic_inv,ind,陕西,广西,-0.020326432222083517,0.020326432222083517,-0.2037960816040429,0.4387054611651237,1,0.013979683759789908,negative,56
economic_inv,ind,新疆,甘肃,-0.020118925899320714,0.020118925899320714,-0.2037960816040429,0.4387054611651237,1,0.013979683759789908,negative,57
economic_inv,ind,天津,云南,-0.019766597306415,0.019766597306415,-0.2037960816040429,0.4387054611651237,1,0.013979683759789908,negative,58
economic_inv,ind,广东,山东,-0.019335427627731626,0.019335427627731626,-0.2037960816040429,0.4387054611651237,1,0.013979683759789908,negative,59
economic_inv,ind,江西,重庆,-0.019120377809013753,0.019120377809013753,-0.2037960816040429,0.4387054611651237,1,0.013979683759789908,negative,60
economic_inv,ind,天津,黑龙江,-0.018237174286208385,0.018237174286208385,-0.2037960816040429,0.4387054611651237,1,0.013979683759789908,negative,61
economic_inv,ind,山西,黑龙江,-0.018093694079974753,0.018093694079974753,-0.2037960816040429,0.4387054611651237,1,0.013979683759789908,negative,62
economic_inv,ind,福建,河北,-0.01802891515249191,0.01802891515249191,-0.2037960816040429,0.4387054611651237,1,0.013979683759789908,negative,63
economic_inv,ind,甘肃,宁夏,-0.017596133367327484,0.017596133367327484,-0.2037960816040429,0.4387054611651237,1,0.013979683759789908,negative,64
economic_inv,ind,福建,湖北,-0.017594614866182263,0.017594614866182263,-0.2037960816040429,0.4387054611651237,1,0.013979683759789908,negative,65
economic_inv,ind,河南,浙江,-0.01754440116525401,0.01754440116525401,-0.2037960816040429,0.4387054611651237,1,0.013979683759789908,negative,66
economic_inv,ind,安徽,上海,-0.01724690808180371,0.01724690808180371,-0.2037960816040429,0.4387054611651237,1,0.013979683759789908,negative,67
economic_inv,ind,上海,安徽,-0.017204677098072618,0.017204677098072618,-0.2037960816040429,0.4387054611651237,1,0.013979683759789908,negative,68
economic_inv,ind,河南,四川,-0.0171544383042127,0.0171544383042127,-0.2037960816040429,0.4387054611651237,1,0.013979683759789908,negative,69
economic_inv,ind,山西,云南,-0.0170435012455709,0.0170435012455709,-0.2037960816040429,0.4387054611651237,1,0.013979683759789908,negative,70
economic_inv,ind,福建,湖南,-0.01701016077912325,0.01701016077912325,-0.2037960816040429,0.4387054611651237,1,0.013979683759789908,negative,71
economic_inv,ind,新疆,山西,-0.016909087112233576,0.016909087112233576,-0.2037960816040429,0.4387054611651237,1,0.013979683759789908,negative,72
economic_inv,ind,海南,甘肃,-0.016835989937615415,0.016835989937615415,-0.2037960816040429,0.4387054611651237,1,0.013979683759789908,negative,73
economic_inv,ind,辽宁,福建,-0.016040304831974352,0.016040304831974352,-0.2037960816040429,0.4387054611651237,1,0.013979683759789908,negative,74
economic_inv,ind,陕西,重庆,-0.015981879241984614,0.015981879241984614,-0.2037960816040429,0.4387054611651237,1,0.013979683759789908,negative,75
economic_inv,ind,吉林,贵州,-0.015626812741122067,0.015626812741122067,-0.2037960816040429,0.4387054611651237,1,0.013979683759789908,negative,76
economic_inv,ind,甘肃,青海,-0.015302077333967089,0.015302077333967089,-0.2037960816040429,0.4387054611651237,1,0.013979683759789908,negative,77
economic_inv,ind,重庆,江西,-0.015034235764514011,0.015034235764514011,-0.2037960816040429,0.4387054611651237,1,0.013979683759789908,negative,78
economic_inv,ind,北京,上海,-0.014640531411949969,0.014640531411949969,-0.2037960816040429,0.4387054611651237,1,0.013979683759789908,negative,79
economic_inv,ind,河南,湖南,-0.014537364110226372,0.014537364110226372,-0.2037960816040429,0.4387054611651237,1,0.013979683759789908,negative,80
economic_inv,ind,内蒙古,江西,-0.014491079749698427,0.014491079749698427,-0.2037960816040429,0.4387054611651237,1,0.013979683759789908,negative,81
economic_inv,ind,辽宁,安徽,-0.014475656050650937,0.014475656050650937,-0.2037960816040429,0.4387054611651237,1,0.013979683759789908,negative,82
economic_inv,ind,河南,湖北,-0.014357572411820391,0.014357572411820391,-0.2037960816040429,0.4387054611651237,1,0.013979683759789908,negative,83
economic_inv,ind,安徽,辽宁,-0.014347557518441979,0.014347557518441979,-0.2037960816040429,0.4387054611651237,1,0.013979683759789908,negative,84
economic_inv,ind,上海,北京,-0.014345157018232751,0.014345157018232751,-0.2037960816040429,0.4387054611651237,1,0.013979683759789908,negative,85
economic_inv,ind,河南,河北,-0.014234149995595705,0.014234149995595705,-0.2037960816040429,0.4387054611651237,1,0.013979683759789908,negative,86
economic_inv,ind,贵州,黑龙江,-0.01404558250596323,0.01404558250596323,-0.2037960816040429,0.4387054611651237,1,0.013979683759789908,negative,87
economic_inv,ind,新疆,吉林,-0.013972361676881758,0.013972361676881758,-0.2037960816040429,0.4387054611651237,0,0.013979683759789908,negative,88
economic_inv,ind,甘肃,贵州,-0.013629865204381487,0.013629865204381487,-0.2037960816040429,0.4387054611651237,0,0.013979683759789908,negative,89
economic_inv,ind,贵州,云南,-0.013547492279185789,0.013547492279185789,-0.2037960816040429,0.4387054611651237,0,0.013979683759789908,negative,90
economic_inv,ind,上海,福建,-0.01336905715463513,0.01336905715463513,-0.2037960816040429,0.4387054611651237,0,0.013979683759789908,negative,91
economic_inv,ind,天津,江西,-0.01283239761266568,0.01283239761266568,-0.2037960816040429,0.4387054611651237,0,0.013979683759789908,negative,92
economic_inv,ind,广西,江西,-0.012537546329213155,0.012537546329213155,-0.2037960816040429,0.4387054611651237,0,0.013979683759789908,negative,93
economic_inv,ind,北京,辽宁,-0.012529414386660893,0.012529414386660893,-0.2037960816040429,0.4387054611651237,0,0.013979683759789908,negative,94
economic_inv,ind,黑龙江,吉林,-0.01251187313817339,0.01251187313817339,-0.2037960816040429,0.4387054611651237,0,0.013979683759789908,negative,95
economic_inv,ind,辽宁,北京,-0.012416644361364755,0.012416644361364755,-0.2037960816040429,0.4387054611651237,0,0.013979683759789908,negative,96
economic_inv,ind,江西,天津,-0.012256367888662136,0.012256367888662136,-0.2037960816040429,0.4387054611651237,0,0.013979683759789908,negative,97
economic_inv,ind,福建,四川,-0.012109555286410665,0.012109555286410665,-0.2037960816040429,0.4387054611651237,0,0.013979683759789908,negative,98
economic_inv,ind,福建,安徽,-0.012041253998658658,0.012041253998658658,-0.2037960816040429,0.4387054611651237,0,0.013979683759789908,negative,99
economic_inv,ind,浙江,四川,-0.01184542613154823,0.01184542613154823,-0.2037960816040429,0.4387054611651237,0,0.013979683759789908,negative,100
economic_inv,ind,吉林,天津,-0.011752621239064084,0.011752621239064084,-0.2037960816040429,0.4387054611651237,0,0.013979683759789908,negative,101
economic_inv,ind,山东,浙江,-0.011649609929536606,0.011649609929536606,-0.2037960816040429,0.4387054611651237,0,0.013979683759789908,negative,102
economic_inv,ind,陕西,天津,-0.011482847634149333,0.011482847634149333,-0.2037960816040429,0.4387054611651237,0,0.013979683759789908,negative,103
economic_inv,ind,四川,福建,-0.011383537610498106,0.011383537610498106,-0.2037960816040429,0.4387054611651237,0,0.013979683759789908,negative,104
economic_inv,ind,云南,吉林,-0.01136665648718726,0.01136665648718726,-0.2037960816040429,0.4387054611651237,0,0.013979683759789908,negative,105
economic_inv,ind,青海,甘肃,-0.011156607741117732,0.011156607741117732,-0.2037960816040429,0.4387054611651237,0,0.013979683759789908,negative,106
economic_inv,ind,宁夏,甘肃,-0.011093919800418007,0.011093919800418007,-0.2037960816040429,0.4387054611651237,0,0.013979683759789908,negative,107
economic_inv,ind,福建,北京,-0.011075833417268118,0.011075833417268118,-0.2037960816040429,0.4387054611651237,0,0.013979683759789908,negative,108
economic_inv,ind,新疆,黑龙江,-0.010940782685561866,0.010940782685561866,-0.2037960816040429,0.4387054611651237,0,0.013979683759789908,negative,109
economic_inv,ind,甘肃,山西,-0.010899106915164877,0.010899106915164877,-0.2037960816040429,0.4387054611651237,0,0.013979683759789908,negative,110
economic_inv,ind,浙江,湖南,-0.010857167733091467,0.010857167733091467,-0.2037960816040429,0.4387054611651237,0,0.013979683759789908,negative,111
economic_inv,ind,浙江,湖北,-0.01078332266208181,0.01078332266208181,-0.2037960816040429,0.4387054611651237,0,0.013979683759789908,negative,112
economic_inv,ind,浙江,河北,-0.01073214622043887,0.01073214622043887,-0.2037960816040429,0.4387054611651237,0,0.013979683759789908,negative,113
economic_inv,ind,新疆,云南,-0.01070789572494503,0.01070789572494503,-0.2037960816040429,0.4387054611651237,0,0.013979683759789908,negative,114
economic_inv,ind,河南,福建,-0.010557427917001613,0.010557427917001613,-0.2037960816040429,0.4387054611651237,0,0.013979683759789908,negative,115
economic_inv,ind,重庆,陕西,-0.010518036761960732,0.010518036761960732,-0.2037960816040429,0.4387054611651237,0,0.013979683759789908,negative,116
economic_inv,ind,云南,天津,-0.010462810336913769,0.010462810336913769,-0.2037960816040429,0.4387054611651237,0,0.013979683759789908,negative,117
economic_inv,ind,天津,吉林,-0.010292515310290162,0.010292515310290162,-0.2037960816040429,0.4387054611651237,0,0.013979683759789908,negative,118
economic_inv,ind,山西,天津,-0.010072368625521357,0.010072368625521357,-0.2037960816040429,0.4387054611651237,0,0.013979683759789908,negative,119
economic_inv,ind,天津,陕西,-0.010062770645564536,0.010062770645564536,-0.2037960816040429,0.4387054611651237,0,0.013979683759789908,negative,120
economic_inv,ind,广西,天津,-0.010059680201150063,0.010059680201150063,-0.2037960816040429,0.4387054611651237,0,0.013979683759789908,negative,121
economic_inv,ind,山西,新疆,-0.009870287855619072,0.009870287855619072,-0.2037960816040429,0.4387054611651237,0,0.013979683759789908,negative,122
economic_inv,ind,甘肃,吉林,-0.009781998089612975,0.009781998089612975,-0.2037960816040429,0.4387054611651237,0,0.013979683759789908,negative,123
economic_inv,ind,新疆,海南,-0.009658512196484906,0.009658512196484906,-0.2037960816040429,0.4387054611651237,0,0.013979683759789908,negative,124
economic_inv,ind,黑龙江,天津,-0.009657752477017976,0.009657752477017976,-0.2037960816040429,0.4387054611651237,0,0.013979683759789908,negative,125
economic_inv,ind,重庆,云南,-0.009558864439498778,0.009558864439498778,-0.2037960816040429,0.4387054611651237,0,0.013979683759789908,negative,126
economic_inv,ind,贵州,天津,-0.009521300465671652,0.009521300465671652,-0.2037960816040429,0.4387054611651237,0,0.013979683759789908,negative,127
economic_inv,ind,内蒙古,天津,-0.009450081697995258,0.009450081697995258,-0.2037960816040429,0.4387054611651237,0,0.013979683759789908,negative,128
economic_inv,ind,吉林,重庆,-0.009125163207829811,0.009125163207829811,-0.2037960816040429,0.4387054611651237,0,0.013979683759789908,negative,129
economic_inv,ind,重庆,黑龙江,-0.009069118684912244,0.009069118684912244,-0.2037960816040429,0.4387054611651237,0,0.013979683759789908,negative,130
economic_inv,ind,浙江,福建,-0.009001454136162998,0.009001454136162998,-0.2037960816040429,0.4387054611651237,0,0.013979683759789908,negative,131
economic_inv,ind,河南,辽宁,-0.00892082484926069,0.00892082484926069,-0.2037960816040429,0.4387054611651237,0,0.013979683759789908,negative,132
economic_inv,ind,湖南,四川,-0.008863601163856781,0.008863601163856781,-0.2037960816040429,0.4387054611651237,0,0.013979683759789908,negative,133
economic_inv,ind,山东,河南,-0.008830255594820275,0.008830255594820275,-0.2037960816040429,0.4387054611651237,0,0.013979683759789908,negative,134
economic_inv,ind,海南,新疆,-0.008753519980418066,0.008753519980418066,-0.2037960816040429,0.4387054611651237,0,0.013979683759789908,negative,135
economic_inv,ind,贵州,甘肃,-0.008725262222784835,0.008725262222784835,-0.2037960816040429,0.4387054611651237,0,0.013979683759789908,negative,136
economic_inv,ind,河南,上海,-0.00867044999104514,0.00867044999104514,-0.2037960816040429,0.4387054611651237,0,0.013979683759789908,negative,137
economic_inv,ind,新疆,天津,-0.008540214222539793,0.008540214222539793,-0.2037960816040429,0.4387054611651237,0,0.013979683759789908,negative,138
economic_inv,ind,新疆,宁夏,-0.00853803642031922,0.00853803642031922,-0.2037960816040429,0.4387054611651237,0,0.013979683759789908,negative,139
economic_inv,ind,内蒙古,陕西,-0.008537775420063653,0.008537775420063653,-0.2037960816040429,0.4387054611651237,0,0.013979683759789908,negative,140
economic_inv,ind,甘肃,黑龙江,-0.00840721539116393,0.00840721539116393,-0.2037960816040429,0.4387054611651237,0,0.013979683759789908,negative,141
economic_inv,ind,甘肃,云南,-0.008290420190562246,0.008290420190562246,-0.2037960816040429,0.4387054611651237,0,0.013979683759789908,negative,142
economic_inv,ind,山西,重庆,-0.008214443475200216,0.008214443475200216,-0.2037960816040429,0.4387054611651237,0,0.013979683759789908,negative,143
economic_inv,ind,贵州,重庆,-0.008177428631527999,0.008177428631527999,-0.2037960816040429,0.4387054611651237,0,0.013979683759789908,negative,144
economic_inv,ind,吉林,广西,-0.00813323779443728,0.00813323779443728,-0.2037960816040429,0.4387054611651237,0,0.013979683759789908,negative,145
economic_inv,ind,天津,山西,-0.008084933329401897,0.008084933329401897,-0.2037960816040429,0.4387054611651237,0,0.013979683759789908,negative,146
economic_inv,ind,浙江,辽宁,-0.008076413415330868,0.008076413415330868,-0.2037960816040429,0.4387054611651237,0,0.013979683759789908,negative,147
economic_inv,ind,浙江,上海,-0.00792470998599663,0.00792470998599663,-0.2037960816040429,0.4387054611651237,0,0.013979683759789908,negative,148
economic_inv,ind,吉林,内蒙古,-0.007911678242355181,0.007911678242355181,-0.2037960816040429,0.4387054611651237,0,0.013979683759789908,negative,149
economic_inv,ind,新疆,青海,-0.007859769603253925,0.007859769603253925,-0.2037960816040429,0.4387054611651237,0,0.013979683759789908,negative,150
economic_inv,ind,广西,陕西,-0.00774752357785164,0.00774752357785164,-0.2037960816040429,0.4387054611651237,0,0.013979683759789908,negative,151
economic_inv,ind,四川,辽宁,-0.007706919595284392,0.007706919595284392,-0.2037960816040429,0.4387054611651237,0,0.013979683759789908,negative,152
economic_inv,ind,黑龙江,山西,-0.007691137870032456,0.007691137870032456,-0.2037960816040429,0.4387054611651237,0,0.013979683759789908,negative,153
economic_inv,ind,新疆,重庆,-0.007680442565596439,0.007680442565596439,-0.2037960816040429,0.4387054611651237,0,0.013979683759789908,negative,154
economic_inv,ind,浙江,山东,-0.007650072003171343,0.007650072003171343,-0.2037960816040429,0.4387054611651237,0,0.013979683759789908,negative,155
economic_inv,ind,河南,安徽,-0.007613087777976769,0.007613087777976769,-0.2037960816040429,0.4387054611651237,0,0.013979683759789908,negative,156
economic_inv,ind,陕西,云南,-0.007609173130336877,0.007609173130336877,-0.2037960816040429,0.4387054611651237,0,0.013979683759789908,negative,157
economic_inv,ind,贵州,广西,-0.007592802549331521,0.007592802549331521,-0.2037960816040429,0.4387054611651237,0,0.013979683759789908,negative,158
economic_inv,ind,安徽,福建,-0.007541600838829172,0.007541600838829172,-0.2037960816040429,0.4387054611651237,0,0.013979683759789908,negative,159
economic_inv,ind,吉林,新疆,-0.007475453177406956,0.007475453177406956,-0.2037960816040429,0.4387054611651237,0,0.013979683759789908,negative,160
economic_inv,ind,山西,广西,-0.0074634271154552165,0.0074634271154552165,-0.2037960816040429,0.4387054611651237,0,0.013979683759789908,negative,161
economic_inv,ind,贵州,内蒙古,-0.007455486624867706,0.007455486624867706,-0.2037960816040429,0.4387054611651237,0,0.013979683759789908,negative,162
economic_inv,ind,河南,北京,-0.0074324120670221615,0.0074324120670221615,-0.2037960816040429,0.4387054611651237,0,0.013979683759789908,negative,163
economic_inv,ind,江西,云南,-0.007431722637333753,0.007431722637333753,-0.2037960816040429,0.4387054611651237,0,0.013979683759789908,negative,164
economic_inv,ind,陕西,黑龙江,-0.007399826894039097,0.007399826894039097,-0.2037960816040429,0.4387054611651237,0,0.013979683759789908,negative,165
economic_inv,ind,山西,内蒙古,-0.007291682748251769,0.007291682748251769,-0.2037960816040429,0.4387054611651237,0,0.013979683759789908,negative,166
economic_inv,ind,新疆,广西,-0.007280593886633367,0.007280593886633367,-0.2037960816040429,0.4387054611651237,0,0.013979683759789908,negative,167
economic_inv,ind,四川,上海,-0.007269555655899186,0.007269555655899186,-0.2037960816040429,0.4387054611651237,0,0.013979683759789908,negative,168
economic_inv,ind,浙江,安徽,-0.007250745853262852,0.007250745853262852,-0.2037960816040429,0.4387054611651237,0,0.013979683759789908,negative,169
economic_inv,ind,云南,山西,-0.00724135912303501,0.00724135912303501,-0.2037960816040429,0.4387054611651237,0,0.013979683759789908,negative,170
economic_inv,ind,江西,黑龙江,-0.007194225849939227,0.007194225849939227,-0.2037960816040429,0.4387054611651237,0,0.013979683759789908,negative,171
economic_inv,ind,新疆,内蒙古,-0.0071842390149052,0.0071842390149052,-0.2037960816040429,0.4387054611651237,0,0.013979683759789908,negative,172
economic_inv,ind,浙江,北京,-0.007129874567779584,0.007129874567779584,-0.2037960816040429,0.4387054611651237,0,0.013979683759789908,negative,173
economic_inv,ind,四川,河南,-0.007113220800567286,0.007113220800567286,-0.2037960816040429,0.4387054611651237,0,0.013979683759789908,negative,174
economic_inv,ind,甘肃,天津,-0.007112245968367436,0.007112245968367436,-0.2037960816040429,0.4387054611651237,0,0.013979683759789908,negative,175
economic_inv,ind,北京,陕西,-0.0070865859834894525,0.0070865859834894525,-0.2037960816040429,0.4387054611651237,0,0.013979683759789908,negative,176
economic_inv,ind,山东,四川,-0.007078279966384742,0.007078279966384742,-0.2037960816040429,0.4387054611651237,0,0.013979683759789908,negative,177
economic_inv,ind,北京,福建,-0.007062444563635902,0.007062444563635902,-0.2037960816040429,0.4387054611651237,0,0.013979683759789908,negative,178
economic_inv,ind,山东,湖南,-0.0068341779126705905,0.0068341779126705905,-0.2037960816040429,0.4387054611651237,0,0.013979683759789908,negative,179
economic_inv,ind,山东,湖北,-0.006814887058995226,0.006814887058995226,-0.2037960816040429,0.4387054611651237,0,0.013979683759789908,negative,180
economic_inv,ind,山东,河北,-0.0068014270994933715,0.0068014270994933715,-0.2037960816040429,0.4387054611651237,0,0.013979683759789908,negative,181
economic_inv,ind,青海,新疆,-0.006798106356011394,0.006798106356011394,-0.2037960816040429,0.4387054611651237,0,0.013979683759789908,negative,182
economic_inv,ind,云南,重庆,-0.006737268771692827,0.006737268771692827,-0.2037960816040429,0.4387054611651237,0,0.013979683759789908,negative,183
economic_inv,ind,陕西,北京,-0.006681896127261525,0.006681896127261525,-0.2037960816040429,0.4387054611651237,0,0.013979683759789908,negative,184
economic_inv,ind,辽宁,河北,-0.006661361432633248,0.006661361432633248,-0.2037960816040429,0.4387054611651237,0,0.013979683759789908,negative,185
economic_inv,ind,甘肃,重庆,-0.006594053628908014,0.006594053628908014,-0.2037960816040429,0.4387054611651237,0,0.013979683759789908,negative,186
economic_inv,ind,辽宁,湖北,-0.006566586966075262,0.006566586966075262,-0.2037960816040429,0.4387054611651237,0,0.013979683759789908,negative,187
economic_inv,ind,江苏,浙江,-0.006552823202378918,0.006552823202378918,-0.2037960816040429,0.4387054611651237,0,0.013979683759789908,negative,188
economic_inv,ind,贵州,江西,-0.0065313565173469494,0.0065313565173469494,-0.2037960816040429,0.4387054611651237,0,0.013979683759789908,negative,189
economic_inv,ind,吉林,江西,-0.006521724394515407,0.006521724394515407,-0.2037960816040429,0.4387054611651237,0,0.013979683759789908,negative,190
economic_inv,ind,新疆,江西,-0.006510161890061196,0.006510161890061196,-0.2037960816040429,0.4387054611651237,0,0.013979683759789908,negative,191
economic_inv,ind,安徽,陕西,-0.006442367809192147,0.006442367809192147,-0.2037960816040429,0.4387054611651237,0,0.013979683759789908,negative,192
economic_inv,ind,辽宁,湖南,-0.006435980543616281,0.006435980543616281,-0.2037960816040429,0.4387054611651237,0,0.013979683759789908,negative,193
economic_inv,ind,海南,贵州,-0.0064336741754044205,0.0064336741754044205,-0.2037960816040429,0.4387054611651237,0,0.013979683759789908,negative,194
economic_inv,ind,黑龙江,重庆,-0.006395061712759258,0.006395061712759258,-0.2037960816040429,0.4387054611651237,0,0.013979683759789908,negative,195
economic_inv,ind,宁夏,新疆,-0.006385900506842447,0.006385900506842447,-0.2037960816040429,0.4387054611651237,0,0.013979683759789908,negative,196
economic_inv,ind,广东,浙江,-0.00637072586780712,0.00637072586780712,-0.2037960816040429,0.4387054611651237,0,0.013979683759789908,negative,197
economic_inv,ind,河北,四川,-0.006359626315513508,0.006359626315513508,-0.2037960816040429,0.4387054611651237,0,0.013979683759789908,negative,198
economic_inv,ind,甘肃,广西,-0.006341982135512825,0.006341982135512825,-0.2037960816040429,0.4387054611651237,0,0.013979683759789908,negative,199
economic_inv,ind,山东,福建,-0.006297526641549314,0.006297526641549314,-0.2037960816040429,0.4387054611651237,0,0.013979683759789908,negative,200
economic_inv,ind,北京,江西,-0.006295871903081058,0.006295871903081058,-0.2037960816040429,0.4387054611651237,0,0.013979683759789908,negative,201
economic_inv,ind,甘肃,内蒙古,-0.006280134416943417,0.006280134416943417,-0.2037960816040429,0.4387054611651237,0,0.013979683759789908,negative,202
economic_inv,ind,陕西,安徽,-0.006184363195995847,0.006184363195995847,-0.2037960816040429,0.4387054611651237,0,0.013979683759789908,negative,203
economic_inv,ind,山西,江西,-0.006179212800238418,0.006179212800238418,-0.2037960816040429,0.4387054611651237,0,0.013979683759789908,negative,204
economic_inv,ind,上海,河北,-0.006113322515728583,0.006113322515728583,-0.2037960816040429,0.4387054611651237,0,0.013979683759789908,negative,205
economic_inv,ind,新疆,陕西,-0.006110390992884817,0.006110390992884817,-0.2037960816040429,0.4387054611651237,0,0.013979683759789908,negative,206
economic_inv,ind,上海,湖北,-0.006032508092985361,0.006032508092985361,-0.2037960816040429,0.4387054611651237,0,0.013979683759789908,negative,207
economic_inv,ind,贵州,陕西,-0.006011753520054217,0.006011753520054217,-0.2037960816040429,0.4387054611651237,0,0.013979683759789908,negative,208
economic_inv,ind,重庆,吉林,-0.006001589541366769,0.006001589541366769,-0.2037960816040429,0.4387054611651237,0,0.013979683759789908,negative,209
economic_inv,ind,山东,辽宁,-0.005982714091197241,0.005982714091197241,-0.2037960816040429,0.4387054611651237,0,0.013979683759789908,negative,210
economic_inv,ind,山东,上海,-0.0059275166872814825,0.0059275166872814825,-0.2037960816040429,0.4387054611651237,0,0.013979683759789908,negative,211
economic_inv,ind,上海,湖南,-0.005920868449837385,0.005920868449837385,-0.2037960816040429,0.4387054611651237,0,0.013979683759789908,negative,212
economic_inv,ind,浙江,陕西,-0.005906069688268468,0.005906069688268468,-0.2037960816040429,0.4387054611651237,0,0.013979683759789908,negative,213
economic_inv,ind,天津,贵州,-0.0058744534129324755,0.0058744534129324755,-0.2037960816040429,0.4387054611651237,0,0.013979683759789908,negative,214
economic_inv,ind,甘肃,江西,-0.0058349435382478105,0.0058349435382478105,-0.2037960816040429,0.4387054611651237,0,0.013979683759789908,negative,215
economic_inv,ind,吉林,陕西,-0.005809986274295792,0.005809986274295792,-0.2037960816040429,0.4387054611651237,0,0.013979683759789908,negative,216
economic_inv,ind,陕西,吉林,-0.0058062257310714325,0.0058062257310714325,-0.2037960816040429,0.4387054611651237,0,0.013979683759789908,negative,217
economic_inv,ind,浙江,江西,-0.005781437641912422,0.005781437641912422,-0.2037960816040429,0.4387054611651237,0,0.013979683759789908,negative,218
economic_inv,ind,安徽,江西,-0.005771485326879095,0.005771485326879095,-0.2037960816040429,0.4387054611651237,0,0.013979683759789908,negative,219
economic_inv,ind,河南,陕西,-0.005739344217204002,0.005739344217204002,-0.2037960816040429,0.4387054611651237,0,0.013979683759789908,negative,220
economic_inv,ind,湖北,四川,-0.005679035923485724,0.005679035923485724,-0.2037960816040429,0.4387054611651237,0,0.013979683759789908,negative,221
economic_inv,ind,四川,安徽,-0.005675671823390045,0.005675671823390045,-0.2037960816040429,0.4387054611651237,0,0.013979683759789908,negative,222
economic_inv,ind,山东,安徽,-0.005668706355755078,0.005668706355755078,-0.2037960816040429,0.4387054611651237,0,0.013979683759789908,negative,223
economic_inv,ind,云南,广西,-0.0056414340116372474,0.0056414340116372474,-0.2037960816040429,0.4387054611651237,0,0.013979683759789908,negative,224
economic_inv,ind,山东,北京,-0.005619794169243167,0.005619794169243167,-0.2037960816040429,0.4387054611651237,0,0.013979683759789908,negative,225
economic_inv,ind,浙江,内蒙古,-0.005611611175616594,0.005611611175616594,-0.2037960816040429,0.4387054611651237,0,0.013979683759789908,negative,226
economic_inv,ind,浙江,广西,-0.005590620875934421,0.005590620875934421,-0.2037960816040429,0.4387054611651237,0,0.013979683759789908,negative,227
economic_inv,ind,山西,陕西,-0.005585055579263847,0.005585055579263847,-0.2037960816040429,0.4387054611651237,0,0.013979683759789908,negative,228
economic_inv,ind,河南,江西,-0.005579712210950591,0.005579712210950591,-0.2037960816040429,0.4387054611651237,0,0.013979683759789908,negative,229
economic_inv,ind,海南,山西,-0.0055712234352695835,0.0055712234352695835,-0.2037960816040429,0.4387054611651237,0,0.013979683759789908,negative,230
economic_inv,ind,甘肃,陕西,-0.005560107388779149,0.005560107388779149,-0.2037960816040429,0.4387054611651237,0,0.013979683759789908,negative,231
economic_inv,ind,福建,陕西,-0.005547365636739282,0.005547365636739282,-0.2037960816040429,0.4387054611651237,0,0.013979683759789908,negative,232
economic_inv,ind,浙江,江苏,-0.005535570907317282,0.005535570907317282,-0.2037960816040429,0.4387054611651237,0,0.013979683759789908,negative,233
economic_inv,ind,浙江,重庆,-0.005510610320813474,0.005510610320813474,-0.2037960816040429,0.4387054611651237,0,0.013979683759789908,negative,234
economic_inv,ind,江西,吉林,-0.005455106125711731,0.005455106125711731,-0.2037960816040429,0.4387054611651237,0,0.013979683759789908,negative,235
economic_inv,ind,四川,北京,-0.005438000970547014,0.005438000970547014,-0.2037960816040429,0.4387054611651237,0,0.013979683759789908,negative,236
economic_inv,ind,北京,内蒙古,-0.005427391187489869,0.005427391187489869,-0.2037960816040429,0.4387054611651237,0,0.013979683759789908,negative,237
economic_inv,ind,云南,内蒙古,-0.005414548415340855,0.005414548415340855,-0.2037960816040429,0.4387054611651237,0,0.013979683759789908,negative,238
economic_inv,ind,黑龙江,广西,-0.005399887615195333,0.005399887615195333,-0.2037960816040429,0.4387054611651237,0,0.013979683759789908,negative,239
economic_inv,ind,贵州,海南,-0.005391006592768288,0.005391006592768288,-0.2037960816040429,0.4387054611651237,0,0.013979683759789908,negative,240
economic_inv,ind,浙江,天津,-0.005369737946576026,0.005369737946576026,-0.2037960816040429,0.4387054611651237,0,0.013979683759789908,negative,241
economic_inv,ind,河南,内蒙古,-0.005365684751923109,0.005365684751923109,-0.2037960816040429,0.4387054611651237,0,0.013979683759789908,negative,242
economic_inv,ind,山西,甘肃,-0.005362955606345813,0.005362955606345813,-0.2037960816040429,0.4387054611651237,0,0.013979683759789908,negative,243
economic_inv,ind,河南,广西,-0.0053395060655562964,0.0053395060655562964,-0.2037960816040429,0.4387054611651237,0,0.013979683759789908,negative,244
economic_inv,ind,北京,广西,-0.005333355245694094,0.005333355245694094,-0.2037960816040429,0.4387054611651237,0,0.013979683759789908,negative,245
economic_inv,ind,江苏,河南,-0.005323029752403909,0.005323029752403909,-0.2037960816040429,0.4387054611651237,0,0.013979683759789908,negative,246
economic_inv,ind,青海,贵州,-0.0052558883472161085,0.0052558883472161085,-0.2037960816040429,0.4387054611651237,0,0.013979683759789908,negative,247
economic_inv,ind,广东,河南,-0.0052473498330184165,0.0052473498330184165,-0.2037960816040429,0.4387054611651237,0,0.013979683759789908,negative,248
economic_inv,ind,河南,重庆,-0.005240264766152121,0.005240264766152121,-0.2037960816040429,0.4387054611651237,0,0.013979683759789908,negative,249
economic_inv,ind,福建,江西,-0.005220121007668436,0.005220121007668436,-0.2037960816040429,0.4387054611651237,0,0.013979683759789908,negative,250
economic_inv,ind,黑龙江,内蒙古,-0.005191749536186052,0.005191749536186052,-0.2037960816040429,0.4387054611651237,0,0.013979683759789908,negative,251
economic_inv,ind,辽宁,四川,-0.00518064557193618,0.00518064557193618,-0.2037960816040429,0.4387054611651237,0,0.013979683759789908,negative,252
economic_inv,ind,海南,吉林,-0.005175743722710155,0.005175743722710155,-0.2037960816040429,0.4387054611651237,0,0.013979683759789908,negative,253
economic_inv,ind,浙江,云南,-0.005132465853373393,0.005132465853373393,-0.2037960816040429,0.4387054611651237,0,0.013979683759789908,negative,254
economic_inv,ind,浙江,广东,-0.005129490998213847,0.005129490998213847,-0.2037960816040429,0.4387054611651237,0,0.013979683759789908,negative,255
economic_inv,ind,陕西,山西,-0.005115691642416802,0.005115691642416802,-0.2037960816040429,0.4387054611651237,0,0.013979683759789908,negative,256
economic_inv,ind,浙江,黑龙江,-0.005113516982052767,0.005113516982052767,-0.2037960816040429,0.4387054611651237,0,0.013979683759789908,negative,257
economic_inv,ind,山东,陕西,-0.005075441792441151,0.005075441792441151,-0.2037960816040429,0.4387054611651237,0,0.013979683759789908,negative,258
economic_inv,ind,河南,天津,-0.005067609434332554,0.005067609434332554,-0.2037960816040429,0.4387054611651237,0,0.013979683759789908,negative,259
economic_inv,ind,安徽,内蒙古,-0.005021547659379167,0.005021547659379167,-0.2037960816040429,0.4387054611651237,0,0.013979683759789908,negative,260
economic_inv,ind,山东,江西,-0.005014439563379371,0.005014439563379371,-0.2037960816040429,0.4387054611651237,0,0.013979683759789908,negative,261
economic_inv,ind,北京,重庆,-0.004997268088871022,0.004997268088871022,-0.2037960816040429,0.4387054611651237,0,0.013979683759789908,negative,262
economic_inv,ind,江西,北京,-0.0049686739054884115,0.0049686739054884115,-0.2037960816040429,0.4387054611651237,0,0.013979683759789908,negative,263
economic_inv,ind,重庆,山西,-0.004951785735775239,0.004951785735775239,-0.2037960816040429,0.4387054611651237,0,0.013979683759789908,negative,264
economic_inv,ind,安徽,广西,-0.004939510511025771,0.004939510511025771,-0.2037960816040429,0.4387054611651237,0,0.013979683759789908,negative,265
economic_inv,ind,浙江,吉林,-0.0049318705075629375,0.0049318705075629375,-0.2037960816040429,0.4387054611651237,0,0.013979683759789908,negative,266
economic_inv,ind,山东,内蒙古,-0.004929470896780727,0.004929470896780727,-0.2037960816040429,0.4387054611651237,0,0.013979683759789908,negative,267
economic_inv,ind,山东,广西,-0.004918817547028464,0.004918817547028464,-0.2037960816040429,0.4387054611651237,0,0.013979683759789908,negative,268
economic_inv,ind,贵州,宁夏,-0.0049167643873577445,0.0049167643873577445,-0.2037960816040429,0.4387054611651237,0,0.013979683759789908,negative,269
economic_inv,ind,山东,重庆,-0.00487789759913588,0.00487789759913588,-0.2037960816040429,0.4387054611651237,0,0.013979683759789908,negative,270
economic_inv,ind,宁夏,贵州,-0.004842395387955607,0.004842395387955607,-0.2037960816040429,0.4387054611651237,0,0.013979683759789908,negative,271
economic_inv,ind,上海,四川,-0.004831543740277188,0.004831543740277188,-0.2037960816040429,0.4387054611651237,0,0.013979683759789908,negative,272
economic_inv,ind,浙江,山西,-0.004824452282465966,0.004824452282465966,-0.2037960816040429,0.4387054611651237,0,0.013979683759789908,negative,273
economic_inv,ind,福建,内蒙古,-0.004812944051533368,0.004812944051533368,-0.2037960816040429,0.4387054611651237,0,0.013979683759789908,negative,274
economic_inv,ind,山东,天津,-0.004804628696032186,0.004804628696032186,-0.2037960816040429,0.4387054611651237,0,0.013979683759789908,negative,275
economic_inv,ind,河南,云南,-0.0047826457990526195,0.0047826457990526195,-0.2037960816040429,0.4387054611651237,0,0.013979683759789908,negative,276
economic_inv,ind,福建,广西,-0.004765433063219043,0.004765433063219043,-0.2037960816040429,0.4387054611651237,0,0.013979683759789908,negative,277
economic_inv,ind,河南,黑龙江,-0.004760197607356489,0.004760197607356489,-0.2037960816040429,0.4387054611651237,0,0.013979683759789908,negative,278
economic_inv,ind,江西,山西,-0.004737311730397799,0.004737311730397799,-0.2037960816040429,0.4387054611651237,0,0.013979683759789908,negative,279
economic_inv,ind,上海,陕西,-0.004678862216562737,0.004678862216562737,-0.2037960816040429,0.4387054611651237,0,0.013979683759789908,negative,280
economic_inv,ind,山东,云南,-0.004677570748429489,0.004677570748429489,-0.2037960816040429,0.4387054611651237,0,0.013979683759789908,negative,281
economic_inv,ind,山东,黑龙江,-0.004667220033325916,0.004667220033325916,-0.2037960816040429,0.4387054611651237,0,0.013979683759789908,negative,282
economic_inv,ind,福建,河南,-0.004656920884980775,0.004656920884980775,-0.2037960816040429,0.4387054611651237,0,0.013979683759789908,negative,283
economic_inv,ind,海南,黑龙江,-0.004649205731938496,0.004649205731938496,-0.2037960816040429,0.4387054611651237,0,0.013979683759789908,negative,284
economic_inv,ind,浙江,贵州,-0.004646889302700002,0.004646889302700002,-0.2037960816040429,0.4387054611651237,0,0.013979683759789908,negative,285
economic_inv,ind,安徽,重庆,-0.004644952551025702,0.004644952551025702,-0.2037960816040429,0.4387054611651237,0,0.013979683759789908,negative,286
economic_inv,ind,青海,山西,-0.004640899412211092,0.004640899412211092,-0.2037960816040429,0.4387054611651237,0,0.013979683759789908,negative,287
economic_inv,ind,江西,安徽,-0.004637234084091166,0.004637234084091166,-0.2037960816040429,0.4387054611651237,0,0.013979683759789908,negative,288
economic_inv,ind,广西,云南,-0.004635609592439587,0.004635609592439587,-0.2037960816040429,0.4387054611651237,0,0.013979683759789908,negative,289
economic_inv,ind,贵州,青海,-0.004614783024515505,0.004614783024515505,-0.2037960816040429,0.4387054611651237,0,0.013979683759789908,negative,290
economic_inv,ind,海南,云南,-0.004602273485740264,0.004602273485740264,-0.2037960816040429,0.4387054611651237,0,0.013979683759789908,negative,291
economic_inv,ind,福建,重庆,-0.004589571119032506,0.004589571119032506,-0.2037960816040429,0.4387054611651237,0,0.013979683759789908,negative,292
economic_inv,ind,黑龙江,贵州,-0.004589120597433266,0.004589120597433266,-0.2037960816040429,0.4387054611651237,0,0.013979683759789908,negative,293
economic_inv,ind,山东,吉林,-0.004566414731833081,0.004566414731833081,-0.2037960816040429,0.4387054611651237,0,0.013979683759789908,negative,294
economic_inv,ind,内蒙古,云南,-0.0045596246185812764,0.0045596246185812764,-0.2037960816040429,0.4387054611651237,0,0.013979683759789908,negative,295
economic_inv,ind,河南,吉林,-0.004547274710677646,0.004547274710677646,-0.2037960816040429,0.4387054611651237,0,0.013979683759789908,negative,296
economic_inv,ind,安徽,河北,-0.004521653368618286,0.004521653368618286,-0.2037960816040429,0.4387054611651237,0,0.013979683759789908,negative,297
economic_inv,ind,山东,山西,-0.004505421283206849,0.004505421283206849,-0.2037960816040429,0.4387054611651237,0,0.013979683759789908,negative,298
economic_inv,ind,陕西,上海,-0.004502507551373332,0.004502507551373332,-0.2037960816040429,0.4387054611651237,0,0.013979683759789908,negative,299
economic_inv,ind,辽宁,陕西,-0.004485706374022799,0.004485706374022799,-0.2037960816040429,0.4387054611651237,0,0.013979683759789908,negative,300
economic_inv,ind,北京,天津,-0.004479787227582221,0.004479787227582221,-0.2037960816040429,0.4387054611651237,0,0.013979683759789908,negative,301
economic_inv,ind,安徽,湖北,-0.004477397401061142,0.004477397401061142,-0.2037960816040429,0.4387054611651237,0,0.013979683759789908,negative,302
economic_inv,ind,江苏,四川,-0.004465853312287386,0.004465853312287386,-0.2037960816040429,0.4387054611651237,0,0.013979683759789908,negative,303
economic_inv,ind,广东,四川,-0.004445615969408298,0.004445615969408298,-0.2037960816040429,0.4387054611651237,0,0.013979683759789908,negative,304
economic_inv,ind,广西,黑龙江,-0.004435064881976602,0.004435064881976602,-0.2037960816040429,0.4387054611651237,0,0.013979683759789908,negative,305
economic_inv,ind,云南,贵州,-0.0044243201311337495,0.0044243201311337495,-0.2037960816040429,0.4387054611651237,0,0.013979683759789908,negative,306
economic_inv,ind,河南,山西,-0.004423262962632726,0.004423262962632726,-0.2037960816040429,0.4387054611651237,0,0.013979683759789908,negative,307
economic_inv,ind,安徽,湖南,-0.004415751996301625,0.004415751996301625,-0.2037960816040429,0.4387054611651237,0,0.013979683759789908,negative,308
economic_inv,ind,吉林,甘肃,-0.004411628284905623,0.004411628284905623,-0.2037960816040429,0.4387054611651237,0,0.013979683759789908,negative,309
economic_inv,ind,山东,贵州,-0.004402262186215401,0.004402262186215401,-0.2037960816040429,0.4387054611651237,0,0.013979683759789908,negative,310
economic_inv,ind,北京,河北,-0.004374826104465431,0.004374826104465431,-0.2037960816040429,0.4387054611651237,0,0.013979683759789908,negative,311
economic_inv,ind,浙江,新疆,-0.004371451978824459,0.004371451978824459,-0.2037960816040429,0.4387054611651237,0,0.013979683759789908,negative,312
economic_inv,ind,内蒙古,黑龙江,-0.004369970420630035,0.004369970420630035,-0.2037960816040429,0.4387054611651237,0,0.013979683759789908,negative,313
economic_inv,ind,青海,吉林,-0.004350725062309662,0.004350725062309662,-0.2037960816040429,0.4387054611651237,0,0.013979683759789908,negative,314
economic_inv,ind,江苏,湖南,-0.004340037512593899,0.004340037512593899,-0.2037960816040429,0.4387054611651237,0,0.013979683759789908,negative,315
economic_inv,ind,北京,湖北,-0.004334114028577831,0.004334114028577831,-0.2037960816040429,0.4387054611651237,0,0.013979683759789908,negative,316
economic_inv,ind,江苏,湖北,-0.0043300243756311235,0.0043300243756311235,-0.2037960816040429,0.4387054611651237,0,0.013979683759789908,negative,317
economic_inv,ind,广东,湖南,-0.004326610112273224,0.004326610112273224,-0.2037960816040429,0.4387054611651237,0,0.013979683759789908,negative,318
economic_inv,ind,江苏,河北,-0.0043230316959854374,0.0043230316959854374,-0.2037960816040429,0.4387054611651237,0,0.013979683759789908,negative,319
economic_inv,ind,广东,湖北,-0.004317124179971008,0.004317124179971008,-0.2037960816040429,0.4387054611651237,0,0.013979683759789908,negative,320
economic_inv,ind,上海,江西,-0.004313791134865358,0.004313791134865358,-0.2037960816040429,0.4387054611651237,0,0.013979683759789908,negative,321
economic_inv,ind,广东,河北,-0.004310498380535134,0.004310498380535134,-0.2037960816040429,0.4387054611651237,0,0.013979683759789908,negative,322
economic_inv,ind,福建,天津,-0.0042987680350763105,0.0042987680350763105,-0.2037960816040429,0.4387054611651237,0,0.013979683759789908,negative,323
economic_inv,ind,北京,湖南,-0.004277338971198552,0.004277338971198552,-0.2037960816040429,0.4387054611651237,0,0.013979683759789908,negative,324
economic_inv,ind,陕西,辽宁,-0.004267956968153286,0.004267956968153286,-0.2037960816040429,0.4387054611651237,0,0.013979683759789908,negative,325
economic_inv,ind,河南,山东,-0.004245969073166598,0.004245969073166598,-0.2037960816040429,0.4387054611651237,0,0.013979683759789908,negative,326
economic_inv,ind,宁夏,山西,-0.004243298768999727,0.004243298768999727,-0.2037960816040429,0.4387054611651237,0,0.013979683759789908,negative,327
economic_inv,ind,山东,新疆,-0.00423621085440377,0.00423621085440377,-0.2037960816040429,0.4387054611651237,0,0.013979683759789908,negative,328
economic_inv,ind,陕西,贵州,-0.004232572324202783,0.004232572324202783,-0.2037960816040429,0.4387054611651237,0,0.013979683759789908,negative,329
economic_inv,ind,河南,贵州,-0.004221295600467168,0.004221295600467168,-0.2037960816040429,0.4387054611651237,0,0.013979683759789908,negative,330
economic_inv,ind,安徽,天津,-0.004187232985857993,0.004187232985857993,-0.2037960816040429,0.4387054611651237,0,0.013979683759789908,negative,331
economic_inv,ind,辽宁,江西,-0.004152585047688693,0.004152585047688693,-0.2037960816040429,0.4387054611651237,0,0.013979683759789908,negative,332
economic_inv,ind,云南,江西,-0.004118622145328771,0.004118622145328771,-0.2037960816040429,0.4387054611651237,0,0.013979683759789908,negative,333
economic_inv,ind,海南,天津,-0.004107811399149263,0.004107811399149263,-0.2037960816040429,0.4387054611651237,0,0.013979683759789908,negative,334
economic_inv,ind,新疆,北京,-0.004103852361344721,0.004103852361344721,-0.2037960816040429,0.4387054611651237,0,0.013979683759789908,negative,335
economic_inv,ind,广东,福建,-0.004058171351442438,0.004058171351442438,-0.2037960816040429,0.4387054611651237,0,0.013979683759789908,negative,336
economic_inv,ind,江苏,福建,-0.004057565928529013,0.004057565928529013,-0.2037960816040429,0.4387054611651237,0,0.013979683759789908,negative,337
economic_inv,ind,浙江,甘肃,-0.004051706899769093,0.004051706899769093,-0.2037960816040429,0.4387054611651237,0,0.013979683759789908,negative,338
economic_inv,ind,甘肃,北京,-0.004043606944526716,0.004043606944526716,-0.2037960816040429,0.4387054611651237,0,0.013979683759789908,negative,339
economic_inv,ind,山东,甘肃,-0.004033643544509403,0.004033643544509403,-0.2037960816040429,0.4387054611651237,0,0.013979683759789908,negative,340
economic_inv,ind,天津,新疆,-0.004001503978677477,0.004001503978677477,-0.2037960816040429,0.4387054611651237,0,0.013979683759789908,negative,341
economic_inv,ind,新疆,安徽,-0.003998225907817411,0.003998225907817411,-0.2037960816040429,0.4387054611651237,0,0.013979683759789908,negative,342
economic_inv,ind,黑龙江,江西,-0.003988858302688618,0.003988858302688618,-0.2037960816040429,0.4387054611651237,0,0.013979683759789908,negative,343
economic_inv,ind,宁夏,吉林,-0.0039637731473657085,0.0039637731473657085,-0.2037960816040429,0.4387054611651237,0,0.013979683759789908,negative,344
economic_inv,ind,甘肃,安徽,-0.003956785166069376,0.003956785166069376,-0.2037960816040429,0.4387054611651237,0,0.013979683759789908,negative,345
economic_inv,ind,青海,黑龙江,-0.0039560861389548495,0.0039560861389548495,-0.2037960816040429,0.4387054611651237,0,0.013979683759789908,negative,346
economic_inv,ind,青海,云南,-0.003920439791465215,0.003920439791465215,-0.2037960816040429,0.4387054611651237,0,0.013979683759789908,negative,347
economic_inv,ind,河南,新疆,-0.003915247084332999,0.003915247084332999,-0.2037960816040429,0.4387054611651237,0,0.013979683759789908,negative,348
economic_inv,ind,广东,辽宁,-0.003896182665942981,0.003896182665942981,-0.2037960816040429,0.4387054611651237,0,0.013979683759789908,negative,349
economic_inv,ind,江苏,辽宁,-0.003887993694786189,0.003887993694786189,-0.2037960816040429,0.4387054611651237,0,0.013979683759789908,negative,350
economic_inv,ind,上海,内蒙古,-0.003879663099065151,0.003879663099065151,-0.2037960816040429,0.4387054611651237,0,0.013979683759789908,negative,351
economic_inv,ind,海南,重庆,-0.0038774486916280304,0.0038774486916280304,-0.2037960816040429,0.4387054611651237,0,0.013979683759789908,negative,352
economic_inv,ind,广东,上海,-0.0038674258932984837,0.0038674258932984837,-0.2037960816040429,0.4387054611651237,0,0.013979683759789908,negative,353
economic_inv,ind,江苏,上海,-0.0038579598657675325,0.0038579598657675325,-0.2037960816040429,0.4387054611651237,0,0.013979683759789908,negative,354
economic_inv,ind,福建,云南,-0.0038568386914282593,0.0038568386914282593,-0.2037960816040429,0.4387054611651237,0,0.013979683759789908,negative,355
economic_inv,ind,江西,贵州,-0.00384882854282306,0.00384882854282306,-0.2037960816040429,0.4387054611651237,0,0.013979683759789908,negative,356
economic_inv,ind,山东,海南,-0.0038350342071433383,0.0038350342071433383,-0.2037960816040429,0.4387054611651237,0,0.013979683759789908,negative,357
economic_inv,ind,上海,广西,-0.0038303921387372432,0.0038303921387372432,-0.2037960816040429,0.4387054611651237,0,0.013979683759789908,negative,358
economic_inv,ind,福建,黑龙江,-0.003823871481775052,0.003823871481775052,-0.2037960816040429,0.4387054611651237,0,0.013979683759789908,negative,359
economic_inv,ind,重庆,贵州,-0.0037890193536646182,0.0037890193536646182,-0.2037960816040429,0.4387054611651237,0,0.013979683759789908,negative,360
economic_inv,ind,山东,宁夏,-0.0037879573324852856,0.0037879573324852856,-0.2037960816040429,0.4387054611651237,0,0.013979683759789908,negative,361
economic_inv,ind,安徽,四川,-0.0037814646800399952,0.0037814646800399952,-0.2037960816040429,0.4387054611651237,0,0.013979683759789908,negative,362
economic_inv,ind,北京,云南,-0.0037731997990797287,0.0037731997990797287,-0.2037960816040429,0.4387054611651237,0,0.013979683759789908,negative,363
economic_inv,ind,海南,广西,-0.0037623487180046874,0.0037623487180046874,-0.2037960816040429,0.4387054611651237,0,0.013979683759789908,negative,364
economic_inv,ind,浙江,海南,-0.0037543033507501304,0.0037543033507501304,-0.2037960816040429,0.4387054611651237,0,0.013979683759789908,negative,365
economic_inv,ind,山东,青海,-0.0037536810068834647,0.0037536810068834647,-0.2037960816040429,0.4387054611651237,0,0.013979683759789908,negative,366
economic_inv,ind,辽宁,内蒙古,-0.0037528939045876624,0.0037528939045876624,-0.2037960816040429,0.4387054611651237,0,0.013979683759789908,negative,367
economic_inv,ind,海南,内蒙古,-0.0037337949704171363,0.0037337949704171363,-0.2037960816040429,0.4387054611651237,0,0.013979683759789908,negative,368
economic_inv,ind,广东,安徽,-0.0037311494701143043,0.0037311494701143043,-0.2037960816040429,0.4387054611651237,0,0.013979683759789908,negative,369
economic_inv,ind,北京,黑龙江,-0.003723941272544328,0.003723941272544328,-0.2037960816040429,0.4387054611651237,0,0.013979683759789908,negative,370
economic_inv,ind,江苏,安徽,-0.0037159141722731574,0.0037159141722731574,-0.2037960816040429,0.4387054611651237,0,0.013979683759789908,negative,371
economic_inv,ind,辽宁,广西,-0.003707284855684293,0.003707284855684293,-0.2037960816040429,0.4387054611651237,0,0.013979683759789908,negative,372
economic_inv,ind,广东,北京,-0.003705124551401917,0.003705124551401917,-0.2037960816040429,0.4387054611651237,0,0.013979683759789908,negative,373
economic_inv,ind,天津,北京,-0.0037015874866856307,0.0037015874866856307,-0.2037960816040429,0.4387054611651237,0,0.013979683759789908,negative,374
economic_inv,ind,江苏,北京,-0.003688840443051221,0.003688840443051221,-0.2037960816040429,0.4387054611651237,0,0.013979683759789908,negative,375
economic_inv,ind,北京,四川,-0.003688662027348762,0.003688662027348762,-0.2037960816040429,0.4387054611651237,0,0.013979683759789908,negative,376
economic_inv,ind,浙江,宁夏,-0.0036860120668931805,0.0036860120668931805,-0.2037960816040429,0.4387054611651237,0,0.013979683759789908,negative,377
economic_inv,ind,贵州,北京,-0.0036804277498570853,0.0036804277498570853,-0.2037960816040429,0.4387054611651237,0,0.013979683759789908,negative,378
economic_inv,ind,上海,重庆,-0.003650439316995753,0.003650439316995753,-0.2037960816040429,0.4387054611651237,0,0.013979683759789908,negative,379
economic_inv,ind,浙江,青海,-0.0036368019850343673,0.0036368019850343673,-0.2037960816040429,0.4387054611651237,0,0.013979683759789908,negative,380
economic_inv,ind,四川,浙江,-0.0035965813615181598,0.0035965813615181598,-0.2037960816040429,0.4387054611651237,0,0.013979683759789908,negative,381
economic_inv,ind,山西,海南,-0.003588291682983976,0.003588291682983976,-0.2037960816040429,0.4387054611651237,0,0.013979683759789908,negative,382
economic_inv,ind,湖南,福建,-0.003587003116250985,0.003587003116250985,-0.2037960816040429,0.4387054611651237,0,0.013979683759789908,negative,383
economic_inv,ind,宁夏,黑龙江,-0.0035868062287155913,0.0035868062287155913,-0.2037960816040429,0.4387054611651237,0,0.013979683759789908,negative,384
economic_inv,ind,四川,陕西,-0.0035764245442261944,0.0035764245442261944,-0.2037960816040429,0.4387054611651237,0,0.013979683759789908,negative,385
economic_inv,ind,甘肃,上海,-0.0035720279704683174,0.0035720279704683174,-0.2037960816040429,0.4387054611651237,0,0.013979683759789908,negative,386
economic_inv,ind,河南,甘肃,-0.003570588065602476,0.003570588065602476,-0.2037960816040429,0.4387054611651237,0,0.013979683759789908,negative,387
economic_inv,ind,贵州,安徽,-0.003569079134715992,0.003569079134715992,-0.2037960816040429,0.4387054611651237,0,0.013979683759789908,negative,388
economic_inv,ind,安徽,云南,-0.00355391763719577,0.00355391763719577,-0.2037960816040429,0.4387054611651237,0,0.013979683759789908,negative,389
economic_inv,ind,宁夏,云南,-0.0035529355617096533,0.0035529355617096533,-0.2037960816040429,0.4387054611651237,0,0.013979683759789908,negative,390
economic_inv,ind,新疆,上海,-0.003541010982162049,0.003541010982162049,-0.2037960816040429,0.4387054611651237,0,0.013979683759789908,negative,391
economic_inv,ind,辽宁,重庆,-0.0035402764170883953,0.0035402764170883953,-0.2037960816040429,0.4387054611651237,0,0.013979683759789908,negative,392
economic_inv,ind,青海,天津,-0.0035400818198765165,0.0035400818198765165,-0.2037960816040429,0.4387054611651237,0,0.013979683759789908,negative,393
economic_inv,ind,云南,陕西,-0.0035295706197291713,0.0035295706197291713,-0.2037960816040429,0.4387054611651237,0,0.013979683759789908,negative,394
economic_inv,ind,海南,江西,-0.0035245210507290413,0.0035245210507290413,-0.2037960816040429,0.4387054611651237,0,0.013979683759789908,negative,395
economic_inv,ind,福建,吉林,-0.003523420758661799,0.003523420758661799,-0.2037960816040429,0.4387054611651237,0,0.013979683759789908,negative,396
economic_inv,ind,天津,安徽,-0.0035224478288323306,0.0035224478288323306,-0.2037960816040429,0.4387054611651237,0,0.013979683759789908,negative,397
economic_inv,ind,安徽,黑龙江,-0.0035094036714580753,0.0035094036714580753,-0.2037960816040429,0.4387054611651237,0,0.013979683759789908,negative,398
economic_inv,ind,甘肃,辽宁,-0.003503189585007792,0.003503189585007792,-0.2037960816040429,0.4387054611651237,0,0.013979683759789908,negative,399
economic_inv,ind,江西,上海,-0.003474523550890353,0.003474523550890353,-0.2037960816040429,0.4387054611651237,0,0.013979683759789908,negative,400
economic_inv,ind,新疆,辽宁,-0.003461030997892293,0.003461030997892293,-0.2037960816040429,0.4387054611651237,0,0.013979683759789908,negative,401
economic_inv,ind,黑龙江,陕西,-0.0034340613864147595,0.0034340613864147595,-0.2037960816040429,0.4387054611651237,0,0.013979683759789908,negative,402
economic_inv,ind,四川,江西,-0.003428999065750292,0.003428999065750292,-0.2037960816040429,0.4387054611651237,0,0.013979683759789908,negative,403
economic_inv,ind,广东,陕西,-0.003409518737567387,0.003409518737567387,-0.2037960816040429,0.4387054611651237,0,0.013979683759789908,negative,404
economic_inv,ind,海南,陕西,-0.0033919562446450328,0.0033919562446450328,-0.2037960816040429,0.4387054611651237,0,0.013979683759789908,negative,405
economic_inv,ind,江苏,陕西,-0.00338250709457555,0.00338250709457555,-0.2037960816040429,0.4387054611651237,0,0.013979683759789908,negative,406
economic_inv,ind,广东,江西,-0.0033756938161057415,0.0033756938161057415,-0.2037960816040429,0.4387054611651237,0,0.013979683759789908,negative,407
economic_inv,ind,上海,天津,-0.0033609926905251034,0.0033609926905251034,-0.2037960816040429,0.4387054611651237,0,0.013979683759789908,negative,408
economic_inv,ind,青海,重庆,-0.0033598296377730184,0.0033598296377730184,-0.2037960816040429,0.4387054611651237,0,0.013979683759789908,negative,409
economic_inv,ind,福建,山西,-0.003358042345401124,0.003358042345401124,-0.2037960816040429,0.4387054611651237,0,0.013979683759789908,negative,410
economic_inv,ind,江苏,江西,-0.0033475930108411212,0.0033475930108411212,-0.2037960816040429,0.4387054611651237,0,0.013979683759789908,negative,411
economic_inv,ind,陕西,福建,-0.0033352476568338733,0.0033352476568338733,-0.2037960816040429,0.4387054611651237,0,0.013979683759789908,negative,412
economic_inv,ind,广东,内蒙古,-0.0033283396711072497,0.0033283396711072497,-0.2037960816040429,0.4387054611651237,0,0.013979683759789908,negative,413
economic_inv,ind,广东,广西,-0.0033223825879380295,0.0033223825879380295,-0.2037960816040429,0.4387054611651237,0,0.013979683759789908,negative,414
economic_inv,ind,山西,宁夏,-0.0033116857817942808,0.0033116857817942808,-0.2037960816040429,0.4387054611651237,0,0.013979683759789908,negative,415
economic_inv,ind,江西,辽宁,-0.003306965607633617,0.003306965607633617,-0.2037960816040429,0.4387054611651237,0,0.013979683759789908,negative,416
economic_inv,ind,广东,重庆,-0.003299459907908153,0.003299459907908153,-0.2037960816040429,0.4387054611651237,0,0.013979683759789908,negative,417
economic_inv,ind,江苏,内蒙古,-0.003298761574066896,0.003298761574066896,-0.2037960816040429,0.4387054611651237,0,0.013979683759789908,negative,418
economic_inv,ind,北京,吉林,-0.00329483635326193,0.00329483635326193,-0.2037960816040429,0.4387054611651237,0,0.013979683759789908,negative,419
economic_inv,ind,河南,江苏,-0.00329262502136986,0.00329262502136986,-0.2037960816040429,0.4387054611651237,0,0.013979683759789908,negative,420
economic_inv,ind,江苏,广西,-0.0032926225707049952,0.0032926225707049952,-0.2037960816040429,0.4387054611651237,0,0.013979683759789908,negative,421
economic_inv,ind,辽宁,天津,-0.0032702254979989913,0.0032702254979989913,-0.2037960816040429,0.4387054611651237,0,0.013979683759789908,negative,422
economic_inv,ind,青海,广西,-0.003269026639243433,0.003269026639243433,-0.2037960816040429,0.4387054611651237,0,0.013979683759789908,negative,423
economic_inv,ind,江苏,重庆,-0.0032690080330689845,0.0032690080330689845,-0.2037960816040429,0.4387054611651237,0,0.013979683759789908,negative,424
economic_inv,ind,陕西,新疆,-0.003267048015075521,0.003267048015075521,-0.2037960816040429,0.4387054611651237,0,0.013979683759789908,negative,425
economic_inv,ind,河南,海南,-0.003259802794374111,0.003259802794374111,-0.2037960816040429,0.4387054611651237,0,0.013979683759789908,negative,426
economic_inv,ind,广东,天津,-0.0032582514982277145,0.0032582514982277145,-0.2037960816040429,0.4387054611651237,0,0.013979683759789908,negative,427
economic_inv,ind,青海,内蒙古,-0.0032464233536389523,0.0032464233536389523,-0.2037960816040429,0.4387054611651237,0,0.013979683759789908,negative,428
economic_inv,ind,四川,内蒙古,-0.0032376027047619316,0.0032376027047619316,-0.2037960816040429,0.4387054611651237,0,0.013979683759789908,negative,429
economic_inv,ind,江苏,天津,-0.003226588433069073,0.003226588433069073,-0.2037960816040429,0.4387054611651237,0,0.013979683759789908,negative,430
economic_inv,ind,四川,广西,-0.0032146680863730376,0.0032146680863730376,-0.2037960816040429,0.4387054611651237,0,0.013979683759789908,negative,431
economic_inv,ind,宁夏,天津,-0.003193357415390414,0.003193357415390414,-0.2037960816040429,0.4387054611651237,0,0.013979683759789908,negative,432
economic_inv,ind,河南,宁夏,-0.003189725963723373,0.003189725963723373,-0.2037960816040429,0.4387054611651237,0,0.013979683759789908,negative,433
economic_inv,ind,广东,云南,-0.0031862863438823783,0.0031862863438823783,-0.2037960816040429,0.4387054611651237,0,0.013979683759789908,negative,434
economic_inv,ind,广东,黑龙江,-0.0031803953463469463,0.0031803953463469463,-0.2037960816040429,0.4387054611651237,0,0.013979683759789908,negative,435
economic_inv,ind,甘肃,福建,-0.003174745874558639,0.003174745874558639,-0.2037960816040429,0.4387054611651237,0,0.013979683759789908,negative,436
economic_inv,ind,山西,北京,-0.0031632535374347855,0.0031632535374347855,-0.2037960816040429,0.4387054611651237,0,0.013979683759789908,negative,437
economic_inv,ind,江苏,云南,-0.0031526083087123945,0.0031526083087123945,-0.2037960816040429,0.4387054611651237,0,0.013979683759789908,negative,438
economic_inv,ind,江苏,黑龙江,-0.003146558003263523,0.003146558003263523,-0.2037960816040429,0.4387054611651237,0,0.013979683759789908,negative,439
economic_inv,ind,河南,青海,-0.003139521184940865,0.003139521184940865,-0.2037960816040429,0.4387054611651237,0,0.013979683759789908,negative,440
economic_inv,ind,山西,青海,-0.0031320859640028248,0.0031320859640028248,-0.2037960816040429,0.4387054611651237,0,0.013979683759789908,negative,441
economic_inv,ind,四川,重庆,-0.003128640036675126,0.003128640036675126,-0.2037960816040429,0.4387054611651237,0,0.013979683759789908,negative,442
economic_inv,ind,广东,吉林,-0.0031227975459550395,0.0031227975459550395,-0.2037960816040429,0.4387054611651237,0,0.013979683759789908,negative,443
economic_inv,ind,安徽,吉林,-0.0031196000438580224,0.0031196000438580224,-0.2037960816040429,0.4387054611651237,0,0.013979683759789908,negative,444
economic_inv,ind,河北,福建,-0.0031086952315696257,0.0031086952315696257,-0.2037960816040429,0.4387054611651237,0,0.013979683759789908,negative,445
economic_inv,ind,吉林,北京,-0.0031086920215923452,0.0031086920215923452,-0.2037960816040429,0.4387054611651237,0,0.013979683759789908,negative,446
economic_inv,ind,福建,贵州,-0.0031025614146652017,0.0031025614146652017,-0.2037960816040429,0.4387054611651237,0,0.013979683759789908,negative,447
economic_inv,ind,重庆,北京,-0.003101002721793256,0.003101002721793256,-0.2037960816040429,0.4387054611651237,0,0.013979683759789908,negative,448
economic_inv,ind,贵州,上海,-0.003098765667470404,0.003098765667470404,-0.2037960816040429,0.4387054611651237,0,0.013979683759789908,negative,449
economic_inv,ind,广西,吉林,-0.003098018666446561,0.003098018666446561,-0.2037960816040429,0.4387054611651237,0,0.013979683759789908,negative,450
economic_inv,ind,河南,广东,-0.0030936757008117434,0.0030936757008117434,-0.2037960816040429,0.4387054611651237,0,0.013979683759789908,negative,451
economic_inv,ind,内蒙古,吉林,-0.003088436560483134,0.003088436560483134,-0.2037960816040429,0.4387054611651237,0,0.013979683759789908,negative,452
economic_inv,ind,广东,山西,-0.0030877474471411644,0.0030877474471411644,-0.2037960816040429,0.4387054611651237,0,0.013979683759789908,negative,453
economic_inv,ind,江苏,吉林,-0.0030874474680264085,0.0030874474680264085,-0.2037960816040429,0.4387054611651237,0,0.013979683759789908,negative,454
economic_inv,ind,新疆,福建,-0.00308675470686154,0.00308675470686154,-0.2037960816040429,0.4387054611651237,0,0.013979683759789908,negative,455
economic_inv,ind,青海,江西,-0.003079817947919937,0.003079817947919937,-0.2037960816040429,0.4387054611651237,0,0.013979683759789908,negative,456
economic_inv,ind,北京,山西,-0.0030728984091297953,0.0030728984091297953,-0.2037960816040429,0.4387054611651237,0,0.013979683759789908,negative,457
economic_inv,ind,山西,安徽,-0.003056623411647466,0.003056623411647466,-0.2037960816040429,0.4387054611651237,0,0.013979683759789908,negative,458
economic_inv,ind,吉林,海南,-0.003055399308344017,0.003055399308344017,-0.2037960816040429,0.4387054611651237,0,0.013979683759789908,negative,459
economic_inv,ind,江苏,山西,-0.003051516611129741,0.003051516611129741,-0.2037960816040429,0.4387054611651237,0,0.013979683759789908,negative,460
economic_inv,ind,广东,贵州,-0.0030281205286970944,0.0030281205286970944,-0.2037960816040429,0.4387054611651237,0,0.013979683759789908,negative,461
economic_inv,ind,宁夏,重庆,-0.0030241147838233075,0.0030241147838233075,-0.2037960816040429,0.4387054611651237,0,0.013979683759789908,negative,462
economic_inv,ind,贵州,辽宁,-0.003018389143110514,0.003018389143110514,-0.2037960816040429,0.4387054611651237,0,0.013979683759789908,negative,463
economic_inv,ind,吉林,安徽,-0.002996605546445733,0.002996605546445733,-0.2037960816040429,0.4387054611651237,0,0.013979683759789908,negative,464
economic_inv,ind,江苏,贵州,-0.002990460400882556,0.002990460400882556,-0.2037960816040429,0.4387054611651237,0,0.013979683759789908,negative,465
economic_inv,ind,四川,天津,-0.002982339307150415,0.002982339307150415,-0.2037960816040429,0.4387054611651237,0,0.013979683759789908,negative,466
economic_inv,ind,青海,陕西,-0.0029734151988152165,0.0029734151988152165,-0.2037960816040429,0.4387054611651237,0,0.013979683759789908,negative,467
economic_inv,ind,上海,云南,-0.002939498951007985,0.002939498951007985,-0.2037960816040429,0.4387054611651237,0,0.013979683759789908,negative,468
economic_inv,ind,宁夏,广西,-0.002939138679430294,0.002939138679430294,-0.2037960816040429,0.4387054611651237,0,0.013979683759789908,negative,469
economic_inv,ind,重庆,安徽,-0.002934523504684886,0.002934523504684886,-0.2037960816040429,0.4387054611651237,0,0.013979683759789908,negative,470
economic_inv,ind,广东,新疆,-0.002931216645408704,0.002931216645408704,-0.2037960816040429,0.4387054611651237,0,0.013979683759789908,negative,471
economic_inv,ind,宁夏,内蒙古,-0.002918015000791613,0.002918015000791613,-0.2037960816040429,0.4387054611651237,0,0.013979683759789908,negative,472
economic_inv,ind,安徽,山西,-0.0029165493114979035,0.0029165493114979035,-0.2037960816040429,0.4387054611651237,0,0.013979683759789908,negative,473
economic_inv,ind,江西,新疆,-0.002913400948942848,0.002913400948942848,-0.2037960816040429,0.4387054611651237,0,0.013979683759789908,negative,474
economic_inv,ind,上海,黑龙江,-0.002908905864007315,0.002908905864007315,-0.2037960816040429,0.4387054611651237,0,0.013979683759789908,negative,475
economic_inv,ind,福建,浙江,-0.0029073868452408245,0.0029073868452408245,-0.2037960816040429,0.4387054611651237,0,0.013979683759789908,negative,476
economic_inv,ind,江苏,新疆,-0.0028914187727370824,0.0028914187727370824,-0.2037960816040429,0.4387054611651237,0,0.013979683759789908,negative,477
economic_inv,ind,辽宁,云南,-0.0028738016784158106,0.0028738016784158106,-0.2037960816040429,0.4387054611651237,0,0.013979683759789908,negative,478
economic_inv,ind,辽宁,黑龙江,-0.0028448804895008927,0.0028448804895008927,-0.2037960816040429,0.4387054611651237,0,0.013979683759789908,negative,479
economic_inv,ind,吉林,宁夏,-0.0028353870603042173,0.0028353870603042173,-0.2037960816040429,0.4387054611651237,0,0.013979683759789908,negative,480
economic_inv,ind,天津,上海,-0.002834325561964584,0.002834325561964584,-0.2037960816040429,0.4387054611651237,0,0.013979683759789908,negative,481
economic_inv,ind,广东,甘肃,-0.0028114320420870556,0.0028114320420870556,-0.2037960816040429,0.4387054611651237,0,0.013979683759789908,negative,482
economic_inv,ind,天津,甘肃,-0.0028090850489776577,0.0028090850489776577,-0.2037960816040429,0.4387054611651237,0,0.013979683759789908,negative,483
economic_inv,ind,甘肃,河北,-0.0028045350616578884,0.0028045350616578884,-0.2037960816040429,0.4387054611651237,0,0.013979683759789908,negative,484
economic_inv,ind,甘肃,湖北,-0.002796485669604223,0.002796485669604223,-0.2037960816040429,0.4387054611651237,0,0.013979683759789908,negative,485
economic_inv,ind,甘肃,湖南,-0.002785084169588023,0.002785084169588023,-0.2037960816040429,0.4387054611651237,0,0.013979683759789908,negative,486
economic_inv,ind,江苏,甘肃,-0.0027693073588022357,0.0027693073588022357,-0.2037960816040429,0.4387054611651237,0,0.013979683759789908,negative,487
economic_inv,ind,宁夏,江西,-0.0027626726639222473,0.0027626726639222473,-0.2037960816040429,0.4387054611651237,0,0.013979683759789908,negative,488
economic_inv,ind,四川,云南,-0.0027498048941070135,0.0027498048941070135,-0.2037960816040429,0.4387054611651237,0,0.013979683759789908,negative,489
economic_inv,ind,北京,贵州,-0.002748140034504616,0.002748140034504616,-0.2037960816040429,0.4387054611651237,0,0.013979683759789908,negative,490
economic_inv,ind,福建,新疆,-0.002745031545545109,0.002745031545545109,-0.2037960816040429,0.4387054611651237,0,0.013979683759789908,negative,491
economic_inv,ind,四川,黑龙江,-0.0027319411865259547,0.0027319411865259547,-0.2037960816040429,0.4387054611651237,0,0.013979683759789908,negative,492
economic_inv,ind,天津,辽宁,-0.0027266843301070685,0.0027266843301070685,-0.2037960816040429,0.4387054611651237,0,0.013979683759789908,negative,493
economic_inv,ind,黑龙江,新疆,-0.00271469724480922,0.00271469724480922,-0.2037960816040429,0.4387054611651237,0,0.013979683759789908,negative,494
economic_inv,ind,重庆,新疆,-0.0027025864922931115,0.0027025864922931115,-0.2037960816040429,0.4387054611651237,0,0.013979683759789908,negative,495
economic_inv,ind,广东,海南,-0.002692277255946168,0.002692277255946168,-0.2037960816040429,0.4387054611651237,0,0.013979683759789908,negative,496
economic_inv,ind,吉林,青海,-0.0026912324271246824,0.0026912324271246824,-0.2037960816040429,0.4387054611651237,0,0.013979683759789908,negative,497
economic_inv,ind,新疆,河北,-0.0026788765522259535,0.0026788765522259535,-0.2037960816040429,0.4387054611651237,0,0.013979683759789908,negative,498
economic_inv,ind,新疆,湖北,-0.002670167374310526,0.002670167374310526,-0.2037960816040429,0.4387054611651237,0,0.013979683759789908,negative,499
economic_inv,ind,宁夏,陕西,-0.0026637909884645065,0.0026637909884645065,-0.2037960816040429,0.4387054611651237,0,0.013979683759789908,negative,500
economic_inv,ind,广东,宁夏,-0.0026637813236720233,0.0026637813236720233,-0.2037960816040429,0.4387054611651237,0,0.013979683759789908,negative,501
economic_inv,ind,新疆,湖南,-0.002657842707198895,0.002657842707198895,-0.2037960816040429,0.4387054611651237,0,0.013979683759789908,negative,502
economic_inv,ind,云南,新疆,-0.0026556758225871656,0.0026556758225871656,-0.2037960816040429,0.4387054611651237,0,0.013979683759789908,negative,503
economic_inv,ind,甘肃,四川,-0.002653293229501475,0.002653293229501475,-0.2037960816040429,0.4387054611651237,0,0.013979683759789908,negative,504
economic_inv,ind,贵州,福建,-0.002649466674876877,0.002649466674876877,-0.2037960816040429,0.4387054611651237,0,0.013979683759789908,negative,505
economic_inv,ind,江苏,海南,-0.0026481828948546195,0.0026481828948546195,-0.2037960816040429,0.4387054611651237,0,0.013979683759789908,negative,506
economic_inv,ind,广东,青海,-0.0026429721806498184,0.0026429721806498184,-0.2037960816040429,0.4387054611651237,0,0.013979683759789908,negative,507
economic_inv,ind,上海,吉林,-0.002635292760965963,0.002635292760965963,-0.2037960816040429,0.4387054611651237,0,0.013979683759789908,negative,508
economic_inv,ind,江西,福建,-0.002626901683287066,0.002626901683287066,-0.2037960816040429,0.4387054611651237,0,0.013979683759789908,negative,509
economic_inv,ind,江苏,宁夏,-0.0026192667206634676,0.0026192667206634676,-0.2037960816040429,0.4387054611651237,0,0.013979683759789908,negative,510
economic_inv,ind,安徽,贵州,-0.0026176400572557657,0.0026176400572557657,-0.2037960816040429,0.4387054611651237,0,0.013979683759789908,negative,511
economic_inv,ind,山西,上海,-0.0026144972061629855,0.0026144972061629855,-0.2037960816040429,0.4387054611651237,0,0.013979683759789908,negative,512
economic_inv,ind,海南,北京,-0.002610245753247435,0.002610245753247435,-0.2037960816040429,0.4387054611651237,0,0.013979683759789908,negative,513
economic_inv,ind,内蒙古,山西,-0.0026088906883408097,0.0026088906883408097,-0.2037960816040429,0.4387054611651237,0,0.013979683759789908,negative,514
economic_inv,ind,广西,山西,-0.002605654958681733,0.002605654958681733,-0.2037960816040429,0.4387054611651237,0,0.013979683759789908,negative,515
economic_inv,ind,江苏,青海,-0.002598163060930783,0.002598163060930783,-0.2037960816040429,0.4387054611651237,0,0.013979683759789908,negative,516
economic_inv,ind,辽宁,吉林,-0.0025853237476916747,0.0025853237476916747,-0.2037960816040429,0.4387054611651237,0,0.013979683759789908,negative,517
economic_inv,ind,湖北,福建,-0.0025723364449992537,0.0025723364449992537,-0.2037960816040429,0.4387054611651237,0,0.013979683759789908,negative,518
economic_inv,ind,四川,吉林,-0.0025656658468738882,0.0025656658468738882,-0.2037960816040429,0.4387054611651237,0,0.013979683759789908,negative,519
economic_inv,ind,海南,安徽,-0.0025627313127781276,0.0025627313127781276,-0.2037960816040429,0.4387054611651237,0,0.013979683759789908,negative,520
economic_inv,ind,陕西,河北,-0.002550482731147048,0.002550482731147048,-0.2037960816040429,0.4387054611651237,0,0.013979683759789908,negative,521
economic_inv,ind,山西,辽宁,-0.0025402461096206627,0.0025402461096206627,-0.2037960816040429,0.4387054611651237,0,0.013979683759789908,negative,522
economic_inv,ind,吉林,上海,-0.002537606353435409,0.002537606353435409,-0.2037960816040429,0.4387054611651237,0,0.013979683759789908,negative,523
economic_inv,ind,陕西,湖北,-0.002535755226218657,0.002535755226218657,-0.2037960816040429,0.4387054611651237,0,0.013979683759789908,negative,524
economic_inv,ind,新疆,四川,-0.0025163424066376133,0.0025163424066376133,-0.2037960816040429,0.4387054611651237,0,0.013979683759789908,negative,525
economic_inv,ind,陕西,湖南,-0.0025150407821774965,0.0025150407821774965,-0.2037960816040429,0.4387054611651237,0,0.013979683759789908,negative,526
economic_inv,ind,陕西,甘肃,-0.0025059553474060924,0.0025059553474060924,-0.2037960816040429,0.4387054611651237,0,0.013979683759789908,negative,527
economic_inv,ind,上海,山西,-0.0024885756527844877,0.0024885756527844877,-0.2037960816040429,0.4387054611651237,0,0.013979683759789908,negative,528
economic_inv,ind,辽宁,河南,-0.002486553761189844,0.002486553761189844,-0.2037960816040429,0.4387054611651237,0,0.013979683759789908,negative,529
economic_inv,ind,四川,山西,-0.0024713858122287296,0.0024713858122287296,-0.2037960816040429,0.4387054611651237,0,0.013979683759789908,negative,530
economic_inv,ind,吉林,辽宁,-0.002461417679686468,0.002461417679686468,-0.2037960816040429,0.4387054611651237,0,0.013979683759789908,negative,531
economic_inv,ind,辽宁,山西,-0.0024454763344484774,0.0024454763344484774,-0.2037960816040429,0.4387054611651237,0,0.013979683759789908,negative,532
economic_inv,ind,上海,河南,-0.002389513425048169,0.002389513425048169,-0.2037960816040429,0.4387054611651237,0,0.013979683759789908,negative,533
economic_inv,ind,福建,甘肃,-0.002379895129704092,0.002379895129704092,-0.2037960816040429,0.4387054611651237,0,0.013979683759789908,negative,534
economic_inv,ind,海南,上海,-0.002348290158949011,0.002348290158949011,-0.2037960816040429,0.4387054611651237,0,0.013979683759789908,negative,535
economic_inv,ind,青海,北京,-0.0023319380121125054,0.0023319380121125054,-0.2037960816040429,0.4387054611651237,0,0.013979683759789908,negative,536
economic_inv,ind,北京,新疆,-0.0023271028904968804,0.0023271028904968804,-0.2037960816040429,0.4387054611651237,0,0.013979683759789908,negative,537
economic_inv,ind,四川,贵州,-0.002321710071434479,0.002321710071434479,-0.2037960816040429,0.4387054611651237,0,0.013979683759789908,negative,538
economic_inv,ind,重庆,上海,-0.002311884677052017,0.002311884677052017,-0.2037960816040429,0.4387054611651237,0,0.013979683759789908,negative,539
economic_inv,ind,海南,辽宁,-0.002309242291750033,0.002309242291750033,-0.2037960816040429,0.4387054611651237,0,0.013979683759789908,negative,540
economic_inv,ind,青海,安徽,-0.002292155105922197,0.002292155105922197,-0.2037960816040429,0.4387054611651237,0,0.013979683759789908,negative,541
economic_inv,ind,陕西,四川,-0.0022873957509405574,0.0022873957509405574,-0.2037960816040429,0.4387054611651237,0,0.013979683759789908,negative,542
economic_inv,ind,上海,贵州,-0.002267136993441741,0.002267136993441741,-0.2037960816040429,0.4387054611651237,0,0.013979683759789908,negative,543
economic_inv,ind,天津,福建,-0.0022649221480778546,0.0022649221480778546,-0.2037960816040429,0.4387054611651237,0,0.013979683759789908,negative,544
economic_inv,ind,贵州,河北,-0.0022604672100837333,0.0022604672100837333,-0.2037960816040429,0.4387054611651237,0,0.013979683759789908,negative,545
economic_inv,ind,贵州,湖北,-0.0022523046193689182,0.0022523046193689182,-0.2037960816040429,0.4387054611651237,0,0.013979683759789908,negative,546
economic_inv,ind,贵州,湖南,-0.0022407635169596502,0.0022407635169596502,-0.2037960816040429,0.4387054611651237,0,0.013979683759789908,negative,547
economic_inv,ind,辽宁,贵州,-0.002233516996437561,0.002233516996437561,-0.2037960816040429,0.4387054611651237,0,0.013979683759789908,negative,548
economic_inv,ind,安徽,新疆,-0.0022269187630681703,0.0022269187630681703,-0.2037960816040429,0.4387054611651237,0,0.013979683759789908,negative,549
economic_inv,ind,重庆,辽宁,-0.0022168341424431736,0.0022168341424431736,-0.2037960816040429,0.4387054611651237,0,0.013979683759789908,negative,550
economic_inv,ind,山西,福建,-0.00220419800384544,0.00220419800384544,-0.2037960816040429,0.4387054611651237,0,0.013979683759789908,negative,551
economic_inv,ind,江西,甘肃,-0.00220114553943405,0.00220114553943405,-0.2037960816040429,0.4387054611651237,0,0.013979683759789908,negative,552
economic_inv,ind,湖南,辽宁,-0.002147761000347962,0.002147761000347962,-0.2037960816040429,0.4387054611651237,0,0.013979683759789908,negative,553
economic_inv,ind,天津,海南,-0.002123696685826587,0.002123696685826587,-0.2037960816040429,0.4387054611651237,0,0.013979683759789908,negative,554
economic_inv,ind,海南,福建,-0.002120000248411282,0.002120000248411282,-0.2037960816040429,0.4387054611651237,0,0.013979683759789908,negative,555
economic_inv,ind,吉林,福建,-0.0021197614744710197,0.0021197614744710197,-0.2037960816040429,0.4387054611651237,0,0.013979683759789908,negative,556
economic_inv,ind,青海,上海,-0.002111449219129502,0.002111449219129502,-0.2037960816040429,0.4387054611651237,0,0.013979683759789908,negative,557
economic_inv,ind,贵州,四川,-0.0021090992009453716,0.0021090992009453716,-0.2037960816040429,0.4387054611651237,0,0.013979683759789908,negative,558
economic_inv,ind,四川,新疆,-0.0021036041051977665,0.0021036041051977665,-0.2037960816040429,0.4387054611651237,0,0.013979683759789908,negative,559
economic_inv,ind,安徽,河南,-0.0021032621048270857,0.0021032621048270857,-0.2037960816040429,0.4387054611651237,0,0.013979683759789908,negative,560
economic_inv,ind,甘肃,河南,-0.002101026989605154,0.002101026989605154,-0.2037960816040429,0.4387054611651237,0,0.013979683759789908,negative,561
economic_inv,ind,北京,河南,-0.0020904950878635857,0.0020904950878635857,-0.2037960816040429,0.4387054611651237,0,0.013979683759789908,negative,562
economic_inv,ind,福建,海南,-0.0020802169827783255,0.0020802169827783255,-0.2037960816040429,0.4387054611651237,0,0.013979683759789908,negative,563
economic_inv,ind,青海,辽宁,-0.0020783385958359824,0.0020783385958359824,-0.2037960816040429,0.4387054611651237,0,0.013979683759789908,negative,564
economic_inv,ind,宁夏,北京,-0.002073012453038589,0.002073012453038589,-0.2037960816040429,0.4387054611651237,0,0.013979683759789908,negative,565
economic_inv,ind,内蒙古,贵州,-0.002050361674729451,0.002050361674729451,-0.2037960816040429,0.4387054611651237,0,0.013979683759789908,negative,566
economic_inv,ind,广西,贵州,-0.0020375443855473424,0.0020375443855473424,-0.2037960816040429,0.4387054611651237,0,0.013979683759789908,negative,567
economic_inv,ind,江西,河北,-0.002037081762687408,0.002037081762687408,-0.2037960816040429,0.4387054611651237,0,0.013979683759789908,negative,568
economic_inv,ind,宁夏,安徽,-0.0020366734663725904,0.0020366734663725904,-0.2037960816040429,0.4387054611651237,0,0.013979683759789908,negative,569
economic_inv,ind,江西,湖北,-0.0020258539771981342,0.0020258539771981342,-0.2037960816040429,0.4387054611651237,0,0.013979683759789908,negative,570
economic_inv,ind,福建,宁夏,-0.002016137671152594,0.002016137671152594,-0.2037960816040429,0.4387054611651237,0,0.013979683759789908,negative,571
economic_inv,ind,江西,湖南,-0.0020100518928290656,0.0020100518928290656,-0.2037960816040429,0.4387054611651237,0,0.013979683759789908,negative,572
economic_inv,ind,陕西,海南,-0.0020010791315772545,0.0020010791315772545,-0.2037960816040429,0.4387054611651237,0,0.013979683759789908,negative,573
economic_inv,ind,天津,宁夏,-0.002000496855355167,0.002000496855355167,-0.2037960816040429,0.4387054611651237,0,0.013979683759789908,negative,574
economic_inv,ind,内蒙古,北京,-0.001998964322082907,0.001998964322082907,-0.2037960816040429,0.4387054611651237,0,0.013979683759789908,negative,575
economic_inv,ind,湖南,上海,-0.0019983964303168615,0.0019983964303168615,-0.2037960816040429,0.4387054611651237,0,0.013979683759789908,negative,576
economic_inv,ind,福建,青海,-0.0019709740635858626,0.0019709740635858626,-0.2037960816040429,0.4387054611651237,0,0.013979683759789908,negative,577
economic_inv,ind,上海,新疆,-0.001967431391242784,0.001967431391242784,-0.2037960816040429,0.4387054611651237,0,0.013979683759789908,negative,578
economic_inv,ind,重庆,甘肃,-0.0019559126835417186,0.0019559126835417186,-0.2037960816040429,0.4387054611651237,0,0.013979683759789908,negative,579
economic_inv,ind,辽宁,新疆,-0.0019449248060331393,0.0019449248060331393,-0.2037960816040429,0.4387054611651237,0,0.013979683759789908,negative,580
economic_inv,ind,新疆,河南,-0.0019420244315424403,0.0019420244315424403,-0.2037960816040429,0.4387054611651237,0,0.013979683759789908,negative,581
economic_inv,ind,北京,甘肃,-0.0019328423069467405,0.0019328423069467405,-0.2037960816040429,0.4387054611651237,0,0.013979683759789908,negative,582
economic_inv,ind,天津,青海,-0.0019177396559044862,0.0019177396559044862,-0.2037960816040429,0.4387054611651237,0,0.013979683759789908,negative,583
economic_inv,ind,青海,福建,-0.0019169634303715592,0.0019169634303715592,-0.2037960816040429,0.4387054611651237,0,0.013979683759789908,negative,584
economic_inv,ind,广西,北京,-0.0019167475721237994,0.0019167475721237994,-0.2037960816040429,0.4387054611651237,0,0.013979683759789908,negative,585
economic_inv,ind,陕西,宁夏,-0.0019042436537933887,0.0019042436537933887,-0.2037960816040429,0.4387054611651237,0,0.013979683759789908,negative,586
economic_inv,ind,海南,河北,-0.0019006938909527382,0.0019006938909527382,-0.2037960816040429,0.4387054611651237,0,0.013979683759789908,negative,587
economic_inv,ind,海南,湖北,-0.0018958529441754361,0.0018958529441754361,-0.2037960816040429,0.4387054611651237,0,0.013979683759789908,negative,588
economic_inv,ind,海南,湖南,-0.0018889906489553765,0.0018889906489553765,-0.2037960816040429,0.4387054611651237,0,0.013979683759789908,negative,589
economic_inv,ind,内蒙古,安徽,-0.0018829479642660466,0.0018829479642660466,-0.2037960816040429,0.4387054611651237,0,0.013979683759789908,negative,590
economic_inv,ind,宁夏,上海,-0.0018720469480961327,0.0018720469480961327,-0.2037960816040429,0.4387054611651237,0,0.013979683759789908,negative,591
economic_inv,ind,四川,甘肃,-0.0018697483299918044,0.0018697483299918044,-0.2037960816040429,0.4387054611651237,0,0.013979683759789908,negative,592
economic_inv,ind,山西,河北,-0.0018581090271740448,0.0018581090271740448,-0.2037960816040429,0.4387054611651237,0,0.013979683759789908,negative,593
economic_inv,ind,安徽,甘肃,-0.0018577323697368266,0.0018577323697368266,-0.2037960816040429,0.4387054611651237,0,0.013979683759789908,negative,594
economic_inv,ind,山西,湖北,-0.0018509354004527044,0.0018509354004527044,-0.2037960816040429,0.4387054611651237,0,0.013979683759789908,negative,595
economic_inv,ind,宁夏,辽宁,-0.0018419597818154776,0.0018419597818154776,-0.2037960816040429,0.4387054611651237,0,0.013979683759789908,negative,596
economic_inv,ind,山西,湖南,-0.0018407987295300482,0.0018407987295300482,-0.2037960816040429,0.4387054611651237,0,0.013979683759789908,negative,597
economic_inv,ind,陕西,青海,-0.0018380779880483983,0.0018380779880483983,-0.2037960816040429,0.4387054611651237,0,0.013979683759789908,negative,598
economic_inv,ind,江西,四川,-0.0018356148508441776,0.0018356148508441776,-0.2037960816040429,0.4387054611651237,0,0.013979683759789908,negative,599
economic_inv,ind,天津,河北,-0.0018288547401744209,0.0018288547401744209,-0.2037960816040429,0.4387054611651237,0,0.013979683759789908,negative,600
economic_inv,ind,天津,湖北,-0.001820204446112705,0.001820204446112705,-0.2037960816040429,0.4387054611651237,0,0.013979683759789908,negative,601
economic_inv,ind,河北,辽宁,-0.0018176884372282812,0.0018176884372282812,-0.2037960816040429,0.4387054611651237,0,0.013979683759789908,negative,602
economic_inv,ind,重庆,福建,-0.001816018378331827,0.001816018378331827,-0.2037960816040429,0.4387054611651237,0,0.013979683759789908,negative,603
economic_inv,ind,海南,四川,-0.001809208754610238,0.001809208754610238,-0.2037960816040429,0.4387054611651237,0,0.013979683759789908,negative,604
economic_inv,ind,天津,湖南,-0.001808006879507233,0.001808006879507233,-0.2037960816040429,0.4387054611651237,0,0.013979683759789908,negative,605
economic_inv,ind,广西,安徽,-0.001807320335710985,0.001807320335710985,-0.2037960816040429,0.4387054611651237,0,0.013979683759789908,negative,606
economic_inv,ind,吉林,河北,-0.001773218454106517,0.001773218454106517,-0.2037960816040429,0.4387054611651237,0,0.013979683759789908,negative,607
economic_inv,ind,吉林,湖北,-0.0017660916675229699,0.0017660916675229699,-0.2037960816040429,0.4387054611651237,0,0.013979683759789908,negative,608
economic_inv,ind,黑龙江,甘肃,-0.0017584451109116804,0.0017584451109116804,-0.2037960816040429,0.4387054611651237,0,0.013979683759789908,negative,609
economic_inv,ind,吉林,湖南,-0.0017560250474469288,0.0017560250474469288,-0.2037960816040429,0.4387054611651237,0,0.013979683759789908,negative,610
economic_inv,ind,甘肃,浙江,-0.0017457390085140155,0.0017457390085140155,-0.2037960816040429,0.4387054611651237,0,0.013979683759789908,negative,611
economic_inv,ind,江西,海南,-0.0017403479374991317,0.0017403479374991317,-0.2037960816040429,0.4387054611651237,0,0.013979683759789908,negative,612
economic_inv,ind,云南,甘肃,-0.001733209661977172,0.001733209661977172,-0.2037960816040429,0.4387054611651237,0,0.013979683759789908,negative,613
economic_inv,ind,青海,河北,-0.0017280481238274139,0.0017280481238274139,-0.2037960816040429,0.4387054611651237,0,0.013979683759789908,negative,614
economic_inv,ind,山西,四川,-0.0017256627839134073,0.0017256627839134073,-0.2037960816040429,0.4387054611651237,0,0.013979683759789908,negative,615
economic_inv,ind,青海,湖北,-0.0017238547426818521,0.0017238547426818521,-0.2037960816040429,0.4387054611651237,0,0.013979683759789908,negative,616
economic_inv,ind,青海,湖南,-0.001717908672401928,0.001717908672401928,-0.2037960816040429,0.4387054611651237,0,0.013979683759789908,negative,617
economic_inv,ind,宁夏,福建,-0.001695661301041037,0.001695661301041037,-0.2037960816040429,0.4387054611651237,0,0.013979683759789908,negative,618
economic_inv,ind,河北,上海,-0.0016871696644433286,0.0016871696644433286,-0.2037960816040429,0.4387054611651237,0,0.013979683759789908,negative,619
economic_inv,ind,上海,甘肃,-0.0016729802184464668,0.0016729802184464668,-0.2037960816040429,0.4387054611651237,0,0.013979683759789908,negative,620
economic_inv,ind,天津,四川,-0.0016715419018865473,0.0016715419018865473,-0.2037960816040429,0.4387054611651237,0,0.013979683759789908,negative,621
economic_inv,ind,四川,海南,-0.001668823700072588,0.001668823700072588,-0.2037960816040429,0.4387054611651237,0,0.013979683759789908,negative,622
economic_inv,ind,辽宁,甘肃,-0.0016594516361036226,0.0016594516361036226,-0.2037960816040429,0.4387054611651237,0,0.013979683759789908,negative,623
economic_inv,ind,江西,宁夏,-0.0016530034291153775,0.0016530034291153775,-0.2037960816040429,0.4387054611651237,0,0.013979683759789908,negative,624
economic_inv,ind,云南,北京,-0.0016502770947199393,0.0016502770947199393,-0.2037960816040429,0.4387054611651237,0,0.013979683759789908,negative,625
economic_inv,ind,青海,四川,-0.0016486293991581282,0.0016486293991581282,-0.2037960816040429,0.4387054611651237,0,0.013979683759789908,negative,626
economic_inv,ind,辽宁,浙江,-0.0016483931284532248,0.0016483931284532248,-0.2037960816040429,0.4387054611651237,0,0.013979683759789908,negative,627
economic_inv,ind,吉林,四川,-0.001642001413876892,0.001642001413876892,-0.2037960816040429,0.4387054611651237,0,0.013979683759789908,negative,628
economic_inv,ind,北京,海南,-0.0016331751390463506,0.0016331751390463506,-0.2037960816040429,0.4387054611651237,0,0.013979683759789908,negative,629
economic_inv,ind,黑龙江,北京,-0.0016294910391263728,0.0016294910391263728,-0.2037960816040429,0.4387054611651237,0,0.013979683759789908,negative,630
economic_inv,ind,四川,宁夏,-0.0016247542033129437,0.0016247542033129437,-0.2037960816040429,0.4387054611651237,0,0.013979683759789908,negative,631
economic_inv,ind,上海,浙江,-0.0015991920712749598,0.0015991920712749598,-0.2037960816040429,0.4387054611651237,0,0.013979683759789908,negative,632
economic_inv,ind,江西,青海,-0.0015935121354786193,0.0015935121354786193,-0.2037960816040429,0.4387054611651237,0,0.013979683759789908,negative,633
economic_inv,ind,四川,青海,-0.0015934526909070193,0.0015934526909070193,-0.2037960816040429,0.4387054611651237,0,0.013979683759789908,negative,634
economic_inv,ind,贵州,河南,-0.001590100501016367,0.001590100501016367,-0.2037960816040429,0.4387054611651237,0,0.013979683759789908,negative,635
economic_inv,ind,新疆,浙江,-0.001587708023143454,0.001587708023143454,-0.2037960816040429,0.4387054611651237,0,0.013979683759789908,negative,636
economic_inv,ind,云南,安徽,-0.0015824909669213002,0.0015824909669213002,-0.2037960816040429,0.4387054611651237,0,0.013979683759789908,negative,637
economic_inv,ind,安徽,海南,-0.0015749531014949754,0.0015749531014949754,-0.2037960816040429,0.4387054611651237,0,0.013979683759789908,negative,638
economic_inv,ind,北京,宁夏,-0.0015716709406359444,0.0015716709406359444,-0.2037960816040429,0.4387054611651237,0,0.013979683759789908,negative,639
economic_inv,ind,黑龙江,安徽,-0.001563397060124608,0.001563397060124608,-0.2037960816040429,0.4387054611651237,0,0.013979683759789908,negative,640
economic_inv,ind,北京,青海,-0.0015288424037884153,0.0015288424037884153,-0.2037960816040429,0.4387054611651237,0,0.013979683759789908,negative,641
economic_inv,ind,宁夏,河北,-0.0015251111579897155,0.0015251111579897155,-0.2037960816040429,0.4387054611651237,0,0.013979683759789908,negative,642
economic_inv,ind,陕西,河南,-0.0015221039155096903,0.0015221039155096903,-0.2037960816040429,0.4387054611651237,0,0.013979683759789908,negative,643
economic_inv,ind,宁夏,湖北,-0.0015213341496461612,0.0015213341496461612,-0.2037960816040429,0.4387054611651237,0,0.013979683759789908,negative,644
economic_inv,ind,湖北,辽宁,-0.0015192722327514727,0.0015192722327514727,-0.2037960816040429,0.4387054611651237,0,0.013979683759789908,negative,645
economic_inv,ind,安徽,宁夏,-0.0015166812089991303,0.0015166812089991303,-0.2037960816040429,0.4387054611651237,0,0.013979683759789908,negative,646
economic_inv,ind,宁夏,湖南,-0.001515979129257675,0.001515979129257675,-0.2037960816040429,0.4387054611651237,0,0.013979683759789908,negative,647
economic_inv,ind,重庆,海南,-0.001505452027302361,0.001505452027302361,-0.2037960816040429,0.4387054611651237,0,0.013979683759789908,negative,648
economic_inv,ind,内蒙古,新疆,-0.0015004397031169172,0.0015004397031169172,-0.2037960816040429,0.4387054611651237,0,0.013979683759789908,negative,649
economic_inv,ind,湖南,安徽,-0.00148674396572812,0.00148674396572812,-0.2037960816040429,0.4387054611651237,0,0.013979683759789908,negative,650
economic_inv,ind,广西,新疆,-0.0014837306680956733,0.0014837306680956733,-0.2037960816040429,0.4387054611651237,0,0.013979683759789908,negative,651
economic_inv,ind,安徽,青海,-0.001476056251373869,0.001476056251373869,-0.2037960816040429,0.4387054611651237,0,0.013979683759789908,negative,652
economic_inv,ind,北京,浙江,-0.0014684212959593232,0.0014684212959593232,-0.2037960816040429,0.4387054611651237,0,0.013979683759789908,negative,653
economic_inv,ind,安徽,浙江,-0.001466778906512972,0.001466778906512972,-0.2037960816040429,0.4387054611651237,0,0.013979683759789908,negative,654
economic_inv,ind,海南,河南,-0.0014654106278924595,0.0014654106278924595,-0.2037960816040429,0.4387054611651237,0,0.013979683759789908,negative,655
economic_inv,ind,内蒙古,上海,-0.001458342277523499,0.001458342277523499,-0.2037960816040429,0.4387054611651237,0,0.013979683759789908,negative,656
economic_inv,ind,宁夏,四川,-0.0014536422626254526,0.0014536422626254526,-0.2037960816040429,0.4387054611651237,0,0.013979683759789908,negative,657
economic_inv,ind,重庆,河北,-0.0014475257479777005,0.0014475257479777005,-0.2037960816040429,0.4387054611651237,0,0.013979683759789908,negative,658
economic_inv,ind,重庆,湖北,-0.0014403117598254423,0.0014403117598254423,-0.2037960816040429,0.4387054611651237,0,0.013979683759789908,negative,659
economic_inv,ind,上海,海南,-0.001439632313294973,0.001439632313294973,-0.2037960816040429,0.4387054611651237,0,0.013979683759789908,negative,660
economic_inv,ind,辽宁,海南,-0.001431839484195493,0.001431839484195493,-0.2037960816040429,0.4387054611651237,0,0.013979683759789908,negative,661
economic_inv,ind,重庆,湖南,-0.0014301457415730981,0.0014301457415730981,-0.2037960816040429,0.4387054611651237,0,0.013979683759789908,negative,662
economic_inv,ind,重庆,宁夏,-0.0014227463574302212,0.0014227463574302212,-0.2037960816040429,0.4387054611651237,0,0.013979683759789908,negative,663
economic_inv,ind,湖南,北京,-0.0014145502097952674,0.0014145502097952674,-0.2037960816040429,0.4387054611651237,0,0.013979683759789908,negative,664
economic_inv,ind,湖北,上海,-0.0014116232965060945,0.0014116232965060945,-0.2037960816040429,0.4387054611651237,0,0.013979683759789908,negative,665
economic_inv,ind,四川,山东,-0.0014113056353188547,0.0014113056353188547,-0.2037960816040429,0.4387054611651237,0,0.013979683759789908,negative,666
economic_inv,ind,广西,上海,-0.0014049445418129155,0.0014049445418129155,-0.2037960816040429,0.4387054611651237,0,0.013979683759789908,negative,667
economic_inv,ind,内蒙古,辽宁,-0.0013947832888268495,0.0013947832888268495,-0.2037960816040429,0.4387054611651237,0,0.013979683759789908,negative,668
economic_inv,ind,上海,宁夏,-0.0013906726510121792,0.0013906726510121792,-0.2037960816040429,0.4387054611651237,0,0.013979683759789908,negative,669
economic_inv,ind,辽宁,宁夏,-0.0013839274545195091,0.0013839274545195091,-0.2037960816040429,0.4387054611651237,0,0.013979683759789908,negative,670
economic_inv,ind,重庆,青海,-0.0013668865605887493,0.0013668865605887493,-0.2037960816040429,0.4387054611651237,0,0.013979683759789908,negative,671
economic_inv,ind,上海,青海,-0.0013563595342901062,0.0013563595342901062,-0.2037960816040429,0.4387054611651237,0,0.013979683759789908,negative,672
economic_inv,ind,湖南,河南,-0.001352227421283526,0.001352227421283526,-0.2037960816040429,0.4387054611651237,0,0.013979683759789908,negative,673
economic_inv,ind,辽宁,青海,-0.0013503162373098337,0.0013503162373098337,-0.2037960816040429,0.4387054611651237,0,0.013979683759789908,negative,674
economic_inv,ind,青海,河南,-0.0013469053302621078,0.0013469053302621078,-0.2037960816040429,0.4387054611651237,0,0.013979683759789908,negative,675
economic_inv,ind,广西,辽宁,-0.0013444569403317454,0.0013444569403317454,-0.2037960816040429,0.4387054611651237,0,0.013979683759789908,negative,676
economic_inv,ind,福建,山东,-0.0013357165295873965,0.0013357165295873965,-0.2037960816040429,0.4387054611651237,0,0.013979683759789908,negative,677
economic_inv,ind,重庆,四川,-0.001316905712288125,0.001316905712288125,-0.2037960816040429,0.4387054611651237,0,0.013979683759789908,negative,678
economic_inv,ind,云南,上海,-0.0013121150388682432,0.0013121150388682432,-0.2037960816040429,0.4387054611651237,0,0.013979683759789908,negative,679
economic_inv,ind,黑龙江,上海,-0.001299063422820974,0.001299063422820974,-0.2037960816040429,0.4387054611651237,0,0.013979683759789908,negative,680
economic_inv,ind,贵州,浙江,-0.0012817122917396678,0.0012817122917396678,-0.2037960816040429,0.4387054611651237,0,0.013979683759789908,negative,681
economic_inv,ind,山西,河南,-0.0012807015358262182,0.0012807015358262182,-0.2037960816040429,0.4387054611651237,0,0.013979683759789908,negative,682
economic_inv,ind,黑龙江,海南,-0.0012728560175917789,0.0012728560175917789,-0.2037960816040429,0.4387054611651237,0,0.013979683759789908,negative,683
economic_inv,ind,云南,辽宁,-0.0012683245359904822,0.0012683245359904822,-0.2037960816040429,0.4387054611651237,0,0.013979683759789908,negative,684
economic_inv,ind,云南,海南,-0.0012594207786335544,0.0012594207786335544,-0.2037960816040429,0.4387054611651237,0,0.013979683759789908,negative,685
economic_inv,ind,黑龙江,辽宁,-0.00125614481690138,0.00125614481690138,-0.2037960816040429,0.4387054611651237,0,0.013979683759789908,negative,686
economic_inv,ind,河北,安徽,-0.0012448413143136235,0.0012448413143136235,-0.2037960816040429,0.4387054611651237,0,0.013979683759789908,negative,687
economic_inv,ind,江西,河南,-0.001238556386076995,0.001238556386076995,-0.2037960816040429,0.4387054611651237,0,0.013979683759789908,negative,688
economic_inv,ind,海南,浙江,-0.0012357959947645178,0.0012357959947645178,-0.2037960816040429,0.4387054611651237,0,0.013979683759789908,negative,689
economic_inv,ind,吉林,河南,-0.0012067419567144246,0.0012067419567144246,-0.2037960816040429,0.4387054611651237,0,0.013979683759789908,negative,690
economic_inv,ind,黑龙江,宁夏,-0.0011899173055787888,0.0011899173055787888,-0.2037960816040429,0.4387054611651237,0,0.013979683759789908,negative,691
economic_inv,ind,宁夏,河南,-0.0011833495031170914,0.0011833495031170914,-0.2037960816040429,0.4387054611651237,0,0.013979683759789908,negative,692
economic_inv,ind,河北,北京,-0.0011830162506771683,0.0011830162506771683,-0.2037960816040429,0.4387054611651237,0,0.013979683759789908,negative,693
economic_inv,ind,云南,宁夏,-0.0011781324345672528,0.0011781324345672528,-0.2037960816040429,0.4387054611651237,0,0.013979683759789908,negative,694
economic_inv,ind,天津,河南,-0.0011777500701947168,0.0011777500701947168,-0.2037960816040429,0.4387054611651237,0,0.013979683759789908,negative,695
economic_inv,ind,陕西,浙江,-0.0011469117734394135,0.0011469117734394135,-0.2037960816040429,0.4387054611651237,0,0.013979683759789908,negative,696
economic_inv,ind,四川,江苏,-0.0011454539176378002,0.0011454539176378002,-0.2037960816040429,0.4387054611651237,0,0.013979683759789908,negative,697
economic_inv,ind,青海,浙江,-0.001142464521266932,0.001142464521266932,-0.2037960816040429,0.4387054611651237,0,0.013979683759789908,negative,698
economic_inv,ind,甘肃,山东,-0.001141281955901705,0.001141281955901705,-0.2037960816040429,0.4387054611651237,0,0.013979683759789908,negative,699
economic_inv,ind,黑龙江,青海,-0.00113490787712062,0.00113490787712062,-0.2037960816040429,0.4387054611651237,0,0.013979683759789908,negative,700
economic_inv,ind,内蒙古,福建,-0.00113032508919338,0.00113032508919338,-0.2037960816040429,0.4387054611651237,0,0.013979683759789908,negative,701
economic_inv,ind,云南,青海,-0.0011241585701554952,0.0011241585701554952,-0.2037960816040429,0.4387054611651237,0,0.013979683759789908,negative,702
economic_inv,ind,福建,江苏,-0.0011071072649799217,0.0011071072649799217,-0.2037960816040429,0.4387054611651237,0,0.013979683759789908,negative,703
economic_inv,ind,内蒙古,甘肃,-0.0011056313543959342,0.0011056313543959342,-0.2037960816040429,0.4387054611651237,0,0.013979683759789908,negative,704
economic_inv,ind,广西,福建,-0.001092057283824494,0.001092057283824494,-0.2037960816040429,0.4387054611651237,0,0.013979683759789908,negative,705
economic_inv,ind,广西,甘肃,-0.0010894741075453559,0.0010894741075453559,-0.2037960816040429,0.4387054611651237,0,0.013979683759789908,negative,706
economic_inv,ind,四川,广东,-0.0010868171889867532,0.0010868171889867532,-0.2037960816040429,0.4387054611651237,0,0.013979683759789908,negative,707
economic_inv,ind,河北,河南,-0.0010826319140815914,0.0010826319140815914,-0.2037960816040429,0.4387054611651237,0,0.013979683759789908,negative,708
economic_inv,ind,云南,福建,-0.001075615819969302,0.001075615819969302,-0.2037960816040429,0.4387054611651237,0,0.013979683759789908,negative,709
economic_inv,ind,黑龙江,福建,-0.0010669180859607808,0.0010669180859607808,-0.2037960816040429,0.4387054611651237,0,0.013979683759789908,negative,710
economic_inv,ind,福建,广东,-0.0010553727658815812,0.0010553727658815812,-0.2037960816040429,0.4387054611651237,0,0.013979683759789908,negative,711
economic_inv,ind,湖北,安徽,-0.0010451576987836539,0.0010451576987836539,-0.2037960816040429,0.4387054611651237,0,0.013979683759789908,negative,712
economic_inv,ind,山西,浙江,-0.0010228279796471078,0.0010228279796471078,-0.2037960816040429,0.4387054611651237,0,0.013979683759789908,negative,713
economic_inv,ind,新疆,山东,-0.0010103611418361763,0.0010103611418361763,-0.2037960816040429,0.4387054611651237,0,0.013979683759789908,negative,714
economic_inv,ind,甘肃,江苏,-0.001007967252201273,0.001007967252201273,-0.2037960816040429,0.4387054611651237,0,0.013979683759789908,negative,715
economic_inv,ind,宁夏,浙江,-0.0010013037092058469,0.0010013037092058469,-0.2037960816040429,0.4387054611651237,0,0.013979683759789908,negative,716
economic_inv,ind,湖北,北京,-0.000993732978162779,0.000993732978162779,-0.2037960816040429,0.4387054611651237,0,0.013979683759789908,negative,717
economic_inv,ind,甘肃,广东,-0.0009753359669298404,0.0009753359669298404,-0.2037960816040429,0.4387054611651237,0,0.013979683759789908,negative,718
economic_inv,ind,吉林,浙江,-0.000958350335684939,0.000958350335684939,-0.2037960816040429,0.4387054611651237,0,0.013979683759789908,negative,719
economic_inv,ind,江西,浙江,-0.0009397000330176197,0.0009397000330176197,-0.2037960816040429,0.4387054611651237,0,0.013979683759789908,negative,720
economic_inv,ind,湖北,河南,-0.0009259120930914507,0.0009259120930914507,-0.2037960816040429,0.4387054611651237,0,0.013979683759789908,negative,721
economic_inv,ind,重庆,河南,-0.0009146229629454893,0.0009146229629454893,-0.2037960816040429,0.4387054611651237,0,0.013979683759789908,negative,722
economic_inv,ind,天津,浙江,-0.0009138028488400108,0.0009138028488400108,-0.2037960816040429,0.4387054611651237,0,0.013979683759789908,negative,723
economic_inv,ind,内蒙古,河北,-0.0008921574616925201,0.0008921574616925201,-0.2037960816040429,0.4387054611651237,0,0.013979683759789908,negative,724
economic_inv,ind,内蒙古,湖北,-0.0008875413288423274,0.0008875413288423274,-0.2037960816040429,0.4387054611651237,0,0.013979683759789908,negative,725
economic_inv,ind,新疆,江苏,-0.0008871353627860584,0.0008871353627860584,-0.2037960816040429,0.4387054611651237,0,0.013979683759789908,negative,726
economic_inv,ind,云南,河北,-0.0008860643546117708,0.0008860643546117708,-0.2037960816040429,0.4387054611651237,0,0.013979683759789908,negative,727
economic_inv,ind,云南,湖北,-0.0008822267472695175,0.0008822267472695175,-0.2037960816040429,0.4387054611651237,0,0.013979683759789908,negative,728
economic_inv,ind,湖南,陕西,-0.0008821187863920913,0.0008821187863920913,-0.2037960816040429,0.4387054611651237,0,0.013979683759789908,negative,729
economic_inv,ind,内蒙古,湖南,-0.0008810392310835258,0.0008810392310835258,-0.2037960816040429,0.4387054611651237,0,0.013979683759789908,negative,730
economic_inv,ind,黑龙江,河北,-0.0008802252988771687,0.0008802252988771687,-0.2037960816040429,0.4387054611651237,0,0.013979683759789908,negative,731
economic_inv,ind,云南,湖南,-0.0008768102026392233,0.0008768102026392233,-0.2037960816040429,0.4387054611651237,0,0.013979683759789908,negative,732
economic_inv,ind,黑龙江,湖北,-0.0008764397498162002,0.0008764397498162002,-0.2037960816040429,0.4387054611651237,0,0.013979683759789908,negative,733
economic_inv,ind,黑龙江,湖南,-0.0008710962886627176,0.0008710962886627176,-0.2037960816040429,0.4387054611651237,0,0.013979683759789908,negative,734
economic_inv,ind,广西,河北,-0.0008637495542935963,0.0008637495542935963,-0.2037960816040429,0.4387054611651237,0,0.013979683759789908,negative,735
economic_inv,ind,内蒙古,海南,-0.0008604304006370069,0.0008604304006370069,-0.2037960816040429,0.4387054611651237,0,0.013979683759789908,negative,736
economic_inv,ind,广西,湖北,-0.0008593151222827864,0.0008593151222827864,-0.2037960816040429,0.4387054611651237,0,0.013979683759789908,negative,737
economic_inv,ind,新疆,广东,-0.0008571921789435884,0.0008571921789435884,-0.2037960816040429,0.4387054611651237,0,0.013979683759789908,negative,738
economic_inv,ind,广西,湖南,-0.0008530683531462201,0.0008530683531462201,-0.2037960816040429,0.4387054611651237,0,0.013979683759789908,negative,739
economic_inv,ind,广西,海南,-0.0008460086786034853,0.0008460086786034853,-0.2037960816040429,0.4387054611651237,0,0.013979683759789908,negative,740
economic_inv,ind,湖南,江西,-0.0008423010783803908,0.0008423010783803908,-0.2037960816040429,0.4387054611651237,0,0.013979683759789908,negative,741
economic_inv,ind,海南,山东,-0.0008289737971425605,0.0008289737971425605,-0.2037960816040429,0.4387054611651237,0,0.013979683759789908,negative,742
economic_inv,ind,云南,四川,-0.0008157902940974824,0.0008157902940974824,-0.2037960816040429,0.4387054611651237,0,0.013979683759789908,negative,743
economic_inv,ind,内蒙古,宁夏,-0.0008148190053332999,0.0008148190053332999,-0.2037960816040429,0.4387054611651237,0,0.013979683759789908,negative,744
economic_inv,ind,黑龙江,四川,-0.0008108678525960261,0.0008108678525960261,-0.2037960816040429,0.4387054611651237,0,0.013979683759789908,negative,745
economic_inv,ind,内蒙古,四川,-0.0008088482608780448,0.0008088482608780448,-0.2037960816040429,0.4387054611651237,0,0.013979683759789908,negative,746
economic_inv,ind,辽宁,山东,-0.0008018527844348484,0.0008018527844348484,-0.2037960816040429,0.4387054611651237,0,0.013979683759789908,negative,747
economic_inv,ind,广西,宁夏,-0.0008008371291526637,0.0008008371291526637,-0.2037960816040429,0.4387054611651237,0,0.013979683759789908,negative,748
economic_inv,ind,贵州,山东,-0.0007973670141156415,0.0007973670141156415,-0.2037960816040429,0.4387054611651237,0,0.013979683759789908,negative,749
economic_inv,ind,湖南,内蒙古,-0.0007910902433525534,0.0007910902433525534,-0.2037960816040429,0.4387054611651237,0,0.013979683759789908,negative,750
economic_inv,ind,上海,山东,-0.0007854963556255671,0.0007854963556255671,-0.2037960816040429,0.4387054611651237,0,0.013979683759789908,negative,751
economic_inv,ind,湖南,广西,-0.0007849899925491122,0.0007849899925491122,-0.2037960816040429,0.4387054611651237,0,0.013979683759789908,negative,752
economic_inv,ind,内蒙古,青海,-0.000783907445774786,0.000783907445774786,-0.2037960816040429,0.4387054611651237,0,0.013979683759789908,negative,753
economic_inv,ind,广西,四川,-0.0007836644257411821,0.0007836644257411821,-0.2037960816040429,0.4387054611651237,0,0.013979683759789908,negative,754
economic_inv,ind,青海,山东,-0.0007743451249560826,0.0007743451249560826,-0.2037960816040429,0.4387054611651237,0,0.013979683759789908,negative,755
economic_inv,ind,广西,青海,-0.0007702444668719931,0.0007702444668719931,-0.2037960816040429,0.4387054611651237,0,0.013979683759789908,negative,756
economic_inv,ind,湖南,重庆,-0.0007621764003298255,0.0007621764003298255,-0.2037960816040429,0.4387054611651237,0,0.013979683759789908,negative,757
economic_inv,ind,北京,山东,-0.0007600520469510904,0.0007600520469510904,-0.2037960816040429,0.4387054611651237,0,0.013979683759789908,negative,758
economic_inv,ind,安徽,山东,-0.0007530435145015839,0.0007530435145015839,-0.2037960816040429,0.4387054611651237,0,0.013979683759789908,negative,759
economic_inv,ind,湖南,浙江,-0.0007394861268370786,0.0007394861268370786,-0.2037960816040429,0.4387054611651237,0,0.013979683759789908,negative,760
economic_inv,ind,海南,江苏,-0.0007363755596645497,0.0007363755596645497,-0.2037960816040429,0.4387054611651237,0,0.013979683759789908,negative,761
economic_inv,ind,河北,陕西,-0.0007314584203027611,0.0007314584203027611,-0.2037960816040429,0.4387054611651237,0,0.013979683759789908,negative,762
economic_inv,ind,湖南,天津,-0.0007236259725821678,0.0007236259725821678,-0.2037960816040429,0.4387054611651237,0,0.013979683759789908,negative,763
economic_inv,ind,海南,广东,-0.0007135469577267479,0.0007135469577267479,-0.2037960816040429,0.4387054611651237,0,0.013979683759789908,negative,764
economic_inv,ind,重庆,浙江,-0.0007042680469916837,0.0007042680469916837,-0.2037960816040429,0.4387054611651237,0,0.013979683759789908,negative,765
economic_inv,ind,河北,江西,-0.0006979973351567995,0.0006979973351567995,-0.2037960816040429,0.4387054611651237,0,0.013979683759789908,negative,766
economic_inv,ind,贵州,江苏,-0.0006967873310936338,0.0006967873310936338,-0.2037960816040429,0.4387054611651237,0,0.013979683759789908,negative,767
economic_inv,ind,青海,江苏,-0.0006894828024099195,0.0006894828024099195,-0.2037960816040429,0.4387054611651237,0,0.013979683759789908,negative,768
economic_inv,ind,宁夏,山东,-0.0006757223592488469,0.0006757223592488469,-0.2037960816040429,0.4387054611651237,0,0.013979683759789908,negative,769
economic_inv,ind,贵州,广东,-0.0006724913986993847,0.0006724913986993847,-0.2037960816040429,0.4387054611651237,0,0.013979683759789908,negative,770
economic_inv,ind,辽宁,江苏,-0.0006703502464739985,0.0006703502464739985,-0.2037960816040429,0.4387054611651237,0,0.013979683759789908,negative,771
economic_inv,ind,青海,广东,-0.0006684993860935265,0.0006684993860935265,-0.2037960816040429,0.4387054611651237,0,0.013979683759789908,negative,772
economic_inv,ind,湖南,云南,-0.0006629842697104018,0.0006629842697104018,-0.2037960816040429,0.4387054611651237,0,0.013979683759789908,negative,773
economic_inv,ind,湖南,黑龙江,-0.0006583573813031704,0.0006583573813031704,-0.2037960816040429,0.4387054611651237,0,0.013979683759789908,negative,774
economic_inv,ind,上海,江苏,-0.0006576713498868647,0.0006576713498868647,-0.2037960816040429,0.4387054611651237,0,0.013979683759789908,negative,775
economic_inv,ind,河北,内蒙古,-0.0006550244482803362,0.0006550244482803362,-0.2037960816040429,0.4387054611651237,0,0.013979683759789908,negative,776
economic_inv,ind,河北,广西,-0.0006499101838666814,0.0006499101838666814,-0.2037960816040429,0.4387054611651237,0,0.013979683759789908,negative,777
economic_inv,ind,陕西,山东,-0.0006472311847873994,0.0006472311847873994,-0.2037960816040429,0.4387054611651237,0,0.013979683759789908,negative,778
economic_inv,ind,北京,江苏,-0.000641789522648859,0.000641789522648859,-0.2037960816040429,0.4387054611651237,0,0.013979683759789908,negative,779
economic_inv,ind,辽宁,广东,-0.0006402755501733021,0.0006402755501733021,-0.2037960816040429,0.4387054611651237,0,0.013979683759789908,negative,780
economic_inv,ind,安徽,江苏,-0.0006350115357216812,0.0006350115357216812,-0.2037960816040429,0.4387054611651237,0,0.013979683759789908,negative,781
economic_inv,ind,河北,重庆,-0.0006307927807993396,0.0006307927807993396,-0.2037960816040429,0.4387054611651237,0,0.013979683759789908,negative,782
economic_inv,ind,上海,广东,-0.0006283832571554351,0.0006283832571554351,-0.2037960816040429,0.4387054611651237,0,0.013979683759789908,negative,783
economic_inv,ind,山西,山东,-0.0006272549968232229,0.0006272549968232229,-0.2037960816040429,0.4387054611651237,0,0.013979683759789908,negative,784
economic_inv,ind,湖北,陕西,-0.0006166149348937803,0.0006166149348937803,-0.2037960816040429,0.4387054611651237,0,0.013979683759789908,negative,785
economic_inv,ind,湖南,吉林,-0.000615504957960049,0.000615504957960049,-0.2037960816040429,0.4387054611651237,0,0.013979683759789908,negative,786
economic_inv,ind,北京,广东,-0.0006144081256621283,0.0006144081256621283,-0.2037960816040429,0.4387054611651237,0,0.013979683759789908,negative,787
economic_inv,ind,安徽,广东,-0.0006077290190478712,0.0006077290190478712,-0.2037960816040429,0.4387054611651237,0,0.013979683759789908,negative,788
economic_inv,ind,宁夏,江苏,-0.0006010668339232002,0.0006010668339232002,-0.2037960816040429,0.4387054611651237,0,0.013979683759789908,negative,789
economic_inv,ind,河北,天津,-0.0005985197649036338,0.0005985197649036338,-0.2037960816040429,0.4387054611651237,0,0.013979683759789908,negative,790
economic_inv,ind,河北,浙江,-0.000597702787607393,0.000597702787607393,-0.2037960816040429,0.4387054611651237,0,0.013979683759789908,negative,791
economic_inv,ind,湖南,山西,-0.0005913780554826523,0.0005913780554826523,-0.2037960816040429,0.4387054611651237,0,0.013979683759789908,negative,792
economic_inv,ind,湖北,江西,-0.0005885629178255485,0.0005885629178255485,-0.2037960816040429,0.4387054611651237,0,0.013979683759789908,negative,793
economic_inv,ind,云南,河南,-0.0005883485117562484,0.0005883485117562484,-0.2037960816040429,0.4387054611651237,0,0.013979683759789908,negative,794
economic_inv,ind,黑龙江,河南,-0.0005858595402654698,0.0005858595402654698,-0.2037960816040429,0.4387054611651237,0,0.013979683759789908,negative,795
economic_inv,ind,吉林,山东,-0.0005826961191404575,0.0005826961191404575,-0.2037960816040429,0.4387054611651237,0,0.013979683759789908,negative,796
economic_inv,ind,宁夏,广东,-0.0005826302055499505,0.0005826302055499505,-0.2037960816040429,0.4387054611651237,0,0.013979683759789908,negative,797
economic_inv,ind,内蒙古,河南,-0.0005558510654556417,0.0005558510654556417,-0.2037960816040429,0.4387054611651237,0,0.013979683759789908,negative,798
economic_inv,ind,陕西,江苏,-0.0005548864599680131,0.0005548864599680131,-0.2037960816040429,0.4387054611651237,0,0.013979683759789908,negative,799
economic_inv,ind,湖南,贵州,-0.0005533262656111972,0.0005533262656111972,-0.2037960816040429,0.4387054611651237,0,0.013979683759789908,negative,800
economic_inv,ind,湖北,内蒙古,-0.0005525149543047455,0.0005525149543047455,-0.2037960816040429,0.4387054611651237,0,0.013979683759789908,negative,801
economic_inv,ind,湖北,广西,-0.0005482232052197517,0.0005482232052197517,-0.2037960816040429,0.4387054611651237,0,0.013979683759789908,negative,802
economic_inv,ind,河北,云南,-0.000547832902374866,0.000547832902374866,-0.2037960816040429,0.4387054611651237,0,0.013979683759789908,negative,803
economic_inv,ind,山西,江苏,-0.0005465177735227734,0.0005465177735227734,-0.2037960816040429,0.4387054611651237,0,0.013979683759789908,negative,804
economic_inv,ind,河北,黑龙江,-0.0005439695742459406,0.0005439695742459406,-0.2037960816040429,0.4387054611651237,0,0.013979683759789908,negative,805
economic_inv,ind,广西,河南,-0.0005397403239780963,0.0005397403239780963,-0.2037960816040429,0.4387054611651237,0,0.013979683759789908,negative,806
economic_inv,ind,天津,山东,-0.0005369247029957474,0.0005369247029957474,-0.2037960816040429,0.4387054611651237,0,0.013979683759789908,negative,807
economic_inv,ind,江西,山东,-0.0005352170458812522,0.0005352170458812522,-0.2037960816040429,0.4387054611651237,0,0.013979683759789908,negative,808
economic_inv,ind,陕西,广东,-0.0005331014693987637,0.0005331014693987637,-0.2037960816040429,0.4387054611651237,0,0.013979683759789908,negative,809
economic_inv,ind,湖北,重庆,-0.0005321773385903143,0.0005321773385903143,-0.2037960816040429,0.4387054611651237,0,0.013979683759789908,negative,810
economic_inv,ind,山西,广东,-0.0005270862779080226,0.0005270862779080226,-0.2037960816040429,0.4387054611651237,0,0.013979683759789908,negative,811
economic_inv,ind,湖北,浙江,-0.0005092027665847117,0.0005092027665847117,-0.2037960816040429,0.4387054611651237,0,0.013979683759789908,negative,812
economic_inv,ind,河北,吉林,-0.0005082159704831445,0.0005082159704831445,-0.2037960816040429,0.4387054611651237,0,0.013979683759789908,negative,813
economic_inv,ind,吉林,江苏,-0.0005068111706547349,0.0005068111706547349,-0.2037960816040429,0.4387054611651237,0,0.013979683759789908,negative,814
economic_inv,ind,湖北,天津,-0.0005050785314949969,0.0005050785314949969,-0.2037960816040429,0.4387054611651237,0,0.013979683759789908,negative,815
economic_inv,ind,湖南,新疆,-0.0004984227207842723,0.0004984227207842723,-0.2037960816040429,0.4387054611651237,0,0.013979683759789908,negative,816
economic_inv,ind,吉林,广东,-0.0004885868992192212,0.0004885868992192212,-0.2037960816040429,0.4387054611651237,0,0.013979683759789908,negative,817
economic_inv,ind,河北,山西,-0.00048810730687551485,0.00048810730687551485,-0.2037960816040429,0.4387054611651237,0,0.013979683759789908,negative,818
economic_inv,ind,天津,江苏,-0.00046384935381784314,0.00046384935381784314,-0.2037960816040429,0.4387054611651237,0,0.013979683759789908,negative,819
economic_inv,ind,湖北,云南,-0.0004624901851895697,0.0004624901851895697,-0.2037960816040429,0.4387054611651237,0,0.013979683759789908,negative,820
economic_inv,ind,云南,浙江,-0.0004623191921320259,0.0004623191921320259,-0.2037960816040429,0.4387054611651237,0,0.013979683759789908,negative,821
economic_inv,ind,黑龙江,浙江,-0.000460826706891081,0.000460826706891081,-0.2037960816040429,0.4387054611651237,0,0.013979683759789908,negative,822
economic_inv,ind,江西,江苏,-0.0004596423287787907,0.0004596423287787907,-0.2037960816040429,0.4387054611651237,0,0.013979683759789908,negative,823
economic_inv,ind,湖北,黑龙江,-0.00045924272209375556,0.00045924272209375556,-0.2037960816040429,0.4387054611651237,0,0.013979683759789908,negative,824
economic_inv,ind,河北,贵州,-0.00045642422784653795,0.00045642422784653795,-0.2037960816040429,0.4387054611651237,0,0.013979683759789908,negative,825
economic_inv,ind,天津,广东,-0.00044644644972648666,0.00044644644972648666,-0.2037960816040429,0.4387054611651237,0,0.013979683759789908,negative,826
economic_inv,ind,江西,广东,-0.0004417756745890836,0.0004417756745890836,-0.2037960816040429,0.4387054611651237,0,0.013979683759789908,negative,827
economic_inv,ind,湖南,甘肃,-0.0004402613012948017,0.0004402613012948017,-0.2037960816040429,0.4387054611651237,0,0.013979683759789908,negative,828
economic_inv,ind,湖北,吉林,-0.00042917929439945736,0.00042917929439945736,-0.2037960816040429,0.4387054611651237,0,0.013979683759789908,negative,829
economic_inv,ind,内蒙古,浙江,-0.00042566728539311904,0.00042566728539311904,-0.2037960816040429,0.4387054611651237,0,0.013979683759789908,negative,830
economic_inv,ind,广西,浙江,-0.00041380262004325736,0.00041380262004325736,-0.2037960816040429,0.4387054611651237,0,0.013979683759789908,negative,831
economic_inv,ind,湖北,山西,-0.0004122634481010429,0.0004122634481010429,-0.2037960816040429,0.4387054611651237,0,0.013979683759789908,negative,832
economic_inv,ind,河北,新疆,-0.0004107773356783881,0.0004107773356783881,-0.2037960816040429,0.4387054611651237,0,0.013979683759789908,negative,833
economic_inv,ind,重庆,山东,-0.00040937856688481644,0.00040937856688481644,-0.2037960816040429,0.4387054611651237,0,0.013979683759789908,negative,834
economic_inv,ind,湖南,海南,-0.00039086417737607644,0.00039086417737607644,-0.2037960816040429,0.4387054611651237,0,0.013979683759789908,negative,835
economic_inv,ind,湖北,贵州,-0.0003856000302407127,0.0003856000302407127,-0.2037960816040429,0.4387054611651237,0,0.013979683759789908,negative,836
economic_inv,ind,湖南,宁夏,-0.0003800997933526387,0.0003800997933526387,-0.2037960816040429,0.4387054611651237,0,0.013979683759789908,negative,837
economic_inv,ind,湖南,青海,-0.00037246930527170787,0.00037246930527170787,-0.2037960816040429,0.4387054611651237,0,0.013979683759789908,negative,838
economic_inv,ind,河北,甘肃,-0.0003625085705167809,0.0003625085705167809,-0.2037960816040429,0.4387054611651237,0,0.013979683759789908,negative,839
economic_inv,ind,重庆,江苏,-0.0003529297257908593,0.0003529297257908593,-0.2037960816040429,0.4387054611651237,0,0.013979683759789908,negative,840
economic_inv,ind,湖北,新疆,-0.00034716162436370285,0.00034716162436370285,-0.2037960816040429,0.4387054611651237,0,0.013979683759789908,negative,841
economic_inv,ind,重庆,广东,-0.00033952088415862316,0.00033952088415862316,-0.2037960816040429,0.4387054611651237,0,0.013979683759789908,negative,842
economic_inv,ind,河北,海南,-0.0003215832772639126,0.0003215832772639126,-0.2037960816040429,0.4387054611651237,0,0.013979683759789908,negative,843
economic_inv,ind,河北,宁夏,-0.00031267353693910285,0.00031267353693910285,-0.2037960816040429,0.4387054611651237,0,0.013979683759789908,negative,844
economic_inv,ind,湖北,甘肃,-0.00030648516427562333,0.00030648516427562333,-0.2037960816040429,0.4387054611651237,0,0.013979683759789908,negative,845
economic_inv,ind,河北,青海,-0.0003063595806366424,0.0003063595806366424,-0.2037960816040429,0.4387054611651237,0,0.013979683759789908,negative,846
economic_inv,ind,湖南,山东,-0.00030567076432070343,0.00030567076432070343,-0.2037960816040429,0.4387054611651237,0,0.013979683759789908,negative,847
economic_inv,ind,云南,山东,-0.0002766880214203437,0.0002766880214203437,-0.2037960816040429,0.4387054611651237,0,0.013979683759789908,negative,848
economic_inv,ind,黑龙江,山东,-0.0002762042473149417,0.0002762042473149417,-0.2037960816040429,0.4387054611651237,0,0.013979683759789908,negative,849
economic_inv,ind,湖北,海南,-0.00027197274159117935,0.00027197274159117935,-0.2037960816040429,0.4387054611651237,0,0.013979683759789908,negative,850
economic_inv,ind,湖北,宁夏,-0.00026445616504356393,0.00026445616504356393,-0.2037960816040429,0.4387054611651237,0,0.013979683759789908,negative,851
economic_inv,ind,湖北,青海,-0.00025912884268955395,0.00025912884268955395,-0.2037960816040429,0.4387054611651237,0,0.013979683759789908,negative,852
economic_inv,ind,湖南,江苏,-0.0002497128746988917,0.0002497128746988917,-0.2037960816040429,0.4387054611651237,0,0.013979683759789908,negative,853
economic_inv,ind,河北,山东,-0.0002487441562313672,0.0002487441562313672,-0.2037960816040429,0.4387054611651237,0,0.013979683759789908,negative,854
economic_inv,ind,内蒙古,山东,-0.00024554842237978013,0.00024554842237978013,-0.2037960816040429,0.4387054611651237,0,0.013979683759789908,negative,855
economic_inv,ind,云南,江苏,-0.00023989424926717094,0.00023989424926717094,-0.2037960816040429,0.4387054611651237,0,0.013979683759789908,negative,856
economic_inv,ind,黑龙江,江苏,-0.00023954529613070914,0.00023954529613070914,-0.2037960816040429,0.4387054611651237,0,0.013979683759789908,negative,857
economic_inv,ind,广西,山东,-0.00023908264222541724,0.00023908264222541724,-0.2037960816040429,0.4387054611651237,0,0.013979683759789908,negative,858
economic_inv,ind,湖南,广东,-0.00023727205882533424,0.00023727205882533424,-0.2037960816040429,0.4387054611651237,0,0.013979683759789908,negative,859
economic_inv,ind,云南,广东,-0.0002310925848393063,0.0002310925848393063,-0.2037960816040429,0.4387054611651237,0,0.013979683759789908,negative,860
economic_inv,ind,黑龙江,广东,-0.00023077268408735576,0.00023077268408735576,-0.2037960816040429,0.4387054611651237,0,0.013979683759789908,negative,861
economic_inv,ind,内蒙古,江苏,-0.00021138180247601236,0.00021138180247601236,-0.2037960816040429,0.4387054611651237,0,0.013979683759789908,negative,862
economic_inv,ind,湖北,山东,-0.00021132503802622824,0.00021132503802622824,-0.2037960816040429,0.4387054611651237,0,0.013979683759789908,negative,863
economic_inv,ind,广西,江苏,-0.0002058776074965041,0.0002058776074965041,-0.2037960816040429,0.4387054611651237,0,0.013979683759789908,negative,864
economic_inv,ind,河北,江苏,-0.00020338601515615932,0.00020338601515615932,-0.2037960816040429,0.4387054611651237,0,0.013979683759789908,negative,865
economic_inv,ind,内蒙古,广东,-0.0002032804895923893,0.0002032804895923893,-0.2037960816040429,0.4387054611651237,0,0.013979683759789908,negative,866
economic_inv,ind,广西,广东,-0.0001980013678465308,0.0001980013678465308,-0.2037960816040429,0.4387054611651237,0,0.013979683759789908,negative,867
economic_inv,ind,河北,广东,-0.00019329095895813606,0.00019329095895813606,-0.2037960816040429,0.4387054611651237,0,0.013979683759789908,negative,868
economic_inv,ind,湖北,江苏,-0.00017272788799342577,0.00017272788799342577,-0.2037960816040429,0.4387054611651237,0,0.013979683759789908,negative,869
economic_inv,ind,湖北,广东,-0.00016414136828479245,0.00016414136828479245,-0.2037960816040429,0.4387054611651237,0,0.013979683759789908,negative,870
economic_inv,lntl,河北,湖北,0.4220476903571429,0.4220476903571429,0.6829510251565295,2.23945759064e-06,1,0.04684800257181786,positive,1
economic_inv,lntl,黑龙江,云南,0.41828673697797364,0.41828673697797364,0.6829510251565295,2.23945759064e-06,1,0.04684800257181786,positive,2
economic_inv,lntl,云南,黑龙江,0.4180921470084014,0.4180921470084014,0.6829510251565295,2.23945759064e-06,1,0.04684800257181786,positive,3
economic_inv,lntl,内蒙古,广西,0.379931592747211,0.379931592747211,0.6829510251565295,2.23945759064e-06,1,0.04684800257181786,positive,4
economic_inv,lntl,广西,内蒙古,0.3707284369911099,0.3707284369911099,0.6829510251565295,2.23945759064e-06,1,0.04684800257181786,positive,5
economic_inv,lntl,湖南,湖北,0.36187189159133565,0.36187189159133565,0.6829510251565295,2.23945759064e-06,1,0.04684800257181786,positive,6
economic_inv,lntl,湖北,河北,0.35784996724291174,0.35784996724291174,0.6829510251565295,2.23945759064e-06,1,0.04684800257181786,positive,7
economic_inv,lntl,北京,安徽,0.29519156803629015,0.29519156803629015,0.6829510251565295,2.23945759064e-06,1,0.04684800257181786,positive,8
economic_inv,lntl,广东,江苏,0.29102718898947244,0.29102718898947244,0.6829510251565295,2.23945759064e-06,1,0.04684800257181786,positive,9
economic_inv,lntl,安徽,北京,0.28994600966848155,0.28994600966848155,0.6829510251565295,2.23945759064e-06,1,0.04684800257181786,positive,10
economic_inv,lntl,辽宁,上海,0.2885642372386219,0.2885642372386219,0.6829510251565295,2.23945759064e-06,1,0.04684800257181786,positive,11
economic_inv,lntl,青海,宁夏,0.2867735674843254,0.2867735674843254,0.6829510251565295,2.23945759064e-06,1,0.04684800257181786,positive,12
economic_inv,lntl,上海,辽宁,0.28531033438962417,0.28531033438962417,0.6829510251565295,2.23945759064e-06,1,0.04684800257181786,positive,13
economic_inv,lntl,江苏,广东,0.2773862639605194,0.2773862639605194,0.6829510251565295,2.23945759064e-06,1,0.04684800257181786,positive,14
economic_inv,lntl,湖北,湖南,0.2508877872467231,0.2508877872467231,0.6829510251565295,2.23945759064e-06,1,0.04684800257181786,positive,15
economic_inv,lntl,宁夏,青海,0.24798483578930228,0.24798483578930228,0.6829510251565295,2.23945759064e-06,1,0.04684800257181786,positive,16
economic_inv,lntl,海南,宁夏,0.2235280298270548,0.2235280298270548,0.6829510251565295,2.23945759064e-06,1,0.04684800257181786,positive,17
economic_inv,lntl,湖南,河北,0.21272845917148517,0.21272845917148517,0.6829510251565295,2.23945759064e-06,1,0.04684800257181786,positive,18
economic_inv,lntl,宁夏,海南,0.1844691048469842,0.1844691048469842,0.6829510251565295,2.23945759064e-06,1,0.04684800257181786,positive,19
economic_inv,lntl,陕西,江西,0.1782911813325112,0.1782911813325112,0.6829510251565295,2.23945759064e-06,1,0.04684800257181786,positive,20
economic_inv,lntl,河北,湖南,0.173944544042728,0.173944544042728,0.6829510251565295,2.23945759064e-06,1,0.04684800257181786,positive,21
economic_inv,lntl,重庆,广西,0.16490904424440297,0.16490904424440297,0.6829510251565295,2.23945759064e-06,1,0.04684800257181786,positive,22
economic_inv,lntl,山西,吉林,0.15737292774275086,0.15737292774275086,0.6829510251565295,2.23945759064e-06,1,0.04684800257181786,positive,23
economic_inv,lntl,江西,陕西,0.14922851424965275,0.14922851424965275,0.6829510251565295,2.23945759064e-06,1,0.04684800257181786,positive,24
economic_inv,lntl,吉林,山西,0.14424078396450693,0.14424078396450693,0.6829510251565295,2.23945759064e-06,1,0.04684800257181786,positive,25
economic_inv,lntl,四川,湖南,0.1324127040629474,0.1324127040629474,0.6829510251565295,2.23945759064e-06,1,0.04684800257181786,positive,26
economic_inv,lntl,重庆,内蒙古,0.13112763803986247,0.13112763803986247,0.6829510251565295,2.23945759064e-06,1,0.04684800257181786,positive,27
economic_inv,lntl,海南,青海,0.12817911125842618,0.12817911125842618,0.6829510251565295,2.23945759064e-06,1,0.04684800257181786,positive,28
economic_inv,lntl,四川,湖北,0.1223684316913979,0.1223684316913979,0.6829510251565295,2.23945759064e-06,1,0.04684800257181786,positive,29
economic_inv,lntl,青海,海南,0.12232716207827775,0.12232716207827775,0.6829510251565295,2.23945759064e-06,1,0.04684800257181786,positive,30
economic_inv,lntl,天津,重庆,0.11978987354612544,0.11978987354612544,0.6829510251565295,2.23945759064e-06,1,0.04684800257181786,positive,31
economic_inv,lntl,贵州,山西,0.11670242264289982,0.11670242264289982,0.6829510251565295,2.23945759064e-06,1,0.04684800257181786,positive,32
economic_inv,lntl,四川,河北,0.1161892182679488,0.1161892182679488,0.6829510251565295,2.23945759064e-06,1,0.04684800257181786,positive,33
economic_inv,lntl,江西,内蒙古,0.10405553159663629,0.10405553159663629,0.6829510251565295,2.23945759064e-06,1,0.04684800257181786,positive,34
economic_inv,lntl,山东,江苏,0.10220205285412215,0.10220205285412215,0.6829510251565295,2.23945759064e-06,1,0.04684800257181786,positive,35
economic_inv,lntl,广西,重庆,0.0955079196787161,0.0955079196787161,0.6829510251565295,2.23945759064e-06,1,0.04684800257181786,positive,36
economic_inv,lntl,江西,广西,0.09226276902869637,0.09226276902869637,0.6829510251565295,2.23945759064e-06,1,0.04684800257181786,positive,37
economic_inv,lntl,吉林,黑龙江,0.09040881155845322,0.09040881155845322,0.6829510251565295,2.23945759064e-06,1,0.04684800257181786,positive,38
economic_inv,lntl,重庆,天津,0.08996197350414552,0.08996197350414552,0.6829510251565295,2.23945759064e-06,1,0.04684800257181786,positive,39
economic_inv,lntl,新疆,贵州,0.08976435361001955,0.08976435361001955,0.6829510251565295,2.23945759064e-06,1,0.04684800257181786,positive,40
economic_inv,lntl,山西,贵州,0.08970284842489203,0.08970284842489203,0.6829510251565295,2.23945759064e-06,1,0.04684800257181786,positive,41
economic_inv,lntl,福建,辽宁,0.08506565360274372,0.08506565360274372,0.6829510251565295,2.23945759064e-06,1,0.04684800257181786,positive,42
economic_inv,lntl,吉林,云南,0.08217188455676339,0.08217188455676339,0.6829510251565295,2.23945759064e-06,1,0.04684800257181786,positive,43
economic_inv,lntl,浙江,河南,0.08029395826073385,0.08029395826073385,0.6829510251565295,2.23945759064e-06,1,0.04684800257181786,positive,44
economic_inv,lntl,甘肃,新疆,0.07998248452869913,0.07998248452869913,0.6829510251565295,2.23945759064e-06,1,0.04684800257181786,positive,45
economic_inv,lntl,江苏,山东,0.07944741858734926,0.07944741858734926,0.6829510251565295,2.23945759064e-06,1,0.04684800257181786,positive,46
economic_inv,lntl,山东,广东,0.07944722428639074,0.07944722428639074,0.6829510251565295,2.23945759064e-06,1,0.04684800257181786,positive,47
economic_inv,lntl,内蒙古,重庆,0.07782849948187151,0.07782849948187151,0.6829510251565295,2.23945759064e-06,1,0.04684800257181786,positive,48
economic_inv,lntl,天津,广西,0.07750757120661553,0.07750757120661553,0.6829510251565295,2.23945759064e-06,1,0.04684800257181786,positive,49
economic_inv,lntl,贵州,吉林,0.07433266915459136,0.07433266915459136,0.6829510251565295,2.23945759064e-06,1,0.04684800257181786,positive,50
economic_inv,lntl,甘肃,海南,0.07385097992024035,0.07385097992024035,0.6829510251565295,2.23945759064e-06,1,0.04684800257181786,positive,51
economic_inv,lntl,陕西,内蒙古,0.07324655443874856,0.07324655443874856,0.6829510251565295,2.23945759064e-06,1,0.04684800257181786,positive,52
economic_inv,lntl,福建,上海,0.07170796692883222,0.07170796692883222,0.6829510251565295,2.23945759064e-06,1,0.04684800257181786,positive,53
economic_inv,lntl,天津,内蒙古,0.07104704318533697,0.07104704318533697,0.6829510251565295,2.23945759064e-06,1,0.04684800257181786,positive,54
economic_inv,lntl,贵州,新疆,0.06816904388446898,0.06816904388446898,0.6829510251565295,2.23945759064e-06,1,0.04684800257181786,positive,55
economic_inv,lntl,陕西,广西,0.06811690202571227,0.06811690202571227,0.6829510251565295,2.23945759064e-06,1,0.04684800257181786,positive,56
economic_inv,lntl,新疆,甘肃,0.0674215174297873,0.0674215174297873,0.6829510251565295,2.23945759064e-06,1,0.04684800257181786,positive,57
economic_inv,lntl,天津,云南,0.06624081183514088,0.06624081183514088,0.6829510251565295,2.23945759064e-06,1,0.04684800257181786,positive,58
economic_inv,lntl,广东,山东,0.06479589801856737,0.06479589801856737,0.6829510251565295,2.23945759064e-06,1,0.04684800257181786,positive,59
economic_inv,lntl,江西,重庆,0.06407523404408308,0.06407523404408308,0.6829510251565295,2.23945759064e-06,1,0.04684800257181786,positive,60
economic_inv,lntl,天津,黑龙江,0.06111548748480565,0.06111548748480565,0.6829510251565295,2.23945759064e-06,1,0.04684800257181786,positive,61
economic_inv,lntl,山西,黑龙江,0.06063466394214641,0.06063466394214641,0.6829510251565295,2.23945759064e-06,1,0.04684800257181786,positive,62
economic_inv,lntl,福建,河北,0.060417580107242734,0.060417580107242734,0.6829510251565295,2.23945759064e-06,1,0.04684800257181786,positive,63
economic_inv,lntl,甘肃,宁夏,0.058967263881725795,0.058967263881725795,0.6829510251565295,2.23945759064e-06,1,0.04684800257181786,positive,64
economic_inv,lntl,福建,湖北,0.05896217515820536,0.05896217515820536,0.6829510251565295,2.23945759064e-06,1,0.04684800257181786,positive,65
economic_inv,lntl,河南,浙江,0.058793901566996265,0.058793901566996265,0.6829510251565295,2.23945759064e-06,1,0.04684800257181786,positive,66
economic_inv,lntl,安徽,上海,0.05779695793235807,0.05779695793235807,0.6829510251565295,2.23945759064e-06,1,0.04684800257181786,positive,67
economic_inv,lntl,上海,安徽,0.05765543561551316,0.05765543561551316,0.6829510251565295,2.23945759064e-06,1,0.04684800257181786,positive,68
economic_inv,lntl,河南,四川,0.05748707793415243,0.05748707793415243,0.6829510251565295,2.23945759064e-06,1,0.04684800257181786,positive,69
economic_inv,lntl,山西,云南,0.05711531132641915,0.05711531132641915,0.6829510251565295,2.23945759064e-06,1,0.04684800257181786,positive,70
economic_inv,lntl,福建,湖南,0.0570035824572456,0.0570035824572456,0.6829510251565295,2.23945759064e-06,1,0.04684800257181786,positive,71
economic_inv,lntl,新疆,山西,0.05666486954443922,0.05666486954443922,0.6829510251565295,2.23945759064e-06,1,0.04684800257181786,positive,72
economic_inv,lntl,海南,甘肃,0.05641991002437097,0.05641991002437097,0.6829510251565295,2.23945759064e-06,1,0.04684800257181786,positive,73
economic_inv,lntl,辽宁,福建,0.05375345071699748,0.05375345071699748,0.6829510251565295,2.23945759064e-06,1,0.04684800257181786,positive,74
economic_inv,lntl,陕西,重庆,0.0535576578623714,0.0535576578623714,0.6829510251565295,2.23945759064e-06,1,0.04684800257181786,positive,75
economic_inv,lntl,吉林,贵州,0.05236777713034653,0.05236777713034653,0.6829510251565295,2.23945759064e-06,1,0.04684800257181786,positive,76
economic_inv,lntl,甘肃,青海,0.051279540411193064,0.051279540411193064,0.6829510251565295,2.23945759064e-06,1,0.04684800257181786,positive,77
economic_inv,lntl,重庆,江西,0.050381963416592575,0.050381963416592575,0.6829510251565295,2.23945759064e-06,1,0.04684800257181786,positive,78
economic_inv,lntl,北京,上海,0.04906260148835584,0.04906260148835584,0.6829510251565295,2.23945759064e-06,1,0.04684800257181786,positive,79
economic_inv,lntl,河南,湖南,0.04871687249337125,0.04871687249337125,0.6829510251565295,2.23945759064e-06,1,0.04684800257181786,positive,80
economic_inv,lntl,内蒙古,江西,0.04856176670712414,0.04856176670712414,0.6829510251565295,2.23945759064e-06,1,0.04684800257181786,positive,81
economic_inv,lntl,辽宁,安徽,0.04851007959423522,0.04851007959423522,0.6829510251565295,2.23945759064e-06,1,0.04684800257181786,positive,82
economic_inv,lntl,河南,湖北,0.0481143637317967,0.0481143637317967,0.6829510251565295,2.23945759064e-06,1,0.04684800257181786,positive,83
economic_inv,lntl,安徽,辽宁,0.048080802332353755,0.048080802332353755,0.6829510251565295,2.23945759064e-06,1,0.04684800257181786,positive,84
economic_inv,lntl,上海,北京,0.04807275789859489,0.04807275789859489,0.6829510251565295,2.23945759064e-06,1,0.04684800257181786,positive,85
economic_inv,lntl,河南,河北,0.04770075683109232,0.04770075683109232,0.6829510251565295,2.23945759064e-06,1,0.04684800257181786,positive,86
economic_inv,lntl,贵州,黑龙江,0.047068839085951844,0.047068839085951844,0.6829510251565295,2.23945759064e-06,1,0.04684800257181786,positive,87
economic_inv,lntl,新疆,吉林,0.04682346518135852,0.04682346518135852,0.6829510251565295,2.23945759064e-06,0,0.04684800257181786,positive,88
economic_inv,lntl,甘肃,贵州,0.04567570848669833,0.04567570848669833,0.6829510251565295,2.23945759064e-06,0,0.04684800257181786,positive,89
economic_inv,lntl,贵州,云南,0.04539966454480917,0.04539966454480917,0.6829510251565295,2.23945759064e-06,0,0.04684800257181786,positive,90
economic_inv,lntl,上海,福建,0.044801701864287315,0.044801701864287315,0.6829510251565295,2.23945759064e-06,0,0.04684800257181786,positive,91
economic_inv,lntl,天津,江西,0.04300327580298467,0.04300327580298467,0.6829510251565295,2.23945759064e-06,0,0.04684800257181786,positive,92
economic_inv,lntl,广西,江西,0.04201518523363869,0.04201518523363869,0.6829510251565295,2.23945759064e-06,0,0.04684800257181786,positive,93
economic_inv,lntl,北京,辽宁,0.04198793388288224,0.04198793388288224,0.6829510251565295,2.23945759064e-06,0,0.04684800257181786,positive,94
economic_inv,lntl,黑龙江,吉林,0.04192915054640798,0.04192915054640798,0.6829510251565295,2.23945759064e-06,0,0.04684800257181786,positive,95
economic_inv,lntl,辽宁,北京,0.04161002473086743,0.04161002473086743,0.6829510251565295,2.23945759064e-06,0,0.04684800257181786,positive,96
economic_inv,lntl,江西,天津,0.041072914397444045,0.041072914397444045,0.6829510251565295,2.23945759064e-06,0,0.04684800257181786,positive,97
economic_inv,lntl,福建,四川,0.04058092349936414,0.04058092349936414,0.6829510251565295,2.23945759064e-06,0,0.04684800257181786,positive,98
economic_inv,lntl,福建,安徽,0.04035203571053818,0.04035203571053818,0.6829510251565295,2.23945759064e-06,0,0.04684800257181786,positive,99
economic_inv,lntl,浙江,四川,0.039695787359026055,0.039695787359026055,0.6829510251565295,2.23945759064e-06,0,0.04684800257181786,positive,100
economic_inv,lntl,吉林,天津,0.039384784340897705,0.039384784340897705,0.6829510251565295,2.23945759064e-06,0,0.04684800257181786,positive,101
economic_inv,lntl,山东,浙江,0.03903957809899755,0.03903957809899755,0.6829510251565295,2.23945759064e-06,0,0.04684800257181786,positive,102
economic_inv,lntl,陕西,天津,0.03848073280768585,0.03848073280768585,0.6829510251565295,2.23945759064e-06,0,0.04684800257181786,positive,103
economic_inv,lntl,四川,福建,0.03814793012606855,0.03814793012606855,0.6829510251565295,2.23945759064e-06,0,0.04684800257181786,positive,104
economic_inv,lntl,云南,吉林,0.0380913589673878,0.0380913589673878,0.6829510251565295,2.23945759064e-06,0,0.04684800257181786,positive,105
economic_inv,lntl,青海,甘肃,0.03738745433226462,0.03738745433226462,0.6829510251565295,2.23945759064e-06,0,0.04684800257181786,positive,106
economic_inv,lntl,宁夏,甘肃,0.037177377705526475,0.037177377705526475,0.6829510251565295,2.23945759064e-06,0,0.04684800257181786,positive,107
economic_inv,lntl,福建,北京,0.037116767541600024,0.037116767541600024,0.6829510251565295,2.23945759064e-06,0,0.04684800257181786,positive,108
economic_inv,lntl,新疆,黑龙江,0.03666419242366363,0.03666419242366363,0.6829510251565295,2.23945759064e-06,0,0.04684800257181786,positive,109
economic_inv,lntl,甘肃,山西,0.03652453070940108,0.03652453070940108,0.6829510251565295,2.23945759064e-06,0,0.04684800257181786,positive,110
economic_inv,lntl,浙江,湖南,0.036383986263375315,0.036383986263375315,0.6829510251565295,2.23945759064e-06,0,0.04684800257181786,positive,111
economic_inv,lntl,浙江,湖北,0.03613652043109897,0.03613652043109897,0.6829510251565295,2.23945759064e-06,0,0.04684800257181786,positive,112
economic_inv,lntl,浙江,河北,0.035965020552353434,0.035965020552353434,0.6829510251565295,2.23945759064e-06,0,0.04684800257181786,positive,113
economic_inv,lntl,新疆,云南,0.03588375352980954,0.03588375352980954,0.6829510251565295,2.23945759064e-06,0,0.04684800257181786,positive,114
economic_inv,lntl,河南,福建,0.0353795134930081,0.0353795134930081,0.6829510251565295,2.23945759064e-06,0,0.04684800257181786,positive,115
economic_inv,lntl,重庆,陕西,0.035247507865100405,0.035247507865100405,0.6829510251565295,2.23945759064e-06,0,0.04684800257181786,positive,116
economic_inv,lntl,云南,天津,0.0350624358887175,0.0350624358887175,0.6829510251565295,2.23945759064e-06,0,0.04684800257181786,positive,117
economic_inv,lntl,天津,吉林,0.034491751888827756,0.034491751888827756,0.6829510251565295,2.23945759064e-06,0,0.04684800257181786,positive,118
economic_inv,lntl,山西,天津,0.0337540075570217,0.0337540075570217,0.6829510251565295,2.23945759064e-06,0,0.04684800257181786,positive,119
economic_inv,lntl,天津,陕西,0.033721843296554324,0.033721843296554324,0.6829510251565295,2.23945759064e-06,0,0.04684800257181786,positive,120
economic_inv,lntl,广西,天津,0.03371148675699556,0.03371148675699556,0.6829510251565295,2.23945759064e-06,0,0.04684800257181786,positive,121
economic_inv,lntl,山西,新疆,0.033076804796875754,0.033076804796875754,0.6829510251565295,2.23945759064e-06,0,0.04684800257181786,positive,122
economic_inv,lntl,甘肃,吉林,0.03278093264010953,0.03278093264010953,0.6829510251565295,2.23945759064e-06,0,0.04684800257181786,positive,123
economic_inv,lntl,新疆,海南,0.03236711301884694,0.03236711301884694,0.6829510251565295,2.23945759064e-06,0,0.04684800257181786,positive,124
economic_inv,lntl,黑龙江,天津,0.03236456708575201,0.03236456708575201,0.6829510251565295,2.23945759064e-06,0,0.04684800257181786,positive,125
economic_inv,lntl,重庆,云南,0.032033178542518546,0.032033178542518546,0.6829510251565295,2.23945759064e-06,0,0.04684800257181786,positive,126
economic_inv,lntl,贵州,天津,0.031907296071019255,0.031907296071019255,0.6829510251565295,2.23945759064e-06,0,0.04684800257181786,positive,127
economic_inv,lntl,内蒙古,天津,0.031668631372404096,0.031668631372404096,0.6829510251565295,2.23945759064e-06,0,0.04684800257181786,positive,128
economic_inv,lntl,吉林,重庆,0.030579781114812094,0.030579781114812094,0.6829510251565295,2.23945759064e-06,0,0.04684800257181786,positive,129
economic_inv,lntl,重庆,黑龙江,0.030391967570608004,0.030391967570608004,0.6829510251565295,2.23945759064e-06,0,0.04684800257181786,positive,130
economic_inv,lntl,浙江,福建,0.03016521358902343,0.03016521358902343,0.6829510251565295,2.23945759064e-06,0,0.04684800257181786,positive,131
economic_inv,lntl,河南,辽宁,0.029895012838772703,0.029895012838772703,0.6829510251565295,2.23945759064e-06,0,0.04684800257181786,positive,132
economic_inv,lntl,湖南,四川,0.029703247745439035,0.029703247745439035,0.6829510251565295,2.23945759064e-06,0,0.04684800257181786,positive,133
economic_inv,lntl,山东,河南,0.029591501776730193,0.029591501776730193,0.6829510251565295,2.23945759064e-06,0,0.04684800257181786,positive,134
economic_inv,lntl,海南,新疆,0.02933434930299507,0.02933434930299507,0.6829510251565295,2.23945759064e-06,0,0.04684800257181786,positive,135
economic_inv,lntl,贵州,甘肃,0.029239653348134977,0.029239653348134977,0.6829510251565295,2.23945759064e-06,0,0.04684800257181786,positive,136
economic_inv,lntl,河南,上海,0.029055969395219376,0.029055969395219376,0.6829510251565295,2.23945759064e-06,0,0.04684800257181786,positive,137
economic_inv,lntl,新疆,天津,0.028619529936164484,0.028619529936164484,0.6829510251565295,2.23945759064e-06,0,0.04684800257181786,positive,138
economic_inv,lntl,新疆,宁夏,0.02861223179653676,0.02861223179653676,0.6829510251565295,2.23945759064e-06,0,0.04684800257181786,positive,139
economic_inv,lntl,内蒙古,陕西,0.028611357145804022,0.028611357145804022,0.6829510251565295,2.23945759064e-06,0,0.04684800257181786,positive,140
economic_inv,lntl,甘肃,黑龙江,0.02817383104186855,0.02817383104186855,0.6829510251565295,2.23945759064e-06,0,0.04684800257181786,positive,141
economic_inv,lntl,甘肃,云南,0.02778243292784956,0.02778243292784956,0.6829510251565295,2.23945759064e-06,0,0.04684800257181786,positive,142
economic_inv,lntl,山西,重庆,0.02752782363783711,0.02752782363783711,0.6829510251565295,2.23945759064e-06,0,0.04684800257181786,positive,143
economic_inv,lntl,贵州,重庆,0.027403781383280593,0.027403781383280593,0.6829510251565295,2.23945759064e-06,0,0.04684800257181786,positive,144
economic_inv,lntl,吉林,广西,0.02725569130590477,0.02725569130590477,0.6829510251565295,2.23945759064e-06,0,0.04684800257181786,positive,145
economic_inv,lntl,天津,山西,0.027093815848555948,0.027093815848555948,0.6829510251565295,2.23945759064e-06,0,0.04684800257181786,positive,146
economic_inv,lntl,浙江,辽宁,0.02706526434745123,0.02706526434745123,0.6829510251565295,2.23945759064e-06,0,0.04684800257181786,positive,147
economic_inv,lntl,浙江,上海,0.026556883559321676,0.026556883559321676,0.6829510251565295,2.23945759064e-06,0,0.04684800257181786,positive,148
economic_inv,lntl,吉林,内蒙古,0.026513212245283378,0.026513212245283378,0.6829510251565295,2.23945759064e-06,0,0.04684800257181786,positive,149
economic_inv,lntl,新疆,青海,0.02633925866379322,0.02633925866379322,0.6829510251565295,2.23945759064e-06,0,0.04684800257181786,positive,150
economic_inv,lntl,广西,陕西,0.0259631055134732,0.0259631055134732,0.6829510251565295,2.23945759064e-06,0,0.04684800257181786,positive,151
economic_inv,lntl,四川,辽宁,0.025827035519872355,0.025827035519872355,0.6829510251565295,2.23945759064e-06,0,0.04684800257181786,positive,152
economic_inv,lntl,黑龙江,山西,0.025774148607843845,0.025774148607843845,0.6829510251565295,2.23945759064e-06,0,0.04684800257181786,positive,153
economic_inv,lntl,新疆,重庆,0.02573830704959872,0.02573830704959872,0.6829510251565295,2.23945759064e-06,0,0.04684800257181786,positive,154
economic_inv,lntl,浙江,山东,0.025636530771175968,0.025636530771175968,0.6829510251565295,2.23945759064e-06,0,0.04684800257181786,positive,155
economic_inv,lntl,河南,安徽,0.025512591123698695,0.025512591123698695,0.6829510251565295,2.23945759064e-06,0,0.04684800257181786,positive,156
economic_inv,lntl,陕西,云南,0.02549947255636537,0.02549947255636537,0.6829510251565295,2.23945759064e-06,0,0.04684800257181786,positive,157
economic_inv,lntl,贵州,广西,0.02544461230099629,0.02544461230099629,0.6829510251565295,2.23945759064e-06,0,0.04684800257181786,positive,158
economic_inv,lntl,安徽,福建,0.025273027742539037,0.025273027742539037,0.6829510251565295,2.23945759064e-06,0,0.04684800257181786,positive,159
economic_inv,lntl,吉林,新疆,0.02505135707632976,0.02505135707632976,0.6829510251565295,2.23945759064e-06,0,0.04684800257181786,positive,160
economic_inv,lntl,山西,广西,0.02501105595143132,0.02501105595143132,0.6829510251565295,2.23945759064e-06,0,0.04684800257181786,positive,161
economic_inv,lntl,贵州,内蒙古,0.024984446184725784,0.024984446184725784,0.6829510251565295,2.23945759064e-06,0,0.04684800257181786,positive,162
economic_inv,lntl,河南,北京,0.024907119904398832,0.024907119904398832,0.6829510251565295,2.23945759064e-06,0,0.04684800257181786,positive,163
economic_inv,lntl,江西,云南,0.02490480952282149,0.02490480952282149,0.6829510251565295,2.23945759064e-06,0,0.04684800257181786,positive,164
economic_inv,lntl,陕西,黑龙江,0.024797922136127096,0.024797922136127096,0.6829510251565295,2.23945759064e-06,0,0.04684800257181786,positive,165
economic_inv,lntl,山西,内蒙古,0.024435514995377303,0.024435514995377303,0.6829510251565295,2.23945759064e-06,0,0.04684800257181786,positive,166
economic_inv,lntl,新疆,广西,0.024398354568393132,0.024398354568393132,0.6829510251565295,2.23945759064e-06,0,0.04684800257181786,positive,167
economic_inv,lntl,四川,上海,0.02436136381304353,0.02436136381304353,0.6829510251565295,2.23945759064e-06,0,0.04684800257181786,positive,168
economic_inv,lntl,浙江,安徽,0.024298329362663684,0.024298329362663684,0.6829510251565295,2.23945759064e-06,0,0.04684800257181786,positive,169
economic_inv,lntl,云南,山西,0.024266873031504054,0.024266873031504054,0.6829510251565295,2.23945759064e-06,0,0.04684800257181786,positive,170
economic_inv,lntl,江西,黑龙江,0.02410892241279545,0.02410892241279545,0.6829510251565295,2.23945759064e-06,0,0.04684800257181786,positive,171
economic_inv,lntl,新疆,内蒙古,0.02407545504104387,0.02407545504104387,0.6829510251565295,2.23945759064e-06,0,0.04684800257181786,positive,172
economic_inv,lntl,浙江,北京,0.023893271681068164,0.023893271681068164,0.6829510251565295,2.23945759064e-06,0,0.04684800257181786,positive,173
economic_inv,lntl,四川,河南,0.023837462426538652,0.023837462426538652,0.6829510251565295,2.23945759064e-06,0,0.04684800257181786,positive,174
economic_inv,lntl,甘肃,天津,0.023834195618634382,0.023834195618634382,0.6829510251565295,2.23945759064e-06,0,0.04684800257181786,positive,175
economic_inv,lntl,北京,陕西,0.023748205187218884,0.023748205187218884,0.6829510251565295,2.23945759064e-06,0,0.04684800257181786,positive,176
economic_inv,lntl,山东,四川,0.023720370486708543,0.023720370486708543,0.6829510251565295,2.23945759064e-06,0,0.04684800257181786,positive,177
economic_inv,lntl,北京,福建,0.023667303693392573,0.023667303693392573,0.6829510251565295,2.23945759064e-06,0,0.04684800257181786,positive,178
economic_inv,lntl,山东,湖南,0.022902348145382098,0.022902348145382098,0.6829510251565295,2.23945759064e-06,0,0.04684800257181786,positive,179
economic_inv,lntl,山东,湖北,0.022837701621317263,0.022837701621317263,0.6829510251565295,2.23945759064e-06,0,0.04684800257181786,positive,180
economic_inv,lntl,山东,河北,0.022792595292147416,0.022792595292147416,0.6829510251565295,2.23945759064e-06,0,0.04684800257181786,positive,181
economic_inv,lntl,青海,新疆,0.02278146698611009,0.02278146698611009,0.6829510251565295,2.23945759064e-06,0,0.04684800257181786,positive,182
economic_inv,lntl,云南,重庆,0.022577591179218287,0.022577591179218287,0.6829510251565295,2.23945759064e-06,0,0.04684800257181786,positive,183
economic_inv,lntl,陕西,北京,0.022392029199898876,0.022392029199898876,0.6829510251565295,2.23945759064e-06,0,0.04684800257181786,positive,184
economic_inv,lntl,辽宁,河北,0.022323214379529045,0.022323214379529045,0.6829510251565295,2.23945759064e-06,0,0.04684800257181786,positive,185
economic_inv,lntl,甘肃,重庆,0.022097655903657587,0.022097655903657587,0.6829510251565295,2.23945759064e-06,0,0.04684800257181786,positive,186
economic_inv,lntl,辽宁,湖北,0.022005611025308538,0.022005611025308538,0.6829510251565295,2.23945759064e-06,0,0.04684800257181786,positive,187
economic_inv,lntl,江苏,浙江,0.021959486603030914,0.021959486603030914,0.6829510251565295,2.23945759064e-06,0,0.04684800257181786,positive,188
economic_inv,lntl,贵州,江西,0.021887548543997083,0.021887548543997083,0.6829510251565295,2.23945759064e-06,0,0.04684800257181786,positive,189
economic_inv,lntl,吉林,江西,0.02185526986567089,0.02185526986567089,0.6829510251565295,2.23945759064e-06,0,0.04684800257181786,positive,190
economic_inv,lntl,新疆,江西,0.021816522190994187,0.021816522190994187,0.6829510251565295,2.23945759064e-06,0,0.04684800257181786,positive,191
economic_inv,lntl,安徽,陕西,0.021589334127982168,0.021589334127982168,0.6829510251565295,2.23945759064e-06,0,0.04684800257181786,positive,192
economic_inv,lntl,辽宁,湖南,0.021567929449645615,0.021567929449645615,0.6829510251565295,2.23945759064e-06,0,0.04684800257181786,positive,193
economic_inv,lntl,海南,贵州,0.02156020046623101,0.02156020046623101,0.6829510251565295,2.23945759064e-06,0,0.04684800257181786,positive,194
economic_inv,lntl,黑龙江,重庆,0.021430804352528653,0.021430804352528653,0.6829510251565295,2.23945759064e-06,0,0.04684800257181786,positive,195
economic_inv,lntl,宁夏,新疆,0.021400103786927437,0.021400103786927437,0.6829510251565295,2.23945759064e-06,0,0.04684800257181786,positive,196
economic_inv,lntl,广东,浙江,0.02134925131123709,0.02134925131123709,0.6829510251565295,2.23945759064e-06,0,0.04684800257181786,positive,197
economic_inv,lntl,河北,四川,0.021312055058207904,0.021312055058207904,0.6829510251565295,2.23945759064e-06,0,0.04684800257181786,positive,198
economic_inv,lntl,甘肃,广西,0.02125292678290119,0.02125292678290119,0.6829510251565295,2.23945759064e-06,0,0.04684800257181786,positive,199
economic_inv,lntl,山东,福建,0.021103949800923647,0.021103949800923647,0.6829510251565295,2.23945759064e-06,0,0.04684800257181786,positive,200
economic_inv,lntl,北京,江西,0.021098404525840993,0.021098404525840993,0.6829510251565295,2.23945759064e-06,0,0.04684800257181786,positive,201
economic_inv,lntl,甘肃,内蒙古,0.02104566586567396,0.02104566586567396,0.6829510251565295,2.23945759064e-06,0,0.04684800257181786,positive,202
economic_inv,lntl,陕西,安徽,0.020724722239026046,0.020724722239026046,0.6829510251565295,2.23945759064e-06,0,0.04684800257181786,positive,203
economic_inv,lntl,山西,江西,0.020707462495684503,0.020707462495684503,0.6829510251565295,2.23945759064e-06,0,0.04684800257181786,positive,204
economic_inv,lntl,上海,河北,0.02048665433784525,0.02048665433784525,0.6829510251565295,2.23945759064e-06,0,0.04684800257181786,positive,205
economic_inv,lntl,新疆,陕西,0.02047683036814151,0.02047683036814151,0.6829510251565295,2.23945759064e-06,0,0.04684800257181786,positive,206
economic_inv,lntl,上海,湖北,0.020215833169815386,0.020215833169815386,0.6829510251565295,2.23945759064e-06,0,0.04684800257181786,positive,207
economic_inv,lntl,贵州,陕西,0.020146281504501474,0.020146281504501474,0.6829510251565295,2.23945759064e-06,0,0.04684800257181786,positive,208
economic_inv,lntl,重庆,吉林,0.020112220497981496,0.020112220497981496,0.6829510251565295,2.23945759064e-06,0,0.04684800257181786,positive,209
economic_inv,lntl,山东,辽宁,0.02004896605293963,0.02004896605293963,0.6829510251565295,2.23945759064e-06,0,0.04684800257181786,positive,210
economic_inv,lntl,山东,上海,0.01986399133069012,0.01986399133069012,0.6829510251565295,2.23945759064e-06,0,0.04684800257181786,positive,211
economic_inv,lntl,上海,湖南,0.01984171209675101,0.01984171209675101,0.6829510251565295,2.23945759064e-06,0,0.04684800257181786,positive,212
economic_inv,lntl,浙江,陕西,0.019792119242438063,0.019792119242438063,0.6829510251565295,2.23945759064e-06,0,0.04684800257181786,positive,213
economic_inv,lntl,天津,贵州,0.019686168394500273,0.019686168394500273,0.6829510251565295,2.23945759064e-06,0,0.04684800257181786,positive,214
economic_inv,lntl,甘肃,江西,0.019553764919382807,0.019553764919382807,0.6829510251565295,2.23945759064e-06,0,0.04684800257181786,positive,215
economic_inv,lntl,吉林,陕西,0.01947012941046145,0.01947012941046145,0.6829510251565295,2.23945759064e-06,0,0.04684800257181786,positive,216
economic_inv,lntl,陕西,吉林,0.019457527269978632,0.019457527269978632,0.6829510251565295,2.23945759064e-06,0,0.04684800257181786,positive,217
economic_inv,lntl,浙江,江西,0.019374458690987452,0.019374458690987452,0.6829510251565295,2.23945759064e-06,0,0.04684800257181786,positive,218
economic_inv,lntl,安徽,江西,0.01934110700090002,0.01934110700090002,0.6829510251565295,2.23945759064e-06,0,0.04684800257181786,positive,219
economic_inv,lntl,河南,陕西,0.01923339735491712,0.01923339735491712,0.6829510251565295,2.23945759064e-06,0,0.04684800257181786,positive,220
economic_inv,lntl,湖北,四川,0.019031295279665437,0.019031295279665437,0.6829510251565295,2.23945759064e-06,0,0.04684800257181786,positive,221
economic_inv,lntl,四川,安徽,0.019020021679157565,0.019020021679157565,0.6829510251565295,2.23945759064e-06,0,0.04684800257181786,positive,222
economic_inv,lntl,山东,安徽,0.018996679359596987,0.018996679359596987,0.6829510251565295,2.23945759064e-06,0,0.04684800257181786,positive,223
economic_inv,lntl,云南,广西,0.018905285672205677,0.018905285672205677,0.6829510251565295,2.23945759064e-06,0,0.04684800257181786,positive,224
economic_inv,lntl,山东,北京,0.018832767337059384,0.018832767337059384,0.6829510251565295,2.23945759064e-06,0,0.04684800257181786,positive,225
economic_inv,lntl,浙江,内蒙古,0.018805344906548793,0.018805344906548793,0.6829510251565295,2.23945759064e-06,0,0.04684800257181786,positive,226
economic_inv,lntl,浙江,广西,0.018735003285780368,0.018735003285780368,0.6829510251565295,2.23945759064e-06,0,0.04684800257181786,positive,227
economic_inv,lntl,山西,陕西,0.018716353147678826,0.018716353147678826,0.6829510251565295,2.23945759064e-06,0,0.04684800257181786,positive,228
economic_inv,lntl,河南,江西,0.018698446724559184,0.018698446724559184,0.6829510251565295,2.23945759064e-06,0,0.04684800257181786,positive,229
economic_inv,lntl,海南,山西,0.018669999572837534,0.018669999572837534,0.6829510251565295,2.23945759064e-06,0,0.04684800257181786,positive,230
economic_inv,lntl,甘肃,陕西,0.01863274804529796,0.01863274804529796,0.6829510251565295,2.23945759064e-06,0,0.04684800257181786,positive,231
economic_inv,lntl,福建,陕西,0.018590048536311205,0.018590048536311205,0.6829510251565295,2.23945759064e-06,0,0.04684800257181786,positive,232
economic_inv,lntl,浙江,江苏,0.018550522641177222,0.018550522641177222,0.6829510251565295,2.23945759064e-06,0,0.04684800257181786,positive,233
economic_inv,lntl,浙江,重庆,0.018466875997889914,0.018466875997889914,0.6829510251565295,2.23945759064e-06,0,0.04684800257181786,positive,234
economic_inv,lntl,江西,吉林,0.018280873172679207,0.018280873172679207,0.6829510251565295,2.23945759064e-06,0,0.04684800257181786,positive,235
economic_inv,lntl,四川,北京,0.0182235512498863,0.0182235512498863,0.6829510251565295,2.23945759064e-06,0,0.04684800257181786,positive,236
economic_inv,lntl,北京,内蒙古,0.018187996286520302,0.018187996286520302,0.6829510251565295,2.23945759064e-06,0,0.04684800257181786,positive,237
economic_inv,lntl,云南,内蒙古,0.01814495824410071,0.01814495824410071,0.6829510251565295,2.23945759064e-06,0,0.04684800257181786,positive,238
economic_inv,lntl,黑龙江,广西,0.0180958277190671,0.0180958277190671,0.6829510251565295,2.23945759064e-06,0,0.04684800257181786,positive,239
economic_inv,lntl,贵州,海南,0.018066066090073798,0.018066066090073798,0.6829510251565295,2.23945759064e-06,0,0.04684800257181786,positive,240
economic_inv,lntl,浙江,天津,0.017994791688689973,0.017994791688689973,0.6829510251565295,2.23945759064e-06,0,0.04684800257181786,positive,241
economic_inv,lntl,河南,内蒙古,0.017981208829679234,0.017981208829679234,0.6829510251565295,2.23945759064e-06,0,0.04684800257181786,positive,242
economic_inv,lntl,山西,甘肃,0.017972063056339797,0.017972063056339797,0.6829510251565295,2.23945759064e-06,0,0.04684800257181786,positive,243
economic_inv,lntl,河南,广西,0.017893480152313384,0.017893480152313384,0.6829510251565295,2.23945759064e-06,0,0.04684800257181786,positive,244
economic_inv,lntl,北京,广西,0.017872867838782225,0.017872867838782225,0.6829510251565295,2.23945759064e-06,0,0.04684800257181786,positive,245
economic_inv,lntl,江苏,河南,0.017838265572770656,0.017838265572770656,0.6829510251565295,2.23945759064e-06,0,0.04684800257181786,positive,246
economic_inv,lntl,青海,贵州,0.017613264723183423,0.017613264723183423,0.6829510251565295,2.23945759064e-06,0,0.04684800257181786,positive,247
economic_inv,lntl,广东,河南,0.017584650890283743,0.017584650890283743,0.6829510251565295,2.23945759064e-06,0,0.04684800257181786,positive,248
economic_inv,lntl,河南,重庆,0.017560907775884517,0.017560907775884517,0.6829510251565295,2.23945759064e-06,0,0.04684800257181786,positive,249
economic_inv,lntl,福建,江西,0.017493403040765677,0.017493403040765677,0.6829510251565295,2.23945759064e-06,0,0.04684800257181786,positive,250
economic_inv,lntl,黑龙江,内蒙古,0.017398326013859242,0.017398326013859242,0.6829510251565295,2.23945759064e-06,0,0.04684800257181786,positive,251
economic_inv,lntl,辽宁,四川,0.017361114975707463,0.017361114975707463,0.6829510251565295,2.23945759064e-06,0,0.04684800257181786,positive,252
economic_inv,lntl,海南,吉林,0.017344688148813996,0.017344688148813996,0.6829510251565295,2.23945759064e-06,0,0.04684800257181786,positive,253
economic_inv,lntl,浙江,云南,0.017199657562369464,0.017199657562369464,0.6829510251565295,2.23945759064e-06,0,0.04684800257181786,positive,254
economic_inv,lntl,浙江,广东,0.017189688379621135,0.017189688379621135,0.6829510251565295,2.23945759064e-06,0,0.04684800257181786,positive,255
economic_inv,lntl,陕西,山西,0.01714344468291257,0.01714344468291257,0.6829510251565295,2.23945759064e-06,0,0.04684800257181786,positive,256
economic_inv,lntl,浙江,黑龙江,0.01713615707211409,0.01713615707211409,0.6829510251565295,2.23945759064e-06,0,0.04684800257181786,positive,257
economic_inv,lntl,山东,陕西,0.01700856144037469,0.01700856144037469,0.6829510251565295,2.23945759064e-06,0,0.04684800257181786,positive,258
economic_inv,lntl,河南,天津,0.016982314041712472,0.016982314041712472,0.6829510251565295,2.23945759064e-06,0,0.04684800257181786,positive,259
economic_inv,lntl,安徽,内蒙古,0.01682795417288013,0.01682795417288013,0.6829510251565295,2.23945759064e-06,0,0.04684800257181786,positive,260
economic_inv,lntl,山东,江西,0.016804133884424324,0.016804133884424324,0.6829510251565295,2.23945759064e-06,0,0.04684800257181786,positive,261
economic_inv,lntl,北京,重庆,0.016746589715632542,0.016746589715632542,0.6829510251565295,2.23945759064e-06,0,0.04684800257181786,positive,262
economic_inv,lntl,江西,北京,0.016650766347975212,0.016650766347975212,0.6829510251565295,2.23945759064e-06,0,0.04684800257181786,positive,263
economic_inv,lntl,重庆,山西,0.016594171575750702,0.016594171575750702,0.6829510251565295,2.23945759064e-06,0,0.04684800257181786,positive,264
economic_inv,lntl,安徽,广西,0.016553035469203944,0.016553035469203944,0.6829510251565295,2.23945759064e-06,0,0.04684800257181786,positive,265
economic_inv,lntl,浙江,吉林,0.016527432679611164,0.016527432679611164,0.6829510251565295,2.23945759064e-06,0,0.04684800257181786,positive,266
economic_inv,lntl,山东,内蒙古,0.01651939122645471,0.01651939122645471,0.6829510251565295,2.23945759064e-06,0,0.04684800257181786,positive,267
economic_inv,lntl,山东,广西,0.016483690264604056,0.016483690264604056,0.6829510251565295,2.23945759064e-06,0,0.04684800257181786,positive,268
economic_inv,lntl,贵州,宁夏,0.01647680982072657,0.01647680982072657,0.6829510251565295,2.23945759064e-06,0,0.04684800257181786,positive,269
economic_inv,lntl,山东,重庆,0.016346561424134546,0.016346561424134546,0.6829510251565295,2.23945759064e-06,0,0.04684800257181786,positive,270
economic_inv,lntl,宁夏,贵州,0.016227588226367187,0.016227588226367187,0.6829510251565295,2.23945759064e-06,0,0.04684800257181786,positive,271
economic_inv,lntl,上海,四川,0.016191222738629236,0.016191222738629236,0.6829510251565295,2.23945759064e-06,0,0.04684800257181786,positive,272
economic_inv,lntl,浙江,山西,0.01616745820722162,0.01616745820722162,0.6829510251565295,2.23945759064e-06,0,0.04684800257181786,positive,273
economic_inv,lntl,福建,内蒙古,0.016128892411199955,0.016128892411199955,0.6829510251565295,2.23945759064e-06,0,0.04684800257181786,positive,274
economic_inv,lntl,山东,天津,0.01610102641633207,0.01610102641633207,0.6829510251565295,2.23945759064e-06,0,0.04684800257181786,positive,275
economic_inv,lntl,河南,云南,0.016027358454171373,0.016027358454171373,0.6829510251565295,2.23945759064e-06,0,0.04684800257181786,positive,276
economic_inv,lntl,福建,广西,0.015969676012532828,0.015969676012532828,0.6829510251565295,2.23945759064e-06,0,0.04684800257181786,positive,277
economic_inv,lntl,河南,黑龙江,0.015952131220109193,0.015952131220109193,0.6829510251565295,2.23945759064e-06,0,0.04684800257181786,positive,278
economic_inv,lntl,江西,山西,0.015875437237538363,0.015875437237538363,0.6829510251565295,2.23945759064e-06,0,0.04684800257181786,positive,279
economic_inv,lntl,上海,陕西,0.015679564210543107,0.015679564210543107,0.6829510251565295,2.23945759064e-06,0,0.04684800257181786,positive,280
economic_inv,lntl,山东,云南,0.01567523630846267,0.01567523630846267,0.6829510251565295,2.23945759064e-06,0,0.04684800257181786,positive,281
economic_inv,lntl,山东,黑龙江,0.015640549520397614,0.015640549520397614,0.6829510251565295,2.23945759064e-06,0,0.04684800257181786,positive,282
economic_inv,lntl,福建,河南,0.015606035540221002,0.015606035540221002,0.6829510251565295,2.23945759064e-06,0,0.04684800257181786,positive,283
economic_inv,lntl,海南,黑龙江,0.015580180913193867,0.015580180913193867,0.6829510251565295,2.23945759064e-06,0,0.04684800257181786,positive,284
economic_inv,lntl,浙江,贵州,0.015572418213780415,0.015572418213780415,0.6829510251565295,2.23945759064e-06,0,0.04684800257181786,positive,285
economic_inv,lntl,安徽,重庆,0.015565927870438059,0.015565927870438059,0.6829510251565295,2.23945759064e-06,0,0.04684800257181786,positive,286
economic_inv,lntl,青海,山西,0.015552345198549804,0.015552345198549804,0.6829510251565295,2.23945759064e-06,0,0.04684800257181786,positive,287
economic_inv,lntl,江西,安徽,0.015540062138064362,0.015540062138064362,0.6829510251565295,2.23945759064e-06,0,0.04684800257181786,positive,288
economic_inv,lntl,广西,云南,0.015534618224569696,0.015534618224569696,0.6829510251565295,2.23945759064e-06,0,0.04684800257181786,positive,289
economic_inv,lntl,贵州,青海,0.015464825293310698,0.015464825293310698,0.6829510251565295,2.23945759064e-06,0,0.04684800257181786,positive,290
economic_inv,lntl,海南,云南,0.015422903965562184,0.015422903965562184,0.6829510251565295,2.23945759064e-06,0,0.04684800257181786,positive,291
economic_inv,lntl,福建,重庆,0.015380336442689824,0.015380336442689824,0.6829510251565295,2.23945759064e-06,0,0.04684800257181786,positive,292
economic_inv,lntl,黑龙江,贵州,0.015378826677704972,0.015378826677704972,0.6829510251565295,2.23945759064e-06,0,0.04684800257181786,positive,293
economic_inv,lntl,山东,吉林,0.015302735940009428,0.015302735940009428,0.6829510251565295,2.23945759064e-06,0,0.04684800257181786,positive,294
economic_inv,lntl,内蒙古,云南,0.0152799812591061,0.0152799812591061,0.6829510251565295,2.23945759064e-06,0,0.04684800257181786,positive,295
economic_inv,lntl,河南,吉林,0.015238594878185584,0.015238594878185584,0.6829510251565295,2.23945759064e-06,0,0.04684800257181786,positive,296
economic_inv,lntl,安徽,河北,0.015152733944611193,0.015152733944611193,0.6829510251565295,2.23945759064e-06,0,0.04684800257181786,positive,297
economic_inv,lntl,山东,山西,0.015098337808606442,0.015098337808606442,0.6829510251565295,2.23945759064e-06,0,0.04684800257181786,positive,298
economic_inv,lntl,陕西,上海,0.015088573459228035,0.015088573459228035,0.6829510251565295,2.23945759064e-06,0,0.04684800257181786,positive,299
economic_inv,lntl,辽宁,陕西,0.015032270211368357,0.015032270211368357,0.6829510251565295,2.23945759064e-06,0,0.04684800257181786,positive,300
economic_inv,lntl,北京,天津,0.015012434269981135,0.015012434269981135,0.6829510251565295,2.23945759064e-06,0,0.04684800257181786,positive,301
economic_inv,lntl,安徽,湖北,0.01500442560534111,0.01500442560534111,0.6829510251565295,2.23945759064e-06,0,0.04684800257181786,positive,302
economic_inv,lntl,江苏,四川,0.014965739644352652,0.014965739644352652,0.6829510251565295,2.23945759064e-06,0,0.04684800257181786,positive,303
economic_inv,lntl,广东,四川,0.0148979212939853,0.0148979212939853,0.6829510251565295,2.23945759064e-06,0,0.04684800257181786,positive,304
economic_inv,lntl,广西,黑龙江,0.01486256302840297,0.01486256302840297,0.6829510251565295,2.23945759064e-06,0,0.04684800257181786,positive,305
economic_inv,lntl,云南,贵州,0.014826555767883436,0.014826555767883436,0.6829510251565295,2.23945759064e-06,0,0.04684800257181786,positive,306
economic_inv,lntl,河南,山西,0.014823013038769829,0.014823013038769829,0.6829510251565295,2.23945759064e-06,0,0.04684800257181786,positive,307
economic_inv,lntl,安徽,湖南,0.01479784267182574,0.01479784267182574,0.6829510251565295,2.23945759064e-06,0,0.04684800257181786,positive,308
economic_inv,lntl,吉林,甘肃,0.01478402350070536,0.01478402350070536,0.6829510251565295,2.23945759064e-06,0,0.04684800257181786,positive,309
economic_inv,lntl,山东,贵州,0.014752636308901387,0.014752636308901387,0.6829510251565295,2.23945759064e-06,0,0.04684800257181786,positive,310
economic_inv,lntl,北京,河北,0.014660693912315835,0.014660693912315835,0.6829510251565295,2.23945759064e-06,0,0.04684800257181786,positive,311
economic_inv,lntl,浙江,新疆,0.014649386714712368,0.014649386714712368,0.6829510251565295,2.23945759064e-06,0,0.04684800257181786,positive,312
economic_inv,lntl,内蒙古,黑龙江,0.014644421792522762,0.014644421792522762,0.6829510251565295,2.23945759064e-06,0,0.04684800257181786,positive,313
economic_inv,lntl,青海,吉林,0.014579927730169098,0.014579927730169098,0.6829510251565295,2.23945759064e-06,0,0.04684800257181786,positive,314
economic_inv,lntl,江苏,湖南,0.014544112159146623,0.014544112159146623,0.6829510251565295,2.23945759064e-06,0,0.04684800257181786,positive,315
economic_inv,lntl,北京,湖北,0.01452426168189784,0.01452426168189784,0.6829510251565295,2.23945759064e-06,0,0.04684800257181786,positive,316
economic_inv,lntl,江苏,湖北,0.0145105566457141,0.0145105566457141,0.6829510251565295,2.23945759064e-06,0,0.04684800257181786,positive,317
economic_inv,lntl,广东,湖南,0.014499114940642646,0.014499114940642646,0.6829510251565295,2.23945759064e-06,0,0.04684800257181786,positive,318
economic_inv,lntl,江苏,河北,0.014487123134652334,0.014487123134652334,0.6829510251565295,2.23945759064e-06,0,0.04684800257181786,positive,319
economic_inv,lntl,广东,湖北,0.014467326168555499,0.014467326168555499,0.6829510251565295,2.23945759064e-06,0,0.04684800257181786,positive,320
economic_inv,lntl,上海,江西,0.014456156637944896,0.014456156637944896,0.6829510251565295,2.23945759064e-06,0,0.04684800257181786,positive,321
economic_inv,lntl,广东,河北,0.014445122127724117,0.014445122127724117,0.6829510251565295,2.23945759064e-06,0,0.04684800257181786,positive,322
economic_inv,lntl,福建,天津,0.014405811992840812,0.014405811992840812,0.6829510251565295,2.23945759064e-06,0,0.04684800257181786,positive,323
economic_inv,lntl,北京,湖南,0.014334000007898461,0.014334000007898461,0.6829510251565295,2.23945759064e-06,0,0.04684800257181786,positive,324
economic_inv,lntl,陕西,辽宁,0.014302559518231759,0.014302559518231759,0.6829510251565295,2.23945759064e-06,0,0.04684800257181786,positive,325
economic_inv,lntl,河南,山东,0.01422887480700474,0.01422887480700474,0.6829510251565295,2.23945759064e-06,0,0.04684800257181786,positive,326
economic_inv,lntl,宁夏,山西,0.014219926219996144,0.014219926219996144,0.6829510251565295,2.23945759064e-06,0,0.04684800257181786,positive,327
economic_inv,lntl,山东,新疆,0.014196173562430647,0.014196173562430647,0.6829510251565295,2.23945759064e-06,0,0.04684800257181786,positive,328
economic_inv,lntl,陕西,贵州,0.014183980305763157,0.014183980305763157,0.6829510251565295,2.23945759064e-06,0,0.04684800257181786,positive,329
economic_inv,lntl,河南,贵州,0.01414619032484189,0.01414619032484189,0.6829510251565295,2.23945759064e-06,0,0.04684800257181786,positive,330
economic_inv,lntl,安徽,天津,0.014032041429614133,0.014032041429614133,0.6829510251565295,2.23945759064e-06,0,0.04684800257181786,positive,331
economic_inv,lntl,辽宁,江西,0.01391593102795166,0.01391593102795166,0.6829510251565295,2.23945759064e-06,0,0.04684800257181786,positive,332
economic_inv,lntl,云南,江西,0.013802116283323422,0.013802116283323422,0.6829510251565295,2.23945759064e-06,0,0.04684800257181786,positive,333
economic_inv,lntl,海南,天津,0.013765887862600659,0.013765887862600659,0.6829510251565295,2.23945759064e-06,0,0.04684800257181786,positive,334
economic_inv,lntl,新疆,北京,0.013752620537213616,0.013752620537213616,0.6829510251565295,2.23945759064e-06,0,0.04684800257181786,positive,335
economic_inv,lntl,广东,福建,0.01359953666878299,0.01359953666878299,0.6829510251565295,2.23945759064e-06,0,0.04684800257181786,positive,336
economic_inv,lntl,江苏,福建,0.013597507806421542,0.013597507806421542,0.6829510251565295,2.23945759064e-06,0,0.04684800257181786,positive,337
economic_inv,lntl,浙江,甘肃,0.013577873328336812,0.013577873328336812,0.6829510251565295,2.23945759064e-06,0,0.04684800257181786,positive,338
economic_inv,lntl,甘肃,北京,0.013550729171820342,0.013550729171820342,0.6829510251565295,2.23945759064e-06,0,0.04684800257181786,positive,339
economic_inv,lntl,山东,甘肃,0.013517340334300444,0.013517340334300444,0.6829510251565295,2.23945759064e-06,0,0.04684800257181786,positive,340
economic_inv,lntl,天津,新疆,0.013409635861965958,0.013409635861965958,0.6829510251565295,2.23945759064e-06,0,0.04684800257181786,positive,341
economic_inv,lntl,新疆,安徽,0.0133986505582408,0.0133986505582408,0.6829510251565295,2.23945759064e-06,0,0.04684800257181786,positive,342
economic_inv,lntl,黑龙江,江西,0.013367258318136788,0.013367258318136788,0.6829510251565295,2.23945759064e-06,0,0.04684800257181786,positive,343
economic_inv,lntl,宁夏,吉林,0.01328319422618198,0.01328319422618198,0.6829510251565295,2.23945759064e-06,0,0.04684800257181786,positive,344
economic_inv,lntl,甘肃,安徽,0.013259776459988725,0.013259776459988725,0.6829510251565295,2.23945759064e-06,0,0.04684800257181786,positive,345
economic_inv,lntl,青海,黑龙江,0.013257433916006913,0.013257433916006913,0.6829510251565295,2.23945759064e-06,0,0.04684800257181786,positive,346
economic_inv,lntl,青海,云南,0.013137977695997585,0.013137977695997585,0.6829510251565295,2.23945759064e-06,0,0.04684800257181786,positive,347
economic_inv,lntl,河南,新疆,0.013120576160936795,0.013120576160936795,0.6829510251565295,2.23945759064e-06,0,0.04684800257181786,positive,348
economic_inv,lntl,广东,辽宁,0.013056688455240998,0.013056688455240998,0.6829510251565295,2.23945759064e-06,0,0.04684800257181786,positive,349
economic_inv,lntl,江苏,辽宁,0.013029245993136283,0.013029245993136283,0.6829510251565295,2.23945759064e-06,0,0.04684800257181786,positive,350
economic_inv,lntl,上海,内蒙古,0.013001328926021608,0.013001328926021608,0.6829510251565295,2.23945759064e-06,0,0.04684800257181786,positive,351
economic_inv,lntl,海南,重庆,0.012993908116860842,0.012993908116860842,0.6829510251565295,2.23945759064e-06,0,0.04684800257181786,positive,352
economic_inv,lntl,广东,上海,0.012960320226749195,0.012960320226749195,0.6829510251565295,2.23945759064e-06,0,0.04684800257181786,positive,353
economic_inv,lntl,江苏,上海,0.0129285981585154,0.0129285981585154,0.6829510251565295,2.23945759064e-06,0,0.04684800257181786,positive,354
economic_inv,lntl,福建,云南,0.012924840936304065,0.012924840936304065,0.6829510251565295,2.23945759064e-06,0,0.04684800257181786,positive,355
economic_inv,lntl,江西,贵州,0.012897997735205597,0.012897997735205597,0.6829510251565295,2.23945759064e-06,0,0.04684800257181786,positive,356
economic_inv,lntl,山东,海南,0.012851770861657936,0.012851770861657936,0.6829510251565295,2.23945759064e-06,0,0.04684800257181786,positive,357
economic_inv,lntl,上海,广西,0.012836214598986758,0.012836214598986758,0.6829510251565295,2.23945759064e-06,0,0.04684800257181786,positive,358
economic_inv,lntl,福建,黑龙江,0.0128143629062458,0.0128143629062458,0.6829510251565295,2.23945759064e-06,0,0.04684800257181786,positive,359
economic_inv,lntl,重庆,贵州,0.01269756823367622,0.01269756823367622,0.6829510251565295,2.23945759064e-06,0,0.04684800257181786,positive,360
economic_inv,lntl,山东,宁夏,0.012694009242514789,0.012694009242514789,0.6829510251565295,2.23945759064e-06,0,0.04684800257181786,positive,361
economic_inv,lntl,安徽,四川,0.012672251397081278,0.012672251397081278,0.6829510251565295,2.23945759064e-06,0,0.04684800257181786,positive,362
economic_inv,lntl,北京,云南,0.01264455454991825,0.01264455454991825,0.6829510251565295,2.23945759064e-06,0,0.04684800257181786,positive,363
economic_inv,lntl,海南,广西,0.012608190960952618,0.012608190960952618,0.6829510251565295,2.23945759064e-06,0,0.04684800257181786,positive,364
economic_inv,lntl,浙江,海南,0.012581229736914288,0.012581229736914288,0.6829510251565295,2.23945759064e-06,0,0.04684800257181786,positive,365
economic_inv,lntl,山东,青海,0.012579144169918132,0.012579144169918132,0.6829510251565295,2.23945759064e-06,0,0.04684800257181786,positive,366
economic_inv,lntl,辽宁,内蒙古,0.01257650647288495,0.01257650647288495,0.6829510251565295,2.23945759064e-06,0,0.04684800257181786,positive,367
economic_inv,lntl,海南,内蒙古,0.012512503099667498,0.012512503099667498,0.6829510251565295,2.23945759064e-06,0,0.04684800257181786,positive,368
economic_inv,lntl,广东,安徽,0.012503637634101866,0.012503637634101866,0.6829510251565295,2.23945759064e-06,0,0.04684800257181786,positive,369
economic_inv,lntl,北京,黑龙江,0.01247948189037412,0.01247948189037412,0.6829510251565295,2.23945759064e-06,0,0.04684800257181786,positive,370
economic_inv,lntl,江苏,安徽,0.01245258188171801,0.01245258188171801,0.6829510251565295,2.23945759064e-06,0,0.04684800257181786,positive,371
economic_inv,lntl,辽宁,广西,0.012423663756480375,0.012423663756480375,0.6829510251565295,2.23945759064e-06,0,0.04684800257181786,positive,372
economic_inv,lntl,广东,北京,0.012416424255049893,0.012416424255049893,0.6829510251565295,2.23945759064e-06,0,0.04684800257181786,positive,373
economic_inv,lntl,天津,北京,0.012404571024335056,0.012404571024335056,0.6829510251565295,2.23945759064e-06,0,0.04684800257181786,positive,374
economic_inv,lntl,江苏,北京,0.012361853782426796,0.012361853782426796,0.6829510251565295,2.23945759064e-06,0,0.04684800257181786,positive,375
economic_inv,lntl,北京,四川,0.012361255884832598,0.012361255884832598,0.6829510251565295,2.23945759064e-06,0,0.04684800257181786,positive,376
economic_inv,lntl,浙江,宁夏,0.012352375472630758,0.012352375472630758,0.6829510251565295,2.23945759064e-06,0,0.04684800257181786,positive,377
economic_inv,lntl,贵州,北京,0.012333661594451244,0.012333661594451244,0.6829510251565295,2.23945759064e-06,0,0.04684800257181786,positive,378
economic_inv,lntl,上海,重庆,0.012233165889115376,0.012233165889115376,0.6829510251565295,2.23945759064e-06,0,0.04684800257181786,positive,379
economic_inv,lntl,浙江,青海,0.012187465158413773,0.012187465158413773,0.6829510251565295,2.23945759064e-06,0,0.04684800257181786,positive,380
economic_inv,lntl,四川,浙江,0.012052679858094809,0.012052679858094809,0.6829510251565295,2.23945759064e-06,0,0.04684800257181786,positive,381
economic_inv,lntl,山西,海南,0.012024899910567956,0.012024899910567956,0.6829510251565295,2.23945759064e-06,0,0.04684800257181786,positive,382
economic_inv,lntl,湖南,福建,0.012020581731511947,0.012020581731511947,0.6829510251565295,2.23945759064e-06,0,0.04684800257181786,positive,383
economic_inv,lntl,宁夏,黑龙江,0.01201992193205418,0.01201992193205418,0.6829510251565295,2.23945759064e-06,0,0.04684800257181786,positive,384
economic_inv,lntl,四川,陕西,0.011985131360964296,0.011985131360964296,0.6829510251565295,2.23945759064e-06,0,0.04684800257181786,positive,385
economic_inv,lntl,甘肃,上海,0.011970397787426056,0.011970397787426056,0.6829510251565295,2.23945759064e-06,0,0.04684800257181786,positive,386
economic_inv,lntl,河南,甘肃,0.011965572451744849,0.011965572451744849,0.6829510251565295,2.23945759064e-06,0,0.04684800257181786,positive,387
economic_inv,lntl,贵州,安徽,0.011960515799586948,0.011960515799586948,0.6829510251565295,2.23945759064e-06,0,0.04684800257181786,positive,388
economic_inv,lntl,安徽,云南,0.011909707363071167,0.011909707363071167,0.6829510251565295,2.23945759064e-06,0,0.04684800257181786,positive,389
economic_inv,lntl,宁夏,云南,0.011906416281835723,0.011906416281835723,0.6829510251565295,2.23945759064e-06,0,0.04684800257181786,positive,390
economic_inv,lntl,新疆,上海,0.011866455239589483,0.011866455239589483,0.6829510251565295,2.23945759064e-06,0,0.04684800257181786,positive,391
economic_inv,lntl,辽宁,重庆,0.01186399360261321,0.01186399360261321,0.6829510251565295,2.23945759064e-06,0,0.04684800257181786,positive,392
economic_inv,lntl,青海,天津,0.011863341478370688,0.011863341478370688,0.6829510251565295,2.23945759064e-06,0,0.04684800257181786,positive,393
economic_inv,lntl,云南,陕西,0.011828116881019486,0.011828116881019486,0.6829510251565295,2.23945759064e-06,0,0.04684800257181786,positive,394
economic_inv,lntl,海南,江西,0.011811195023159934,0.011811195023159934,0.6829510251565295,2.23945759064e-06,0,0.04684800257181786,positive,395
economic_inv,lntl,福建,吉林,0.011807507780552617,0.011807507780552617,0.6829510251565295,2.23945759064e-06,0,0.04684800257181786,positive,396
economic_inv,lntl,天津,安徽,0.011804247347774858,0.011804247347774858,0.6829510251565295,2.23945759064e-06,0,0.04684800257181786,positive,397
economic_inv,lntl,安徽,黑龙江,0.011760534433468884,0.011760534433468884,0.6829510251565295,2.23945759064e-06,0,0.04684800257181786,positive,398
economic_inv,lntl,甘肃,辽宁,0.011739710104177422,0.011739710104177422,0.6829510251565295,2.23945759064e-06,0,0.04684800257181786,positive,399
economic_inv,lntl,江西,上海,0.011643645954005417,0.011643645954005417,0.6829510251565295,2.23945759064e-06,0,0.04684800257181786,positive,400
economic_inv,lntl,新疆,辽宁,0.01159843039917494,0.01159843039917494,0.6829510251565295,2.23945759064e-06,0,0.04684800257181786,positive,401
economic_inv,lntl,黑龙江,陕西,0.0115080512139537,0.0115080512139537,0.6829510251565295,2.23945759064e-06,0,0.04684800257181786,positive,402
economic_inv,lntl,四川,江西,0.011491086623367576,0.011491086623367576,0.6829510251565295,2.23945759064e-06,0,0.04684800257181786,positive,403
economic_inv,lntl,广东,陕西,0.01142580514200549,0.01142580514200549,0.6829510251565295,2.23945759064e-06,0,0.04684800257181786,positive,404
economic_inv,lntl,海南,陕西,0.011366950612265657,0.011366950612265657,0.6829510251565295,2.23945759064e-06,0,0.04684800257181786,positive,405
economic_inv,lntl,江苏,陕西,0.011335285102919165,0.011335285102919165,0.6829510251565295,2.23945759064e-06,0,0.04684800257181786,positive,406
economic_inv,lntl,广东,江西,0.011312452791919815,0.011312452791919815,0.6829510251565295,2.23945759064e-06,0,0.04684800257181786,positive,407
economic_inv,lntl,上海,天津,0.011263187130346602,0.011263187130346602,0.6829510251565295,2.23945759064e-06,0,0.04684800257181786,positive,408
economic_inv,lntl,青海,重庆,0.011259289567336087,0.011259289567336087,0.6829510251565295,2.23945759064e-06,0,0.04684800257181786,positive,409
economic_inv,lntl,福建,山西,0.011253300084378259,0.011253300084378259,0.6829510251565295,2.23945759064e-06,0,0.04684800257181786,positive,410
economic_inv,lntl,江苏,江西,0.011218282807825206,0.011218282807825206,0.6829510251565295,2.23945759064e-06,0,0.04684800257181786,positive,411
economic_inv,lntl,陕西,福建,0.011176911687689778,0.011176911687689778,0.6829510251565295,2.23945759064e-06,0,0.04684800257181786,positive,412
economic_inv,lntl,广东,内蒙古,0.011153761998566065,0.011153761998566065,0.6829510251565295,2.23945759064e-06,0,0.04684800257181786,positive,413
economic_inv,lntl,广东,广西,0.011133798925550432,0.011133798925550432,0.6829510251565295,2.23945759064e-06,0,0.04684800257181786,positive,414
economic_inv,lntl,山西,宁夏,0.011097952334859018,0.011097952334859018,0.6829510251565295,2.23945759064e-06,0,0.04684800257181786,positive,415
economic_inv,lntl,江西,辽宁,0.011082134328170323,0.011082134328170323,0.6829510251565295,2.23945759064e-06,0,0.04684800257181786,positive,416
economic_inv,lntl,广东,重庆,0.01105698161040619,0.01105698161040619,0.6829510251565295,2.23945759064e-06,0,0.04684800257181786,positive,417
economic_inv,lntl,江苏,内蒙古,0.011054641389686369,0.011054641389686369,0.6829510251565295,2.23945759064e-06,0,0.04684800257181786,positive,418
economic_inv,lntl,北京,吉林,0.011041487390101993,0.011041487390101993,0.6829510251565295,2.23945759064e-06,0,0.04684800257181786,positive,419
economic_inv,lntl,河南,江苏,0.011034076887550797,0.011034076887550797,0.6829510251565295,2.23945759064e-06,0,0.04684800257181786,positive,420
economic_inv,lntl,江苏,广西,0.011034068675007806,0.011034068675007806,0.6829510251565295,2.23945759064e-06,0,0.04684800257181786,positive,421
economic_inv,lntl,辽宁,天津,0.01095901274829578,0.01095901274829578,0.6829510251565295,2.23945759064e-06,0,0.04684800257181786,positive,422
economic_inv,lntl,青海,广西,0.010954995194034275,0.010954995194034275,0.6829510251565295,2.23945759064e-06,0,0.04684800257181786,positive,423
economic_inv,lntl,江苏,重庆,0.010954932841972284,0.010954932841972284,0.6829510251565295,2.23945759064e-06,0,0.04684800257181786,positive,424
economic_inv,lntl,陕西,新疆,0.010948364529728862,0.010948364529728862,0.6829510251565295,2.23945759064e-06,0,0.04684800257181786,positive,425
economic_inv,lntl,河南,海南,0.010924084715973037,0.010924084715973037,0.6829510251565295,2.23945759064e-06,0,0.04684800257181786,positive,426
economic_inv,lntl,广东,天津,0.010918886091518807,0.010918886091518807,0.6829510251565295,2.23945759064e-06,0,0.04684800257181786,positive,427
economic_inv,lntl,青海,内蒙古,0.010879248217183767,0.010879248217183767,0.6829510251565295,2.23945759064e-06,0,0.04684800257181786,positive,428
economic_inv,lntl,四川,内蒙古,0.010849688908949317,0.010849688908949317,0.6829510251565295,2.23945759064e-06,0,0.04684800257181786,positive,429
economic_inv,lntl,江苏,天津,0.010812778443915915,0.010812778443915915,0.6829510251565295,2.23945759064e-06,0,0.04684800257181786,positive,430
economic_inv,lntl,四川,广西,0.010772831586585773,0.010772831586585773,0.6829510251565295,2.23945759064e-06,0,0.04684800257181786,positive,431
economic_inv,lntl,宁夏,天津,0.010701416353869798,0.010701416353869798,0.6829510251565295,2.23945759064e-06,0,0.04684800257181786,positive,432
economic_inv,lntl,河南,宁夏,0.010689246818423918,0.010689246818423918,0.6829510251565295,2.23945759064e-06,0,0.04684800257181786,positive,433
economic_inv,lntl,广东,云南,0.010677720140000726,0.010677720140000726,0.6829510251565295,2.23945759064e-06,0,0.04684800257181786,positive,434
economic_inv,lntl,广东,黑龙江,0.01065797852978746,0.01065797852978746,0.6829510251565295,2.23945759064e-06,0,0.04684800257181786,positive,435
economic_inv,lntl,甘肃,福建,0.010639046308328398,0.010639046308328398,0.6829510251565295,2.23945759064e-06,0,0.04684800257181786,positive,436
economic_inv,lntl,山西,北京,0.010600533774827241,0.010600533774827241,0.6829510251565295,2.23945759064e-06,0,0.04684800257181786,positive,437
economic_inv,lntl,江苏,云南,0.010564860027757323,0.010564860027757323,0.6829510251565295,2.23945759064e-06,0,0.04684800257181786,positive,438
economic_inv,lntl,江苏,黑龙江,0.010544584552996995,0.010544584552996995,0.6829510251565295,2.23945759064e-06,0,0.04684800257181786,positive,439
economic_inv,lntl,河南,青海,0.010521003126654181,0.010521003126654181,0.6829510251565295,2.23945759064e-06,0,0.04684800257181786,positive,440
economic_inv,lntl,山西,青海,0.010496086593804617,0.010496086593804617,0.6829510251565295,2.23945759064e-06,0,0.04684800257181786,positive,441
economic_inv,lntl,四川,重庆,0.01048453877805397,0.01048453877805397,0.6829510251565295,2.23945759064e-06,0,0.04684800257181786,positive,442
economic_inv,lntl,广东,吉林,0.010464959721404085,0.010464959721404085,0.6829510251565295,2.23945759064e-06,0,0.04684800257181786,positive,443
economic_inv,lntl,安徽,吉林,0.010454244415604727,0.010454244415604727,0.6829510251565295,2.23945759064e-06,0,0.04684800257181786,positive,444
economic_inv,lntl,河北,福建,0.010417700765339804,0.010417700765339804,0.6829510251565295,2.23945759064e-06,0,0.04684800257181786,positive,445
economic_inv,lntl,吉林,北京,0.010417690008227806,0.010417690008227806,0.6829510251565295,2.23945759064e-06,0,0.04684800257181786,positive,446
economic_inv,lntl,福建,贵州,0.010397145431252773,0.010397145431252773,0.6829510251565295,2.23945759064e-06,0,0.04684800257181786,positive,447
economic_inv,lntl,重庆,北京,0.010391922019269476,0.010391922019269476,0.6829510251565295,2.23945759064e-06,0,0.04684800257181786,positive,448
economic_inv,lntl,贵州,上海,0.010384425317021339,0.010384425317021339,0.6829510251565295,2.23945759064e-06,0,0.04684800257181786,positive,449
economic_inv,lntl,广西,吉林,0.01038192200532363,0.01038192200532363,0.6829510251565295,2.23945759064e-06,0,0.04684800257181786,positive,450
economic_inv,lntl,河南,广东,0.010367368080590765,0.010367368080590765,0.6829510251565295,2.23945759064e-06,0,0.04684800257181786,positive,451
economic_inv,lntl,内蒙古,吉林,0.010349810940972572,0.010349810940972572,0.6829510251565295,2.23945759064e-06,0,0.04684800257181786,positive,452
economic_inv,lntl,广东,山西,0.010347501619519271,0.010347501619519271,0.6829510251565295,2.23945759064e-06,0,0.04684800257181786,positive,453
economic_inv,lntl,江苏,吉林,0.010346496344823429,0.010346496344823429,0.6829510251565295,2.23945759064e-06,0,0.04684800257181786,positive,454
economic_inv,lntl,新疆,福建,0.010344174798972244,0.010344174798972244,0.6829510251565295,2.23945759064e-06,0,0.04684800257181786,positive,455
economic_inv,lntl,青海,江西,0.010320928686519326,0.010320928686519326,0.6829510251565295,2.23945759064e-06,0,0.04684800257181786,positive,456
economic_inv,lntl,北京,山西,0.01029774028135892,0.01029774028135892,0.6829510251565295,2.23945759064e-06,0,0.04684800257181786,positive,457
economic_inv,lntl,山西,安徽,0.0102432003406128,0.0102432003406128,0.6829510251565295,2.23945759064e-06,0,0.04684800257181786,positive,458
economic_inv,lntl,吉林,海南,0.0102390981881111,0.0102390981881111,0.6829510251565295,2.23945759064e-06,0,0.04684800257181786,positive,459
economic_inv,lntl,江苏,山西,0.010226086691413071,0.010226086691413071,0.6829510251565295,2.23945759064e-06,0,0.04684800257181786,positive,460
economic_inv,lntl,广东,贵州,0.010147682934303221,0.010147682934303221,0.6829510251565295,2.23945759064e-06,0,0.04684800257181786,positive,461
economic_inv,lntl,宁夏,重庆,0.010134259086570056,0.010134259086570056,0.6829510251565295,2.23945759064e-06,0,0.04684800257181786,positive,462
economic_inv,lntl,贵州,辽宁,0.010115071611699574,0.010115071611699574,0.6829510251565295,2.23945759064e-06,0,0.04684800257181786,positive,463
economic_inv,lntl,吉林,安徽,0.010042071534579772,0.010042071534579772,0.6829510251565295,2.23945759064e-06,0,0.04684800257181786,positive,464
economic_inv,lntl,江苏,贵州,0.010021478236469842,0.010021478236469842,0.6829510251565295,2.23945759064e-06,0,0.04684800257181786,positive,465
economic_inv,lntl,四川,天津,0.009994263241725566,0.009994263241725566,0.6829510251565295,2.23945759064e-06,0,0.04684800257181786,positive,466
economic_inv,lntl,青海,陕西,0.009964357225436338,0.009964357225436338,0.6829510251565295,2.23945759064e-06,0,0.04684800257181786,positive,467
economic_inv,lntl,上海,云南,0.009850698827163423,0.009850698827163423,0.6829510251565295,2.23945759064e-06,0,0.04684800257181786,positive,468
economic_inv,lntl,宁夏,广西,0.009849491503443643,0.009849491503443643,0.6829510251565295,2.23945759064e-06,0,0.04684800257181786,positive,469
economic_inv,lntl,重庆,安徽,0.009834025365435274,0.009834025365435274,0.6829510251565295,2.23945759064e-06,0,0.04684800257181786,positive,470
economic_inv,lntl,广东,新疆,0.009822943587439636,0.009822943587439636,0.6829510251565295,2.23945759064e-06,0,0.04684800257181786,positive,471
economic_inv,lntl,宁夏,内蒙古,0.009778702909924981,0.009778702909924981,0.6829510251565295,2.23945759064e-06,0,0.04684800257181786,positive,472
economic_inv,lntl,安徽,山西,0.009773791166785364,0.009773791166785364,0.6829510251565295,2.23945759064e-06,0,0.04684800257181786,positive,473
economic_inv,lntl,江西,新疆,0.00976324053491052,0.00976324053491052,0.6829510251565295,2.23945759064e-06,0,0.04684800257181786,positive,474
economic_inv,lntl,上海,黑龙江,0.009748176835742584,0.009748176835742584,0.6829510251565295,2.23945759064e-06,0,0.04684800257181786,positive,475
economic_inv,lntl,福建,浙江,0.009743086377596178,0.009743086377596178,0.6829510251565295,2.23945759064e-06,0,0.04684800257181786,positive,476
economic_inv,lntl,江苏,新疆,0.00968957498817019,0.00968957498817019,0.6829510251565295,2.23945759064e-06,0,0.04684800257181786,positive,477
economic_inv,lntl,辽宁,云南,0.009630537481009635,0.009630537481009635,0.6829510251565295,2.23945759064e-06,0,0.04684800257181786,positive,478
economic_inv,lntl,辽宁,黑龙江,0.009533618269105624,0.009533618269105624,0.6829510251565295,2.23945759064e-06,0,0.04684800257181786,positive,479
economic_inv,lntl,吉林,宁夏,0.009501804373808476,0.009501804373808476,0.6829510251565295,2.23945759064e-06,0,0.04684800257181786,positive,480
economic_inv,lntl,天津,上海,0.009498247134760756,0.009498247134760756,0.6829510251565295,2.23945759064e-06,0,0.04684800257181786,positive,481
economic_inv,lntl,广东,甘肃,0.009421527539630475,0.009421527539630475,0.6829510251565295,2.23945759064e-06,0,0.04684800257181786,positive,482
economic_inv,lntl,天津,甘肃,0.009413662416133093,0.009413662416133093,0.6829510251565295,2.23945759064e-06,0,0.04684800257181786,positive,483
economic_inv,lntl,甘肃,河北,0.009398414730897793,0.009398414730897793,0.6829510251565295,2.23945759064e-06,0,0.04684800257181786,positive,484
economic_inv,lntl,甘肃,湖北,0.00937144001915815,0.00937144001915815,0.6829510251565295,2.23945759064e-06,0,0.04684800257181786,positive,485
economic_inv,lntl,甘肃,湖南,0.009333231894335051,0.009333231894335051,0.6829510251565295,2.23945759064e-06,0,0.04684800257181786,positive,486
economic_inv,lntl,江苏,甘肃,0.009280361451414622,0.009280361451414622,0.6829510251565295,2.23945759064e-06,0,0.04684800257181786,positive,487
economic_inv,lntl,宁夏,江西,0.009258127600625023,0.009258127600625023,0.6829510251565295,2.23945759064e-06,0,0.04684800257181786,positive,488
economic_inv,lntl,四川,云南,0.009215005787302496,0.009215005787302496,0.6829510251565295,2.23945759064e-06,0,0.04684800257181786,positive,489
economic_inv,lntl,北京,贵州,0.009209426594791776,0.009209426594791776,0.6829510251565295,2.23945759064e-06,0,0.04684800257181786,positive,490
economic_inv,lntl,福建,新疆,0.009199009585274844,0.009199009585274844,0.6829510251565295,2.23945759064e-06,0,0.04684800257181786,positive,491
economic_inv,lntl,四川,黑龙江,0.009155141842375017,0.009155141842375017,0.6829510251565295,2.23945759064e-06,0,0.04684800257181786,positive,492
economic_inv,lntl,天津,辽宁,0.00913752533349947,0.00913752533349947,0.6829510251565295,2.23945759064e-06,0,0.04684800257181786,positive,493
economic_inv,lntl,黑龙江,新疆,0.00909735482517385,0.00909735482517385,0.6829510251565295,2.23945759064e-06,0,0.04684800257181786,positive,494
economic_inv,lntl,重庆,新疆,0.009056769889579437,0.009056769889579437,0.6829510251565295,2.23945759064e-06,0,0.04684800257181786,positive,495
economic_inv,lntl,广东,海南,0.009022222103006164,0.009022222103006164,0.6829510251565295,2.23945759064e-06,0,0.04684800257181786,positive,496
economic_inv,lntl,吉林,青海,0.009018720725996703,0.009018720725996703,0.6829510251565295,2.23945759064e-06,0,0.04684800257181786,positive,497
economic_inv,lntl,新疆,河北,0.00897731434878682,0.00897731434878682,0.6829510251565295,2.23945759064e-06,0,0.04684800257181786,positive,498
economic_inv,lntl,新疆,湖北,0.00894812859634842,0.00894812859634842,0.6829510251565295,2.23945759064e-06,0,0.04684800257181786,positive,499
economic_inv,lntl,宁夏,陕西,0.008926760377607132,0.008926760377607132,0.6829510251565295,2.23945759064e-06,0,0.04684800257181786,positive,500
economic_inv,lntl,广东,宁夏,0.008926727989447937,0.008926727989447937,0.6829510251565295,2.23945759064e-06,0,0.04684800257181786,positive,501
economic_inv,lntl,新疆,湖南,0.008906826801081546,0.008906826801081546,0.6829510251565295,2.23945759064e-06,0,0.04684800257181786,positive,502
economic_inv,lntl,云南,新疆,0.008899565247987254,0.008899565247987254,0.6829510251565295,2.23945759064e-06,0,0.04684800257181786,positive,503
economic_inv,lntl,甘肃,四川,0.008891580823666648,0.008891580823666648,0.6829510251565295,2.23945759064e-06,0,0.04684800257181786,positive,504
economic_inv,lntl,贵州,福建,0.008878757469149146,0.008878757469149146,0.6829510251565295,2.23945759064e-06,0,0.04684800257181786,positive,505
economic_inv,lntl,江苏,海南,0.008874455331073793,0.008874455331073793,0.6829510251565295,2.23945759064e-06,0,0.04684800257181786,positive,506
economic_inv,lntl,广东,青海,0.008856993451630593,0.008856993451630593,0.6829510251565295,2.23945759064e-06,0,0.04684800257181786,positive,507
economic_inv,lntl,上海,吉林,0.008831258572410067,0.008831258572410067,0.6829510251565295,2.23945759064e-06,0,0.04684800257181786,positive,508
economic_inv,lntl,江西,福建,0.00880313882124574,0.00880313882124574,0.6829510251565295,2.23945759064e-06,0,0.04684800257181786,positive,509
economic_inv,lntl,江苏,宁夏,0.008777552924256075,0.008777552924256075,0.6829510251565295,2.23945759064e-06,0,0.04684800257181786,positive,510
economic_inv,lntl,安徽,贵州,0.008772101732883156,0.008772101732883156,0.6829510251565295,2.23945759064e-06,0,0.04684800257181786,positive,511
economic_inv,lntl,山西,上海,0.008761569570739338,0.008761569570739338,0.6829510251565295,2.23945759064e-06,0,0.04684800257181786,positive,512
economic_inv,lntl,海南,北京,0.00874732231875968,0.00874732231875968,0.6829510251565295,2.23945759064e-06,0,0.04684800257181786,positive,513
economic_inv,lntl,内蒙古,山西,0.008742781294418831,0.008742781294418831,0.6829510251565295,2.23945759064e-06,0,0.04684800257181786,positive,514
economic_inv,lntl,广西,山西,0.008731937882364968,0.008731937882364968,0.6829510251565295,2.23945759064e-06,0,0.04684800257181786,positive,515
economic_inv,lntl,江苏,青海,0.008706831417073253,0.008706831417073253,0.6829510251565295,2.23945759064e-06,0,0.04684800257181786,positive,516
economic_inv,lntl,辽宁,吉林,0.008663804965975967,0.008663804965975967,0.6829510251565295,2.23945759064e-06,0,0.04684800257181786,positive,517
economic_inv,lntl,湖北,福建,0.0086202825801774,0.0086202825801774,0.6829510251565295,2.23945759064e-06,0,0.04684800257181786,positive,518
economic_inv,lntl,四川,吉林,0.00859792841226471,0.00859792841226471,0.6829510251565295,2.23945759064e-06,0,0.04684800257181786,positive,519
economic_inv,lntl,海南,安徽,0.008588094351407,0.008588094351407,0.6829510251565295,2.23945759064e-06,0,0.04684800257181786,positive,520
economic_inv,lntl,陕西,河北,0.00854704752991849,0.00854704752991849,0.6829510251565295,2.23945759064e-06,0,0.04684800257181786,positive,521
economic_inv,lntl,山西,辽宁,0.008512743086424981,0.008512743086424981,0.6829510251565295,2.23945759064e-06,0,0.04684800257181786,positive,522
economic_inv,lntl,吉林,上海,0.00850389687025295,0.00850389687025295,0.6829510251565295,2.23945759064e-06,0,0.04684800257181786,positive,523
economic_inv,lntl,陕西,湖北,0.008497693467221715,0.008497693467221715,0.6829510251565295,2.23945759064e-06,0,0.04684800257181786,positive,524
economic_inv,lntl,新疆,四川,0.008432638217239965,0.008432638217239965,0.6829510251565295,2.23945759064e-06,0,0.04684800257181786,positive,525
economic_inv,lntl,陕西,湖南,0.008428276279795394,0.008428276279795394,0.6829510251565295,2.23945759064e-06,0,0.04684800257181786,positive,526
economic_inv,lntl,陕西,甘肃,0.008397829634588648,0.008397829634588648,0.6829510251565295,2.23945759064e-06,0,0.04684800257181786,positive,527
economic_inv,lntl,上海,山西,0.008339587689182682,0.008339587689182682,0.6829510251565295,2.23945759064e-06,0,0.04684800257181786,positive,528
economic_inv,lntl,辽宁,河南,0.00833281202928555,0.00833281202928555,0.6829510251565295,2.23945759064e-06,0,0.04684800257181786,positive,529
economic_inv,lntl,四川,山西,0.008281981973030388,0.008281981973030388,0.6829510251565295,2.23945759064e-06,0,0.04684800257181786,positive,530
economic_inv,lntl,吉林,辽宁,0.008248577276114477,0.008248577276114477,0.6829510251565295,2.23945759064e-06,0,0.04684800257181786,positive,531
economic_inv,lntl,辽宁,山西,0.008195155453737083,0.008195155453737083,0.6829510251565295,2.23945759064e-06,0,0.04684800257181786,positive,532
economic_inv,lntl,上海,河南,0.008007615408585772,0.008007615408585772,0.6829510251565295,2.23945759064e-06,0,0.04684800257181786,positive,533
economic_inv,lntl,福建,甘肃,0.007975383068229697,0.007975383068229697,0.6829510251565295,2.23945759064e-06,0,0.04684800257181786,positive,534
economic_inv,lntl,海南,上海,0.007869470103626375,0.007869470103626375,0.6829510251565295,2.23945759064e-06,0,0.04684800257181786,positive,535
economic_inv,lntl,青海,北京,0.007814671623902907,0.007814671623902907,0.6829510251565295,2.23945759064e-06,0,0.04684800257181786,positive,536
economic_inv,lntl,北京,新疆,0.0077984684111710575,0.0077984684111710575,0.6829510251565295,2.23945759064e-06,0,0.04684800257181786,positive,537
economic_inv,lntl,四川,贵州,0.007780396271225272,0.007780396271225272,0.6829510251565295,2.23945759064e-06,0,0.04684800257181786,positive,538
economic_inv,lntl,重庆,上海,0.00774746991114389,0.00774746991114389,0.6829510251565295,2.23945759064e-06,0,0.04684800257181786,positive,539
economic_inv,lntl,海南,辽宁,0.007738614884410085,0.007738614884410085,0.6829510251565295,2.23945759064e-06,0,0.04684800257181786,positive,540
economic_inv,lntl,青海,安徽,0.007681353179541618,0.007681353179541618,0.6829510251565295,2.23945759064e-06,0,0.04684800257181786,positive,541
economic_inv,lntl,陕西,四川,0.007665403872085795,0.007665403872085795,0.6829510251565295,2.23945759064e-06,0,0.04684800257181786,positive,542
economic_inv,lntl,上海,贵州,0.0075975137581379935,0.0075975137581379935,0.6829510251565295,2.23945759064e-06,0,0.04684800257181786,positive,543
economic_inv,lntl,天津,福建,0.007590091481419404,0.007590091481419404,0.6829510251565295,2.23945759064e-06,0,0.04684800257181786,positive,544
economic_inv,lntl,贵州,河北,0.007575162320632078,0.007575162320632078,0.6829510251565295,2.23945759064e-06,0,0.04684800257181786,positive,545
economic_inv,lntl,贵州,湖北,0.00754780826331783,0.00754780826331783,0.6829510251565295,2.23945759064e-06,0,0.04684800257181786,positive,546
economic_inv,lntl,贵州,湖南,0.007509132310081594,0.007509132310081594,0.6829510251565295,2.23945759064e-06,0,0.04684800257181786,positive,547
economic_inv,lntl,辽宁,贵州,0.007484848140433062,0.007484848140433062,0.6829510251565295,2.23945759064e-06,0,0.04684800257181786,positive,548
economic_inv,lntl,安徽,新疆,0.0074627364775964695,0.0074627364775964695,0.6829510251565295,2.23945759064e-06,0,0.04684800257181786,positive,549
economic_inv,lntl,重庆,辽宁,0.007428941411764253,0.007428941411764253,0.6829510251565295,2.23945759064e-06,0,0.04684800257181786,positive,550
economic_inv,lntl,山西,福建,0.007386595829153351,0.007386595829153351,0.6829510251565295,2.23945759064e-06,0,0.04684800257181786,positive,551
economic_inv,lntl,江西,甘肃,0.007376366566242089,0.007376366566242089,0.6829510251565295,2.23945759064e-06,0,0.04684800257181786,positive,552
economic_inv,lntl,湖南,辽宁,0.007197467024065469,0.007197467024065469,0.6829510251565295,2.23945759064e-06,0,0.04684800257181786,positive,553
economic_inv,lntl,天津,海南,0.007116823921692218,0.007116823921692218,0.6829510251565295,2.23945759064e-06,0,0.04684800257181786,positive,554
economic_inv,lntl,海南,福建,0.007104436609324189,0.007104436609324189,0.6829510251565295,2.23945759064e-06,0,0.04684800257181786,positive,555
economic_inv,lntl,吉林,福建,0.007103636442284669,0.007103636442284669,0.6829510251565295,2.23945759064e-06,0,0.04684800257181786,positive,556
economic_inv,lntl,青海,上海,0.007075780836513594,0.007075780836513594,0.6829510251565295,2.23945759064e-06,0,0.04684800257181786,positive,557
economic_inv,lntl,贵州,四川,0.007067905575540192,0.007067905575540192,0.6829510251565295,2.23945759064e-06,0,0.04684800257181786,positive,558
economic_inv,lntl,四川,新疆,0.007049490691188041,0.007049490691188041,0.6829510251565295,2.23945759064e-06,0,0.04684800257181786,positive,559
economic_inv,lntl,安徽,河南,0.007048344597004472,0.007048344597004472,0.6829510251565295,2.23945759064e-06,0,0.04684800257181786,positive,560
economic_inv,lntl,甘肃,河南,0.00704085439297235,0.00704085439297235,0.6829510251565295,2.23945759064e-06,0,0.04684800257181786,positive,561
economic_inv,lntl,北京,河南,0.007005560421495377,0.007005560421495377,0.6829510251565295,2.23945759064e-06,0,0.04684800257181786,positive,562
economic_inv,lntl,福建,海南,0.006971116960417047,0.006971116960417047,0.6829510251565295,2.23945759064e-06,0,0.04684800257181786,positive,563
economic_inv,lntl,青海,辽宁,0.006964822205984986,0.006964822205984986,0.6829510251565295,2.23945759064e-06,0,0.04684800257181786,positive,564
economic_inv,lntl,宁夏,北京,0.006946973508134763,0.006946973508134763,0.6829510251565295,2.23945759064e-06,0,0.04684800257181786,positive,565
economic_inv,lntl,内蒙古,贵州,0.006871067376156845,0.006871067376156845,0.6829510251565295,2.23945759064e-06,0,0.04684800257181786,positive,566
economic_inv,lntl,广西,贵州,0.006828114730955078,0.006828114730955078,0.6829510251565295,2.23945759064e-06,0,0.04684800257181786,positive,567
economic_inv,lntl,江西,河北,0.006826564412843138,0.006826564412843138,0.6829510251565295,2.23945759064e-06,0,0.04684800257181786,positive,568
economic_inv,lntl,宁夏,安徽,0.006825196151075897,0.006825196151075897,0.6829510251565295,2.23945759064e-06,0,0.04684800257181786,positive,569
economic_inv,lntl,江西,湖北,0.006788938431274782,0.006788938431274782,0.6829510251565295,2.23945759064e-06,0,0.04684800257181786,positive,570
economic_inv,lntl,福建,宁夏,0.006756377642459278,0.006756377642459278,0.6829510251565295,2.23945759064e-06,0,0.04684800257181786,positive,571
economic_inv,lntl,江西,湖南,0.006735983292812241,0.006735983292812241,0.6829510251565295,2.23945759064e-06,0,0.04684800257181786,positive,572
economic_inv,lntl,陕西,海南,0.006705914233352524,0.006705914233352524,0.6829510251565295,2.23945759064e-06,0,0.04684800257181786,positive,573
economic_inv,lntl,天津,宁夏,0.006703962939001481,0.006703962939001481,0.6829510251565295,2.23945759064e-06,0,0.04684800257181786,positive,574
economic_inv,lntl,内蒙古,北京,0.006698827191733237,0.006698827191733237,0.6829510251565295,2.23945759064e-06,0,0.04684800257181786,positive,575
economic_inv,lntl,湖南,上海,0.0066969241018369745,0.0066969241018369745,0.6829510251565295,2.23945759064e-06,0,0.04684800257181786,positive,576
economic_inv,lntl,福建,青海,0.006605027666322865,0.006605027666322865,0.6829510251565295,2.23945759064e-06,0,0.04684800257181786,positive,577
economic_inv,lntl,上海,新疆,0.006593155643615382,0.006593155643615382,0.6829510251565295,2.23945759064e-06,0,0.04684800257181786,positive,578
economic_inv,lntl,重庆,甘肃,0.006554554738382057,0.006554554738382057,0.6829510251565295,2.23945759064e-06,0,0.04684800257181786,positive,579
economic_inv,lntl,辽宁,新疆,0.006517732724191623,0.006517732724191623,0.6829510251565295,2.23945759064e-06,0,0.04684800257181786,positive,580
economic_inv,lntl,新疆,河南,0.006508013137258597,0.006508013137258597,0.6829510251565295,2.23945759064e-06,0,0.04684800257181786,positive,581
economic_inv,lntl,北京,甘肃,0.006477242470048556,0.006477242470048556,0.6829510251565295,2.23945759064e-06,0,0.04684800257181786,positive,582
economic_inv,lntl,天津,青海,0.006426631236845708,0.006426631236845708,0.6829510251565295,2.23945759064e-06,0,0.04684800257181786,positive,583
economic_inv,lntl,青海,福建,0.0064240299894650285,0.0064240299894650285,0.6829510251565295,2.23945759064e-06,0,0.04684800257181786,positive,584
economic_inv,lntl,广西,北京,0.006423306616324408,0.006423306616324408,0.6829510251565295,2.23945759064e-06,0,0.04684800257181786,positive,585
economic_inv,lntl,陕西,宁夏,0.006381404123523693,0.006381404123523693,0.6829510251565295,2.23945759064e-06,0,0.04684800257181786,positive,586
economic_inv,lntl,海南,河北,0.0063695083395027075,0.0063695083395027075,0.6829510251565295,2.23945759064e-06,0,0.04684800257181786,positive,587
economic_inv,lntl,海南,湖北,0.0063532856057864125,0.0063532856057864125,0.6829510251565295,2.23945759064e-06,0,0.04684800257181786,positive,588
economic_inv,lntl,海南,湖南,0.0063302890323558595,0.0063302890323558595,0.6829510251565295,2.23945759064e-06,0,0.04684800257181786,positive,589
economic_inv,lntl,内蒙古,安徽,0.006310039095895875,0.006310039095895875,0.6829510251565295,2.23945759064e-06,0,0.04684800257181786,positive,590
economic_inv,lntl,宁夏,上海,0.006273508166989424,0.006273508166989424,0.6829510251565295,2.23945759064e-06,0,0.04684800257181786,positive,591
economic_inv,lntl,四川,甘肃,0.006265805155339551,0.006265805155339551,0.6829510251565295,2.23945759064e-06,0,0.04684800257181786,positive,592
economic_inv,lntl,山西,河北,0.006226800117907377,0.006226800117907377,0.6829510251565295,2.23945759064e-06,0,0.04684800257181786,positive,593
economic_inv,lntl,安徽,甘肃,0.006225537882731625,0.006225537882731625,0.6829510251565295,2.23945759064e-06,0,0.04684800257181786,positive,594
economic_inv,lntl,山西,湖北,0.006202760226242784,0.006202760226242784,0.6829510251565295,2.23945759064e-06,0,0.04684800257181786,positive,595
economic_inv,lntl,宁夏,辽宁,0.006172681591258928,0.006172681591258928,0.6829510251565295,2.23945759064e-06,0,0.04684800257181786,positive,596
economic_inv,lntl,山西,湖南,0.006168790732110149,0.006168790732110149,0.6829510251565295,2.23945759064e-06,0,0.04684800257181786,positive,597
economic_inv,lntl,陕西,青海,0.006159673122147025,0.006159673122147025,0.6829510251565295,2.23945759064e-06,0,0.04684800257181786,positive,598
economic_inv,lntl,江西,四川,0.006151418782488071,0.006151418782488071,0.6829510251565295,2.23945759064e-06,0,0.04684800257181786,positive,599
economic_inv,lntl,天津,河北,0.006128764644706109,0.006128764644706109,0.6829510251565295,2.23945759064e-06,0,0.04684800257181786,positive,600
economic_inv,lntl,天津,湖北,0.006099776220832325,0.006099776220832325,0.6829510251565295,2.23945759064e-06,0,0.04684800257181786,positive,601
economic_inv,lntl,河北,辽宁,0.006091344700297702,0.006091344700297702,0.6829510251565295,2.23945759064e-06,0,0.04684800257181786,positive,602
economic_inv,lntl,重庆,福建,0.006085748084178158,0.006085748084178158,0.6829510251565295,2.23945759064e-06,0,0.04684800257181786,positive,603
economic_inv,lntl,海南,四川,0.00606292802078447,0.00606292802078447,0.6829510251565295,2.23945759064e-06,0,0.04684800257181786,positive,604
economic_inv,lntl,天津,湖南,0.006058900358293382,0.006058900358293382,0.6829510251565295,2.23945759064e-06,0,0.04684800257181786,positive,605
economic_inv,lntl,广西,安徽,0.006056599647770529,0.006056599647770529,0.6829510251565295,2.23945759064e-06,0,0.04684800257181786,positive,606
economic_inv,lntl,吉林,河北,0.00594231916299267,0.00594231916299267,0.6829510251565295,2.23945759064e-06,0,0.04684800257181786,positive,607
economic_inv,lntl,吉林,湖北,0.005918436239606725,0.005918436239606725,0.6829510251565295,2.23945759064e-06,0,0.04684800257181786,positive,608
economic_inv,lntl,黑龙江,甘肃,0.005892811489437368,0.005892811489437368,0.6829510251565295,2.23945759064e-06,0,0.04684800257181786,positive,609
economic_inv,lntl,吉林,湖南,0.005884701496295266,0.005884701496295266,0.6829510251565295,2.23945759064e-06,0,0.04684800257181786,positive,610
economic_inv,lntl,甘肃,浙江,0.005850231447711693,0.005850231447711693,0.6829510251565295,2.23945759064e-06,0,0.04684800257181786,positive,611
economic_inv,lntl,江西,海南,0.005832165165733515,0.005832165165733515,0.6829510251565295,2.23945759064e-06,0,0.04684800257181786,positive,612
economic_inv,lntl,云南,甘肃,0.005808243741203655,0.005808243741203655,0.6829510251565295,2.23945759064e-06,0,0.04684800257181786,positive,613
economic_inv,lntl,青海,河北,0.005790946658045743,0.005790946658045743,0.6829510251565295,2.23945759064e-06,0,0.04684800257181786,positive,614
economic_inv,lntl,山西,四川,0.005782953028694308,0.005782953028694308,0.6829510251565295,2.23945759064e-06,0,0.04684800257181786,positive,615
economic_inv,lntl,青海,湖北,0.0057768940132171855,0.0057768940132171855,0.6829510251565295,2.23945759064e-06,0,0.04684800257181786,positive,616
economic_inv,lntl,青海,湖南,0.005756967846033967,0.005756967846033967,0.6829510251565295,2.23945759064e-06,0,0.04684800257181786,positive,617
economic_inv,lntl,宁夏,福建,0.005682413590827634,0.005682413590827634,0.6829510251565295,2.23945759064e-06,0,0.04684800257181786,positive,618
economic_inv,lntl,河北,上海,0.005653956851747982,0.005653956851747982,0.6829510251565295,2.23945759064e-06,0,0.04684800257181786,positive,619
economic_inv,lntl,上海,甘肃,0.005606405904675368,0.005606405904675368,0.6829510251565295,2.23945759064e-06,0,0.04684800257181786,positive,620
economic_inv,lntl,天津,四川,0.005601585891643885,0.005601585891643885,0.6829510251565295,2.23945759064e-06,0,0.04684800257181786,positive,621
economic_inv,lntl,四川,海南,0.005592476792485479,0.005592476792485479,0.6829510251565295,2.23945759064e-06,0,0.04684800257181786,positive,622
economic_inv,lntl,辽宁,甘肃,0.0055610696101439,0.0055610696101439,0.6829510251565295,2.23945759064e-06,0,0.04684800257181786,positive,623
economic_inv,lntl,江西,宁夏,0.005539460708057158,0.005539460708057158,0.6829510251565295,2.23945759064e-06,0,0.04684800257181786,positive,624
economic_inv,lntl,云南,北京,0.005530324355406857,0.005530324355406857,0.6829510251565295,2.23945759064e-06,0,0.04684800257181786,positive,625
economic_inv,lntl,青海,四川,0.005524802682152751,0.005524802682152751,0.6829510251565295,2.23945759064e-06,0,0.04684800257181786,positive,626
economic_inv,lntl,辽宁,浙江,0.0055240109038277785,0.0055240109038277785,0.6829510251565295,2.23945759064e-06,0,0.04684800257181786,positive,627
economic_inv,lntl,吉林,四川,0.0055025913162279755,0.0055025913162279755,0.6829510251565295,2.23945759064e-06,0,0.04684800257181786,positive,628
economic_inv,lntl,北京,海南,0.0054730131545852835,0.0054730131545852835,0.6829510251565295,2.23945759064e-06,0,0.04684800257181786,positive,629
economic_inv,lntl,黑龙江,北京,0.005460667187001784,0.005460667187001784,0.6829510251565295,2.23945759064e-06,0,0.04684800257181786,positive,630
economic_inv,lntl,四川,宁夏,0.005444793344632896,0.005444793344632896,0.6829510251565295,2.23945759064e-06,0,0.04684800257181786,positive,631
economic_inv,lntl,上海,浙江,0.005359130832659548,0.005359130832659548,0.6829510251565295,2.23945759064e-06,0,0.04684800257181786,positive,632
economic_inv,lntl,江西,青海,0.005340096521771909,0.005340096521771909,0.6829510251565295,2.23945759064e-06,0,0.04684800257181786,positive,633
economic_inv,lntl,四川,青海,0.005339897314158128,0.005339897314158128,0.6829510251565295,2.23945759064e-06,0,0.04684800257181786,positive,634
economic_inv,lntl,贵州,河南,0.005328663626521344,0.005328663626521344,0.6829510251565295,2.23945759064e-06,0,0.04684800257181786,positive,635
economic_inv,lntl,新疆,浙江,0.005320646076806405,0.005320646076806405,0.6829510251565295,2.23945759064e-06,0,0.04684800257181786,positive,636
economic_inv,lntl,云南,安徽,0.005303162944318403,0.005303162944318403,0.6829510251565295,2.23945759064e-06,0,0.04684800257181786,positive,637
economic_inv,lntl,安徽,海南,0.0052779024344995614,0.0052779024344995614,0.6829510251565295,2.23945759064e-06,0,0.04684800257181786,positive,638
economic_inv,lntl,北京,宁夏,0.0052669034245786586,0.0052669034245786586,0.6829510251565295,2.23945759064e-06,0,0.04684800257181786,positive,639
economic_inv,lntl,黑龙江,安徽,0.005239176418579502,0.005239176418579502,0.6829510251565295,2.23945759064e-06,0,0.04684800257181786,positive,640
economic_inv,lntl,北京,青海,0.005123378618234227,0.005123378618234227,0.6829510251565295,2.23945759064e-06,0,0.04684800257181786,positive,641
economic_inv,lntl,宁夏,河北,0.005110874657788687,0.005110874657788687,0.6829510251565295,2.23945759064e-06,0,0.04684800257181786,positive,642
economic_inv,lntl,陕西,河南,0.005100796940305297,0.005100796940305297,0.6829510251565295,2.23945759064e-06,0,0.04684800257181786,positive,643
economic_inv,lntl,宁夏,湖北,0.005098217340238947,0.005098217340238947,0.6829510251565295,2.23945759064e-06,0,0.04684800257181786,positive,644
economic_inv,lntl,湖北,辽宁,0.005091307549599542,0.005091307549599542,0.6829510251565295,2.23945759064e-06,0,0.04684800257181786,positive,645
economic_inv,lntl,安徽,宁夏,0.0050826246430689575,0.0050826246430689575,0.6829510251565295,2.23945759064e-06,0,0.04684800257181786,positive,646
economic_inv,lntl,宁夏,湖南,0.005080271869279616,0.005080271869279616,0.6829510251565295,2.23945759064e-06,0,0.04684800257181786,positive,647
economic_inv,lntl,重庆,海南,0.005044993982601316,0.005044993982601316,0.6829510251565295,2.23945759064e-06,0,0.04684800257181786,positive,648
economic_inv,lntl,内蒙古,新疆,0.005028196937663442,0.005028196937663442,0.6829510251565295,2.23945759064e-06,0,0.04684800257181786,positive,649
economic_inv,lntl,湖南,安徽,0.004982300481675016,0.004982300481675016,0.6829510251565295,2.23945759064e-06,0,0.04684800257181786,positive,650
economic_inv,lntl,广西,新疆,0.004972202472473939,0.004972202472473939,0.6829510251565295,2.23945759064e-06,0,0.04684800257181786,positive,651
economic_inv,lntl,安徽,青海,0.004946484358924445,0.004946484358924445,0.6829510251565295,2.23945759064e-06,0,0.04684800257181786,positive,652
economic_inv,lntl,北京,浙江,0.004920898486093389,0.004920898486093389,0.6829510251565295,2.23945759064e-06,0,0.04684800257181786,positive,653
economic_inv,lntl,安徽,浙江,0.0049153945944225425,0.0049153945944225425,0.6829510251565295,2.23945759064e-06,0,0.04684800257181786,positive,654
economic_inv,lntl,海南,河南,0.004910809288958257,0.004910809288958257,0.6829510251565295,2.23945759064e-06,0,0.04684800257181786,positive,655
economic_inv,lntl,内蒙古,上海,0.004887122194031545,0.004887122194031545,0.6829510251565295,2.23945759064e-06,0,0.04684800257181786,positive,656
economic_inv,lntl,宁夏,四川,0.004871371744034629,0.004871371744034629,0.6829510251565295,2.23945759064e-06,0,0.04684800257181786,positive,657
economic_inv,lntl,重庆,河北,0.0048508743923869,0.0048508743923869,0.6829510251565295,2.23945759064e-06,0,0.04684800257181786,positive,658
economic_inv,lntl,重庆,湖北,0.004826699243555412,0.004826699243555412,0.6829510251565295,2.23945759064e-06,0,0.04684800257181786,positive,659
economic_inv,lntl,上海,海南,0.004824422317027332,0.004824422317027332,0.6829510251565295,2.23945759064e-06,0,0.04684800257181786,positive,660
economic_inv,lntl,辽宁,海南,0.004798307385962564,0.004798307385962564,0.6829510251565295,2.23945759064e-06,0,0.04684800257181786,positive,661
economic_inv,lntl,重庆,湖南,0.004792631402149669,0.004792631402149669,0.6829510251565295,2.23945759064e-06,0,0.04684800257181786,positive,662
economic_inv,lntl,重庆,宁夏,0.004767834963738635,0.004767834963738635,0.6829510251565295,2.23945759064e-06,0,0.04684800257181786,positive,663
economic_inv,lntl,湖南,北京,0.004740368452186654,0.004740368452186654,0.6829510251565295,2.23945759064e-06,0,0.04684800257181786,positive,664
economic_inv,lntl,湖北,上海,0.004730559929786951,0.004730559929786951,0.6829510251565295,2.23945759064e-06,0,0.04684800257181786,positive,665
economic_inv,lntl,四川,山东,0.004729495399832448,0.004729495399832448,0.6829510251565295,2.23945759064e-06,0,0.04684800257181786,positive,666
economic_inv,lntl,广西,上海,0.004708178428000583,0.004708178428000583,0.6829510251565295,2.23945759064e-06,0,0.04684800257181786,positive,667
economic_inv,lntl,内蒙古,辽宁,0.004674126555711931,0.004674126555711931,0.6829510251565295,2.23945759064e-06,0,0.04684800257181786,positive,668
economic_inv,lntl,上海,宁夏,0.004660351196109921,0.004660351196109921,0.6829510251565295,2.23945759064e-06,0,0.04684800257181786,positive,669
economic_inv,lntl,辽宁,宁夏,0.004637747037956864,0.004637747037956864,0.6829510251565295,2.23945759064e-06,0,0.04684800257181786,positive,670
economic_inv,lntl,重庆,青海,0.0045806404641307395,0.0045806404641307395,0.6829510251565295,2.23945759064e-06,0,0.04684800257181786,positive,671
economic_inv,lntl,上海,青海,0.004545362830989213,0.004545362830989213,0.6829510251565295,2.23945759064e-06,0,0.04684800257181786,positive,672
economic_inv,lntl,湖南,河南,0.004531515504820354,0.004531515504820354,0.6829510251565295,2.23945759064e-06,0,0.04684800257181786,positive,673
economic_inv,lntl,辽宁,青海,0.004525110842651079,0.004525110842651079,0.6829510251565295,2.23945759064e-06,0,0.04684800257181786,positive,674
economic_inv,lntl,青海,河南,0.0045136803850749415,0.0045136803850749415,0.6829510251565295,2.23945759064e-06,0,0.04684800257181786,positive,675
economic_inv,lntl,广西,辽宁,0.004505475465727312,0.004505475465727312,0.6829510251565295,2.23945759064e-06,0,0.04684800257181786,positive,676
economic_inv,lntl,福建,山东,0.004476185047427024,0.004476185047427024,0.6829510251565295,2.23945759064e-06,0,0.04684800257181786,positive,677
economic_inv,lntl,重庆,四川,0.004413147196760543,0.004413147196760543,0.6829510251565295,2.23945759064e-06,0,0.04684800257181786,positive,678
economic_inv,lntl,云南,上海,0.004397092936553247,0.004397092936553247,0.6829510251565295,2.23945759064e-06,0,0.04684800257181786,positive,679
economic_inv,lntl,黑龙江,上海,0.004353355027123025,0.004353355027123025,0.6829510251565295,2.23945759064e-06,0,0.04684800257181786,positive,680
economic_inv,lntl,贵州,浙江,0.004295208802395177,0.004295208802395177,0.6829510251565295,2.23945759064e-06,0,0.04684800257181786,positive,681
economic_inv,lntl,山西,河南,0.004291821608775751,0.004291821608775751,0.6829510251565295,2.23945759064e-06,0,0.04684800257181786,positive,682
economic_inv,lntl,黑龙江,海南,0.004265530108571616,0.004265530108571616,0.6829510251565295,2.23945759064e-06,0,0.04684800257181786,positive,683
economic_inv,lntl,云南,辽宁,0.004250344438755371,0.004250344438755371,0.6829510251565295,2.23945759064e-06,0,0.04684800257181786,positive,684
economic_inv,lntl,云南,海南,0.004220506621625632,0.004220506621625632,0.6829510251565295,2.23945759064e-06,0,0.04684800257181786,positive,685
economic_inv,lntl,黑龙江,辽宁,0.004209528385902194,0.004209528385902194,0.6829510251565295,2.23945759064e-06,0,0.04684800257181786,positive,686
economic_inv,lntl,河北,安徽,0.0041716486650586575,0.0041716486650586575,0.6829510251565295,2.23945759064e-06,0,0.04684800257181786,positive,687
economic_inv,lntl,江西,河南,0.004150586934389173,0.004150586934389173,0.6829510251565295,2.23945759064e-06,0,0.04684800257181786,positive,688
economic_inv,lntl,海南,浙江,0.00414133645193705,0.00414133645193705,0.6829510251565295,2.23945759064e-06,0,0.04684800257181786,positive,689
economic_inv,lntl,吉林,河南,0.004043972042793011,0.004043972042793011,0.6829510251565295,2.23945759064e-06,0,0.04684800257181786,positive,690
economic_inv,lntl,黑龙江,宁夏,0.003987590130783004,0.003987590130783004,0.6829510251565295,2.23945759064e-06,0,0.04684800257181786,positive,691
economic_inv,lntl,宁夏,河南,0.003965580446450816,0.003965580446450816,0.6829510251565295,2.23945759064e-06,0,0.04684800257181786,positive,692
economic_inv,lntl,河北,北京,0.003964463667886233,0.003964463667886233,0.6829510251565295,2.23945759064e-06,0,0.04684800257181786,positive,693
economic_inv,lntl,云南,宁夏,0.0039480972726509056,0.0039480972726509056,0.6829510251565295,2.23945759064e-06,0,0.04684800257181786,positive,694
economic_inv,lntl,天津,河南,0.003946815912684848,0.003946815912684848,0.6829510251565295,2.23945759064e-06,0,0.04684800257181786,positive,695
economic_inv,lntl,陕西,浙江,0.0038434721868519086,0.0038434721868519086,0.6829510251565295,2.23945759064e-06,0,0.04684800257181786,positive,696
economic_inv,lntl,四川,江苏,0.0038385866949111136,0.0038385866949111136,0.6829510251565295,2.23945759064e-06,0,0.04684800257181786,positive,697
economic_inv,lntl,青海,浙江,0.0038285687823977105,0.0038285687823977105,0.6829510251565295,2.23945759064e-06,0,0.04684800257181786,positive,698
economic_inv,lntl,甘肃,山东,0.0038246058297141277,0.0038246058297141277,0.6829510251565295,2.23945759064e-06,0,0.04684800257181786,positive,699
economic_inv,lntl,黑龙江,青海,0.003803245342291075,0.003803245342291075,0.6829510251565295,2.23945759064e-06,0,0.04684800257181786,positive,700
economic_inv,lntl,内蒙古,福建,0.0037878877373344485,0.0037878877373344485,0.6829510251565295,2.23945759064e-06,0,0.04684800257181786,positive,701
economic_inv,lntl,云南,青海,0.0037672228135271634,0.0037672228135271634,0.6829510251565295,2.23945759064e-06,0,0.04684800257181786,positive,702
economic_inv,lntl,福建,江苏,0.0037100813500688997,0.0037100813500688997,0.6829510251565295,2.23945759064e-06,0,0.04684800257181786,positive,703
economic_inv,lntl,内蒙古,甘肃,0.0037051353538630843,0.0037051353538630843,0.6829510251565295,2.23945759064e-06,0,0.04684800257181786,positive,704
economic_inv,lntl,广西,福建,0.0036596466215020585,0.0036596466215020585,0.6829510251565295,2.23945759064e-06,0,0.04684800257181786,positive,705
economic_inv,lntl,广西,甘肃,0.0036509900130230733,0.0036509900130230733,0.6829510251565295,2.23945759064e-06,0,0.04684800257181786,positive,706
economic_inv,lntl,四川,广东,0.003642086283181591,0.003642086283181591,0.6829510251565295,2.23945759064e-06,0,0.04684800257181786,positive,707
economic_inv,lntl,河北,河南,0.003628060803572048,0.003628060803572048,0.6829510251565295,2.23945759064e-06,0,0.04684800257181786,positive,708
economic_inv,lntl,云南,福建,0.00360454882714508,0.00360454882714508,0.6829510251565295,2.23945759064e-06,0,0.04684800257181786,positive,709
economic_inv,lntl,黑龙江,福建,0.0035754014249433077,0.0035754014249433077,0.6829510251565295,2.23945759064e-06,0,0.04684800257181786,positive,710
economic_inv,lntl,福建,广东,0.0035367113376669037,0.0035367113376669037,0.6829510251565295,2.23945759064e-06,0,0.04684800257181786,positive,711
economic_inv,lntl,湖北,安徽,0.003502479126273719,0.003502479126273719,0.6829510251565295,2.23945759064e-06,0,0.04684800257181786,positive,712
economic_inv,lntl,山西,浙江,0.0034276489114053533,0.0034276489114053533,0.6829510251565295,2.23945759064e-06,0,0.04684800257181786,positive,713
economic_inv,lntl,新疆,山东,0.0033858706809486057,0.0033858706809486057,0.6829510251565295,2.23945759064e-06,0,0.04684800257181786,positive,714
economic_inv,lntl,甘肃,江苏,0.003377848400208953,0.003377848400208953,0.6829510251565295,2.23945759064e-06,0,0.04684800257181786,positive,715
economic_inv,lntl,宁夏,浙江,0.003355517875087558,0.003355517875087558,0.6829510251565295,2.23945759064e-06,0,0.04684800257181786,positive,716
economic_inv,lntl,湖北,北京,0.003330147227691632,0.003330147227691632,0.6829510251565295,2.23945759064e-06,0,0.04684800257181786,positive,717
economic_inv,lntl,甘肃,广东,0.0032684961027904047,0.0032684961027904047,0.6829510251565295,2.23945759064e-06,0,0.04684800257181786,positive,718
economic_inv,lntl,吉林,浙江,0.003211574722456044,0.003211574722456044,0.6829510251565295,2.23945759064e-06,0,0.04684800257181786,positive,719
economic_inv,lntl,江西,浙江,0.0031490747802301053,0.0031490747802301053,0.6829510251565295,2.23945759064e-06,0,0.04684800257181786,positive,720
economic_inv,lntl,湖北,河南,0.0031028693398052537,0.0031028693398052537,0.6829510251565295,2.23945759064e-06,0,0.04684800257181786,positive,721
economic_inv,lntl,重庆,河南,0.003065037783154967,0.003065037783154967,0.6829510251565295,2.23945759064e-06,0,0.04684800257181786,positive,722
economic_inv,lntl,天津,浙江,0.003062289458630406,0.003062289458630406,0.6829510251565295,2.23945759064e-06,0,0.04684800257181786,positive,723
economic_inv,lntl,内蒙古,河北,0.002989752542189538,0.002989752542189538,0.6829510251565295,2.23945759064e-06,0,0.04684800257181786,positive,724
economic_inv,lntl,内蒙古,湖北,0.002974283193429325,0.002974283193429325,0.6829510251565295,2.23945759064e-06,0,0.04684800257181786,positive,725
economic_inv,lntl,新疆,江苏,0.0029729227407055757,0.0029729227407055757,0.6829510251565295,2.23945759064e-06,0,0.04684800257181786,positive,726
economic_inv,lntl,云南,河北,0.002969333632785425,0.002969333632785425,0.6829510251565295,2.23945759064e-06,0,0.04684800257181786,positive,727
economic_inv,lntl,云南,湖北,0.0029564732389647415,0.0029564732389647415,0.6829510251565295,2.23945759064e-06,0,0.04684800257181786,positive,728
economic_inv,lntl,湖南,陕西,0.002956111445983568,0.002956111445983568,0.6829510251565295,2.23945759064e-06,0,0.04684800257181786,positive,729
economic_inv,lntl,内蒙古,湖南,0.0029524936953433446,0.0029524936953433446,0.6829510251565295,2.23945759064e-06,0,0.04684800257181786,positive,730
economic_inv,lntl,黑龙江,河北,0.0029497660872835414,0.0029497660872835414,0.6829510251565295,2.23945759064e-06,0,0.04684800257181786,positive,731
economic_inv,lntl,云南,湖南,0.0029383215911069935,0.0029383215911069935,0.6829510251565295,2.23945759064e-06,0,0.04684800257181786,positive,732
economic_inv,lntl,黑龙江,湖北,0.002937080148517595,0.002937080148517595,0.6829510251565295,2.23945759064e-06,0,0.04684800257181786,positive,733
economic_inv,lntl,黑龙江,湖南,0.0029191734142765247,0.0029191734142765247,0.6829510251565295,2.23945759064e-06,0,0.04684800257181786,positive,734
economic_inv,lntl,广西,河北,0.0028945534130996003,0.0028945534130996003,0.6829510251565295,2.23945759064e-06,0,0.04684800257181786,positive,735
economic_inv,lntl,内蒙古,海南,0.002883430434803953,0.002883430434803953,0.6829510251565295,2.23945759064e-06,0,0.04684800257181786,positive,736
economic_inv,lntl,广西,湖北,0.002879692970916744,0.002879692970916744,0.6829510251565295,2.23945759064e-06,0,0.04684800257181786,positive,737
economic_inv,lntl,新疆,广东,0.002872578671571816,0.002872578671571816,0.6829510251565295,2.23945759064e-06,0,0.04684800257181786,positive,738
economic_inv,lntl,广西,湖南,0.0028587591170754173,0.0028587591170754173,0.6829510251565295,2.23945759064e-06,0,0.04684800257181786,positive,739
economic_inv,lntl,广西,海南,0.0028351010961346628,0.0028351010961346628,0.6829510251565295,2.23945759064e-06,0,0.04684800257181786,positive,740
economic_inv,lntl,湖南,江西,0.0028226763755350164,0.0028226763755350164,0.6829510251565295,2.23945759064e-06,0,0.04684800257181786,positive,741
economic_inv,lntl,海南,山东,0.002778014670990521,0.002778014670990521,0.6829510251565295,2.23945759064e-06,0,0.04684800257181786,positive,742
economic_inv,lntl,云南,四川,0.0027338347885858946,0.0027338347885858946,0.6829510251565295,2.23945759064e-06,0,0.04684800257181786,positive,743
economic_inv,lntl,内蒙古,宁夏,0.002730579855262347,0.002730579855262347,0.6829510251565295,2.23945759064e-06,0,0.04684800257181786,positive,744
economic_inv,lntl,黑龙江,四川,0.0027173389539102096,0.0027173389539102096,0.6829510251565295,2.23945759064e-06,0,0.04684800257181786,positive,745
economic_inv,lntl,内蒙古,四川,0.0027105710012423428,0.0027105710012423428,0.6829510251565295,2.23945759064e-06,0,0.04684800257181786,positive,746
economic_inv,lntl,辽宁,山东,0.0026871281176955347,0.0026871281176955347,0.6829510251565295,2.23945759064e-06,0,0.04684800257181786,positive,747
economic_inv,lntl,广西,宁夏,0.002683724505561709,0.002683724505561709,0.6829510251565295,2.23945759064e-06,0,0.04684800257181786,positive,748
economic_inv,lntl,贵州,山东,0.0026720956331943296,0.0026720956331943296,0.6829510251565295,2.23945759064e-06,0,0.04684800257181786,positive,749
economic_inv,lntl,湖南,内蒙古,0.002651061239433746,0.002651061239433746,0.6829510251565295,2.23945759064e-06,0,0.04684800257181786,positive,750
economic_inv,lntl,上海,山东,0.002632315288443489,0.002632315288443489,0.6829510251565295,2.23945759064e-06,0,0.04684800257181786,positive,751
economic_inv,lntl,湖南,广西,0.0026306183903508245,0.0026306183903508245,0.6829510251565295,2.23945759064e-06,0,0.04684800257181786,positive,752
economic_inv,lntl,内蒙古,青海,0.0026269906148632545,0.0026269906148632545,0.6829510251565295,2.23945759064e-06,0,0.04684800257181786,positive,753
economic_inv,lntl,广西,四川,0.002626176218532486,0.002626176218532486,0.6829510251565295,2.23945759064e-06,0,0.04684800257181786,positive,754
economic_inv,lntl,青海,山东,0.0025949458534791888,0.0025949458534791888,0.6829510251565295,2.23945759064e-06,0,0.04684800257181786,positive,755
economic_inv,lntl,广西,青海,0.0025812039374408496,0.0025812039374408496,0.6829510251565295,2.23945759064e-06,0,0.04684800257181786,positive,756
economic_inv,lntl,湖南,重庆,0.002554166644708647,0.002554166644708647,0.6829510251565295,2.23945759064e-06,0,0.04684800257181786,positive,757
economic_inv,lntl,北京,山东,0.0025470476201112026,0.0025470476201112026,0.6829510251565295,2.23945759064e-06,0,0.04684800257181786,positive,758
economic_inv,lntl,安徽,山东,0.00252356098394254,0.00252356098394254,0.6829510251565295,2.23945759064e-06,0,0.04684800257181786,positive,759
economic_inv,lntl,湖南,浙江,0.002478128158487594,0.002478128158487594,0.6829510251565295,2.23945759064e-06,0,0.04684800257181786,positive,760
economic_inv,lntl,海南,江苏,0.0024677041845692716,0.0024677041845692716,0.6829510251565295,2.23945759064e-06,0,0.04684800257181786,positive,761
economic_inv,lntl,河北,陕西,0.002451226118153374,0.002451226118153374,0.6829510251565295,2.23945759064e-06,0,0.04684800257181786,positive,762
economic_inv,lntl,湖南,天津,0.002424978419188008,0.002424978419188008,0.6829510251565295,2.23945759064e-06,0,0.04684800257181786,positive,763
economic_inv,lntl,海南,广东,0.0023912021391246313,0.0023912021391246313,0.6829510251565295,2.23945759064e-06,0,0.04684800257181786,positive,764
economic_inv,lntl,重庆,浙江,0.0023601071271451557,0.0023601071271451557,0.6829510251565295,2.23945759064e-06,0,0.04684800257181786,positive,765
economic_inv,lntl,河北,江西,0.002339093037755468,0.002339093037755468,0.6829510251565295,2.23945759064e-06,0,0.04684800257181786,positive,766
economic_inv,lntl,贵州,江苏,0.0023350381339080615,0.0023350381339080615,0.6829510251565295,2.23945759064e-06,0,0.04684800257181786,positive,767
economic_inv,lntl,青海,江苏,0.00231055957026953,0.00231055957026953,0.6829510251565295,2.23945759064e-06,0,0.04684800257181786,positive,768
economic_inv,lntl,宁夏,山东,0.002264446275600197,0.002264446275600197,0.6829510251565295,2.23945759064e-06,0,0.04684800257181786,positive,769
economic_inv,lntl,贵州,广东,0.0022536188455430147,0.0022536188455430147,0.6829510251565295,2.23945759064e-06,0,0.04684800257181786,positive,770
economic_inv,lntl,辽宁,江苏,0.0022464435255082323,0.0022464435255082323,0.6829510251565295,2.23945759064e-06,0,0.04684800257181786,positive,771
economic_inv,lntl,青海,广东,0.002240241016685119,0.002240241016685119,0.6829510251565295,2.23945759064e-06,0,0.04684800257181786,positive,772
economic_inv,lntl,湖南,云南,0.00222175904020124,0.00222175904020124,0.6829510251565295,2.23945759064e-06,0,0.04684800257181786,positive,773
economic_inv,lntl,湖南,黑龙江,0.002206253647967335,0.002206253647967335,0.6829510251565295,2.23945759064e-06,0,0.04684800257181786,positive,774
economic_inv,lntl,上海,江苏,0.00220395465450599,0.00220395465450599,0.6829510251565295,2.23945759064e-06,0,0.04684800257181786,positive,775
economic_inv,lntl,河北,内蒙古,0.0021950844929629464,0.0021950844929629464,0.6829510251565295,2.23945759064e-06,0,0.04684800257181786,positive,776
economic_inv,lntl,河北,广西,0.002177945831136203,0.002177945831136203,0.6829510251565295,2.23945759064e-06,0,0.04684800257181786,positive,777
economic_inv,lntl,陕西,山东,0.002168968106181001,0.002168968106181001,0.6829510251565295,2.23945759064e-06,0,0.04684800257181786,positive,778
economic_inv,lntl,北京,江苏,0.002150732285811833,0.002150732285811833,0.6829510251565295,2.23945759064e-06,0,0.04684800257181786,positive,779
economic_inv,lntl,辽宁,广东,0.0021456587385379985,0.0021456587385379985,0.6829510251565295,2.23945759064e-06,0,0.04684800257181786,positive,780
economic_inv,lntl,安徽,江苏,0.00212801824202856,0.00212801824202856,0.6829510251565295,2.23945759064e-06,0,0.04684800257181786,positive,781
economic_inv,lntl,河北,重庆,0.0021138805658945546,0.0021138805658945546,0.6829510251565295,2.23945759064e-06,0,0.04684800257181786,positive,782
economic_inv,lntl,上海,广东,0.0021058058932620317,0.0021058058932620317,0.6829510251565295,2.23945759064e-06,0,0.04684800257181786,positive,783
economic_inv,lntl,山西,山东,0.0021020249248328896,0.0021020249248328896,0.6829510251565295,2.23945759064e-06,0,0.04684800257181786,positive,784
economic_inv,lntl,湖北,陕西,0.0020663684924557444,0.0020663684924557444,0.6829510251565295,2.23945759064e-06,0,0.04684800257181786,positive,785
economic_inv,lntl,湖南,吉林,0.0020626487944182485,0.0020626487944182485,0.6829510251565295,2.23945759064e-06,0,0.04684800257181786,positive,786
economic_inv,lntl,北京,广东,0.0020589731460132652,0.0020589731460132652,0.6829510251565295,2.23945759064e-06,0,0.04684800257181786,positive,787
economic_inv,lntl,安徽,广东,0.0020365904648869462,0.0020365904648869462,0.6829510251565295,2.23945759064e-06,0,0.04684800257181786,positive,788
economic_inv,lntl,宁夏,江苏,0.002014264490192708,0.002014264490192708,0.6829510251565295,2.23945759064e-06,0,0.04684800257181786,positive,789
economic_inv,lntl,河北,天津,0.0020057288825187734,0.0020057288825187734,0.6829510251565295,2.23945759064e-06,0,0.04684800257181786,positive,790
economic_inv,lntl,河北,浙江,0.0020029910699092,0.0020029910699092,0.6829510251565295,2.23945759064e-06,0,0.04684800257181786,positive,791
economic_inv,lntl,湖南,山西,0.0019817959504818084,0.0019817959504818084,0.6829510251565295,2.23945759064e-06,0,0.04684800257181786,positive,792
economic_inv,lntl,湖北,江西,0.0019723620048743003,0.0019723620048743003,0.6829510251565295,2.23945759064e-06,0,0.04684800257181786,positive,793
economic_inv,lntl,云南,河南,0.0019716434982000024,0.0019716434982000024,0.6829510251565295,2.23945759064e-06,0,0.04684800257181786,positive,794
economic_inv,lntl,黑龙江,河南,0.001963302583998741,0.001963302583998741,0.6829510251565295,2.23945759064e-06,0,0.04684800257181786,positive,795
economic_inv,lntl,吉林,山东,0.0019527014886129791,0.0019527014886129791,0.6829510251565295,2.23945759064e-06,0,0.04684800257181786,positive,796
economic_inv,lntl,宁夏,广东,0.001952480602353272,0.001952480602353272,0.6829510251565295,2.23945759064e-06,0,0.04684800257181786,positive,797
economic_inv,lntl,内蒙古,河南,0.0018627397151081868,0.0018627397151081868,0.6829510251565295,2.23945759064e-06,0,0.04684800257181786,positive,798
economic_inv,lntl,陕西,江苏,0.0018595071784398545,0.0018595071784398545,0.6829510251565295,2.23945759064e-06,0,0.04684800257181786,positive,799
economic_inv,lntl,湖南,贵州,0.0018542787347571098,0.0018542787347571098,0.6829510251565295,2.23945759064e-06,0,0.04684800257181786,positive,800
economic_inv,lntl,湖北,内蒙古,0.0018515599097232757,0.0018515599097232757,0.6829510251565295,2.23945759064e-06,0,0.04684800257181786,positive,801
economic_inv,lntl,湖北,广西,0.0018371776192776437,0.0018371776192776437,0.6829510251565295,2.23945759064e-06,0,0.04684800257181786,positive,802
economic_inv,lntl,河北,云南,0.001835869656308296,0.001835869656308296,0.6829510251565295,2.23945759064e-06,0,0.04684800257181786,positive,803
economic_inv,lntl,山西,江苏,0.0018314624636347166,0.0018314624636347166,0.6829510251565295,2.23945759064e-06,0,0.04684800257181786,positive,804
economic_inv,lntl,河北,黑龙江,0.0018229230683003287,0.0018229230683003287,0.6829510251565295,2.23945759064e-06,0,0.04684800257181786,positive,805
economic_inv,lntl,广西,河南,0.0018087502207002476,0.0018087502207002476,0.6829510251565295,2.23945759064e-06,0,0.04684800257181786,positive,806
economic_inv,lntl,天津,山东,0.001799314655397851,0.001799314655397851,0.6829510251565295,2.23945759064e-06,0,0.04684800257181786,positive,807
economic_inv,lntl,江西,山东,0.001793592042049346,0.001793592042049346,0.6829510251565295,2.23945759064e-06,0,0.04684800257181786,positive,808
economic_inv,lntl,陕西,广东,0.001786502430138555,0.001786502430138555,0.6829510251565295,2.23945759064e-06,0,0.04684800257181786,positive,809
economic_inv,lntl,湖北,重庆,0.00178340553014891,0.00178340553014891,0.6829510251565295,2.23945759064e-06,0,0.04684800257181786,positive,810
economic_inv,lntl,山西,广东,0.0017663446274821916,0.0017663446274821916,0.6829510251565295,2.23945759064e-06,0,0.04684800257181786,positive,811
economic_inv,lntl,湖北,浙江,0.0017064143172646309,0.0017064143172646309,0.6829510251565295,2.23945759064e-06,0,0.04684800257181786,positive,812
economic_inv,lntl,河北,吉林,0.0017031074165436684,0.0017031074165436684,0.6829510251565295,2.23945759064e-06,0,0.04684800257181786,positive,813
economic_inv,lntl,吉林,江苏,0.0016983997230718376,0.0016983997230718376,0.6829510251565295,2.23945759064e-06,0,0.04684800257181786,positive,814
economic_inv,lntl,湖北,天津,0.0016925933911686145,0.0016925933911686145,0.6829510251565295,2.23945759064e-06,0,0.04684800257181786,positive,815
economic_inv,lntl,湖南,新疆,0.0016702887780849888,0.0016702887780849888,0.6829510251565295,2.23945759064e-06,0,0.04684800257181786,positive,816
economic_inv,lntl,吉林,广东,0.0016373274749616063,0.0016373274749616063,0.6829510251565295,2.23945759064e-06,0,0.04684800257181786,positive,817
economic_inv,lntl,河北,山西,0.0016357202895819199,0.0016357202895819199,0.6829510251565295,2.23945759064e-06,0,0.04684800257181786,positive,818
economic_inv,lntl,天津,江苏,0.0015544282756308175,0.0015544282756308175,0.6829510251565295,2.23945759064e-06,0,0.04684800257181786,positive,819
economic_inv,lntl,湖北,云南,0.001549873499107472,0.001549873499107472,0.6829510251565295,2.23945759064e-06,0,0.04684800257181786,positive,820
economic_inv,lntl,云南,浙江,0.0015493004759019957,0.0015493004759019957,0.6829510251565295,2.23945759064e-06,0,0.04684800257181786,positive,821
economic_inv,lntl,黑龙江,浙江,0.0015442989355518987,0.0015442989355518987,0.6829510251565295,2.23945759064e-06,0,0.04684800257181786,positive,822
economic_inv,lntl,江西,江苏,0.0015403299080828958,0.0015403299080828958,0.6829510251565295,2.23945759064e-06,0,0.04684800257181786,positive,823
economic_inv,lntl,湖北,黑龙江,0.0015389907665593879,0.0015389907665593879,0.6829510251565295,2.23945759064e-06,0,0.04684800257181786,positive,824
economic_inv,lntl,河北,贵州,0.00152954557251844,0.00152954557251844,0.6829510251565295,2.23945759064e-06,0,0.04684800257181786,positive,825
economic_inv,lntl,天津,广东,0.0014961085518346317,0.0014961085518346317,0.6829510251565295,2.23945759064e-06,0,0.04684800257181786,positive,826
economic_inv,lntl,江西,广东,0.0014804560886309342,0.0014804560886309342,0.6829510251565295,2.23945759064e-06,0,0.04684800257181786,positive,827
economic_inv,lntl,湖南,甘肃,0.0014753811981538499,0.0014753811981538499,0.6829510251565295,2.23945759064e-06,0,0.04684800257181786,positive,828
economic_inv,lntl,湖北,吉林,0.0014382437423676683,0.0014382437423676683,0.6829510251565295,2.23945759064e-06,0,0.04684800257181786,positive,829
economic_inv,lntl,内蒙古,浙江,0.0014264744770689476,0.0014264744770689476,0.6829510251565295,2.23945759064e-06,0,0.04684800257181786,positive,830
economic_inv,lntl,广西,浙江,0.0013867142162236458,0.0013867142162236458,0.6829510251565295,2.23945759064e-06,0,0.04684800257181786,positive,831
economic_inv,lntl,湖北,山西,0.001381556221783547,0.001381556221783547,0.6829510251565295,2.23945759064e-06,0,0.04684800257181786,positive,832
economic_inv,lntl,河北,新疆,0.00137657603769678,0.00137657603769678,0.6829510251565295,2.23945759064e-06,0,0.04684800257181786,positive,833
economic_inv,lntl,重庆,山东,0.001371888555121022,0.001371888555121022,0.6829510251565295,2.23945759064e-06,0,0.04684800257181786,positive,834
economic_inv,lntl,湖南,海南,0.0013098440781339313,0.0013098440781339313,0.6829510251565295,2.23945759064e-06,0,0.04684800257181786,positive,835
economic_inv,lntl,湖北,贵州,0.0012922031369815075,0.0012922031369815075,0.6829510251565295,2.23945759064e-06,0,0.04684800257181786,positive,836
economic_inv,lntl,湖南,宁夏,0.0012737710239018644,0.0012737710239018644,0.6829510251565295,2.23945759064e-06,0,0.04684800257181786,positive,837
economic_inv,lntl,湖南,青海,0.0012482001217711681,0.0012482001217711681,0.6829510251565295,2.23945759064e-06,0,0.04684800257181786,positive,838
economic_inv,lntl,河北,甘肃,0.0012148202159425238,0.0012148202159425238,0.6829510251565295,2.23945759064e-06,0,0.04684800257181786,positive,839
economic_inv,lntl,重庆,江苏,0.0011827200804841117,0.0011827200804841117,0.6829510251565295,2.23945759064e-06,0,0.04684800257181786,positive,840
economic_inv,lntl,湖北,新疆,0.0011633903134352188,0.0011633903134352188,0.6829510251565295,2.23945759064e-06,0,0.04684800257181786,positive,841
economic_inv,lntl,重庆,广东,0.001137785054909432,0.001137785054909432,0.6829510251565295,2.23945759064e-06,0,0.04684800257181786,positive,842
economic_inv,lntl,河北,海南,0.0010776734623745025,0.0010776734623745025,0.6829510251565295,2.23945759064e-06,0,0.04684800257181786,positive,843
economic_inv,lntl,河北,宁夏,0.0010478155954282199,0.0010478155954282199,0.6829510251565295,2.23945759064e-06,0,0.04684800257181786,positive,844
economic_inv,lntl,湖北,甘肃,0.0010270774368664403,0.0010270774368664403,0.6829510251565295,2.23945759064e-06,0,0.04684800257181786,positive,845
economic_inv,lntl,河北,青海,0.001026656587386363,0.001026656587386363,0.6829510251565295,2.23945759064e-06,0,0.04684800257181786,positive,846
economic_inv,lntl,湖南,山东,0.0010243482613115315,0.0010243482613115315,0.6829510251565295,2.23945759064e-06,0,0.04684800257181786,positive,847
economic_inv,lntl,云南,山东,0.0009272227728337584,0.0009272227728337584,0.6829510251565295,2.23945759064e-06,0,0.04684800257181786,positive,848
economic_inv,lntl,黑龙江,山东,0.0009256015737477503,0.0009256015737477503,0.6829510251565295,2.23945759064e-06,0,0.04684800257181786,positive,849
economic_inv,lntl,湖北,海南,0.0009114211677789347,0.0009114211677789347,0.6829510251565295,2.23945759064e-06,0,0.04684800257181786,positive,850
economic_inv,lntl,湖北,宁夏,0.0008862320001636548,0.0008862320001636548,0.6829510251565295,2.23945759064e-06,0,0.04684800257181786,positive,851
economic_inv,lntl,湖北,青海,0.0008683793494435135,0.0008683793494435135,0.6829510251565295,2.23945759064e-06,0,0.04684800257181786,positive,852
economic_inv,lntl,湖南,江苏,0.0008368250381856648,0.0008368250381856648,0.6829510251565295,2.23945759064e-06,0,0.04684800257181786,positive,853
economic_inv,lntl,河北,山东,0.0008335787183090674,0.0008335787183090674,0.6829510251565295,2.23945759064e-06,0,0.04684800257181786,positive,854
economic_inv,lntl,内蒙古,山东,0.0008228693381635292,0.0008228693381635292,0.6829510251565295,2.23945759064e-06,0,0.04684800257181786,positive,855
economic_inv,lntl,云南,江苏,0.0008039213618664602,0.0008039213618664602,0.6829510251565295,2.23945759064e-06,0,0.04684800257181786,positive,856
economic_inv,lntl,黑龙江,江苏,0.0008027519679291361,0.0008027519679291361,0.6829510251565295,2.23945759064e-06,0,0.04684800257181786,positive,857
economic_inv,lntl,广西,山东,0.0008012015457795794,0.0008012015457795794,0.6829510251565295,2.23945759064e-06,0,0.04684800257181786,positive,858
economic_inv,lntl,湖南,广东,0.0007951340111170604,0.0007951340111170604,0.6829510251565295,2.23945759064e-06,0,0.04684800257181786,positive,859
economic_inv,lntl,云南,广东,0.0007744256733488913,0.0007744256733488913,0.6829510251565295,2.23945759064e-06,0,0.04684800257181786,positive,860
economic_inv,lntl,黑龙江,广东,0.0007733536382794563,0.0007733536382794563,0.6829510251565295,2.23945759064e-06,0,0.04684800257181786,positive,861
economic_inv,lntl,内蒙古,江苏,0.0007083719057018601,0.0007083719057018601,0.6829510251565295,2.23945759064e-06,0,0.04684800257181786,positive,862
economic_inv,lntl,湖北,山东,0.0007081816795754922,0.0007081816795754922,0.6829510251565295,2.23945759064e-06,0,0.04684800257181786,positive,863
economic_inv,lntl,广西,江苏,0.0006899265284682578,0.0006899265284682578,0.6829510251565295,2.23945759064e-06,0,0.04684800257181786,positive,864
economic_inv,lntl,河北,江苏,0.0006815768314097208,0.0006815768314097208,0.6829510251565295,2.23945759064e-06,0,0.04684800257181786,positive,865
economic_inv,lntl,内蒙古,广东,0.0006812231995273524,0.0006812231995273524,0.6829510251565295,2.23945759064e-06,0,0.04684800257181786,positive,866
economic_inv,lntl,广西,广东,0.0006635320762246722,0.0006635320762246722,0.6829510251565295,2.23945759064e-06,0,0.04684800257181786,positive,867
economic_inv,lntl,河北,广东,0.0006477467944179006,0.0006477467944179006,0.6829510251565295,2.23945759064e-06,0,0.04684800257181786,positive,868
economic_inv,lntl,湖北,江苏,0.0005788368807179861,0.0005788368807179861,0.6829510251565295,2.23945759064e-06,0,0.04684800257181786,positive,869
economic_inv,lntl,湖北,广东,0.0005500621742006575,0.0005500621742006575,0.6829510251565295,2.23945759064e-06,0,0.04684800257181786,positive,870
economic_inv,open,河北,湖北,-0.1129506636474919,0.1129506636474919,-0.1827750116696247,0.4188647055270324,1,0.012537713395774017,negative,1
economic_inv,open,黑龙江,云南,-0.11194413715811587,0.11194413715811587,-0.1827750116696247,0.4188647055270324,1,0.012537713395774017,negative,2
economic_inv,open,云南,黑龙江,-0.1118920599481121,0.1118920599481121,-0.1827750116696247,0.4188647055270324,1,0.012537713395774017,negative,3
economic_inv,open,内蒙古,广西,-0.10167932800469079,0.10167932800469079,-0.1827750116696247,0.4188647055270324,1,0.012537713395774017,negative,4
economic_inv,open,广西,内蒙古,-0.09921633016332548,0.09921633016332548,-0.1827750116696247,0.4188647055270324,1,0.012537713395774017,negative,5
economic_inv,open,湖南,湖北,-0.09684609404218446,0.09684609404218446,-0.1827750116696247,0.4188647055270324,1,0.012537713395774017,negative,6
economic_inv,open,湖北,河北,-0.09576972510409107,0.09576972510409107,-0.1827750116696247,0.4188647055270324,1,0.012537713395774017,negative,7
economic_inv,open,北京,安徽,-0.07900074867043622,0.07900074867043622,-0.1827750116696247,0.4188647055270324,1,0.012537713395774017,negative,8
economic_inv,open,广东,江苏,-0.07788625524288129,0.07788625524288129,-0.1827750116696247,0.4188647055270324,1,0.012537713395774017,negative,9
economic_inv,open,安徽,北京,-0.07759690424151809,0.07759690424151809,-0.1827750116696247,0.4188647055270324,1,0.012537713395774017,negative,10
economic_inv,open,辽宁,上海,-0.0772271069021928,0.0772271069021928,-0.1827750116696247,0.4188647055270324,1,0.012537713395774017,negative,11
economic_inv,open,青海,宁夏,-0.07674787827058928,0.07674787827058928,-0.1827750116696247,0.4188647055270324,1,0.012537713395774017,negative,12
economic_inv,open,上海,辽宁,-0.07635627999178429,0.07635627999178429,-0.1827750116696247,0.4188647055270324,1,0.012537713395774017,negative,13
economic_inv,open,江苏,广东,-0.07423559781721899,0.07423559781721899,-0.1827750116696247,0.4188647055270324,1,0.012537713395774017,negative,14
economic_inv,open,湖北,湖南,-0.06714393353648768,0.06714393353648768,-0.1827750116696247,0.4188647055270324,1,0.012537713395774017,negative,15
economic_inv,open,宁夏,青海,-0.06636703011741038,0.06636703011741038,-0.1827750116696247,0.4188647055270324,1,0.012537713395774017,negative,16
economic_inv,open,海南,宁夏,-0.0598217686996872,0.0598217686996872,-0.1827750116696247,0.4188647055270324,1,0.012537713395774017,negative,17
economic_inv,open,湖南,河北,-0.05693152975151918,0.05693152975151918,-0.1827750116696247,0.4188647055270324,1,0.012537713395774017,negative,18
economic_inv,open,宁夏,海南,-0.04936860997223794,0.04936860997223794,-0.1827750116696247,0.4188647055270324,1,0.012537713395774017,negative,19
economic_inv,open,陕西,江西,-0.04771524098843261,0.04771524098843261,-0.1827750116696247,0.4188647055270324,1,0.012537713395774017,negative,20
economic_inv,open,河北,湖南,-0.04655197063360495,0.04655197063360495,-0.1827750116696247,0.4188647055270324,1,0.012537713395774017,negative,21
economic_inv,open,重庆,广西,-0.044133841777730935,0.044133841777730935,-0.1827750116696247,0.4188647055270324,1,0.012537713395774017,negative,22
economic_inv,open,山西,吉林,-0.04211698591135689,0.04211698591135689,-0.1827750116696247,0.4188647055270324,1,0.012537713395774017,negative,23
economic_inv,open,江西,陕西,-0.039937334345709,0.039937334345709,-0.1827750116696247,0.4188647055270324,1,0.012537713395774017,negative,24
economic_inv,open,吉林,山西,-0.03860249124936322,0.03860249124936322,-0.1827750116696247,0.4188647055270324,1,0.012537713395774017,negative,25
economic_inv,open,四川,湖南,-0.03543699714743797,0.03543699714743797,-0.1827750116696247,0.4188647055270324,1,0.012537713395774017,negative,26
economic_inv,open,重庆,内蒙古,-0.03509308089471436,0.03509308089471436,-0.1827750116696247,0.4188647055270324,1,0.012537713395774017,negative,27
economic_inv,open,海南,青海,-0.034303980363293816,0.034303980363293816,-0.1827750116696247,0.4188647055270324,1,0.012537713395774017,negative,28
economic_inv,open,四川,湖北,-0.03274889517189429,0.03274889517189429,-0.1827750116696247,0.4188647055270324,1,0.012537713395774017,negative,29
economic_inv,open,青海,海南,-0.03273785037696495,0.03273785037696495,-0.1827750116696247,0.4188647055270324,1,0.012537713395774017,negative,30
economic_inv,open,天津,重庆,-0.03205880762866971,0.03205880762866971,-0.1827750116696247,0.4188647055270324,1,0.012537713395774017,negative,31
economic_inv,open,贵州,山西,-0.031232527479610528,0.031232527479610528,-0.1827750116696247,0.4188647055270324,1,0.012537713395774017,negative,32
economic_inv,open,四川,河北,-0.03109518097573922,0.03109518097573922,-0.1827750116696247,0.4188647055270324,1,0.012537713395774017,negative,33
economic_inv,open,江西,内蒙古,-0.02784789875306971,0.02784789875306971,-0.1827750116696247,0.4188647055270324,1,0.012537713395774017,negative,34
economic_inv,open,山东,江苏,-0.027351860843594755,0.027351860843594755,-0.1827750116696247,0.4188647055270324,1,0.012537713395774017,negative,35
economic_inv,open,广西,重庆,-0.025560341065185406,0.025560341065185406,-0.1827750116696247,0.4188647055270324,1,0.012537713395774017,negative,36
economic_inv,open,江西,广西,-0.024691856465149698,0.024691856465149698,-0.1827750116696247,0.4188647055270324,1,0.012537713395774017,negative,37
economic_inv,open,吉林,黑龙江,-0.024195690435995537,0.024195690435995537,-0.1827750116696247,0.4188647055270324,1,0.012537713395774017,negative,38
economic_inv,open,重庆,天津,-0.02407610524235474,0.02407610524235474,-0.1827750116696247,0.4188647055270324,1,0.012537713395774017,negative,39
economic_inv,open,新疆,贵州,-0.024023217147711728,0.024023217147711728,-0.1827750116696247,0.4188647055270324,1,0.012537713395774017,negative,40
economic_inv,open,山西,贵州,-0.02400675680060726,0.02400675680060726,-0.1827750116696247,0.4188647055270324,1,0.012537713395774017,negative,41
economic_inv,open,福建,辽宁,-0.02276572588255831,0.02276572588255831,-0.1827750116696247,0.4188647055270324,1,0.012537713395774017,negative,42
economic_inv,open,吉林,云南,-0.021991279909617526,0.021991279909617526,-0.1827750116696247,0.4188647055270324,1,0.012537713395774017,negative,43
economic_inv,open,浙江,河南,-0.021488699214914236,0.021488699214914236,-0.1827750116696247,0.4188647055270324,1,0.012537713395774017,negative,44
economic_inv,open,甘肃,新疆,-0.021405340946296984,0.021405340946296984,-0.1827750116696247,0.4188647055270324,1,0.012537713395774017,negative,45
economic_inv,open,江苏,山东,-0.021262143732921648,0.021262143732921648,-0.1827750116696247,0.4188647055270324,1,0.012537713395774017,negative,46
economic_inv,open,山东,广东,-0.021262091733058333,0.021262091733058333,-0.1827750116696247,0.4188647055270324,1,0.012537713395774017,negative,47
economic_inv,open,内蒙古,重庆,-0.02082887992996,0.02082887992996,-0.1827750116696247,0.4188647055270324,1,0.012537713395774017,negative,48
economic_inv,open,天津,广西,-0.020742991385841365,0.020742991385841365,-0.1827750116696247,0.4188647055270324,1,0.012537713395774017,negative,49
economic_inv,open,贵州,吉林,-0.019893307091897107,0.019893307091897107,-0.1827750116696247,0.4188647055270324,1,0.012537713395774017,negative,50
economic_inv,open,甘肃,海南,-0.01976439483876818,0.01976439483876818,-0.1827750116696247,0.4188647055270324,1,0.012537713395774017,negative,51
economic_inv,open,陕西,内蒙古,-0.019602635253726543,0.019602635253726543,-0.1827750116696247,0.4188647055270324,1,0.012537713395774017,negative,52
economic_inv,open,福建,上海,-0.019190870222675828,0.019190870222675828,-0.1827750116696247,0.4188647055270324,1,0.012537713395774017,negative,53
economic_inv,open,天津,内蒙古,-0.019013990270116434,0.019013990270116434,-0.1827750116696247,0.4188647055270324,1,0.012537713395774017,negative,54
economic_inv,open,贵州,新疆,-0.018243764680835335,0.018243764680835335,-0.1827750116696247,0.4188647055270324,1,0.012537713395774017,negative,55
economic_inv,open,陕西,广西,-0.01822981019729012,0.01822981019729012,-0.1827750116696247,0.4188647055270324,1,0.012537713395774017,negative,56
economic_inv,open,新疆,甘肃,-0.018043707646809386,0.018043707646809386,-0.1827750116696247,0.4188647055270324,1,0.012537713395774017,negative,57
economic_inv,open,天津,云南,-0.01772772089096488,0.01772772089096488,-0.1827750116696247,0.4188647055270324,1,0.012537713395774017,negative,58
economic_inv,open,广东,山东,-0.01734102531550206,0.01734102531550206,-0.1827750116696247,0.4188647055270324,1,0.012537713395774017,negative,59
economic_inv,open,江西,重庆,-0.017148157362318953,0.017148157362318953,-0.1827750116696247,0.4188647055270324,1,0.012537713395774017,negative,60
economic_inv,open,天津,黑龙江,-0.01635605413385235,0.01635605413385235,-0.1827750116696247,0.4188647055270324,1,0.012537713395774017,negative,61
economic_inv,open,山西,黑龙江,-0.016227373561771168,0.016227373561771168,-0.1827750116696247,0.4188647055270324,1,0.012537713395774017,negative,62
economic_inv,open,福建,河北,-0.016169276423036057,0.016169276423036057,-0.1827750116696247,0.4188647055270324,1,0.012537713395774017,negative,63
economic_inv,open,甘肃,宁夏,-0.01578113502595308,0.01578113502595308,-0.1827750116696247,0.4188647055270324,1,0.012537713395774017,negative,64
economic_inv,open,福建,湖北,-0.015779773154506124,0.015779773154506124,-0.1827750116696247,0.4188647055270324,1,0.012537713395774017,negative,65
economic_inv,open,河南,浙江,-0.01573473887464706,0.01573473887464706,-0.1827750116696247,0.4188647055270324,1,0.012537713395774017,negative,66
economic_inv,open,安徽,上海,-0.01546793147888513,0.01546793147888513,-0.1827750116696247,0.4188647055270324,1,0.012537713395774017,negative,67
economic_inv,open,上海,安徽,-0.015430056518368143,0.015430056518368143,-0.1827750116696247,0.4188647055270324,1,0.012537713395774017,negative,68
economic_inv,open,河南,四川,-0.01538499973385226,0.01538499973385226,-0.1827750116696247,0.4188647055270324,1,0.012537713395774017,negative,69
economic_inv,open,山西,云南,-0.015285505562873818,0.015285505562873818,-0.1827750116696247,0.4188647055270324,1,0.012537713395774017,negative,70
economic_inv,open,福建,湖南,-0.01525560408441517,0.01525560408441517,-0.1827750116696247,0.4188647055270324,1,0.012537713395774017,negative,71
economic_inv,open,新疆,山西,-0.01516495592032954,0.01516495592032954,-0.1827750116696247,0.4188647055270324,1,0.012537713395774017,negative,72
economic_inv,open,海南,甘肃,-0.015099398541410899,0.015099398541410899,-0.1827750116696247,0.4188647055270324,1,0.012537713395774017,negative,73
economic_inv,open,辽宁,福建,-0.014385786418330673,0.014385786418330673,-0.1827750116696247,0.4188647055270324,1,0.012537713395774017,negative,74
economic_inv,open,陕西,重庆,-0.014333387285785391,0.014333387285785391,-0.1827750116696247,0.4188647055270324,1,0.012537713395774017,negative,75
economic_inv,open,吉林,贵州,-0.014014945030527835,0.014014945030527835,-0.1827750116696247,0.4188647055270324,1,0.012537713395774017,negative,76
economic_inv,open,甘肃,青海,-0.01372370529046448,0.01372370529046448,-0.1827750116696247,0.4188647055270324,1,0.012537713395774017,negative,77
economic_inv,open,重庆,江西,-0.013483490927179953,0.013483490927179953,-0.1827750116696247,0.4188647055270324,1,0.012537713395774017,negative,78
economic_inv,open,北京,上海,-0.013130396220609072,0.013130396220609072,-0.1827750116696247,0.4188647055270324,1,0.012537713395774017,negative,79
economic_inv,open,河南,湖南,-0.013037870375028338,0.013037870375028338,-0.1827750116696247,0.4188647055270324,1,0.012537713395774017,negative,80
economic_inv,open,内蒙古,江西,-0.012996360133668288,0.012996360133668288,-0.1827750116696247,0.4188647055270324,1,0.012537713395774017,negative,81
economic_inv,open,辽宁,安徽,-0.012982527351648118,0.012982527351648118,-0.1827750116696247,0.4188647055270324,1,0.012537713395774017,negative,82
economic_inv,open,河南,湖北,-0.012876623752838115,0.012876623752838115,-0.1827750116696247,0.4188647055270324,1,0.012537713395774017,negative,83
economic_inv,open,安徽,辽宁,-0.012867641871343132,0.012867641871343132,-0.1827750116696247,0.4188647055270324,1,0.012537713395774017,negative,84
economic_inv,open,上海,北京,-0.012865488976889515,0.012865488976889515,-0.1827750116696247,0.4188647055270324,1,0.012537713395774017,negative,85
economic_inv,open,河南,河北,-0.012765932058531698,0.012765932058531698,-0.1827750116696247,0.4188647055270324,1,0.012537713395774017,negative,86
economic_inv,open,贵州,黑龙江,-0.012596814846626465,0.012596814846626465,-0.1827750116696247,0.4188647055270324,1,0.012537713395774017,negative,87
economic_inv,open,新疆,吉林,-0.012531146567901521,0.012531146567901521,-0.1827750116696247,0.4188647055270324,0,0.012537713395774017,negative,88
economic_inv,open,甘肃,贵州,-0.012223977773166458,0.012223977773166458,-0.1827750116696247,0.4188647055270324,0,0.012537713395774017,negative,89
economic_inv,open,贵州,云南,-0.012150101414772302,0.012150101414772302,-0.1827750116696247,0.4188647055270324,0,0.012537713395774017,negative,90
economic_inv,open,上海,福建,-0.011990071439145085,0.011990071439145085,-0.1827750116696247,0.4188647055270324,0,0.012537713395774017,negative,91
economic_inv,open,天津,江西,-0.011508767023112897,0.011508767023112897,-0.1827750116696247,0.4188647055270324,0,0.012537713395774017,negative,92
economic_inv,open,广西,江西,-0.01124432893210708,0.01124432893210708,-0.1827750116696247,0.4188647055270324,0,0.012537713395774017,negative,93
economic_inv,open,北京,辽宁,-0.011237035779642185,0.011237035779642185,-0.1827750116696247,0.4188647055270324,0,0.012537713395774017,negative,94
economic_inv,open,黑龙江,吉林,-0.01122130386825425,0.01122130386825425,-0.1827750116696247,0.4188647055270324,0,0.012537713395774017,negative,95
economic_inv,open,辽宁,北京,-0.01113589770805977,0.01113589770805977,-0.1827750116696247,0.4188647055270324,0,0.012537713395774017,negative,96
economic_inv,open,江西,天津,-0.010992153363526668,0.010992153363526668,-0.1827750116696247,0.4188647055270324,0,0.012537713395774017,negative,97
economic_inv,open,福建,四川,-0.010860484123968393,0.010860484123968393,-0.1827750116696247,0.4188647055270324,0,0.012537713395774017,negative,98
economic_inv,open,福建,安徽,-0.010799227947855162,0.010799227947855162,-0.1827750116696247,0.4188647055270324,0,0.012537713395774017,negative,99
economic_inv,open,浙江,四川,-0.010623599248742647,0.010623599248742647,-0.1827750116696247,0.4188647055270324,0,0.012537713395774017,negative,100
economic_inv,open,吉林,天津,-0.010540366955102456,0.010540366955102456,-0.1827750116696247,0.4188647055270324,0,0.012537713395774017,negative,101
economic_inv,open,山东,浙江,-0.010447981011502376,0.010447981011502376,-0.1827750116696247,0.4188647055270324,0,0.012537713395774017,negative,102
economic_inv,open,陕西,天津,-0.010298419841113036,0.010298419841113036,-0.1827750116696247,0.4188647055270324,0,0.012537713395774017,negative,103
economic_inv,open,四川,福建,-0.010209353404757157,0.010209353404757157,-0.1827750116696247,0.4188647055270324,0,0.012537713395774017,negative,104
economic_inv,open,云南,吉林,-0.010194213528240147,0.010194213528240147,-0.1827750116696247,0.4188647055270324,0,0.012537713395774017,negative,105
economic_inv,open,青海,甘肃,-0.01000583079923047,0.01000583079923047,-0.1827750116696247,0.4188647055270324,0,0.012537713395774017,negative,106
economic_inv,open,宁夏,甘肃,-0.009949608967079653,0.009949608967079653,-0.1827750116696247,0.4188647055270324,0,0.012537713395774017,negative,107
economic_inv,open,福建,北京,-0.009933388150343319,0.009933388150343319,-0.1827750116696247,0.4188647055270324,0,0.012537713395774017,negative,108
economic_inv,open,新疆,黑龙江,-0.009812267573002876,0.009812267573002876,-0.1827750116696247,0.4188647055270324,0,0.012537713395774017,negative,109
economic_inv,open,甘肃,山西,-0.00977489055691554,0.00977489055691554,-0.1827750116696247,0.4188647055270324,0,0.012537713395774017,negative,110
economic_inv,open,浙江,湖南,-0.009737277299425265,0.009737277299425265,-0.1827750116696247,0.4188647055270324,0,0.012537713395774017,negative,111
economic_inv,open,浙江,湖北,-0.009671049167808102,0.009671049167808102,-0.1827750116696247,0.4188647055270324,0,0.012537713395774017,negative,112
economic_inv,open,浙江,河北,-0.009625151451596505,0.009625151451596505,-0.1827750116696247,0.4188647055270324,0,0.012537713395774017,negative,113
economic_inv,open,新疆,云南,-0.009603402335705785,0.009603402335705785,-0.1827750116696247,0.4188647055270324,0,0.012537713395774017,negative,114
economic_inv,open,河南,福建,-0.009468454916028726,0.009468454916028726,-0.1827750116696247,0.4188647055270324,0,0.012537713395774017,negative,115
economic_inv,open,重庆,陕西,-0.009433126862782516,0.009433126862782516,-0.1827750116696247,0.4188647055270324,0,0.012537713395774017,negative,116
economic_inv,open,云南,天津,-0.009383596909100471,0.009383596909100471,-0.1827750116696247,0.4188647055270324,0,0.012537713395774017,negative,117
economic_inv,open,天津,吉林,-0.00923086740010587,0.00923086740010587,-0.1827750116696247,0.4188647055270324,0,0.012537713395774017,negative,118
economic_inv,open,山西,天津,-0.009033428310203127,0.009033428310203127,-0.1827750116696247,0.4188647055270324,0,0.012537713395774017,negative,119
economic_inv,open,天津,陕西,-0.009024820338524746,0.009024820338524746,-0.1827750116696247,0.4188647055270324,0,0.012537713395774017,negative,120
economic_inv,open,广西,天津,-0.00902204866593186,0.00902204866593186,-0.1827750116696247,0.4188647055270324,0,0.012537713395774017,negative,121
economic_inv,open,山西,新疆,-0.008852191680006973,0.008852191680006973,-0.1827750116696247,0.4188647055270324,0,0.012537713395774017,negative,122
economic_inv,open,甘肃,吉林,-0.008773008788534969,0.008773008788534969,-0.1827750116696247,0.4188647055270324,0,0.012537713395774017,negative,123
economic_inv,open,新疆,海南,-0.008662260164813298,0.008662260164813298,-0.1827750116696247,0.4188647055270324,0,0.012537713395774017,negative,124
economic_inv,open,黑龙江,天津,-0.00866157880856081,0.00866157880856081,-0.1827750116696247,0.4188647055270324,0,0.012537713395774017,negative,125
economic_inv,open,重庆,云南,-0.008572890831494233,0.008572890831494233,-0.1827750116696247,0.4188647055270324,0,0.012537713395774017,negative,126
economic_inv,open,贵州,天津,-0.008539201490165533,0.008539201490165533,-0.1827750116696247,0.4188647055270324,0,0.012537713395774017,negative,127
economic_inv,open,内蒙古,天津,-0.008475328765083211,0.008475328765083211,-0.1827750116696247,0.4188647055270324,0,0.012537713395774017,negative,128
economic_inv,open,吉林,重庆,-0.008183924826576434,0.008183924826576434,-0.1827750116696247,0.4188647055270324,0,0.012537713395774017,negative,129
economic_inv,open,重庆,黑龙江,-0.008133661159828519,0.008133661159828519,-0.1827750116696247,0.4188647055270324,0,0.012537713395774017,negative,130
economic_inv,open,浙江,福建,-0.008072976044639248,0.008072976044639248,-0.1827750116696247,0.4188647055270324,0,0.012537713395774017,negative,131
economic_inv,open,河南,辽宁,-0.008000663472491195,0.008000663472491195,-0.1827750116696247,0.4188647055270324,0,0.012537713395774017,negative,132
economic_inv,open,湖南,四川,-0.007949342270998227,0.007949342270998227,-0.1827750116696247,0.4188647055270324,0,0.012537713395774017,negative,133
economic_inv,open,山东,河南,-0.007919436216270347,0.007919436216270347,-0.1827750116696247,0.4188647055270324,0,0.012537713395774017,negative,134
economic_inv,open,海南,新疆,-0.007850615693778215,0.007850615693778215,-0.1827750116696247,0.4188647055270324,0,0.012537713395774017,negative,135
economic_inv,open,贵州,甘肃,-0.007825272655087187,0.007825272655087187,-0.1827750116696247,0.4188647055270324,0,0.012537713395774017,negative,136
economic_inv,open,河南,上海,-0.007776114171680596,0.007776114171680596,-0.1827750116696247,0.4188647055270324,0,0.012537713395774017,negative,137
economic_inv,open,新疆,天津,-0.0076593119058028045,0.0076593119058028045,-0.1827750116696247,0.4188647055270324,0,0.012537713395774017,negative,138
economic_inv,open,新疆,宁夏,-0.007657358738582185,0.007657358738582185,-0.1827750116696247,0.4188647055270324,0,0.012537713395774017,negative,139
economic_inv,open,内蒙古,陕西,-0.007657124659867908,0.007657124659867908,-0.1827750116696247,0.4188647055270324,0,0.012537713395774017,negative,140
economic_inv,open,甘肃,黑龙江,-0.007540031580266421,0.007540031580266421,-0.1827750116696247,0.4188647055270324,0,0.012537713395774017,negative,141
economic_inv,open,甘肃,云南,-0.007435283520417043,0.007435283520417043,-0.1827750116696247,0.4188647055270324,0,0.012537713395774017,negative,142
economic_inv,open,山西,重庆,-0.007367143618375671,0.007367143618375671,-0.1827750116696247,0.4188647055270324,0,0.012537713395774017,negative,143
economic_inv,open,贵州,重庆,-0.007333946765762561,0.007333946765762561,-0.1827750116696247,0.4188647055270324,0,0.012537713395774017,negative,144
economic_inv,open,吉林,广西,-0.007294314105991213,0.007294314105991213,-0.1827750116696247,0.4188647055270324,0,0.012537713395774017,negative,145
economic_inv,open,天津,山西,-0.007250992128988286,0.007250992128988286,-0.1827750116696247,0.4188647055270324,0,0.012537713395774017,negative,146
economic_inv,open,浙江,辽宁,-0.00724335102332276,0.00724335102332276,-0.1827750116696247,0.4188647055270324,0,0.012537713395774017,negative,147
economic_inv,open,浙江,上海,-0.007107295433594792,0.007107295433594792,-0.1827750116696247,0.4188647055270324,0,0.012537713395774017,negative,148
economic_inv,open,吉林,内蒙古,-0.00709560788260071,0.00709560788260071,-0.1827750116696247,0.4188647055270324,0,0.012537713395774017,negative,149
economic_inv,open,新疆,青海,-0.007049053493317013,0.007049053493317013,-0.1827750116696247,0.4188647055270324,0,0.012537713395774017,negative,150
economic_inv,open,广西,陕西,-0.0069483853723144124,0.0069483853723144124,-0.1827750116696247,0.4188647055270324,0,0.012537713395774017,negative,151
economic_inv,open,四川,辽宁,-0.006911969591750088,0.006911969591750088,-0.1827750116696247,0.4188647055270324,0,0.012537713395774017,negative,152
economic_inv,open,黑龙江,山西,-0.006897815713057299,0.006897815713057299,-0.1827750116696247,0.4188647055270324,0,0.012537713395774017,negative,153
economic_inv,open,新疆,重庆,-0.006888223603249706,0.006888223603249706,-0.1827750116696247,0.4188647055270324,0,0.012537713395774017,negative,154
economic_inv,open,浙江,山东,-0.00686098569044015,0.00686098569044015,-0.1827750116696247,0.4188647055270324,0,0.012537713395774017,negative,155
economic_inv,open,河南,安徽,-0.0068278162980832165,0.0068278162980832165,-0.1827750116696247,0.4188647055270324,0,0.012537713395774017,negative,156
economic_inv,open,陕西,云南,-0.006824305436822135,0.006824305436822135,-0.1827750116696247,0.4188647055270324,0,0.012537713395774017,negative,157
economic_inv,open,贵州,广西,-0.006809623441414069,0.006809623441414069,-0.1827750116696247,0.4188647055270324,0,0.012537713395774017,negative,158
economic_inv,open,安徽,福建,-0.006763703062764423,0.006763703062764423,-0.1827750116696247,0.4188647055270324,0,0.012537713395774017,negative,159
economic_inv,open,吉林,新疆,-0.006704378371665339,0.006704378371665339,-0.1827750116696247,0.4188647055270324,0,0.012537713395774017,negative,160
economic_inv,open,山西,广西,-0.006693592768741728,0.006693592768741728,-0.1827750116696247,0.4188647055270324,0,0.012537713395774017,negative,161
economic_inv,open,贵州,内蒙古,-0.006686471320437268,0.006686471320437268,-0.1827750116696247,0.4188647055270324,0,0.012537713395774017,negative,162
economic_inv,open,河南,北京,-0.006665776847087751,0.006665776847087751,-0.1827750116696247,0.4188647055270324,0,0.012537713395774017,negative,163
economic_inv,open,江西,云南,-0.006665158530394159,0.006665158530394159,-0.1827750116696247,0.4188647055270324,0,0.012537713395774017,negative,164
economic_inv,open,陕西,黑龙江,-0.006636552755410622,0.006636552755410622,-0.1827750116696247,0.4188647055270324,0,0.012537713395774017,negative,165
economic_inv,open,山西,内蒙古,-0.006539563415121518,0.006539563415121518,-0.1827750116696247,0.4188647055270324,0,0.012537713395774017,negative,166
economic_inv,open,新疆,广西,-0.0065296183425972865,0.0065296183425972865,-0.1827750116696247,0.4188647055270324,0,0.012537713395774017,negative,167
economic_inv,open,四川,上海,-0.006519718678504766,0.006519718678504766,-0.1827750116696247,0.4188647055270324,0,0.012537713395774017,negative,168
economic_inv,open,浙江,安徽,-0.006502849061241767,0.006502849061241767,-0.1827750116696247,0.4188647055270324,0,0.012537713395774017,negative,169
economic_inv,open,云南,山西,-0.0064944305493968395,0.0064944305493968395,-0.1827750116696247,0.4188647055270324,0,0.012537713395774017,negative,170
economic_inv,open,江西,黑龙江,-0.006452158958734722,0.006452158958734722,-0.1827750116696247,0.4188647055270324,0,0.012537713395774017,negative,171
economic_inv,open,新疆,内蒙古,-0.006443202241434174,0.006443202241434174,-0.1827750116696247,0.4188647055270324,0,0.012537713395774017,negative,172
economic_inv,open,浙江,北京,-0.006394445354748282,0.006394445354748282,-0.1827750116696247,0.4188647055270324,0,0.012537713395774017,negative,173
economic_inv,open,四川,河南,-0.006379509383101462,0.006379509383101462,-0.1827750116696247,0.4188647055270324,0,0.012537713395774017,negative,174
economic_inv,open,甘肃,天津,-0.006378635102471034,0.006378635102471034,-0.1827750116696247,0.4188647055270324,0,0.012537713395774017,negative,175
economic_inv,open,北京,陕西,-0.006355621882596532,0.006355621882596532,-0.1827750116696247,0.4188647055270324,0,0.012537713395774017,negative,176
economic_inv,open,山东,四川,-0.006348172610945711,0.006348172610945711,-0.1827750116696247,0.4188647055270324,0,0.012537713395774017,negative,177
economic_inv,open,北京,福建,-0.006333970591459213,0.006333970591459213,-0.1827750116696247,0.4188647055270324,0,0.012537713395774017,negative,178
economic_inv,open,山东,湖南,-0.006129249090115375,0.006129249090115375,-0.1827750116696247,0.4188647055270324,0,0.012537713395774017,negative,179
economic_inv,open,山东,湖北,-0.006111948041057511,0.006111948041057511,-0.1827750116696247,0.4188647055270324,0,0.012537713395774017,negative,180
economic_inv,open,山东,河北,-0.006099876443627077,0.006099876443627077,-0.1827750116696247,0.4188647055270324,0,0.012537713395774017,negative,181
economic_inv,open,青海,新疆,-0.006096898226755128,0.006096898226755128,-0.1827750116696247,0.4188647055270324,0,0.012537713395774017,negative,182
economic_inv,open,云南,重庆,-0.006042335891227097,0.006042335891227097,-0.1827750116696247,0.4188647055270324,0,0.012537713395774017,negative,183
economic_inv,open,陕西,北京,-0.005992674800334422,0.005992674800334422,-0.1827750116696247,0.4188647055270324,0,0.012537713395774017,negative,184
economic_inv,open,辽宁,河北,-0.005974258209491387,0.005974258209491387,-0.1827750116696247,0.4188647055270324,0,0.012537713395774017,negative,185
economic_inv,open,甘肃,重庆,-0.005913893041944945,0.005913893041944945,-0.1827750116696247,0.4188647055270324,0,0.012537713395774017,negative,186
economic_inv,open,辽宁,湖北,-0.005889259498550643,0.005889259498550643,-0.1827750116696247,0.4188647055270324,0,0.012537713395774017,negative,187
economic_inv,open,江苏,浙江,-0.005876915433589153,0.005876915433589153,-0.1827750116696247,0.4188647055270324,0,0.012537713395774017,negative,188
economic_inv,open,贵州,江西,-0.005857662984884819,0.005857662984884819,-0.1827750116696247,0.4188647055270324,0,0.012537713395774017,negative,189
economic_inv,open,吉林,江西,-0.005849024392086166,0.005849024392086166,-0.1827750116696247,0.4188647055270324,0,0.012537713395774017,negative,190
economic_inv,open,新疆,江西,-0.005838654531832158,0.005838654531832158,-0.1827750116696247,0.4188647055270324,0,0.012537713395774017,negative,191
economic_inv,open,安徽,陕西,-0.0057778532454460605,0.0057778532454460605,-0.1827750116696247,0.4188647055270324,0,0.012537713395774017,negative,192
economic_inv,open,辽宁,湖南,-0.0057721248107726495,0.0057721248107726495,-0.1827750116696247,0.4188647055270324,0,0.012537713395774017,negative,193
economic_inv,open,海南,贵州,-0.005770056338829914,0.005770056338829914,-0.1827750116696247,0.4188647055270324,0,0.012537713395774017,negative,194
economic_inv,open,黑龙江,重庆,-0.005735426657753541,0.005735426657753541,-0.1827750116696247,0.4188647055270324,0,0.012537713395774017,negative,195
economic_inv,open,宁夏,新疆,-0.005727210407935715,0.005727210407935715,-0.1827750116696247,0.4188647055270324,0,0.012537713395774017,negative,196
economic_inv,open,广东,浙江,-0.005713600995993473,0.005713600995993473,-0.1827750116696247,0.4188647055270324,0,0.012537713395774017,negative,197
economic_inv,open,河北,四川,-0.0057036463355111654,0.0057036463355111654,-0.1827750116696247,0.4188647055270324,0,0.012537713395774017,negative,198
economic_inv,open,甘肃,广西,-0.0056878221097451795,0.0056878221097451795,-0.1827750116696247,0.4188647055270324,0,0.012537713395774017,negative,199
economic_inv,open,山东,福建,-0.005647952091813498,0.005647952091813498,-0.1827750116696247,0.4188647055270324,0,0.012537713395774017,negative,200
economic_inv,open,北京,江西,-0.005646468035591881,0.005646468035591881,-0.1827750116696247,0.4188647055270324,0,0.012537713395774017,negative,201
economic_inv,open,甘肃,内蒙古,-0.005632353832856391,0.005632353832856391,-0.1827750116696247,0.4188647055270324,0,0.012537713395774017,negative,202
economic_inv,open,陕西,安徽,-0.005546461180316014,0.005546461180316014,-0.1827750116696247,0.4188647055270324,0,0.012537713395774017,negative,203
economic_inv,open,山西,江西,-0.005541842035348858,0.005541842035348858,-0.1827750116696247,0.4188647055270324,0,0.012537713395774017,negative,204
economic_inv,open,上海,河北,-0.005482748173359899,0.005482748173359899,-0.1827750116696247,0.4188647055270324,0,0.012537713395774017,negative,205
economic_inv,open,新疆,陕西,-0.005480119029964395,0.005480119029964395,-0.1827750116696247,0.4188647055270324,0,0.012537713395774017,negative,206
economic_inv,open,上海,湖北,-0.005410269561682445,0.005410269561682445,-0.1827750116696247,0.4188647055270324,0,0.012537713395774017,negative,207
economic_inv,open,贵州,陕西,-0.005391655772448468,0.005391655772448468,-0.1827750116696247,0.4188647055270324,0,0.012537713395774017,negative,208
economic_inv,open,重庆,吉林,-0.005382540183431318,0.005382540183431318,-0.1827750116696247,0.4188647055270324,0,0.012537713395774017,negative,209
economic_inv,open,山东,辽宁,-0.0053656116900184375,0.0053656116900184375,-0.1827750116696247,0.4188647055270324,0,0.012537713395774017,negative,210
economic_inv,open,山东,上海,-0.005316107764008529,0.005316107764008529,-0.1827750116696247,0.4188647055270324,0,0.012537713395774017,negative,211
economic_inv,open,上海,湖南,-0.00531014527608009,0.00531014527608009,-0.1827750116696247,0.4188647055270324,0,0.012537713395774017,negative,212
economic_inv,open,浙江,陕西,-0.0052968729707581945,0.0052968729707581945,-0.1827750116696247,0.4188647055270324,0,0.012537713395774017,negative,213
economic_inv,open,天津,贵州,-0.005268517837293394,0.005268517837293394,-0.1827750116696247,0.4188647055270324,0,0.012537713395774017,negative,214
economic_inv,open,甘肃,江西,-0.00523308331004578,0.00523308331004578,-0.1827750116696247,0.4188647055270324,0,0.012537713395774017,negative,215
economic_inv,open,吉林,陕西,-0.005210700327143614,0.005210700327143614,-0.1827750116696247,0.4188647055270324,0,0.012537713395774017,negative,216
economic_inv,open,陕西,吉林,-0.005207327674802574,0.005207327674802574,-0.1827750116696247,0.4188647055270324,0,0.012537713395774017,negative,217
economic_inv,open,浙江,江西,-0.005185096416725156,0.005185096416725156,-0.1827750116696247,0.4188647055270324,0,0.012537713395774017,negative,218
economic_inv,open,安徽,江西,-0.005176170658771231,0.005176170658771231,-0.1827750116696247,0.4188647055270324,0,0.012537713395774017,negative,219
economic_inv,open,河南,陕西,-0.005147344826352364,0.005147344826352364,-0.1827750116696247,0.4188647055270324,0,0.012537713395774017,negative,220
economic_inv,open,湖北,四川,-0.00509325718638709,0.00509325718638709,-0.1827750116696247,0.4188647055270324,0,0.012537713395774017,negative,221
economic_inv,open,四川,安徽,-0.005090240085030645,0.005090240085030645,-0.1827750116696247,0.4188647055270324,0,0.012537713395774017,negative,222
economic_inv,open,山东,安徽,-0.00508399308843363,0.00508399308843363,-0.1827750116696247,0.4188647055270324,0,0.012537713395774017,negative,223
economic_inv,open,云南,广西,-0.005059533820251628,0.005059533820251628,-0.1827750116696247,0.4188647055270324,0,0.012537713395774017,negative,224
economic_inv,open,山东,北京,-0.005040126074945751,0.005040126074945751,-0.1827750116696247,0.4188647055270324,0,0.012537713395774017,negative,225
economic_inv,open,浙江,内蒙古,-0.005032787137200641,0.005032787137200641,-0.1827750116696247,0.4188647055270324,0,0.012537713395774017,negative,226
economic_inv,open,浙江,广西,-0.005013961935856427,0.005013961935856427,-0.1827750116696247,0.4188647055270324,0,0.012537713395774017,negative,227
economic_inv,open,山西,陕西,-0.005008970685995768,0.005008970685995768,-0.1827750116696247,0.4188647055270324,0,0.012537713395774017,negative,228
economic_inv,open,河南,江西,-0.005004178473122373,0.005004178473122373,-0.1827750116696247,0.4188647055270324,0,0.012537713395774017,negative,229
economic_inv,open,海南,山西,-0.004996565293997704,0.004996565293997704,-0.1827750116696247,0.4188647055270324,0,0.012537713395774017,negative,230
economic_inv,open,甘肃,陕西,-0.004986595840654844,0.004986595840654844,-0.1827750116696247,0.4188647055270324,0,0.012537713395774017,negative,231
economic_inv,open,福建,陕西,-0.004975168369334258,0.004975168369334258,-0.1827750116696247,0.4188647055270324,0,0.012537713395774017,negative,232
economic_inv,open,浙江,江苏,-0.00496459023755283,0.00496459023755283,-0.1827750116696247,0.4188647055270324,0,0.012537713395774017,negative,233
economic_inv,open,浙江,重庆,-0.004942204274812005,0.004942204274812005,-0.1827750116696247,0.4188647055270324,0,0.012537713395774017,negative,234
economic_inv,open,江西,吉林,-0.004892425202380453,0.004892425202380453,-0.1827750116696247,0.4188647055270324,0,0.012537713395774017,negative,235
economic_inv,open,四川,北京,-0.004877084402350175,0.004877084402350175,-0.1827750116696247,0.4188647055270324,0,0.012537713395774017,negative,236
economic_inv,open,北京,内蒙古,-0.004867568992599317,0.004867568992599317,-0.1827750116696247,0.4188647055270324,0,0.012537713395774017,negative,237
economic_inv,open,云南,内蒙古,-0.004856050921148036,0.004856050921148036,-0.1827750116696247,0.4188647055270324,0,0.012537713395774017,negative,238
economic_inv,open,黑龙江,广西,-0.004842902346864404,0.004842902346864404,-0.1827750116696247,0.4188647055270324,0,0.012537713395774017,negative,239
economic_inv,open,贵州,海南,-0.004834937380291126,0.004834937380291126,-0.1827750116696247,0.4188647055270324,0,0.012537713395774017,negative,240
economic_inv,open,浙江,天津,-0.004815862543202056,0.004815862543202056,-0.1827750116696247,0.4188647055270324,0,0.012537713395774017,negative,241
economic_inv,open,河南,内蒙古,-0.004812227425715227,0.004812227425715227,-0.1827750116696247,0.4188647055270324,0,0.012537713395774017,negative,242
economic_inv,open,山西,甘肃,-0.004809779784863586,0.004809779784863586,-0.1827750116696247,0.4188647055270324,0,0.012537713395774017,negative,243
economic_inv,open,河南,广西,-0.004788749007148347,0.004788749007148347,-0.1827750116696247,0.4188647055270324,0,0.012537713395774017,negative,244
economic_inv,open,北京,广西,-0.004783232629388562,0.004783232629388562,-0.1827750116696247,0.4188647055270324,0,0.012537713395774017,negative,245
economic_inv,open,江苏,河南,-0.004773972185606945,0.004773972185606945,-0.1827750116696247,0.4188647055270324,0,0.012537713395774017,negative,246
economic_inv,open,青海,贵州,-0.004713756252993686,0.004713756252993686,-0.1827750116696247,0.4188647055270324,0,0.012537713395774017,negative,247
economic_inv,open,广东,河南,-0.004706098465759305,0.004706098465759305,-0.1827750116696247,0.4188647055270324,0,0.012537713395774017,negative,248
economic_inv,open,河南,重庆,-0.00469974420630066,0.00469974420630066,-0.1827750116696247,0.4188647055270324,0,0.012537713395774017,negative,249
economic_inv,open,福建,江西,-0.0046816782274901395,0.0046816782274901395,-0.1827750116696247,0.4188647055270324,0,0.012537713395774017,negative,250
economic_inv,open,黑龙江,内蒙古,-0.004656233204256806,0.004656233204256806,-0.1827750116696247,0.4188647055270324,0,0.012537713395774017,negative,251
economic_inv,open,辽宁,四川,-0.004646274586900794,0.004646274586900794,-0.1827750116696247,0.4188647055270324,0,0.012537713395774017,negative,252
economic_inv,open,海南,吉林,-0.004641878351495099,0.004641878351495099,-0.1827750116696247,0.4188647055270324,0,0.012537713395774017,negative,253
economic_inv,open,浙江,云南,-0.004603064489075351,0.004603064489075351,-0.1827750116696247,0.4188647055270324,0,0.012537713395774017,negative,254
economic_inv,open,浙江,广东,-0.004600396482987001,0.004600396482987001,-0.1827750116696247,0.4188647055270324,0,0.012537713395774017,negative,255
economic_inv,open,陕西,山西,-0.004588020497163395,0.004588020497163395,-0.1827750116696247,0.4188647055270324,0,0.012537713395774017,negative,256
economic_inv,open,浙江,黑龙江,-0.004586070147724457,0.004586070147724457,-0.1827750116696247,0.4188647055270324,0,0.012537713395774017,negative,257
economic_inv,open,山东,陕西,-0.00455192232127553,0.00455192232127553,-0.1827750116696247,0.4188647055270324,0,0.012537713395774017,negative,258
economic_inv,open,河南,天津,-0.004544897851847895,0.004544897851847895,-0.1827750116696247,0.4188647055270324,0,0.012537713395774017,negative,259
economic_inv,open,安徽,内蒙古,-0.004503587236901989,0.004503587236901989,-0.1827750116696247,0.4188647055270324,0,0.012537713395774017,negative,260
economic_inv,open,山东,江西,-0.004497212323708929,0.004497212323708929,-0.1827750116696247,0.4188647055270324,0,0.012537713395774017,negative,261
economic_inv,open,北京,重庆,-0.004481812045013944,0.004481812045013944,-0.1827750116696247,0.4188647055270324,0,0.012537713395774017,negative,262
economic_inv,open,江西,北京,-0.004456167282070983,0.004456167282070983,-0.1827750116696247,0.4188647055270324,0,0.012537713395774017,negative,263
economic_inv,open,重庆,山西,-0.004441021085970898,0.004441021085970898,-0.1827750116696247,0.4188647055270324,0,0.012537713395774017,negative,264
economic_inv,open,安徽,广西,-0.004430012020785875,0.004430012020785875,-0.1827750116696247,0.4188647055270324,0,0.012537713395774017,negative,265
economic_inv,open,浙江,吉林,-0.0044231600650903365,0.0044231600650903365,-0.1827750116696247,0.4188647055270324,0,0.012537713395774017,negative,266
economic_inv,open,山东,内蒙古,-0.004421007968321502,0.004421007968321502,-0.1827750116696247,0.4188647055270324,0,0.012537713395774017,negative,267
economic_inv,open,山东,广西,-0.00441145348567412,0.00441145348567412,-0.1827750116696247,0.4188647055270324,0,0.012537713395774017,negative,268
economic_inv,open,贵州,宁夏,-0.004409612104427622,0.004409612104427622,-0.1827750116696247,0.4188647055270324,0,0.012537713395774017,negative,269
economic_inv,open,山东,重庆,-0.004374754330838951,0.004374754330838951,-0.1827750116696247,0.4188647055270324,0,0.012537713395774017,negative,270
economic_inv,open,宁夏,贵州,-0.004342914086356825,0.004342914086356825,-0.1827750116696247,0.4188647055270324,0,0.012537713395774017,negative,271
economic_inv,open,上海,四川,-0.004333181759731864,0.004333181759731864,-0.1827750116696247,0.4188647055270324,0,0.012537713395774017,negative,272
economic_inv,open,浙江,山西,-0.0043268217685387125,0.0043268217685387125,-0.1827750116696247,0.4188647055270324,0,0.012537713395774017,negative,273
economic_inv,open,福建,内蒙古,-0.004316500583624622,0.004316500583624622,-0.1827750116696247,0.4188647055270324,0,0.012537713395774017,negative,274
economic_inv,open,山东,天津,-0.004309042936810201,0.004309042936810201,-0.1827750116696247,0.4188647055270324,0,0.012537713395774017,negative,275
economic_inv,open,河南,云南,-0.004289327522164601,0.004289327522164601,-0.1827750116696247,0.4188647055270324,0,0.012537713395774017,negative,276
economic_inv,open,福建,广西,-0.004273890238149687,0.004273890238149687,-0.1827750116696247,0.4188647055270324,0,0.012537713395774017,negative,277
economic_inv,open,河南,黑龙江,-0.00426919480682028,0.00426919480682028,-0.1827750116696247,0.4188647055270324,0,0.012537713395774017,negative,278
economic_inv,open,江西,山西,-0.0042486695523832425,0.0042486695523832425,-0.1827750116696247,0.4188647055270324,0,0.012537713395774017,negative,279
economic_inv,open,上海,陕西,-0.004196248963679071,0.004196248963679071,-0.1827750116696247,0.4188647055270324,0,0.012537713395774017,negative,280
economic_inv,open,山东,云南,-0.004195090707341326,0.004195090707341326,-0.1827750116696247,0.4188647055270324,0,0.012537713395774017,negative,281
economic_inv,open,山东,黑龙江,-0.004185807643315002,0.004185807643315002,-0.1827750116696247,0.4188647055270324,0,0.012537713395774017,negative,282
economic_inv,open,福建,河南,-0.00417657082706145,0.00417657082706145,-0.1827750116696247,0.4188647055270324,0,0.012537713395774017,negative,283
economic_inv,open,海南,黑龙江,-0.004169651473282729,0.004169651473282729,-0.1827750116696247,0.4188647055270324,0,0.012537713395774017,negative,284
economic_inv,open,浙江,贵州,-0.004167573978083777,0.004167573978083777,-0.1827750116696247,0.4188647055270324,0,0.012537713395774017,negative,285
economic_inv,open,安徽,重庆,-0.004165836997632116,0.004165836997632116,-0.1827750116696247,0.4188647055270324,0,0.012537713395774017,negative,286
economic_inv,open,青海,山西,-0.004162201930224008,0.004162201930224008,-0.1827750116696247,0.4188647055270324,0,0.012537713395774017,negative,287
economic_inv,open,江西,安徽,-0.004158914671781061,0.004158914671781061,-0.1827750116696247,0.4188647055270324,0,0.012537713395774017,negative,288
economic_inv,open,广西,云南,-0.0041574577424905775,0.0041574577424905775,-0.1827750116696247,0.4188647055270324,0,0.012537713395774017,negative,289
economic_inv,open,贵州,青海,-0.004138779384372004,0.004138779384372004,-0.1827750116696247,0.4188647055270324,0,0.012537713395774017,negative,290
economic_inv,open,海南,云南,-0.004127560174082826,0.004127560174082826,-0.1827750116696247,0.4188647055270324,0,0.012537713395774017,negative,291
economic_inv,open,福建,重庆,-0.004116168025593175,0.004116168025593175,-0.1827750116696247,0.4188647055270324,0,0.012537713395774017,negative,292
economic_inv,open,黑龙江,贵州,-0.004115763974200673,0.004115763974200673,-0.1827750116696247,0.4188647055270324,0,0.012537713395774017,negative,293
economic_inv,open,山东,吉林,-0.0040954001633885205,0.0040954001633885205,-0.1827750116696247,0.4188647055270324,0,0.012537713395774017,negative,294
economic_inv,open,内蒙古,云南,-0.004089310433796723,0.004089310433796723,-0.1827750116696247,0.4188647055270324,0,0.012537713395774017,negative,295
economic_inv,open,河南,吉林,-0.004078234388843167,0.004078234388843167,-0.1827750116696247,0.4188647055270324,0,0.012537713395774017,negative,296
economic_inv,open,安徽,河北,-0.004055255825874574,0.004055255825874574,-0.1827750116696247,0.4188647055270324,0,0.012537713395774017,negative,297
economic_inv,open,山东,山西,-0.004040698040576907,0.004040698040576907,-0.1827750116696247,0.4188647055270324,0,0.012537713395774017,negative,298
economic_inv,open,陕西,上海,-0.004038084853092232,0.004038084853092232,-0.1827750116696247,0.4188647055270324,0,0.012537713395774017,negative,299
economic_inv,open,辽宁,陕西,-0.004023016676304253,0.004023016676304253,-0.1827750116696247,0.4188647055270324,0,0.012537713395774017,negative,300
economic_inv,open,北京,天津,-0.004017708075416368,0.004017708075416368,-0.1827750116696247,0.4188647055270324,0,0.012537713395774017,negative,301
economic_inv,open,安徽,湖北,-0.004015564753685937,0.004015564753685937,-0.1827750116696247,0.4188647055270324,0,0.012537713395774017,negative,302
economic_inv,open,江苏,四川,-0.004005211409579754,0.004005211409579754,-0.1827750116696247,0.4188647055270324,0,0.012537713395774017,negative,303
economic_inv,open,广东,四川,-0.003987061499376505,0.003987061499376505,-0.1827750116696247,0.4188647055270324,0,0.012537713395774017,negative,304
economic_inv,open,广西,黑龙江,-0.003977598730940149,0.003977598730940149,-0.1827750116696247,0.4188647055270324,0,0.012537713395774017,negative,305
economic_inv,open,云南,贵州,-0.003967962275002271,0.003967962275002271,-0.1827750116696247,0.4188647055270324,0,0.012537713395774017,negative,306
economic_inv,open,河南,山西,-0.003967014150859792,0.003967014150859792,-0.1827750116696247,0.4188647055270324,0,0.012537713395774017,negative,307
economic_inv,open,安徽,湖南,-0.003960277922429825,0.003960277922429825,-0.1827750116696247,0.4188647055270324,0,0.012537713395774017,negative,308
economic_inv,open,吉林,甘肃,-0.0039565795618303765,0.0039565795618303765,-0.1827750116696247,0.4188647055270324,0,0.012537713395774017,negative,309
economic_inv,open,山东,贵州,-0.003948179553430165,0.003948179553430165,-0.1827750116696247,0.4188647055270324,0,0.012537713395774017,negative,310
economic_inv,open,北京,河北,-0.003923573436754367,0.003923573436754367,-0.1827750116696247,0.4188647055270324,0,0.012537713395774017,negative,311
economic_inv,open,浙江,新疆,-0.003920547343963232,0.003920547343963232,-0.1827750116696247,0.4188647055270324,0,0.012537713395774017,negative,312
economic_inv,open,内蒙古,黑龙江,-0.003919218604891589,0.003919218604891589,-0.1827750116696247,0.4188647055270324,0,0.012537713395774017,negative,313
economic_inv,open,青海,吉林,-0.003901958358453551,0.003901958358453551,-0.1827750116696247,0.4188647055270324,0,0.012537713395774017,negative,314
economic_inv,open,江苏,湖南,-0.003892373203485687,0.003892373203485687,-0.1827750116696247,0.4188647055270324,0,0.012537713395774017,negative,315
economic_inv,open,北京,湖北,-0.0038870607124326683,0.0038870607124326683,-0.1827750116696247,0.4188647055270324,0,0.012537713395774017,negative,316
economic_inv,open,江苏,湖北,-0.003883392897236342,0.003883392897236342,-0.1827750116696247,0.4188647055270324,0,0.012537713395774017,negative,317
economic_inv,open,广东,湖南,-0.003880330806836117,0.003880330806836117,-0.1827750116696247,0.4188647055270324,0,0.012537713395774017,negative,318
economic_inv,open,江苏,河北,-0.0038771214954813,0.0038771214954813,-0.1827750116696247,0.4188647055270324,0,0.012537713395774017,negative,319
economic_inv,open,广东,湖北,-0.003871823325369405,0.003871823325369405,-0.1827750116696247,0.4188647055270324,0,0.012537713395774017,negative,320
economic_inv,open,上海,江西,-0.003868834075756332,0.003868834075756332,-0.1827750116696247,0.4188647055270324,0,0.012537713395774017,negative,321
economic_inv,open,广东,河北,-0.0038658809610232375,0.0038658809610232375,-0.1827750116696247,0.4188647055270324,0,0.012537713395774017,negative,322
economic_inv,open,福建,天津,-0.003855360572155846,0.003855360572155846,-0.1827750116696247,0.4188647055270324,0,0.012537713395774017,negative,323
economic_inv,open,北京,湖南,-0.003836141864075206,0.003836141864075206,-0.1827750116696247,0.4188647055270324,0,0.012537713395774017,negative,324
economic_inv,open,陕西,辽宁,-0.0038277275918154737,0.0038277275918154737,-0.1827750116696247,0.4188647055270324,0,0.012537713395774017,negative,325
economic_inv,open,河南,山东,-0.0038080076946950254,0.0038080076946950254,-0.1827750116696247,0.4188647055270324,0,0.012537713395774017,negative,326
economic_inv,open,宁夏,山西,-0.0038056128259054984,0.0038056128259054984,-0.1827750116696247,0.4188647055270324,0,0.012537713395774017,negative,327
economic_inv,open,山东,新疆,-0.0037992560124535772,0.0037992560124535772,-0.1827750116696247,0.4188647055270324,0,0.012537713395774017,negative,328
economic_inv,open,陕西,贵州,-0.0037959927877894368,0.0037959927877894368,-0.1827750116696247,0.4188647055270324,0,0.012537713395774017,negative,329
economic_inv,open,河南,贵州,-0.0037858792306682707,0.0037858792306682707,-0.1827750116696247,0.4188647055270324,0,0.012537713395774017,negative,330
economic_inv,open,安徽,天津,-0.0037553300918738066,0.0037553300918738066,-0.1827750116696247,0.4188647055270324,0,0.012537713395774017,negative,331
economic_inv,open,辽宁,江西,-0.003724256004220216,0.003724256004220216,-0.1827750116696247,0.4188647055270324,0,0.012537713395774017,negative,332
economic_inv,open,云南,江西,-0.0036937962925991177,0.0036937962925991177,-0.1827750116696247,0.4188647055270324,0,0.012537713395774017,negative,333
economic_inv,open,海南,天津,-0.0036841006485829786,0.0036841006485829786,-0.1827750116696247,0.4188647055270324,0,0.012537713395774017,negative,334
economic_inv,open,新疆,北京,-0.00368054997589472,0.00368054997589472,-0.1827750116696247,0.4188647055270324,0,0.012537713395774017,negative,335
economic_inv,open,广东,福建,-0.003639580851011386,0.003639580851011386,-0.1827750116696247,0.4188647055270324,0,0.012537713395774017,negative,336
economic_inv,open,江苏,福建,-0.0036390378759983467,0.0036390378759983467,-0.1827750116696247,0.4188647055270324,0,0.012537713395774017,negative,337
economic_inv,open,浙江,甘肃,-0.0036337831917986397,0.0036337831917986397,-0.1827750116696247,0.4188647055270324,0,0.012537713395774017,negative,338
economic_inv,open,甘肃,北京,-0.0036265187272304478,0.0036265187272304478,-0.1827750116696247,0.4188647055270324,0,0.012537713395774017,negative,339
economic_inv,open,山东,甘肃,-0.0036175830276816614,0.0036175830276816614,-0.1827750116696247,0.4188647055270324,0,0.012537713395774017,negative,340
economic_inv,open,天津,新疆,-0.0035887585798622963,0.0035887585798622963,-0.1827750116696247,0.4188647055270324,0,0.012537713395774017,negative,341
economic_inv,open,新疆,安徽,-0.003585818634035141,0.003585818634035141,-0.1827750116696247,0.4188647055270324,0,0.012537713395774017,negative,342
economic_inv,open,黑龙江,江西,-0.003577417274581831,0.003577417274581831,-0.1827750116696247,0.4188647055270324,0,0.012537713395774017,negative,343
economic_inv,open,宁夏,吉林,-0.00355491959199249,0.00355491959199249,-0.1827750116696247,0.4188647055270324,0,0.012537713395774017,negative,344
economic_inv,open,甘肃,安徽,-0.0035486524039634987,0.0035486524039634987,-0.1827750116696247,0.4188647055270324,0,0.012537713395774017,negative,345
economic_inv,open,青海,黑龙江,-0.0035480254797949405,0.0035480254797949405,-0.1827750116696247,0.4188647055270324,0,0.012537713395774017,negative,346
economic_inv,open,青海,云南,-0.0035160559663130475,0.0035160559663130475,-0.1827750116696247,0.4188647055270324,0,0.012537713395774017,negative,347
economic_inv,open,河南,新疆,-0.0035113988742864616,0.0035113988742864616,-0.1827750116696247,0.4188647055270324,0,0.012537713395774017,negative,348
economic_inv,open,广东,辽宁,-0.003494300904265231,0.003494300904265231,-0.1827750116696247,0.4188647055270324,0,0.012537713395774017,negative,349
economic_inv,open,江苏,辽宁,-0.0034869566055575995,0.0034869566055575995,-0.1827750116696247,0.4188647055270324,0,0.012537713395774017,negative,350
economic_inv,open,上海,内蒙古,-0.0034794852905149186,0.0034794852905149186,-0.1827750116696247,0.4188647055270324,0,0.012537713395774017,negative,351
economic_inv,open,海南,重庆,-0.0034774992938167715,0.0034774992938167715,-0.1827750116696247,0.4188647055270324,0,0.012537713395774017,negative,352
economic_inv,open,广东,上海,-0.0034685103227471295,0.0034685103227471295,-0.1827750116696247,0.4188647055270324,0,0.012537713395774017,negative,353
economic_inv,open,江苏,上海,-0.0034600206929229597,0.0034600206929229597,-0.1827750116696247,0.4188647055270324,0,0.012537713395774017,negative,354
economic_inv,open,福建,云南,-0.003459015164988706,0.003459015164988706,-0.1827750116696247,0.4188647055270324,0,0.012537713395774017,negative,355
economic_inv,open,江西,贵州,-0.003451831243721587,0.003451831243721587,-0.1827750116696247,0.4188647055270324,0,0.012537713395774017,negative,356
economic_inv,open,山东,海南,-0.0034394597602024173,0.0034394597602024173,-0.1827750116696247,0.4188647055270324,0,0.012537713395774017,negative,357
economic_inv,open,上海,广西,-0.003435296509857184,0.003435296509857184,-0.1827750116696247,0.4188647055270324,0,0.012537713395774017,negative,358
economic_inv,open,福建,黑龙江,-0.003429448442794375,0.003429448442794375,-0.1827750116696247,0.4188647055270324,0,0.012537713395774017,negative,359
economic_inv,open,重庆,贵州,-0.0033981912268952375,0.0033981912268952375,-0.1827750116696247,0.4188647055270324,0,0.012537713395774017,negative,360
economic_inv,open,山东,宁夏,-0.0033972387506164096,0.0033972387506164096,-0.1827750116696247,0.4188647055270324,0,0.012537713395774017,negative,361
economic_inv,open,安徽,四川,-0.003391415799472725,0.003391415799472725,-0.1827750116696247,0.4188647055270324,0,0.012537713395774017,negative,362
economic_inv,open,北京,云南,-0.003384003420873141,0.003384003420873141,-0.1827750116696247,0.4188647055270324,0,0.012537713395774017,negative,363
economic_inv,open,海南,广西,-0.0033742716024077984,0.0033742716024077984,-0.1827750116696247,0.4188647055270324,0,0.012537713395774017,negative,364
economic_inv,open,浙江,海南,-0.0033670560952093085,0.0033670560952093085,-0.1827750116696247,0.4188647055270324,0,0.012537713395774017,negative,365
economic_inv,open,山东,青海,-0.0033664979445981826,0.0033664979445981826,-0.1827750116696247,0.4188647055270324,0,0.012537713395774017,negative,366
economic_inv,open,辽宁,内蒙古,-0.0033657920299889903,0.0033657920299889903,-0.1827750116696247,0.4188647055270324,0,0.012537713395774017,negative,367
economic_inv,open,海南,内蒙古,-0.003348663104406026,0.003348663104406026,-0.1827750116696247,0.4188647055270324,0,0.012537713395774017,negative,368
economic_inv,open,广东,安徽,-0.0033462904810223166,0.0033462904810223166,-0.1827750116696247,0.4188647055270324,0,0.012537713395774017,negative,369
economic_inv,open,北京,黑龙江,-0.0033398257914924703,0.0033398257914924703,-0.1827750116696247,0.4188647055270324,0,0.012537713395774017,negative,370
economic_inv,open,江苏,安徽,-0.0033326266670824782,0.0033326266670824782,-0.1827750116696247,0.4188647055270324,0,0.012537713395774017,negative,371
economic_inv,open,辽宁,广西,-0.0033248874435026303,0.0033248874435026303,-0.1827750116696247,0.4188647055270324,0,0.012537713395774017,negative,372
economic_inv,open,广东,北京,-0.003322949969350461,0.003322949969350461,-0.1827750116696247,0.4188647055270324,0,0.012537713395774017,negative,373
economic_inv,open,天津,北京,-0.0033197777442531625,0.0033197777442531625,-0.1827750116696247,0.4188647055270324,0,0.012537713395774017,negative,374
economic_inv,open,江苏,北京,-0.003308345527153134,0.003308345527153134,-0.1827750116696247,0.4188647055270324,0,0.012537713395774017,negative,375
economic_inv,open,北京,四川,-0.0033081855145962575,0.0033081855145962575,-0.1827750116696247,0.4188647055270324,0,0.012537713395774017,negative,376
economic_inv,open,浙江,宁夏,-0.003305808891113702,0.003305808891113702,-0.1827750116696247,0.4188647055270324,0,0.012537713395774017,negative,377
economic_inv,open,贵州,北京,-0.003300800582791944,0.003300800582791944,-0.1827750116696247,0.4188647055270324,0,0.012537713395774017,negative,378
economic_inv,open,上海,重庆,-0.0032739053838114597,0.0032739053838114597,-0.1827750116696247,0.4188647055270324,0,0.012537713395774017,negative,379
economic_inv,open,浙江,青海,-0.0032616747094591056,0.0032616747094591056,-0.1827750116696247,0.4188647055270324,0,0.012537713395774017,negative,380
economic_inv,open,四川,浙江,-0.003225602745392508,0.003225602745392508,-0.1827750116696247,0.4188647055270324,0,0.012537713395774017,negative,381
economic_inv,open,山西,海南,-0.003218168127028419,0.003218168127028419,-0.1827750116696247,0.4188647055270324,0,0.012537713395774017,negative,382
economic_inv,open,湖南,福建,-0.0032170124728185543,0.0032170124728185543,-0.1827750116696247,0.4188647055270324,0,0.012537713395774017,negative,383
economic_inv,open,宁夏,黑龙江,-0.0032168358937533638,0.0032168358937533638,-0.1827750116696247,0.4188647055270324,0,0.012537713395774017,negative,384
economic_inv,open,四川,陕西,-0.003207525054758007,0.003207525054758007,-0.1827750116696247,0.4188647055270324,0,0.012537713395774017,negative,385
economic_inv,open,甘肃,上海,-0.0032035819768853734,0.0032035819768853734,-0.1827750116696247,0.4188647055270324,0,0.012537713395774017,negative,386
economic_inv,open,河南,甘肃,-0.0032022905947028217,0.0032022905947028217,-0.1827750116696247,0.4188647055270324,0,0.012537713395774017,negative,387
economic_inv,open,贵州,安徽,-0.0032009373063657002,0.0032009373063657002,-0.1827750116696247,0.4188647055270324,0,0.012537713395774017,negative,388
economic_inv,open,安徽,云南,-0.003187339680423256,0.003187339680423256,-0.1827750116696247,0.4188647055270324,0,0.012537713395774017,negative,389
economic_inv,open,宁夏,云南,-0.0031864589036339156,0.0031864589036339156,-0.1827750116696247,0.4188647055270324,0,0.012537713395774017,negative,390
economic_inv,open,新疆,上海,-0.0031757643154513844,0.0031757643154513844,-0.1827750116696247,0.4188647055270324,0,0.012537713395774017,negative,391
economic_inv,open,辽宁,重庆,-0.003175105518977711,0.003175105518977711,-0.1827750116696247,0.4188647055270324,0,0.012537713395774017,negative,392
economic_inv,open,青海,天津,-0.0031749309939947375,0.0031749309939947375,-0.1827750116696247,0.4188647055270324,0,0.012537713395774017,negative,393
economic_inv,open,云南,陕西,-0.003165503998566408,0.003165503998566408,-0.1827750116696247,0.4188647055270324,0,0.012537713395774017,negative,394
economic_inv,open,海南,江西,-0.003160975280321871,0.003160975280321871,-0.1827750116696247,0.4188647055270324,0,0.012537713395774017,negative,395
economic_inv,open,福建,吉林,-0.0031599884807040996,0.0031599884807040996,-0.1827750116696247,0.4188647055270324,0,0.012537713395774017,negative,396
economic_inv,open,天津,安徽,-0.0031591159062191775,0.0031591159062191775,-0.1827750116696247,0.4188647055270324,0,0.012537713395774017,negative,397
economic_inv,open,安徽,黑龙江,-0.0031474172219386224,0.0031474172219386224,-0.1827750116696247,0.4188647055270324,0,0.012537713395774017,negative,398
economic_inv,open,甘肃,辽宁,-0.0031418441033853753,0.0031418441033853753,-0.1827750116696247,0.4188647055270324,0,0.012537713395774017,negative,399
economic_inv,open,江西,上海,-0.003116134900936054,0.003116134900936054,-0.1827750116696247,0.4188647055270324,0,0.012537713395774017,negative,400
economic_inv,open,新疆,辽宁,-0.003104034071949239,0.003104034071949239,-0.1827750116696247,0.4188647055270324,0,0.012537713395774017,negative,401
economic_inv,open,黑龙江,陕西,-0.003079846310272306,0.003079846310272306,-0.1827750116696247,0.4188647055270324,0,0.012537713395774017,negative,402
economic_inv,open,四川,江西,-0.0030753061556665806,0.0030753061556665806,-0.1827750116696247,0.4188647055270324,0,0.012537713395774017,negative,403
economic_inv,open,广东,陕西,-0.0030578351759355947,0.0030578351759355947,-0.1827750116696247,0.4188647055270324,0,0.012537713395774017,negative,404
economic_inv,open,海南,陕西,-0.0030420842114245706,0.0030420842114245706,-0.1827750116696247,0.4188647055270324,0,0.012537713395774017,negative,405
economic_inv,open,江苏,陕西,-0.0030336097181927857,0.0030336097181927857,-0.1827750116696247,0.4188647055270324,0,0.012537713395774017,negative,406
economic_inv,open,广东,江西,-0.0030274992128188545,0.0030274992128188545,-0.1827750116696247,0.4188647055270324,0,0.012537713395774017,negative,407
economic_inv,open,上海,天津,-0.0030143144725706178,0.0030143144725706178,-0.1827750116696247,0.4188647055270324,0,0.012537713395774017,negative,408
economic_inv,open,青海,重庆,-0.0030132713858799336,0.0030132713858799336,-0.1827750116696247,0.4188647055270324,0,0.012537713395774017,negative,409
economic_inv,open,福建,山西,-0.003011668448367304,0.003011668448367304,-0.1827750116696247,0.4188647055270324,0,0.012537713395774017,negative,410
economic_inv,open,江苏,江西,-0.003002296937241516,0.003002296937241516,-0.1827750116696247,0.4188647055270324,0,0.012537713395774017,negative,411
economic_inv,open,陕西,福建,-0.0029912249764610117,0.0029912249764610117,-0.1827750116696247,0.4188647055270324,0,0.012537713395774017,negative,412
economic_inv,open,广东,内蒙古,-0.0029850295326533612,0.0029850295326533612,-0.1827750116696247,0.4188647055270324,0,0.012537713395774017,negative,413
economic_inv,open,广东,广西,-0.002979686908118084,0.002979686908118084,-0.1827750116696247,0.4188647055270324,0,0.012537713395774017,negative,414
economic_inv,open,山西,宁夏,-0.002970093451500258,0.002970093451500258,-0.1827750116696247,0.4188647055270324,0,0.012537713395774017,negative,415
economic_inv,open,江西,辽宁,-0.00296586015181899,0.00296586015181899,-0.1827750116696247,0.4188647055270324,0,0.012537713395774017,negative,416
economic_inv,open,广东,重庆,-0.002959128646757103,0.002959128646757103,-0.1827750116696247,0.4188647055270324,0,0.012537713395774017,negative,417
economic_inv,open,江苏,内蒙古,-0.0029585023443523635,0.0029585023443523635,-0.1827750116696247,0.4188647055270324,0,0.012537713395774017,negative,418
economic_inv,open,北京,吉林,-0.002954982000522459,0.002954982000522459,-0.1827750116696247,0.4188647055270324,0,0.012537713395774017,negative,419
economic_inv,open,河南,江苏,-0.0029529987621343735,0.0029529987621343735,-0.1827750116696247,0.4188647055270324,0,0.012537713395774017,negative,420
economic_inv,open,江苏,广西,-0.002952996564249627,0.002952996564249627,-0.1827750116696247,0.4188647055270324,0,0.012537713395774017,negative,421
economic_inv,open,辽宁,天津,-0.0029329096950959847,0.0029329096950959847,-0.1827750116696247,0.4188647055270324,0,0.012537713395774017,negative,422
economic_inv,open,青海,广西,-0.0029318344957039617,0.0029318344957039617,-0.1827750116696247,0.4188647055270324,0,0.012537713395774017,negative,423
economic_inv,open,江苏,重庆,-0.0029318178087111343,0.0029318178087111343,-0.1827750116696247,0.4188647055270324,0,0.012537713395774017,negative,424
economic_inv,open,陕西,新疆,-0.0029300599618045193,0.0029300599618045193,-0.1827750116696247,0.4188647055270324,0,0.012537713395774017,negative,425
economic_inv,open,河南,海南,-0.0029235620679891605,0.0029235620679891605,-0.1827750116696247,0.4188647055270324,0,0.012537713395774017,negative,426
economic_inv,open,广东,天津,-0.0029221707842656025,0.0029221707842656025,-0.1827750116696247,0.4188647055270324,0,0.012537713395774017,negative,427
economic_inv,open,青海,内蒙古,-0.0029115626840105573,0.0029115626840105573,-0.1827750116696247,0.4188647055270324,0,0.012537713395774017,negative,428
economic_inv,open,四川,内蒙古,-0.002903651863602521,0.002903651863602521,-0.1827750116696247,0.4188647055270324,0,0.012537713395774017,negative,429
economic_inv,open,江苏,天津,-0.002893773687234508,0.002893773687234508,-0.1827750116696247,0.4188647055270324,0,0.012537713395774017,negative,430
economic_inv,open,四川,广西,-0.002883082895295206,0.002883082895295206,-0.1827750116696247,0.4188647055270324,0,0.012537713395774017,negative,431
economic_inv,open,宁夏,天津,-0.002863970368170645,0.002863970368170645,-0.1827750116696247,0.4188647055270324,0,0.012537713395774017,negative,432
economic_inv,open,河南,宁夏,-0.0028607134919068967,0.0028607134919068967,-0.1827750116696247,0.4188647055270324,0,0.012537713395774017,negative,433
economic_inv,open,广东,云南,-0.0028576286604831093,0.0028576286604831093,-0.1827750116696247,0.4188647055270324,0,0.012537713395774017,negative,434
economic_inv,open,广东,黑龙江,-0.0028523453050092965,0.0028523453050092965,-0.1827750116696247,0.4188647055270324,0,0.012537713395774017,negative,435
economic_inv,open,甘肃,福建,-0.0028472785624894807,0.0028472785624894807,-0.1827750116696247,0.4188647055270324,0,0.012537713395774017,negative,436
economic_inv,open,山西,北京,-0.0028369716319764362,0.0028369716319764362,-0.1827750116696247,0.4188647055270324,0,0.012537713395774017,negative,437
economic_inv,open,江苏,云南,-0.0028274244326944543,0.0028274244326944543,-0.1827750116696247,0.4188647055270324,0,0.012537713395774017,negative,438
economic_inv,open,江苏,黑龙江,-0.0028219982015308402,0.0028219982015308402,-0.1827750116696247,0.4188647055270324,0,0.012537713395774017,negative,439
economic_inv,open,河南,青海,-0.0028156872138959564,0.0028156872138959564,-0.1827750116696247,0.4188647055270324,0,0.012537713395774017,negative,440
economic_inv,open,山西,青海,-0.002809018917906062,0.002809018917906062,-0.1827750116696247,0.4188647055270324,0,0.012537713395774017,negative,441
economic_inv,open,四川,重庆,-0.002805928429597476,0.002805928429597476,-0.1827750116696247,0.4188647055270324,0,0.012537713395774017,negative,442
economic_inv,open,广东,吉林,-0.0028006885775790345,0.0028006885775790345,-0.1827750116696247,0.4188647055270324,0,0.012537713395774017,negative,443
economic_inv,open,安徽,吉林,-0.002797820890043062,0.002797820890043062,-0.1827750116696247,0.4188647055270324,0,0.012537713395774017,negative,444
economic_inv,open,河北,福建,-0.002788040882608281,0.002788040882608281,-0.1827750116696247,0.4188647055270324,0,0.012537713395774017,negative,445
economic_inv,open,吉林,北京,-0.0027880380037323465,0.0027880380037323465,-0.1827750116696247,0.4188647055270324,0,0.012537713395774017,negative,446
economic_inv,open,福建,贵州,-0.002782539753992552,0.002782539753992552,-0.1827750116696247,0.4188647055270324,0,0.012537713395774017,negative,447
economic_inv,open,重庆,北京,-0.002781141836497687,0.002781141836497687,-0.1827750116696247,0.4188647055270324,0,0.012537713395774017,negative,448
economic_inv,open,贵州,上海,-0.002779135528884966,0.002779135528884966,-0.1827750116696247,0.4188647055270324,0,0.012537713395774017,negative,449
economic_inv,open,广西,吉林,-0.002778465579199106,0.002778465579199106,-0.1827750116696247,0.4188647055270324,0,0.012537713395774017,negative,450
economic_inv,open,河南,广东,-0.0027745705799020796,0.0027745705799020796,-0.1827750116696247,0.4188647055270324,0,0.012537713395774017,negative,451
economic_inv,open,内蒙古,吉林,-0.002769871844150325,0.002769871844150325,-0.1827750116696247,0.4188647055270324,0,0.012537713395774017,negative,452
economic_inv,open,广东,山西,-0.0027692538111728075,0.0027692538111728075,-0.1827750116696247,0.4188647055270324,0,0.012537713395774017,negative,453
economic_inv,open,江苏,吉林,-0.0027689847741738196,0.0027689847741738196,-0.1827750116696247,0.4188647055270324,0,0.012537713395774017,negative,454
economic_inv,open,新疆,福建,-0.002768363469637459,0.002768363469637459,-0.1827750116696247,0.4188647055270324,0,0.012537713395774017,negative,455
economic_inv,open,青海,江西,-0.002762142220501942,0.002762142220501942,-0.1827750116696247,0.4188647055270324,0,0.012537713395774017,negative,456
economic_inv,open,北京,山西,-0.002755936415301164,0.002755936415301164,-0.1827750116696247,0.4188647055270324,0,0.012537713395774017,negative,457
economic_inv,open,山西,安徽,-0.0027413401442083016,0.0027413401442083016,-0.1827750116696247,0.4188647055270324,0,0.012537713395774017,negative,458
economic_inv,open,吉林,海南,-0.002740242304182076,0.002740242304182076,-0.1827750116696247,0.4188647055270324,0,0.012537713395774017,negative,459
economic_inv,open,江苏,山西,-0.002736760097737952,0.002736760097737952,-0.1827750116696247,0.4188647055270324,0,0.012537713395774017,negative,460
economic_inv,open,广东,贵州,-0.0027157772642801485,0.0027157772642801485,-0.1827750116696247,0.4188647055270324,0,0.012537713395774017,negative,461
economic_inv,open,宁夏,重庆,-0.0027121847022431884,0.0027121847022431884,-0.1827750116696247,0.4188647055270324,0,0.012537713395774017,negative,462
economic_inv,open,贵州,辽宁,-0.0027070496474381105,0.0027070496474381105,-0.1827750116696247,0.4188647055270324,0,0.012537713395774017,negative,463
economic_inv,open,吉林,安徽,-0.002687512975764769,0.002687512975764769,-0.1827750116696247,0.4188647055270324,0,0.012537713395774017,negative,464
economic_inv,open,江苏,贵州,-0.002682001687013872,0.002682001687013872,-0.1827750116696247,0.4188647055270324,0,0.012537713395774017,negative,465
economic_inv,open,四川,天津,-0.0026747182643397003,0.0026747182643397003,-0.1827750116696247,0.4188647055270324,0,0.012537713395774017,negative,466
economic_inv,open,青海,陕西,-0.0026667146560648567,0.0026667146560648567,-0.1827750116696247,0.4188647055270324,0,0.012537713395774017,negative,467
economic_inv,open,上海,云南,-0.0026362967866928595,0.0026362967866928595,-0.1827750116696247,0.4188647055270324,0,0.012537713395774017,negative,468
economic_inv,open,宁夏,广西,-0.0026359736762517835,0.0026359736762517835,-0.1827750116696247,0.4188647055270324,0,0.012537713395774017,negative,469
economic_inv,open,重庆,安徽,-0.0026318345455515757,0.0026318345455515757,-0.1827750116696247,0.4188647055270324,0,0.012537713395774017,negative,470
economic_inv,open,广东,新疆,-0.0026288687807633775,0.0026288687807633775,-0.1827750116696247,0.4188647055270324,0,0.012537713395774017,negative,471
economic_inv,open,宁夏,内蒙古,-0.0026170288536658823,0.0026170288536658823,-0.1827750116696247,0.4188647055270324,0,0.012537713395774017,negative,472
economic_inv,open,安徽,山西,-0.0026157143466564578,0.0026157143466564578,-0.1827750116696247,0.4188647055270324,0,0.012537713395774017,negative,473
economic_inv,open,江西,新疆,-0.0026128907300382613,0.0026128907300382613,-0.1827750116696247,0.4188647055270324,0,0.012537713395774017,negative,474
economic_inv,open,上海,黑龙江,-0.0026088593021762465,0.0026088593021762465,-0.1827750116696247,0.4188647055270324,0,0.012537713395774017,negative,475
economic_inv,open,福建,浙江,-0.0026074969664993952,0.0026074969664993952,-0.1827750116696247,0.4188647055270324,0,0.012537713395774017,negative,476
economic_inv,open,江苏,新疆,-0.0025931759618203977,0.0025931759618203977,-0.1827750116696247,0.4188647055270324,0,0.012537713395774017,negative,477
economic_inv,open,辽宁,云南,-0.002577376027911897,0.002577376027911897,-0.1827750116696247,0.4188647055270324,0,0.012537713395774017,negative,478
economic_inv,open,辽宁,黑龙江,-0.0025514379892616055,0.0025514379892616055,-0.1827750116696247,0.4188647055270324,0,0.012537713395774017,negative,479
economic_inv,open,吉林,宁夏,-0.002542923784186857,0.002542923784186857,-0.1827750116696247,0.4188647055270324,0,0.012537713395774017,negative,480
economic_inv,open,天津,上海,-0.0025419717768180856,0.0025419717768180856,-0.1827750116696247,0.4188647055270324,0,0.012537713395774017,negative,481
economic_inv,open,广东,甘肃,-0.002521439667810691,0.002521439667810691,-0.1827750116696247,0.4188647055270324,0,0.012537713395774017,negative,482
economic_inv,open,天津,甘肃,-0.0025193347613297504,0.0025193347613297504,-0.1827750116696247,0.4188647055270324,0,0.012537713395774017,negative,483
economic_inv,open,甘肃,河北,-0.0025152540941308426,0.0025152540941308426,-0.1827750116696247,0.4188647055270324,0,0.012537713395774017,negative,484
economic_inv,open,甘肃,湖北,-0.0025080349772814785,0.0025080349772814785,-0.1827750116696247,0.4188647055270324,0,0.012537713395774017,negative,485
economic_inv,open,甘肃,湖南,-0.0024978095142494613,0.0024978095142494613,-0.1827750116696247,0.4188647055270324,0,0.012537713395774017,negative,486
economic_inv,open,江苏,甘肃,-0.0024836600431075956,0.0024836600431075956,-0.1827750116696247,0.4188647055270324,0,0.012537713395774017,negative,487
economic_inv,open,宁夏,江西,-0.0024777097008607295,0.0024777097008607295,-0.1827750116696247,0.4188647055270324,0,0.012537713395774017,negative,488
economic_inv,open,四川,云南,-0.0024661692101916747,0.0024661692101916747,-0.1827750116696247,0.4188647055270324,0,0.012537713395774017,negative,489
economic_inv,open,北京,贵州,-0.002464676076806275,0.002464676076806275,-0.1827750116696247,0.4188647055270324,0,0.012537713395774017,negative,490
economic_inv,open,福建,新疆,-0.0024618882209192687,0.0024618882209192687,-0.1827750116696247,0.4188647055270324,0,0.012537713395774017,negative,491
economic_inv,open,四川,黑龙江,-0.0024501481005810666,0.0024501481005810666,-0.1827750116696247,0.4188647055270324,0,0.012537713395774017,negative,492
economic_inv,open,天津,辽宁,-0.00244543347611064,0.00244543347611064,-0.1827750116696247,0.4188647055270324,0,0.012537713395774017,negative,493
economic_inv,open,黑龙江,新疆,-0.0024346828294939116,0.0024346828294939116,-0.1827750116696247,0.4188647055270324,0,0.012537713395774017,negative,494
economic_inv,open,重庆,新疆,-0.0024238212716315754,0.0024238212716315754,-0.1827750116696247,0.4188647055270324,0,0.012537713395774017,negative,495
economic_inv,open,广东,海南,-0.002414575407929061,0.002414575407929061,-0.1827750116696247,0.4188647055270324,0,0.012537713395774017,negative,496
economic_inv,open,吉林,青海,-0.002413638350658201,0.002413638350658201,-0.1827750116696247,0.4188647055270324,0,0.012537713395774017,negative,497
economic_inv,open,新疆,河北,-0.002402556954190572,0.002402556954190572,-0.1827750116696247,0.4188647055270324,0,0.012537713395774017,negative,498
economic_inv,open,新疆,湖北,-0.0023947461067856755,0.0023947461067856755,-0.1827750116696247,0.4188647055270324,0,0.012537713395774017,negative,499
economic_inv,open,宁夏,陕西,-0.0023890274296244503,0.0023890274296244503,-0.1827750116696247,0.4188647055270324,0,0.012537713395774017,negative,500
economic_inv,open,广东,宁夏,-0.0023890187617317954,0.0023890187617317954,-0.1827750116696247,0.4188647055270324,0,0.012537713395774017,negative,501
economic_inv,open,新疆,湖南,-0.0023836926990978414,0.0023836926990978414,-0.1827750116696247,0.4188647055270324,0,0.012537713395774017,negative,502
economic_inv,open,云南,新疆,-0.0023817493233612803,0.0023817493233612803,-0.1827750116696247,0.4188647055270324,0,0.012537713395774017,negative,503
economic_inv,open,甘肃,四川,-0.0023796124889549778,0.0023796124889549778,-0.1827750116696247,0.4188647055270324,0,0.012537713395774017,negative,504
economic_inv,open,贵州,福建,-0.0023761806341290144,0.0023761806341290144,-0.1827750116696247,0.4188647055270324,0,0.012537713395774017,negative,505
economic_inv,open,江苏,海南,-0.0023750292728923184,0.0023750292728923184,-0.1827750116696247,0.4188647055270324,0,0.012537713395774017,negative,506
economic_inv,open,广东,青海,-0.0023703560311788686,0.0023703560311788686,-0.1827750116696247,0.4188647055270324,0,0.012537713395774017,negative,507
economic_inv,open,上海,吉林,-0.0023634687249495974,0.0023634687249495974,-0.1827750116696247,0.4188647055270324,0,0.012537713395774017,negative,508
economic_inv,open,江西,福建,-0.0023559431665158446,0.0023559431665158446,-0.1827750116696247,0.4188647055270324,0,0.012537713395774017,negative,509
economic_inv,open,江苏,宁夏,-0.002349095731709239,0.002349095731709239,-0.1827750116696247,0.4188647055270324,0,0.012537713395774017,negative,510
economic_inv,open,安徽,贵州,-0.0023476368546739928,0.0023476368546739928,-0.1827750116696247,0.4188647055270324,0,0.012537713395774017,negative,511
economic_inv,open,山西,上海,-0.002344818181024149,0.002344818181024149,-0.1827750116696247,0.4188647055270324,0,0.012537713395774017,negative,512
economic_inv,open,海南,北京,-0.0023410052551320684,0.0023410052551320684,-0.1827750116696247,0.4188647055270324,0,0.012537713395774017,negative,513
economic_inv,open,内蒙古,山西,-0.002339789961873375,0.002339789961873375,-0.1827750116696247,0.4188647055270324,0,0.012537713395774017,negative,514
economic_inv,open,广西,山西,-0.0023368879898553532,0.0023368879898553532,-0.1827750116696247,0.4188647055270324,0,0.012537713395774017,negative,515
economic_inv,open,江苏,青海,-0.002330168863127892,0.002330168863127892,-0.1827750116696247,0.4188647055270324,0,0.012537713395774017,negative,516
economic_inv,open,辽宁,吉林,-0.0023186538938083767,0.0023186538938083767,-0.1827750116696247,0.4188647055270324,0,0.012537713395774017,negative,517
economic_inv,open,湖北,福建,-0.0023070061997875653,0.0023070061997875653,-0.1827750116696247,0.4188647055270324,0,0.012537713395774017,negative,518
economic_inv,open,四川,吉林,-0.002301023657627722,0.002301023657627722,-0.1827750116696247,0.4188647055270324,0,0.012537713395774017,negative,519
economic_inv,open,海南,安徽,-0.002298391813583538,0.002298391813583538,-0.1827750116696247,0.4188647055270324,0,0.012537713395774017,negative,520
economic_inv,open,陕西,河北,-0.0022874066433440704,0.0022874066433440704,-0.1827750116696247,0.4188647055270324,0,0.012537713395774017,negative,521
economic_inv,open,山西,辽宁,-0.002278225904420062,0.002278225904420062,-0.1827750116696247,0.4188647055270324,0,0.012537713395774017,negative,522
economic_inv,open,吉林,上海,-0.0022758584326621795,0.0022758584326621795,-0.1827750116696247,0.4188647055270324,0,0.012537713395774017,negative,523
economic_inv,open,陕西,湖北,-0.0022741982447136142,0.0022741982447136142,-0.1827750116696247,0.4188647055270324,0,0.012537713395774017,negative,524
economic_inv,open,新疆,四川,-0.0022567878102364718,0.0022567878102364718,-0.1827750116696247,0.4188647055270324,0,0.012537713395774017,negative,525
economic_inv,open,陕西,湖南,-0.0022556204451722626,0.0022556204451722626,-0.1827750116696247,0.4188647055270324,0,0.012537713395774017,negative,526
economic_inv,open,陕西,甘肃,-0.002247472150890563,0.002247472150890563,-0.1827750116696247,0.4188647055270324,0,0.012537713395774017,negative,527
economic_inv,open,上海,山西,-0.002231885129480357,0.002231885129480357,-0.1827750116696247,0.4188647055270324,0,0.012537713395774017,negative,528
economic_inv,open,辽宁,河南,-0.0022300717910839706,0.0022300717910839706,-0.1827750116696247,0.4188647055270324,0,0.012537713395774017,negative,529
economic_inv,open,四川,山西,-0.0022164683791510644,0.0022164683791510644,-0.1827750116696247,0.4188647055270324,0,0.012537713395774017,negative,530
economic_inv,open,吉林,辽宁,-0.0022075284352257632,0.0022075284352257632,-0.1827750116696247,0.4188647055270324,0,0.012537713395774017,negative,531
economic_inv,open,辽宁,山西,-0.0021932314009600884,0.0021932314009600884,-0.1827750116696247,0.4188647055270324,0,0.012537713395774017,negative,532
economic_inv,open,上海,河南,-0.0021430409294937096,0.0021430409294937096,-0.1827750116696247,0.4188647055270324,0,0.012537713395774017,negative,533
economic_inv,open,福建,甘肃,-0.0021344147379108356,0.0021344147379108356,-0.1827750116696247,0.4188647055270324,0,0.012537713395774017,negative,534
economic_inv,open,海南,上海,-0.0021060697429869314,0.0021060697429869314,-0.1827750116696247,0.4188647055270324,0,0.012537713395774017,negative,535
economic_inv,open,青海,北京,-0.002091404280308053,0.002091404280308053,-0.1827750116696247,0.4188647055270324,0,0.012537713395774017,negative,536
economic_inv,open,北京,新疆,-0.00208706788972211,0.00208706788972211,-0.1827750116696247,0.4188647055270324,0,0.012537713395774017,negative,537
economic_inv,open,四川,贵州,-0.002082231326824018,0.002082231326824018,-0.1827750116696247,0.4188647055270324,0,0.012537713395774017,negative,538
economic_inv,open,重庆,上海,-0.002073419397964648,0.002073419397964648,-0.1827750116696247,0.4188647055270324,0,0.012537713395774017,negative,539
economic_inv,open,海南,辽宁,-0.002071049568277029,0.002071049568277029,-0.1827750116696247,0.4188647055270324,0,0.012537713395774017,negative,540
economic_inv,open,青海,安徽,-0.002055724884090256,0.002055724884090256,-0.1827750116696247,0.4188647055270324,0,0.012537713395774017,negative,541
economic_inv,open,陕西,四川,-0.00205145644499436,0.00205145644499436,-0.1827750116696247,0.4188647055270324,0,0.012537713395774017,negative,542
economic_inv,open,上海,贵州,-0.0020332873290373004,0.0020332873290373004,-0.1827750116696247,0.4188647055270324,0,0.012537713395774017,negative,543
economic_inv,open,天津,福建,-0.0020313009395834672,0.0020313009395834672,-0.1827750116696247,0.4188647055270324,0,0.012537713395774017,negative,544
economic_inv,open,贵州,河北,-0.0020273055176035447,0.0020273055176035447,-0.1827750116696247,0.4188647055270324,0,0.012537713395774017,negative,545
economic_inv,open,贵州,湖北,-0.0020199848782594897,0.0020199848782594897,-0.1827750116696247,0.4188647055270324,0,0.012537713395774017,negative,546
economic_inv,open,贵州,湖南,-0.0020096342124815646,0.0020096342124815646,-0.1827750116696247,0.4188647055270324,0,0.012537713395774017,negative,547
economic_inv,open,辽宁,贵州,-0.002003135152918867,0.002003135152918867,-0.1827750116696247,0.4188647055270324,0,0.012537713395774017,negative,548
economic_inv,open,安徽,新疆,-0.0019972175112665,0.0019972175112665,-0.1827750116696247,0.4188647055270324,0,0.012537713395774017,negative,549
economic_inv,open,重庆,辽宁,-0.001988173094720755,0.001988173094720755,-0.1827750116696247,0.4188647055270324,0,0.012537713395774017,negative,550
economic_inv,open,山西,福建,-0.001976840343072728,0.001976840343072728,-0.1827750116696247,0.4188647055270324,0,0.012537713395774017,negative,551
economic_inv,open,江西,甘肃,-0.0019741027329380203,0.0019741027329380203,-0.1827750116696247,0.4188647055270324,0,0.012537713395774017,negative,552
economic_inv,open,湖南,辽宁,-0.001926224679161722,0.001926224679161722,-0.1827750116696247,0.4188647055270324,0,0.012537713395774017,negative,553
economic_inv,open,天津,海南,-0.0019046425401291795,0.0019046425401291795,-0.1827750116696247,0.4188647055270324,0,0.012537713395774017,negative,554
economic_inv,open,海南,福建,-0.001901327381238975,0.001901327381238975,-0.1827750116696247,0.4188647055270324,0,0.012537713395774017,negative,555
economic_inv,open,吉林,福建,-0.0019011132362496586,0.0019011132362496586,-0.1827750116696247,0.4188647055270324,0,0.012537713395774017,negative,556
economic_inv,open,青海,上海,-0.0018936583698209773,0.0018936583698209773,-0.1827750116696247,0.4188647055270324,0,0.012537713395774017,negative,557
economic_inv,open,贵州,四川,-0.0018915507502944016,0.0018915507502944016,-0.1827750116696247,0.4188647055270324,0,0.012537713395774017,negative,558
economic_inv,open,四川,新疆,-0.0018866224603023222,0.0018866224603023222,-0.1827750116696247,0.4188647055270324,0,0.012537713395774017,negative,559
economic_inv,open,安徽,河南,-0.001886315736437711,0.001886315736437711,-0.1827750116696247,0.4188647055270324,0,0.012537713395774017,negative,560
economic_inv,open,甘肃,河南,-0.0018843111679123687,0.0018843111679123687,-0.1827750116696247,0.4188647055270324,0,0.012537713395774017,negative,561
economic_inv,open,北京,河南,-0.0018748656062088885,0.0018748656062088885,-0.1827750116696247,0.4188647055270324,0,0.012537713395774017,negative,562
economic_inv,open,福建,海南,-0.0018656476626541642,0.0018656476626541642,-0.1827750116696247,0.4188647055270324,0,0.012537713395774017,negative,563
economic_inv,open,青海,辽宁,-0.0018639630267543736,0.0018639630267543736,-0.1827750116696247,0.4188647055270324,0,0.012537713395774017,negative,564
economic_inv,open,宁夏,北京,-0.001859186262626793,0.001859186262626793,-0.1827750116696247,0.4188647055270324,0,0.012537713395774017,negative,565
economic_inv,open,内蒙古,贵州,-0.001838871856985656,0.001838871856985656,-0.1827750116696247,0.4188647055270324,0,0.012537713395774017,negative,566
economic_inv,open,广西,贵州,-0.0018273766399952505,0.0018273766399952505,-0.1827750116696247,0.4188647055270324,0,0.012537713395774017,negative,567
economic_inv,open,江西,河北,-0.00182696173555765,0.00182696173555765,-0.1827750116696247,0.4188647055270324,0,0.012537713395774017,negative,568
economic_inv,open,宁夏,安徽,-0.0018265955540142263,0.0018265955540142263,-0.1827750116696247,0.4188647055270324,0,0.012537713395774017,negative,569
economic_inv,open,江西,湖北,-0.001816892068821794,0.001816892068821794,-0.1827750116696247,0.4188647055270324,0,0.012537713395774017,negative,570
economic_inv,open,福建,宁夏,-0.0018081779761028292,0.0018081779761028292,-0.1827750116696247,0.4188647055270324,0,0.012537713395774017,negative,571
economic_inv,open,江西,湖南,-0.0018027199310052657,0.0018027199310052657,-0.1827750116696247,0.4188647055270324,0,0.012537713395774017,negative,572
economic_inv,open,陕西,海南,-0.001794672688243774,0.001794672688243774,-0.1827750116696247,0.4188647055270324,0,0.012537713395774017,negative,573
economic_inv,open,天津,宁夏,-0.001794150472397182,0.001794150472397182,-0.1827750116696247,0.4188647055270324,0,0.012537713395774017,negative,574
economic_inv,open,内蒙古,北京,-0.0017927760162029472,0.0017927760162029472,-0.1827750116696247,0.4188647055270324,0,0.012537713395774017,negative,575
economic_inv,open,湖南,上海,-0.0017922667010907573,0.0017922667010907573,-0.1827750116696247,0.4188647055270324,0,0.012537713395774017,negative,576
economic_inv,open,福建,青海,-0.0017676728847630953,0.0017676728847630953,-0.1827750116696247,0.4188647055270324,0,0.012537713395774017,negative,577
economic_inv,open,上海,新疆,-0.0017644956304520632,0.0017644956304520632,-0.1827750116696247,0.4188647055270324,0,0.012537713395774017,negative,578
economic_inv,open,重庆,甘肃,-0.001754165049422681,0.001754165049422681,-0.1827750116696247,0.4188647055270324,0,0.012537713395774017,negative,579
economic_inv,open,辽宁,新疆,-0.0017443105447430623,0.0017443105447430623,-0.1827750116696247,0.4188647055270324,0,0.012537713395774017,negative,580
economic_inv,open,新疆,河南,-0.0017417093368237964,0.0017417093368237964,-0.1827750116696247,0.4188647055270324,0,0.012537713395774017,negative,581
economic_inv,open,北京,甘肃,-0.0017334743260379083,0.0017334743260379083,-0.1827750116696247,0.4188647055270324,0,0.012537713395774017,negative,582
economic_inv,open,天津,青海,-0.001719929476702417,0.001719929476702417,-0.1827750116696247,0.4188647055270324,0,0.012537713395774017,negative,583
economic_inv,open,青海,福建,-0.001719233316944475,0.001719233316944475,-0.1827750116696247,0.4188647055270324,0,0.012537713395774017,negative,584
economic_inv,open,广西,北京,-0.0017190397239497384,0.0017190397239497384,-0.1827750116696247,0.4188647055270324,0,0.012537713395774017,negative,585
economic_inv,open,陕西,宁夏,-0.0017078255543701822,0.0017078255543701822,-0.1827750116696247,0.4188647055270324,0,0.012537713395774017,negative,586
economic_inv,open,海南,河北,-0.0017046419409291501,0.0017046419409291501,-0.1827750116696247,0.4188647055270324,0,0.012537713395774017,negative,587
economic_inv,open,海南,湖北,-0.0017003003260327824,0.0017003003260327824,-0.1827750116696247,0.4188647055270324,0,0.012537713395774017,negative,588
economic_inv,open,海南,湖南,-0.0016941458598671195,0.0016941458598671195,-0.1827750116696247,0.4188647055270324,0,0.012537713395774017,negative,589
economic_inv,open,内蒙古,安徽,-0.0016887264634002433,0.0016887264634002433,-0.1827750116696247,0.4188647055270324,0,0.012537713395774017,negative,590
economic_inv,open,宁夏,上海,-0.0016789498605235605,0.0016789498605235605,-0.1827750116696247,0.4188647055270324,0,0.012537713395774017,negative,591
economic_inv,open,四川,甘肃,-0.0016768883392836236,0.0016768883392836236,-0.1827750116696247,0.4188647055270324,0,0.012537713395774017,negative,592
economic_inv,open,山西,河北,-0.0016664496022303981,0.0016664496022303981,-0.1827750116696247,0.4188647055270324,0,0.012537713395774017,negative,593
economic_inv,open,安徽,甘肃,-0.0016661117960913344,0.0016661117960913344,-0.1827750116696247,0.4188647055270324,0,0.012537713395774017,negative,594
economic_inv,open,山西,湖北,-0.0016600159176502697,0.0016600159176502697,-0.1827750116696247,0.4188647055270324,0,0.012537713395774017,negative,595
economic_inv,open,宁夏,辽宁,-0.0016519661122357152,0.0016519661122357152,-0.1827750116696247,0.4188647055270324,0,0.012537713395774017,negative,596
economic_inv,open,山西,湖南,-0.0016509248196684189,0.0016509248196684189,-0.1827750116696247,0.4188647055270324,0,0.012537713395774017,negative,597
economic_inv,open,陕西,青海,-0.0016484847160504073,0.0016484847160504073,-0.1827750116696247,0.4188647055270324,0,0.012537713395774017,negative,598
economic_inv,open,江西,四川,-0.0016462756454554191,0.0016462756454554191,-0.1827750116696247,0.4188647055270324,0,0.012537713395774017,negative,599
economic_inv,open,天津,河北,-0.0016402128237523338,0.0016402128237523338,-0.1827750116696247,0.4188647055270324,0,0.012537713395774017,negative,600
economic_inv,open,天津,湖北,-0.0016324547864749162,0.0016324547864749162,-0.1827750116696247,0.4188647055270324,0,0.012537713395774017,negative,601
economic_inv,open,河北,辽宁,-0.0016301982977848886,0.0016301982977848886,-0.1827750116696247,0.4188647055270324,0,0.012537713395774017,negative,602
economic_inv,open,重庆,福建,-0.001628700501399964,0.001628700501399964,-0.1827750116696247,0.4188647055270324,0,0.012537713395774017,negative,603
economic_inv,open,海南,四川,-0.0016225932737958663,0.0016225932737958663,-0.1827750116696247,0.4188647055270324,0,0.012537713395774017,negative,604
economic_inv,open,天津,湖南,-0.0016215153691852956,0.0016215153691852956,-0.1827750116696247,0.4188647055270324,0,0.012537713395774017,negative,605
economic_inv,open,广西,安徽,-0.0016208996407111108,0.0016208996407111108,-0.1827750116696247,0.4188647055270324,0,0.012537713395774017,negative,606
economic_inv,open,吉林,河北,-0.0015903152852163721,0.0015903152852163721,-0.1827750116696247,0.4188647055270324,0,0.012537713395774017,negative,607
economic_inv,open,吉林,湖北,-0.0015839236093277967,0.0015839236093277967,-0.1827750116696247,0.4188647055270324,0,0.012537713395774017,negative,608
economic_inv,open,黑龙江,甘肃,-0.0015770657764251194,0.0015770657764251194,-0.1827750116696247,0.4188647055270324,0,0.012537713395774017,negative,609
economic_inv,open,吉林,湖南,-0.0015748953366181823,0.0015748953366181823,-0.1827750116696247,0.4188647055270324,0,0.012537713395774017,negative,610
economic_inv,open,甘肃,浙江,-0.0015656702775728854,0.0015656702775728854,-0.1827750116696247,0.4188647055270324,0,0.012537713395774017,negative,611
economic_inv,open,江西,海南,-0.0015608352824154632,0.0015608352824154632,-0.1827750116696247,0.4188647055270324,0,0.012537713395774017,negative,612
economic_inv,open,云南,甘肃,-0.001554433302644517,0.001554433302644517,-0.1827750116696247,0.4188647055270324,0,0.012537713395774017,negative,613
economic_inv,open,青海,河北,-0.0015498041645956894,0.0015498041645956894,-0.1827750116696247,0.4188647055270324,0,0.012537713395774017,negative,614
economic_inv,open,山西,四川,-0.0015476648666897285,0.0015476648666897285,-0.1827750116696247,0.4188647055270324,0,0.012537713395774017,negative,615
economic_inv,open,青海,湖北,-0.0015460433205118254,0.0015460433205118254,-0.1827750116696247,0.4188647055270324,0,0.012537713395774017,negative,616
economic_inv,open,青海,湖南,-0.0015407105729131102,0.0015407105729131102,-0.1827750116696247,0.4188647055270324,0,0.012537713395774017,negative,617
economic_inv,open,宁夏,福建,-0.001520757963775091,0.001520757963775091,-0.1827750116696247,0.4188647055270324,0,0.012537713395774017,negative,618
economic_inv,open,河北,上海,-0.0015131422188303188,0.0015131422188303188,-0.1827750116696247,0.4188647055270324,0,0.012537713395774017,negative,619
economic_inv,open,上海,甘肃,-0.0015004163796618268,0.0015004163796618268,-0.1827750116696247,0.4188647055270324,0,0.012537713395774017,negative,620
economic_inv,open,天津,四川,-0.001499126421955306,0.001499126421955306,-0.1827750116696247,0.4188647055270324,0,0.012537713395774017,negative,621
economic_inv,open,四川,海南,-0.0014966885960444425,0.0014966885960444425,-0.1827750116696247,0.4188647055270324,0,0.012537713395774017,negative,622
economic_inv,open,辽宁,甘肃,-0.0014882832376694748,0.0014882832376694748,-0.1827750116696247,0.4188647055270324,0,0.012537713395774017,negative,623
economic_inv,open,江西,宁夏,-0.001482500147542087,0.001482500147542087,-0.1827750116696247,0.4188647055270324,0,0.012537713395774017,negative,624
economic_inv,open,云南,北京,-0.0014800550279057355,0.0014800550279057355,-0.1827750116696247,0.4188647055270324,0,0.012537713395774017,negative,625
economic_inv,open,青海,四川,-0.0014785772881319007,0.0014785772881319007,-0.1827750116696247,0.4188647055270324,0,0.012537713395774017,negative,626
economic_inv,open,辽宁,浙江,-0.0014783653881753067,0.0014783653881753067,-0.1827750116696247,0.4188647055270324,0,0.012537713395774017,negative,627
economic_inv,open,吉林,四川,-0.0014726329634050016,0.0014726329634050016,-0.1827750116696247,0.4188647055270324,0,0.012537713395774017,negative,628
economic_inv,open,北京,海南,-0.0014647170973468608,0.0014647170973468608,-0.1827750116696247,0.4188647055270324,0,0.012537713395774017,negative,629
economic_inv,open,黑龙江,北京,-0.001461413003369361,0.001461413003369361,-0.1827750116696247,0.4188647055270324,0,0.012537713395774017,negative,630
economic_inv,open,四川,宁夏,-0.001457164760644269,0.001457164760644269,-0.1827750116696247,0.4188647055270324,0,0.012537713395774017,negative,631
economic_inv,open,上海,浙江,-0.001434239300327419,0.001434239300327419,-0.1827750116696247,0.4188647055270324,0,0.012537713395774017,negative,632
economic_inv,open,江西,青海,-0.0014291452360878725,0.0014291452360878725,-0.1827750116696247,0.4188647055270324,0,0.012537713395774017,negative,633
economic_inv,open,四川,青海,-0.0014290919230791907,0.0014290919230791907,-0.1827750116696247,0.4188647055270324,0,0.012537713395774017,negative,634
economic_inv,open,贵州,河南,-0.0014260855034191051,0.0014260855034191051,-0.1827750116696247,0.4188647055270324,0,0.012537713395774017,negative,635
economic_inv,open,新疆,浙江,-0.0014239398038173308,0.0014239398038173308,-0.1827750116696247,0.4188647055270324,0,0.012537713395774017,negative,636
economic_inv,open,云南,安徽,-0.0014192608742501869,0.0014192608742501869,-0.1827750116696247,0.4188647055270324,0,0.012537713395774017,negative,637
economic_inv,open,安徽,海南,-0.001412500521301216,0.001412500521301216,-0.1827750116696247,0.4188647055270324,0,0.012537713395774017,negative,638
economic_inv,open,北京,宁夏,-0.001409556907348537,0.001409556907348537,-0.1827750116696247,0.4188647055270324,0,0.012537713395774017,negative,639
economic_inv,open,黑龙江,安徽,-0.0014021364574796785,0.0014021364574796785,-0.1827750116696247,0.4188647055270324,0,0.012537713395774017,negative,640
economic_inv,open,北京,青海,-0.001371146029865087,0.001371146029865087,-0.1827750116696247,0.4188647055270324,0,0.012537713395774017,negative,641
economic_inv,open,宁夏,河北,-0.0013677996529915383,0.0013677996529915383,-0.1827750116696247,0.4188647055270324,0,0.012537713395774017,negative,642
economic_inv,open,陕西,河南,-0.0013651026002560107,0.0013651026002560107,-0.1827750116696247,0.4188647055270324,0,0.012537713395774017,negative,643
economic_inv,open,宁夏,湖北,-0.001364412233868286,0.001364412233868286,-0.1827750116696247,0.4188647055270324,0,0.012537713395774017,negative,644
economic_inv,open,湖北,辽宁,-0.0013625629986841637,0.0013625629986841637,-0.1827750116696247,0.4188647055270324,0,0.012537713395774017,negative,645
economic_inv,open,安徽,宁夏,-0.001360239232727315,0.001360239232727315,-0.1827750116696247,0.4188647055270324,0,0.012537713395774017,negative,646
economic_inv,open,宁夏,湖南,-0.0013596095708028682,0.0013596095708028682,-0.1827750116696247,0.4188647055270324,0,0.012537713395774017,negative,647
economic_inv,open,重庆,海南,-0.001350168313799369,0.001350168313799369,-0.1827750116696247,0.4188647055270324,0,0.012537713395774017,negative,648
economic_inv,open,内蒙古,新疆,-0.001345672998657509,0.001345672998657509,-0.1827750116696247,0.4188647055270324,0,0.012537713395774017,negative,649
economic_inv,open,湖南,安徽,-0.0013333899432554672,0.0013333899432554672,-0.1827750116696247,0.4188647055270324,0,0.012537713395774017,negative,650
economic_inv,open,广西,新疆,-0.0013306874599417564,0.0013306874599417564,-0.1827750116696247,0.4188647055270324,0,0.012537713395774017,negative,651
economic_inv,open,安徽,青海,-0.001323804640631174,0.001323804640631174,-0.1827750116696247,0.4188647055270324,0,0.012537713395774017,negative,652
economic_inv,open,北京,浙江,-0.0013169572122900249,0.0013169572122900249,-0.1827750116696247,0.4188647055270324,0,0.012537713395774017,negative,653
economic_inv,open,安徽,浙江,-0.0013154842313187513,0.0013154842313187513,-0.1827750116696247,0.4188647055270324,0,0.012537713395774017,negative,654
economic_inv,open,海南,河南,-0.0013142570873086058,0.0013142570873086058,-0.1827750116696247,0.4188647055270324,0,0.012537713395774017,negative,655
economic_inv,open,内蒙古,上海,-0.0013079178200812711,0.0013079178200812711,-0.1827750116696247,0.4188647055270324,0,0.012537713395774017,negative,656
economic_inv,open,宁夏,四川,-0.001303702600283734,0.001303702600283734,-0.1827750116696247,0.4188647055270324,0,0.012537713395774017,negative,657
economic_inv,open,重庆,河北,-0.0012982169892390015,0.0012982169892390015,-0.1827750116696247,0.4188647055270324,0,0.012537713395774017,negative,658
economic_inv,open,重庆,湖北,-0.0012917471064113457,0.0012917471064113457,-0.1827750116696247,0.4188647055270324,0,0.012537713395774017,negative,659
economic_inv,open,上海,海南,-0.001291137743137244,0.001291137743137244,-0.1827750116696247,0.4188647055270324,0,0.012537713395774017,negative,660
economic_inv,open,辽宁,海南,-0.0012841487253976182,0.0012841487253976182,-0.1827750116696247,0.4188647055270324,0,0.012537713395774017,negative,661
economic_inv,open,重庆,湖南,-0.0012826296882054555,0.0012826296882054555,-0.1827750116696247,0.4188647055270324,0,0.012537713395774017,negative,662
economic_inv,open,重庆,宁夏,-0.001275993532532502,0.001275993532532502,-0.1827750116696247,0.4188647055270324,0,0.012537713395774017,negative,663
economic_inv,open,湖南,北京,-0.0012686427975829692,0.0012686427975829692,-0.1827750116696247,0.4188647055270324,0,0.012537713395774017,negative,664
economic_inv,open,湖北,上海,-0.0012660177882777171,0.0012660177882777171,-0.1827750116696247,0.4188647055270324,0,0.012537713395774017,negative,665
economic_inv,open,四川,山东,-0.0012657328930689978,0.0012657328930689978,-0.1827750116696247,0.4188647055270324,0,0.012537713395774017,negative,666
economic_inv,open,广西,上海,-0.0012600279308801834,0.0012600279308801834,-0.1827750116696247,0.4188647055270324,0,0.012537713395774017,negative,667
economic_inv,open,内蒙古,辽宁,-0.0012509147864149495,0.0012509147864149495,-0.1827750116696247,0.4188647055270324,0,0.012537713395774017,negative,668
economic_inv,open,上海,宁夏,-0.0012472281508887292,0.0012472281508887292,-0.1827750116696247,0.4188647055270324,0,0.012537713395774017,negative,669
economic_inv,open,辽宁,宁夏,-0.0012411787050016537,0.0012411787050016537,-0.1827750116696247,0.4188647055270324,0,0.012537713395774017,negative,670
economic_inv,open,重庆,青海,-0.0012258955378154125,0.0012258955378154125,-0.1827750116696247,0.4188647055270324,0,0.012537713395774017,negative,671
economic_inv,open,上海,青海,-0.0012164543486647827,0.0012164543486647827,-0.1827750116696247,0.4188647055270324,0,0.012537713395774017,negative,672
economic_inv,open,湖南,河南,-0.0012127484530604438,0.0012127484530604438,-0.1827750116696247,0.4188647055270324,0,0.012537713395774017,negative,673
economic_inv,open,辽宁,青海,-0.001211034403063285,0.001211034403063285,-0.1827750116696247,0.4188647055270324,0,0.012537713395774017,negative,674
economic_inv,open,青海,河南,-0.0012079753227780057,0.0012079753227780057,-0.1827750116696247,0.4188647055270324,0,0.012537713395774017,negative,675
economic_inv,open,广西,辽宁,-0.0012057794783114605,0.0012057794783114605,-0.1827750116696247,0.4188647055270324,0,0.012537713395774017,negative,676
economic_inv,open,福建,山东,-0.0011979406196679489,0.0011979406196679489,-0.1827750116696247,0.4188647055270324,0,0.012537713395774017,negative,677
economic_inv,open,重庆,四川,-0.0011810700924020246,0.0011810700924020246,-0.1827750116696247,0.4188647055270324,0,0.012537713395774017,negative,678
economic_inv,open,云南,上海,-0.0011767735652885862,0.0011767735652885862,-0.1827750116696247,0.4188647055270324,0,0.012537713395774017,negative,679
economic_inv,open,黑龙江,上海,-0.00116506819167899,0.00116506819167899,-0.1827750116696247,0.4188647055270324,0,0.012537713395774017,negative,680
economic_inv,open,贵州,浙江,-0.0011495067875494022,0.0011495067875494022,-0.1827750116696247,0.4188647055270324,0,0.012537713395774017,negative,681
economic_inv,open,山西,河南,-0.001148600288649022,0.001148600288649022,-0.1827750116696247,0.4188647055270324,0,0.012537713395774017,negative,682
economic_inv,open,黑龙江,海南,-0.0011415640165305034,0.0011415640165305034,-0.1827750116696247,0.4188647055270324,0,0.012537713395774017,negative,683
economic_inv,open,云南,辽宁,-0.0011374999462302367,0.0011374999462302367,-0.1827750116696247,0.4188647055270324,0,0.012537713395774017,negative,684
economic_inv,open,云南,海南,-0.0011295145897797735,0.0011295145897797735,-0.1827750116696247,0.4188647055270324,0,0.012537713395774017,negative,685
economic_inv,open,黑龙江,辽宁,-0.0011265765355290996,0.0011265765355290996,-0.1827750116696247,0.4188647055270324,0,0.012537713395774017,negative,686
economic_inv,open,河北,安徽,-0.001116438961729232,0.001116438961729232,-0.1827750116696247,0.4188647055270324,0,0.012537713395774017,negative,687
economic_inv,open,江西,河南,-0.0011108023085475266,0.0011108023085475266,-0.1827750116696247,0.4188647055270324,0,0.012537713395774017,negative,688
economic_inv,open,海南,浙江,-0.0011083266448822604,0.0011083266448822604,-0.1827750116696247,0.4188647055270324,0,0.012537713395774017,negative,689
economic_inv,open,吉林,河南,-0.0010822694601618345,0.0010822694601618345,-0.1827750116696247,0.4188647055270324,0,0.012537713395774017,negative,690
economic_inv,open,黑龙江,宁夏,-0.001067180230852569,0.001067180230852569,-0.1827750116696247,0.4188647055270324,0,0.012537713395774017,negative,691
economic_inv,open,宁夏,河南,-0.0010612898812338122,0.0010612898812338122,-0.1827750116696247,0.4188647055270324,0,0.012537713395774017,negative,692
economic_inv,open,河北,北京,-0.0010609910029721868,0.0010609910029721868,-0.1827750116696247,0.4188647055270324,0,0.012537713395774017,negative,693
economic_inv,open,云南,宁夏,-0.001056610940610554,0.001056610940610554,-0.1827750116696247,0.4188647055270324,0,0.012537713395774017,negative,694
economic_inv,open,天津,河南,-0.0010562680161926641,0.0010562680161926641,-0.1827750116696247,0.4188647055270324,0,0.012537713395774017,negative,695
economic_inv,open,陕西,浙江,-0.0010286106147109563,0.0010286106147109563,-0.1827750116696247,0.4188647055270324,0,0.012537713395774017,negative,696
economic_inv,open,四川,江苏,-0.001027303133187979,0.001027303133187979,-0.1827750116696247,0.4188647055270324,0,0.012537713395774017,negative,697
economic_inv,open,青海,浙江,-0.0010246220857788723,0.0010246220857788723,-0.1827750116696247,0.4188647055270324,0,0.012537713395774017,negative,698
economic_inv,open,甘肃,山东,-0.0010235614991536133,0.0010235614991536133,-0.1827750116696247,0.4188647055270324,0,0.012537713395774017,negative,699
economic_inv,open,黑龙江,青海,-0.001017844891089188,0.001017844891089188,-0.1827750116696247,0.4188647055270324,0,0.012537713395774017,negative,700
economic_inv,open,内蒙古,福建,-0.0010137348065856592,0.0010137348065856592,-0.1827750116696247,0.4188647055270324,0,0.012537713395774017,negative,701
economic_inv,open,云南,青海,-0.001008204348981964,0.001008204348981964,-0.1827750116696247,0.4188647055270324,0,0.012537713395774017,negative,702
economic_inv,open,福建,江苏,-0.0009929118444454786,0.0009929118444454786,-0.1827750116696247,0.4188647055270324,0,0.012537713395774017,negative,703
economic_inv,open,内蒙古,甘肃,-0.0009915881704469973,0.0009915881704469973,-0.1827750116696247,0.4188647055270324,0,0.012537713395774017,negative,704
economic_inv,open,广西,福建,-0.0009794142322261455,0.0009794142322261455,-0.1827750116696247,0.4188647055270324,0,0.012537713395774017,negative,705
economic_inv,open,广西,甘肃,-0.0009770975042947346,0.0009770975042947346,-0.1827750116696247,0.4188647055270324,0,0.012537713395774017,negative,706
economic_inv,open,四川,广东,-0.0009747146404205539,0.0009747146404205539,-0.1827750116696247,0.4188647055270324,0,0.012537713395774017,negative,707
economic_inv,open,河北,河南,-0.0009709610664381168,0.0009709610664381168,-0.1827750116696247,0.4188647055270324,0,0.012537713395774017,negative,708
economic_inv,open,云南,福建,-0.000964668665361729,0.000964668665361729,-0.1827750116696247,0.4188647055270324,0,0.012537713395774017,negative,709
economic_inv,open,黑龙江,福建,-0.000956868081452587,0.000956868081452587,-0.1827750116696247,0.4188647055270324,0,0.012537713395774017,negative,710
economic_inv,open,福建,广东,-0.0009465136330471208,0.0009465136330471208,-0.1827750116696247,0.4188647055270324,0,0.012537713395774017,negative,711
economic_inv,open,湖北,安徽,-0.0009373522252647218,0.0009373522252647218,-0.1827750116696247,0.4188647055270324,0,0.012537713395774017,negative,712
economic_inv,open,山西,浙江,-0.0009173257623237351,0.0009173257623237351,-0.1827750116696247,0.4188647055270324,0,0.012537713395774017,negative,713
economic_inv,open,新疆,山东,-0.0009061448484982992,0.0009061448484982992,-0.1827750116696247,0.4188647055270324,0,0.012537713395774017,negative,714
economic_inv,open,甘肃,江苏,-0.0009039978827543485,0.0009039978827543485,-0.1827750116696247,0.4188647055270324,0,0.012537713395774017,negative,715
economic_inv,open,宁夏,浙江,-0.000898021668004958,0.000898021668004958,-0.1827750116696247,0.4188647055270324,0,0.012537713395774017,negative,716
economic_inv,open,湖北,北京,-0.0008912318394476417,0.0008912318394476417,-0.1827750116696247,0.4188647055270324,0,0.012537713395774017,negative,717
economic_inv,open,甘肃,广东,-0.0008747324351591941,0.0008747324351591941,-0.1827750116696247,0.4188647055270324,0,0.012537713395774017,negative,718
economic_inv,open,吉林,浙江,-0.0008594988304472318,0.0008594988304472318,-0.1827750116696247,0.4188647055270324,0,0.012537713395774017,negative,719
economic_inv,open,江西,浙江,-0.0008427722611195432,0.0008427722611195432,-0.1827750116696247,0.4188647055270324,0,0.012537713395774017,negative,720
economic_inv,open,湖北,河南,-0.0008304065136475091,0.0008304065136475091,-0.1827750116696247,0.4188647055270324,0,0.012537713395774017,negative,721
economic_inv,open,重庆,河南,-0.000820281829807037,0.000820281829807037,-0.1827750116696247,0.4188647055270324,0,0.012537713395774017,negative,722
economic_inv,open,天津,浙江,-0.0008195463084760111,0.0008195463084760111,-0.1827750116696247,0.4188647055270324,0,0.012537713395774017,negative,723
economic_inv,open,内蒙古,河北,-0.000800133590344547,0.000800133590344547,-0.1827750116696247,0.4188647055270324,0,0.012537713395774017,negative,724
economic_inv,open,内蒙古,湖北,-0.000795993600365732,0.000795993600365732,-0.1827750116696247,0.4188647055270324,0,0.012537713395774017,negative,725
economic_inv,open,新疆,江苏,-0.0007956295087203577,0.0007956295087203577,-0.1827750116696247,0.4188647055270324,0,0.012537713395774017,negative,726
economic_inv,open,云南,河北,-0.0007946689724332371,0.0007946689724332371,-0.1827750116696247,0.4188647055270324,0,0.012537713395774017,negative,727
economic_inv,open,云南,湖北,-0.0007912272049505502,0.0007912272049505502,-0.1827750116696247,0.4188647055270324,0,0.012537713395774017,negative,728
economic_inv,open,湖南,陕西,-0.0007911303799749368,0.0007911303799749368,-0.1827750116696247,0.4188647055270324,0,0.012537713395774017,negative,729
economic_inv,open,内蒙古,湖南,-0.0007901621781696419,0.0007901621781696419,-0.1827750116696247,0.4188647055270324,0,0.012537713395774017,negative,730
economic_inv,open,黑龙江,河北,-0.0007894322010898849,0.0007894322010898849,-0.1827750116696247,0.4188647055270324,0,0.012537713395774017,negative,731
economic_inv,open,云南,湖南,-0.0007863693637191641,0.0007863693637191641,-0.1827750116696247,0.4188647055270324,0,0.012537713395774017,negative,732
economic_inv,open,黑龙江,湖北,-0.0007860371222034383,0.0007860371222034383,-0.1827750116696247,0.4188647055270324,0,0.012537713395774017,negative,733
economic_inv,open,黑龙江,湖南,-0.0007812448260660596,0.0007812448260660596,-0.1827750116696247,0.4188647055270324,0,0.012537713395774017,negative,734
economic_inv,open,广西,河北,-0.000774655889470808,0.000774655889470808,-0.1827750116696247,0.4188647055270324,0,0.012537713395774017,negative,735
economic_inv,open,内蒙古,海南,-0.0007716790984376266,0.0007716790984376266,-0.1827750116696247,0.4188647055270324,0,0.012537713395774017,negative,736
economic_inv,open,广西,湖北,-0.0007706788583319135,0.0007706788583319135,-0.1827750116696247,0.4188647055270324,0,0.012537713395774017,negative,737
economic_inv,open,新疆,广东,-0.0007687748914325412,0.0007687748914325412,-0.1827750116696247,0.4188647055270324,0,0.012537713395774017,negative,738
economic_inv,open,广西,湖南,-0.0007650764282319489,0.0007650764282319489,-0.1827750116696247,0.4188647055270324,0,0.012537713395774017,negative,739
economic_inv,open,广西,海南,-0.0007587449419404749,0.0007587449419404749,-0.1827750116696247,0.4188647055270324,0,0.012537713395774017,negative,740
economic_inv,open,湖南,江西,-0.000755419771658943,0.000755419771658943,-0.1827750116696247,0.4188647055270324,0,0.012537713395774017,negative,741
economic_inv,open,海南,山东,-0.0007434671670524349,0.0007434671670524349,-0.1827750116696247,0.4188647055270324,0,0.012537713395774017,negative,742
economic_inv,open,云南,四川,-0.0007316435102679421,0.0007316435102679421,-0.1827750116696247,0.4188647055270324,0,0.012537713395774017,negative,743
economic_inv,open,内蒙古,宁夏,-0.0007307724075764147,0.0007307724075764147,-0.1827750116696247,0.4188647055270324,0,0.012537713395774017,negative,744
economic_inv,open,黑龙江,四川,-0.0007272288066299214,0.0007272288066299214,-0.1827750116696247,0.4188647055270324,0,0.012537713395774017,negative,745
economic_inv,open,内蒙古,四川,-0.0007254175308835158,0.0007254175308835158,-0.1827750116696247,0.4188647055270324,0,0.012537713395774017,negative,746
economic_inv,open,辽宁,山东,-0.0007191436208138217,0.0007191436208138217,-0.1827750116696247,0.4188647055270324,0,0.012537713395774017,negative,747
economic_inv,open,广西,宁夏,-0.00071823272790267,0.00071823272790267,-0.1827750116696247,0.4188647055270324,0,0.012537713395774017,negative,748
economic_inv,open,贵州,山东,-0.0007151205467881234,0.0007151205467881234,-0.1827750116696247,0.4188647055270324,0,0.012537713395774017,negative,749
economic_inv,open,湖南,内蒙古,-0.0007094912096564117,0.0007094912096564117,-0.1827750116696247,0.4188647055270324,0,0.012537713395774017,negative,750
economic_inv,open,上海,山东,-0.0007044743178372404,0.0007044743178372404,-0.1827750116696247,0.4188647055270324,0,0.012537713395774017,negative,751
economic_inv,open,湖南,广西,-0.0007040201848800233,0.0007040201848800233,-0.1827750116696247,0.4188647055270324,0,0.012537713395774017,negative,752
economic_inv,open,内蒙古,青海,-0.000703049300171382,0.000703049300171382,-0.1827750116696247,0.4188647055270324,0,0.012537713395774017,negative,753
economic_inv,open,广西,四川,-0.0007028313470629204,0.0007028313470629204,-0.1827750116696247,0.4188647055270324,0,0.012537713395774017,negative,754
economic_inv,open,青海,山东,-0.0006944733094777878,0.0006944733094777878,-0.1827750116696247,0.4188647055270324,0,0.012537713395774017,negative,755
economic_inv,open,广西,青海,-0.0006907956242972219,0.0006907956242972219,-0.1827750116696247,0.4188647055270324,0,0.012537713395774017,negative,756
economic_inv,open,湖南,重庆,-0.0006835597591874056,0.0006835597591874056,-0.1827750116696247,0.4188647055270324,0,0.012537713395774017,negative,757
economic_inv,open,北京,山东,-0.0006816545276906435,0.0006816545276906435,-0.1827750116696247,0.4188647055270324,0,0.012537713395774017,negative,758
economic_inv,open,安徽,山东,-0.0006753689083099219,0.0006753689083099219,-0.1827750116696247,0.4188647055270324,0,0.012537713395774017,negative,759
economic_inv,open,湖南,浙江,-0.000663209932194748,0.000663209932194748,-0.1827750116696247,0.4188647055270324,0,0.012537713395774017,negative,760
economic_inv,open,海南,江苏,-0.0006604202124573356,0.0006604202124573356,-0.1827750116696247,0.4188647055270324,0,0.012537713395774017,negative,761
economic_inv,open,河北,陕西,-0.0006560102640561772,0.0006560102640561772,-0.1827750116696247,0.4188647055270324,0,0.012537713395774017,negative,762
economic_inv,open,湖南,天津,-0.0006489857142598049,0.0006489857142598049,-0.1827750116696247,0.4188647055270324,0,0.012537713395774017,negative,763
economic_inv,open,海南,广东,-0.0006399463252621453,0.0006399463252621453,-0.1827750116696247,0.4188647055270324,0,0.012537713395774017,negative,764
economic_inv,open,重庆,浙江,-0.0006316245115916655,0.0006316245115916655,-0.1827750116696247,0.4188647055270324,0,0.012537713395774017,negative,765
economic_inv,open,河北,江西,-0.0006260006084244561,0.0006260006084244561,-0.1827750116696247,0.4188647055270324,0,0.012537713395774017,negative,766
economic_inv,open,贵州,江苏,-0.0006249154133361861,0.0006249154133361861,-0.1827750116696247,0.4188647055270324,0,0.012537713395774017,negative,767
economic_inv,open,青海,江苏,-0.0006183643290125878,0.0006183643290125878,-0.1827750116696247,0.4188647055270324,0,0.012537713395774017,negative,768
economic_inv,open,宁夏,山东,-0.0006060232420812366,0.0006060232420812366,-0.1827750116696247,0.4188647055270324,0,0.012537713395774017,negative,769
economic_inv,open,贵州,广东,-0.0006031255472507765,0.0006031255472507765,-0.1827750116696247,0.4188647055270324,0,0.012537713395774017,negative,770
economic_inv,open,辽宁,江苏,-0.00060120524966752,0.00060120524966752,-0.1827750116696247,0.4188647055270324,0,0.012537713395774017,negative,771
economic_inv,open,青海,广东,-0.000599545301031722,0.000599545301031722,-0.1827750116696247,0.4188647055270324,0,0.012537713395774017,negative,772
economic_inv,open,湖南,云南,-0.0005945990554839618,0.0005945990554839618,-0.1827750116696247,0.4188647055270324,0,0.012537713395774017,negative,773
economic_inv,open,湖南,黑龙江,-0.0005904494193576458,0.0005904494193576458,-0.1827750116696247,0.4188647055270324,0,0.012537713395774017,negative,774
economic_inv,open,上海,江苏,-0.0005898341504126588,0.0005898341504126588,-0.1827750116696247,0.4188647055270324,0,0.012537713395774017,negative,775
economic_inv,open,河北,内蒙古,-0.0005874602702663195,0.0005874602702663195,-0.1827750116696247,0.4188647055270324,0,0.012537713395774017,negative,776
economic_inv,open,河北,广西,-0.0005828735297827441,0.0005828735297827441,-0.1827750116696247,0.4188647055270324,0,0.012537713395774017,negative,777
economic_inv,open,陕西,山东,-0.0005804708629398652,0.0005804708629398652,-0.1827750116696247,0.4188647055270324,0,0.012537713395774017,negative,778
economic_inv,open,北京,江苏,-0.0005755904950100917,0.0005755904950100917,-0.1827750116696247,0.4188647055270324,0,0.012537713395774017,negative,779
economic_inv,open,辽宁,广东,-0.000574232685111543,0.000574232685111543,-0.1827750116696247,0.4188647055270324,0,0.012537713395774017,negative,780
economic_inv,open,安徽,江苏,-0.0005695116409420412,0.0005695116409420412,-0.1827750116696247,0.4188647055270324,0,0.012537713395774017,negative,781
economic_inv,open,河北,重庆,-0.0005657280403247319,0.0005657280403247319,-0.1827750116696247,0.4188647055270324,0,0.012537713395774017,negative,782
economic_inv,open,上海,广东,-0.0005635670531817673,0.0005635670531817673,-0.1827750116696247,0.4188647055270324,0,0.012537713395774017,negative,783
economic_inv,open,山西,山东,-0.0005625551701575041,0.0005625551701575041,-0.1827750116696247,0.4188647055270324,0,0.012537713395774017,negative,784
economic_inv,open,湖北,陕西,-0.0005530126047263501,0.0005530126047263501,-0.1827750116696247,0.4188647055270324,0,0.012537713395774017,negative,785
economic_inv,open,湖南,吉林,-0.0005520171192125024,0.0005520171192125024,-0.1827750116696247,0.4188647055270324,0,0.012537713395774017,negative,786
economic_inv,open,北京,广东,-0.0005510334224972654,0.0005510334224972654,-0.1827750116696247,0.4188647055270324,0,0.012537713395774017,negative,787
economic_inv,open,安徽,广东,-0.0005450432494784566,0.0005450432494784566,-0.1827750116696247,0.4188647055270324,0,0.012537713395774017,negative,788
economic_inv,open,宁夏,江苏,-0.0005390682525387568,0.0005390682525387568,-0.1827750116696247,0.4188647055270324,0,0.012537713395774017,negative,789
economic_inv,open,河北,天津,-0.0005367839074909502,0.0005367839074909502,-0.1827750116696247,0.4188647055270324,0,0.012537713395774017,negative,790
economic_inv,open,河北,浙江,-0.0005360511994149218,0.0005360511994149218,-0.1827750116696247,0.4188647055270324,0,0.012537713395774017,negative,791
economic_inv,open,湖南,山西,-0.0005303788480193109,0.0005303788480193109,-0.1827750116696247,0.4188647055270324,0,0.012537713395774017,negative,792
economic_inv,open,湖北,江西,-0.0005278540849616558,0.0005278540849616558,-0.1827750116696247,0.4188647055270324,0,0.012537713395774017,negative,793
economic_inv,open,云南,河南,-0.0005276617943567045,0.0005276617943567045,-0.1827750116696247,0.4188647055270324,0,0.012537713395774017,negative,794
economic_inv,open,黑龙江,河南,-0.0005254295542189559,0.0005254295542189559,-0.1827750116696247,0.4188647055270324,0,0.012537713395774017,negative,795
economic_inv,open,吉林,山东,-0.0005225924322856528,0.0005225924322856528,-0.1827750116696247,0.4188647055270324,0,0.012537713395774017,negative,796
economic_inv,open,宁夏,广东,-0.0005225333175216236,0.0005225333175216236,-0.1827750116696247,0.4188647055270324,0,0.012537713395774017,negative,797
economic_inv,open,内蒙古,河南,-0.0004985163805681963,0.0004985163805681963,-0.1827750116696247,0.4188647055270324,0,0.012537713395774017,negative,798
economic_inv,open,陕西,江苏,-0.0004976512717895082,0.0004976512717895082,-0.1827750116696247,0.4188647055270324,0,0.012537713395774017,negative,799
economic_inv,open,湖南,贵州,-0.000496252007684284,0.000496252007684284,-0.1827750116696247,0.4188647055270324,0,0.012537713395774017,negative,800
economic_inv,open,湖北,内蒙古,-0.0004955243811649843,0.0004955243811649843,-0.1827750116696247,0.4188647055270324,0,0.012537713395774017,negative,801
economic_inv,open,湖北,广西,-0.0004916753155552888,0.0004916753155552888,-0.1827750116696247,0.4188647055270324,0,0.012537713395774017,negative,802
economic_inv,open,河北,云南,-0.0004913252714991559,0.0004913252714991559,-0.1827750116696247,0.4188647055270324,0,0.012537713395774017,negative,803
economic_inv,open,山西,江苏,-0.0004901457949881438,0.0004901457949881438,-0.1827750116696247,0.4188647055270324,0,0.012537713395774017,negative,804
economic_inv,open,河北,黑龙江,-0.0004878604362663576,0.0004878604362663576,-0.1827750116696247,0.4188647055270324,0,0.012537713395774017,negative,805
economic_inv,open,广西,河南,-0.0004840674228728966,0.0004840674228728966,-0.1827750116696247,0.4188647055270324,0,0.012537713395774017,negative,806
economic_inv,open,天津,山东,-0.00048154222634381934,0.00048154222634381934,-0.1827750116696247,0.4188647055270324,0,0.012537713395774017,negative,807
economic_inv,open,江西,山东,-0.0004800107099055593,0.0004800107099055593,-0.1827750116696247,0.4188647055270324,0,0.012537713395774017,negative,808
economic_inv,open,陕西,广东,-0.0004781133499895522,0.0004781133499895522,-0.1827750116696247,0.4188647055270324,0,0.012537713395774017,negative,809
economic_inv,open,湖北,重庆,-0.00047728454102537025,0.00047728454102537025,-0.1827750116696247,0.4188647055270324,0,0.012537713395774017,negative,810
economic_inv,open,山西,广东,-0.0004727186108647279,0.0004727186108647279,-0.1827750116696247,0.4188647055270324,0,0.012537713395774017,negative,811
economic_inv,open,湖北,浙江,-0.00045667974021969395,0.00045667974021969395,-0.1827750116696247,0.4188647055270324,0,0.012537713395774017,negative,812
economic_inv,open,河北,吉林,-0.00045579472973490015,0.00045579472973490015,-0.1827750116696247,0.4188647055270324,0,0.012537713395774017,negative,813
economic_inv,open,吉林,江苏,-0.0004545348315905879,0.0004545348315905879,-0.1827750116696247,0.4188647055270324,0,0.012537713395774017,negative,814
economic_inv,open,湖北,天津,-0.0004529809099442647,0.0004529809099442647,-0.1827750116696247,0.4188647055270324,0,0.012537713395774017,negative,815
economic_inv,open,湖南,新疆,-0.0004470116299132233,0.0004470116299132233,-0.1827750116696247,0.4188647055270324,0,0.012537713395774017,negative,816
economic_inv,open,吉林,广东,-0.00043819034940977653,0.00043819034940977653,-0.1827750116696247,0.4188647055270324,0,0.012537713395774017,negative,817
economic_inv,open,河北,山西,-0.00043776022584936437,0.00043776022584936437,-0.1827750116696247,0.4188647055270324,0,0.012537713395774017,negative,818
economic_inv,open,天津,江苏,-0.0004160044216243768,0.0004160044216243768,-0.1827750116696247,0.4188647055270324,0,0.012537713395774017,negative,819
economic_inv,open,湖北,云南,-0.0004147854479329379,0.0004147854479329379,-0.1827750116696247,0.4188647055270324,0,0.012537713395774017,negative,820
economic_inv,open,云南,浙江,-0.000414632092393214,0.000414632092393214,-0.1827750116696247,0.4188647055270324,0,0.012537713395774017,negative,821
economic_inv,open,黑龙江,浙江,-0.00041329355337331057,0.00041329355337331057,-0.1827750116696247,0.4188647055270324,0,0.012537713395774017,negative,822
economic_inv,open,江西,江苏,-0.0004122313409814369,0.0004122313409814369,-0.1827750116696247,0.4188647055270324,0,0.012537713395774017,negative,823
economic_inv,open,湖北,黑龙江,-0.00041187295275362754,0.00041187295275362754,-0.1827750116696247,0.4188647055270324,0,0.012537713395774017,negative,824
economic_inv,open,河北,贵州,-0.00040934517932996156,0.00040934517932996156,-0.1827750116696247,0.4188647055270324,0,0.012537713395774017,negative,825
economic_inv,open,天津,广东,-0.0004003965847447498,0.0004003965847447498,-0.1827750116696247,0.4188647055270324,0,0.012537713395774017,negative,826
economic_inv,open,江西,广东,-0.0003962075886976929,0.0003962075886976929,-0.1827750116696247,0.4188647055270324,0,0.012537713395774017,negative,827
economic_inv,open,湖南,甘肃,-0.00039484941932389544,0.00039484941932389544,-0.1827750116696247,0.4188647055270324,0,0.012537713395774017,negative,828
economic_inv,open,湖北,吉林,-0.0003849104944747179,0.0003849104944747179,-0.1827750116696247,0.4188647055270324,0,0.012537713395774017,negative,829
economic_inv,open,内蒙古,浙江,-0.00038176074065185254,0.00038176074065185254,-0.1827750116696247,0.4188647055270324,0,0.012537713395774017,negative,830
economic_inv,open,广西,浙江,-0.00037111988666335206,0.00037111988666335206,-0.1827750116696247,0.4188647055270324,0,0.012537713395774017,negative,831
economic_inv,open,湖北,山西,-0.0003697394765618154,0.0003697394765618154,-0.1827750116696247,0.4188647055270324,0,0.012537713395774017,negative,832
economic_inv,open,河北,新疆,-0.0003684066530195019,0.0003684066530195019,-0.1827750116696247,0.4188647055270324,0,0.012537713395774017,negative,833
economic_inv,open,重庆,山东,-0.00036715216382345896,0.00036715216382345896,-0.1827750116696247,0.4188647055270324,0,0.012537713395774017,negative,834
economic_inv,open,湖南,海南,-0.0003505474885427503,0.0003505474885427503,-0.1827750116696247,0.4188647055270324,0,0.012537713395774017,negative,835
economic_inv,open,湖北,贵州,-0.00034582632537551086,0.00034582632537551086,-0.1827750116696247,0.4188647055270324,0,0.012537713395774017,negative,836
economic_inv,open,湖南,宁夏,-0.0003408934245390922,0.0003408934245390922,-0.1827750116696247,0.4188647055270324,0,0.012537713395774017,negative,837
economic_inv,open,湖南,青海,-0.0003340500027369657,0.0003340500027369657,-0.1827750116696247,0.4188647055270324,0,0.012537713395774017,negative,838
economic_inv,open,河北,甘肃,-0.0003251166935352362,0.0003251166935352362,-0.1827750116696247,0.4188647055270324,0,0.012537713395774017,negative,839
economic_inv,open,重庆,江苏,-0.000316525883335247,0.000316525883335247,-0.1827750116696247,0.4188647055270324,0,0.012537713395774017,negative,840
economic_inv,open,湖北,新疆,-0.00031135274753517583,0.00031135274753517583,-0.1827750116696247,0.4188647055270324,0,0.012537713395774017,negative,841
economic_inv,open,重庆,广东,-0.0003045001310905606,0.0003045001310905606,-0.1827750116696247,0.4188647055270324,0,0.012537713395774017,negative,842
economic_inv,open,河北,海南,-0.00028841274470068983,0.00028841274470068983,-0.1827750116696247,0.4188647055270324,0,0.012537713395774017,negative,843
economic_inv,open,河北,宁夏,-0.0002804220224109237,0.0002804220224109237,-0.1827750116696247,0.4188647055270324,0,0.012537713395774017,negative,844
economic_inv,open,湖北,甘肃,-0.000274871965329939,0.000274871965329939,-0.1827750116696247,0.4188647055270324,0,0.012537713395774017,negative,845
economic_inv,open,河北,青海,-0.0002747593353377449,0.0002747593353377449,-0.1827750116696247,0.4188647055270324,0,0.012537713395774017,negative,846
economic_inv,open,湖南,山东,-0.00027414156874874546,0.00027414156874874546,-0.1827750116696247,0.4188647055270324,0,0.012537713395774017,negative,847
economic_inv,open,云南,山东,-0.00024814832525683585,0.00024814832525683585,-0.1827750116696247,0.4188647055270324,0,0.012537713395774017,negative,848
economic_inv,open,黑龙江,山东,-0.0002477144512732717,0.0002477144512732717,-0.1827750116696247,0.4188647055270324,0,0.012537713395774017,negative,849
economic_inv,open,湖北,海南,-0.00024391941506868252,0.00024391941506868252,-0.1827750116696247,0.4188647055270324,0,0.012537713395774017,negative,850
economic_inv,open,湖北,宁夏,-0.00023717815510238306,0.00023717815510238306,-0.1827750116696247,0.4188647055270324,0,0.012537713395774017,negative,851
economic_inv,open,湖北,青海,-0.00023240033308658082,0.00023240033308658082,-0.1827750116696247,0.4188647055270324,0,0.012537713395774017,negative,852
economic_inv,open,湖南,江苏,-0.0002239555992829257,0.0002239555992829257,-0.1827750116696247,0.4188647055270324,0,0.012537713395774017,negative,853
economic_inv,open,河北,山东,-0.00022308680176821014,0.00022308680176821014,-0.1827750116696247,0.4188647055270324,0,0.012537713395774017,negative,854
economic_inv,open,内蒙古,山东,-0.0002202207000874541,0.0002202207000874541,-0.1827750116696247,0.4188647055270324,0,0.012537713395774017,negative,855
economic_inv,open,云南,江苏,-0.0002151497411734986,0.0002151497411734986,-0.1827750116696247,0.4188647055270324,0,0.012537713395774017,negative,856
economic_inv,open,黑龙江,江苏,-0.00021483678170397907,0.00021483678170397907,-0.1827750116696247,0.4188647055270324,0,0.012537713395774017,negative,857
economic_inv,open,广西,山东,-0.000214421849423274,0.000214421849423274,-0.1827750116696247,0.4188647055270324,0,0.012537713395774017,negative,858
economic_inv,open,湖南,广东,-0.00021279802329534104,0.00021279802329534104,-0.1827750116696247,0.4188647055270324,0,0.012537713395774017,negative,859
economic_inv,open,云南,广东,-0.00020725594701488136,0.00020725594701488136,-0.1827750116696247,0.4188647055270324,0,0.012537713395774017,negative,860
economic_inv,open,黑龙江,广东,-0.00020696904324710193,0.00020696904324710193,-0.1827750116696247,0.4188647055270324,0,0.012537713395774017,negative,861
economic_inv,open,内蒙古,江苏,-0.00018957828389146525,0.00018957828389146525,-0.1827750116696247,0.4188647055270324,0,0.012537713395774017,negative,862
economic_inv,open,湖北,山东,-0.00018952737455655533,0.00018952737455655533,-0.1827750116696247,0.4188647055270324,0,0.012537713395774017,negative,863
economic_inv,open,广西,江苏,-0.00018464183323111283,0.00018464183323111283,-0.1827750116696247,0.4188647055270324,0,0.012537713395774017,negative,864
economic_inv,open,河北,江苏,-0.00018240724257805374,0.00018240724257805374,-0.1827750116696247,0.4188647055270324,0,0.012537713395774017,negative,865
economic_inv,open,内蒙古,广东,-0.0001823126017194185,0.0001823126017194185,-0.1827750116696247,0.4188647055270324,0,0.012537713395774017,negative,866
economic_inv,open,广西,广东,-0.00017757800853632013,0.00017757800853632013,-0.1827750116696247,0.4188647055270324,0,0.012537713395774017,negative,867
economic_inv,open,河北,广东,-0.00017335346686324815,0.00017335346686324815,-0.1827750116696247,0.4188647055270324,0,0.012537713395774017,negative,868
economic_inv,open,湖北,江苏,-0.0001549114266338364,0.0001549114266338364,-0.1827750116696247,0.4188647055270324,0,0.012537713395774017,negative,869
economic_inv,open,湖北,广东,-0.00014721058554015865,0.00014721058554015865,-0.1827750116696247,0.4188647055270324,0,0.012537713395774017,negative,870
economic_inv,rd,河北,湖北,-0.5643435069654511,0.5643435069654511,-0.9132119081053108,0.873025142595062,1,0.06264307723928932,negative,1
economic_inv,rd,黑龙江,云南,-0.5593145264307208,0.5593145264307208,-0.9132119081053108,0.873025142595062,1,0.06264307723928932,negative,2
economic_inv,rd,云南,黑龙江,-0.5590543293289294,0.5590543293289294,-0.9132119081053108,0.873025142595062,1,0.06264307723928932,negative,3
economic_inv,rd,内蒙古,广西,-0.508027723778069,0.508027723778069,-0.9132119081053108,0.873025142595062,1,0.06264307723928932,negative,4
economic_inv,rd,广西,内蒙古,-0.4957216709001292,0.4957216709001292,-0.9132119081053108,0.873025142595062,1,0.06264307723928932,negative,5
economic_inv,rd,湖南,湖北,-0.48387909006222,0.48387909006222,-0.9132119081053108,0.873025142595062,1,0.06264307723928932,negative,6
economic_inv,rd,湖北,河北,-0.47850115068854737,0.47850115068854737,-0.9132119081053108,0.873025142595062,1,0.06264307723928932,negative,7
economic_inv,rd,北京,安徽,-0.3947171102660463,0.3947171102660463,-0.9132119081053108,0.873025142595062,1,0.06264307723928932,negative,8
economic_inv,rd,广东,江苏,-0.38914868676957876,0.38914868676957876,-0.9132119081053108,0.873025142595062,1,0.06264307723928932,negative,9
economic_inv,rd,安徽,北京,-0.3877029815954782,0.3877029815954782,-0.9132119081053108,0.873025142595062,1,0.06264307723928932,negative,10
economic_inv,rd,辽宁,上海,-0.38585533660958743,0.38585533660958743,-0.9132119081053108,0.873025142595062,1,0.06264307723928932,negative,11
economic_inv,rd,青海,宁夏,-0.3834609322044798,0.3834609322044798,-0.9132119081053108,0.873025142595062,1,0.06264307723928932,negative,12
economic_inv,rd,上海,辽宁,-0.38150436162006823,0.38150436162006823,-0.9132119081053108,0.873025142595062,1,0.06264307723928932,negative,13
economic_inv,rd,江苏,广东,-0.37090864507529103,0.37090864507529103,-0.9132119081053108,0.873025142595062,1,0.06264307723928932,negative,14
economic_inv,rd,湖北,湖南,-0.3354760538786619,0.3354760538786619,-0.9132119081053108,0.873025142595062,1,0.06264307723928932,negative,15
economic_inv,rd,宁夏,青海,-0.3315943555695324,0.3315943555695324,-0.9132119081053108,0.873025142595062,1,0.06264307723928932,negative,16
economic_inv,rd,海南,宁夏,-0.2988917962113025,0.2988917962113025,-0.9132119081053108,0.873025142595062,1,0.06264307723928932,negative,17
economic_inv,rd,湖南,河北,-0.2844510879294305,0.2844510879294305,-0.9132119081053108,0.873025142595062,1,0.06264307723928932,negative,18
economic_inv,rd,宁夏,海南,-0.24666392906458104,0.24666392906458104,-0.9132119081053108,0.873025142595062,1,0.06264307723928932,negative,19
economic_inv,rd,陕西,江西,-0.23840308295268378,0.23840308295268378,-0.9132119081053108,0.873025142595062,1,0.06264307723928932,negative,20
economic_inv,rd,河北,湖南,-0.23259095179388678,0.23259095179388678,-0.9132119081053108,0.873025142595062,1,0.06264307723928932,negative,21
economic_inv,rd,重庆,广西,-0.22050908104829067,0.22050908104829067,-0.9132119081053108,0.873025142595062,1,0.06264307723928932,negative,22
economic_inv,rd,山西,吉林,-0.21043211933848097,0.21043211933848097,-0.9132119081053108,0.873025142595062,1,0.06264307723928932,negative,23
economic_inv,rd,江西,陕西,-0.19954176979295374,0.19954176979295374,-0.9132119081053108,0.873025142595062,1,0.06264307723928932,negative,24
economic_inv,rd,吉林,山西,-0.19287239743236795,0.19287239743236795,-0.9132119081053108,0.873025142595062,1,0.06264307723928932,negative,25
economic_inv,rd,四川,湖南,-0.1770564120714124,0.1770564120714124,-0.9132119081053108,0.873025142595062,1,0.06264307723928932,negative,26
economic_inv,rd,重庆,内蒙古,-0.1753380786159297,0.1753380786159297,-0.9132119081053108,0.873025142595062,1,0.06264307723928932,negative,27
economic_inv,rd,海南,青海,-0.1713954389990437,0.1713954389990437,-0.9132119081053108,0.873025142595062,1,0.06264307723928932,negative,28
economic_inv,rd,四川,湖北,-0.1636256552527227,0.1636256552527227,-0.9132119081053108,0.873025142595062,1,0.06264307723928932,negative,29
economic_inv,rd,青海,海南,-0.16357047135116026,0.16357047135116026,-0.9132119081053108,0.873025142595062,1,0.06264307723928932,negative,30
economic_inv,rd,天津,重庆,-0.16017772133467195,0.16017772133467195,-0.9132119081053108,0.873025142595062,1,0.06264307723928932,negative,31
economic_inv,rd,贵州,山西,-0.15604931852589085,0.15604931852589085,-0.9132119081053108,0.873025142595062,1,0.06264307723928932,negative,32
economic_inv,rd,四川,河北,-0.15536308433158738,0.15536308433158738,-0.9132119081053108,0.873025142595062,1,0.06264307723928932,negative,33
economic_inv,rd,江西,内蒙古,-0.13913845511323072,0.13913845511323072,-0.9132119081053108,0.873025142595062,1,0.06264307723928932,negative,34
economic_inv,rd,山东,江苏,-0.13666006530673466,0.13666006530673466,-0.9132119081053108,0.873025142595062,1,0.06264307723928932,negative,35
economic_inv,rd,广西,重庆,-0.12770896646502414,0.12770896646502414,-0.9132119081053108,0.873025142595062,1,0.06264307723928932,negative,36
economic_inv,rd,江西,广西,-0.12336969452892232,0.12336969452892232,-0.9132119081053108,0.873025142595062,1,0.06264307723928932,negative,37
economic_inv,rd,吉林,黑龙江,-0.12089066458887823,0.12089066458887823,-0.9132119081053108,0.873025142595062,1,0.06264307723928932,negative,38
economic_inv,rd,重庆,天津,-0.1202931725035638,0.1202931725035638,-0.9132119081053108,0.873025142595062,1,0.06264307723928932,negative,39
economic_inv,rd,新疆,贵州,-0.1200289239206541,0.1200289239206541,-0.9132119081053108,0.873025142595062,1,0.06264307723928932,negative,40
economic_inv,rd,山西,贵州,-0.11994668190709859,0.11994668190709859,-0.9132119081053108,0.873025142595062,1,0.06264307723928932,negative,41
economic_inv,rd,福建,辽宁,-0.11374603006560008,0.11374603006560008,-0.9132119081053108,0.873025142595062,1,0.06264307723928932,negative,42
economic_inv,rd,吉林,云南,-0.10987661007096707,0.10987661007096707,-0.9132119081053108,0.873025142595062,1,0.06264307723928932,negative,43
economic_inv,rd,浙江,河南,-0.10736553007707554,0.10736553007707554,-0.9132119081053108,0.873025142595062,1,0.06264307723928932,negative,44
economic_inv,rd,甘肃,新疆,-0.10694904117717102,0.10694904117717102,-0.9132119081053108,0.873025142595062,1,0.06264307723928932,negative,45
economic_inv,rd,江苏,山东,-0.10623357466308198,0.10623357466308198,-0.9132119081053108,0.873025142595062,1,0.06264307723928932,negative,46
economic_inv,rd,山东,广东,-0.106233314852433,0.106233314852433,-0.9132119081053108,0.873025142595062,1,0.06264307723928932,negative,47
economic_inv,rd,内蒙古,重庆,-0.10406882763009724,0.10406882763009724,-0.9132119081053108,0.873025142595062,1,0.06264307723928932,negative,48
economic_inv,rd,天津,广西,-0.1036396965331137,0.1036396965331137,-0.9132119081053108,0.873025142595062,1,0.06264307723928932,negative,49
economic_inv,rd,贵州,吉林,-0.09939435791558701,0.09939435791558701,-0.9132119081053108,0.873025142595062,1,0.06264307723928932,negative,50
economic_inv,rd,甘肃,海南,-0.09875026437357255,0.09875026437357255,-0.9132119081053108,0.873025142595062,1,0.06264307723928932,negative,51
economic_inv,rd,陕西,内蒙古,-0.09794205334975269,0.09794205334975269,-0.9132119081053108,0.873025142595062,1,0.06264307723928932,negative,52
economic_inv,rd,福建,上海,-0.09588472217377902,0.09588472217377902,-0.9132119081053108,0.873025142595062,1,0.06264307723928932,negative,53
economic_inv,rd,天津,内蒙古,-0.09500096417257965,0.09500096417257965,-0.9132119081053108,0.873025142595062,1,0.06264307723928932,negative,54
economic_inv,rd,贵州,新疆,-0.09115263078371177,0.09115263078371177,-0.9132119081053108,0.873025142595062,1,0.06264307723928932,negative,55
economic_inv,rd,陕西,广西,-0.09108290899609683,0.09108290899609683,-0.9132119081053108,0.873025142595062,1,0.06264307723928932,negative,56
economic_inv,rd,新疆,甘肃,-0.09015307146702053,0.09015307146702053,-0.9132119081053108,0.873025142595062,1,0.06264307723928932,negative,57
economic_inv,rd,天津,云南,-0.08857428416122426,0.08857428416122426,-0.9132119081053108,0.873025142595062,1,0.06264307723928932,negative,58
economic_inv,rd,广东,山东,-0.08664220930537586,0.08664220930537586,-0.9132119081053108,0.873025142595062,1,0.06264307723928932,negative,59
economic_inv,rd,江西,重庆,-0.08567856930924184,0.08567856930924184,-0.9132119081053108,0.873025142595062,1,0.06264307723928932,negative,60
economic_inv,rd,天津,黑龙江,-0.08172092710160861,0.08172092710160861,-0.9132119081053108,0.873025142595062,1,0.06264307723928932,negative,61
economic_inv,rd,山西,黑龙江,-0.08107799112424015,0.08107799112424015,-0.9132119081053108,0.873025142595062,1,0.06264307723928932,negative,62
economic_inv,rd,福建,河北,-0.08078771622049319,0.08078771622049319,-0.9132119081053108,0.873025142595062,1,0.06264307723928932,negative,63
economic_inv,rd,甘肃,宁夏,-0.07884841750232102,0.07884841750232102,-0.9132119081053108,0.873025142595062,1,0.06264307723928932,negative,64
economic_inv,rd,福建,湖北,-0.07884161308627252,0.07884161308627252,-0.9132119081053108,0.873025142595062,1,0.06264307723928932,negative,65
economic_inv,rd,河南,浙江,-0.07861660508181632,0.07861660508181632,-0.9132119081053108,0.873025142595062,1,0.06264307723928932,negative,66
economic_inv,rd,安徽,上海,-0.07728353614227892,0.07728353614227892,-0.9132119081053108,0.873025142595062,1,0.06264307723928932,negative,67
economic_inv,rd,上海,安徽,-0.07709429875885776,0.07709429875885776,-0.9132119081053108,0.873025142595062,1,0.06264307723928932,negative,68
economic_inv,rd,河南,四川,-0.07686917831276958,0.07686917831276958,-0.9132119081053108,0.873025142595062,1,0.06264307723928932,negative,69
economic_inv,rd,山西,云南,-0.07637206844586496,0.07637206844586496,-0.9132119081053108,0.873025142595062,1,0.06264307723928932,negative,70
economic_inv,rd,福建,湖南,-0.07622266954308851,0.07622266954308851,-0.9132119081053108,0.873025142595062,1,0.06264307723928932,negative,71
economic_inv,rd,新疆,山西,-0.07576975761527799,0.07576975761527799,-0.9132119081053108,0.873025142595062,1,0.06264307723928932,negative,72
economic_inv,rd,海南,甘肃,-0.07544220857809948,0.07544220857809948,-0.9132119081053108,0.873025142595062,1,0.06264307723928932,negative,73
economic_inv,rd,辽宁,福建,-0.07187673711341634,0.07187673711341634,-0.9132119081053108,0.873025142595062,1,0.06264307723928932,negative,74
economic_inv,rd,陕西,重庆,-0.07161493156692712,0.07161493156692712,-0.9132119081053108,0.873025142595062,1,0.06264307723928932,negative,75
economic_inv,rd,吉林,贵州,-0.07002387567318843,0.07002387567318843,-0.9132119081053108,0.873025142595062,1,0.06264307723928932,negative,76
economic_inv,rd,甘肃,青海,-0.06856873365837028,0.06856873365837028,-0.9132119081053108,0.873025142595062,1,0.06264307723928932,negative,77
economic_inv,rd,重庆,江西,-0.06736853339551443,0.06736853339551443,-0.9132119081053108,0.873025142595062,1,0.06264307723928932,negative,78
economic_inv,rd,北京,上海,-0.06560434097236019,0.06560434097236019,-0.9132119081053108,0.873025142595062,1,0.06264307723928932,negative,79
economic_inv,rd,河南,湖南,-0.06514204744973923,0.06514204744973923,-0.9132119081053108,0.873025142595062,1,0.06264307723928932,negative,80
economic_inv,rd,内蒙古,江西,-0.06493464685174696,0.06493464685174696,-0.9132119081053108,0.873025142595062,1,0.06264307723928932,negative,81
economic_inv,rd,辽宁,安徽,-0.0648655331301958,0.0648655331301958,-0.9132119081053108,0.873025142595062,1,0.06264307723928932,negative,82
economic_inv,rd,河南,湖北,-0.06433639937902792,0.06433639937902792,-0.9132119081053108,0.873025142595062,1,0.06264307723928932,negative,83
economic_inv,rd,安徽,辽宁,-0.06429152255990762,0.06429152255990762,-0.9132119081053108,0.873025142595062,1,0.06264307723928932,negative,84
economic_inv,rd,上海,北京,-0.06428076589884121,0.06428076589884121,-0.9132119081053108,0.873025142595062,1,0.06264307723928932,negative,85
economic_inv,rd,河南,河北,-0.0637833425227018,0.0637833425227018,-0.9132119081053108,0.873025142595062,1,0.06264307723928932,negative,86
economic_inv,rd,贵州,黑龙江,-0.06293837005974506,0.06293837005974506,-0.9132119081053108,0.873025142595062,1,0.06264307723928932,negative,87
economic_inv,rd,新疆,吉林,-0.06261026692590534,0.06261026692590534,-0.9132119081053108,0.873025142595062,0,0.06264307723928932,negative,88
economic_inv,rd,甘肃,贵州,-0.06107553743204294,0.06107553743204294,-0.9132119081053108,0.873025142595062,0,0.06264307723928932,negative,89
economic_inv,rd,贵州,云南,-0.06070642368067881,0.06070642368067881,-0.9132119081053108,0.873025142595062,0,0.06264307723928932,negative,90
economic_inv,rd,上海,福建,-0.05990685442850589,0.05990685442850589,-0.9132119081053108,0.873025142595062,0,0.06264307723928932,negative,91
economic_inv,rd,天津,江西,-0.05750207863268351,0.05750207863268351,-0.9132119081053108,0.873025142595062,0,0.06264307723928932,negative,92
economic_inv,rd,广西,江西,-0.0561808476205381,0.0561808476205381,-0.9132119081053108,0.873025142595062,0,0.06264307723928932,negative,93
economic_inv,rd,北京,辽宁,-0.056144408319466634,0.056144408319466634,-0.9132119081053108,0.873025142595062,0,0.06264307723928932,negative,94
economic_inv,rd,黑龙江,吉林,-0.056065805841559596,0.056065805841559596,-0.9132119081053108,0.873025142595062,0,0.06264307723928932,negative,95
economic_inv,rd,辽宁,北京,-0.05563908491399579,0.05563908491399579,-0.9132119081053108,0.873025142595062,0,0.06264307723928932,negative,96
economic_inv,rd,江西,天津,-0.054920884729236966,0.054920884729236966,-0.9132119081053108,0.873025142595062,0,0.06264307723928932,negative,97
economic_inv,rd,福建,四川,-0.054263016258063616,0.054263016258063616,-0.9132119081053108,0.873025142595062,0,0.06264307723928932,negative,98
economic_inv,rd,福建,安徽,-0.05395695762914823,0.05395695762914823,-0.9132119081053108,0.873025142595062,0,0.06264307723928932,negative,99
economic_inv,rd,浙江,四川,-0.05307945135534478,0.05307945135534478,-0.9132119081053108,0.873025142595062,0,0.06264307723928932,negative,100
economic_inv,rd,吉林,天津,-0.05266359187325907,0.05266359187325907,-0.9132119081053108,0.873025142595062,0,0.06264307723928932,negative,101
economic_inv,rd,山东,浙江,-0.05220199735294446,0.05220199735294446,-0.9132119081053108,0.873025142595062,0,0.06264307723928932,negative,102
economic_inv,rd,陕西,天津,-0.051454734143701227,0.051454734143701227,-0.9132119081053108,0.873025142595062,0,0.06264307723928932,negative,103
economic_inv,rd,四川,福建,-0.05100972511566346,0.05100972511566346,-0.9132119081053108,0.873025142595062,0,0.06264307723928932,negative,104
economic_inv,rd,云南,吉林,-0.050934080664070853,0.050934080664070853,-0.9132119081053108,0.873025142595062,0,0.06264307723928932,negative,105
economic_inv,rd,青海,甘肃,-0.04999285051536776,0.04999285051536776,-0.9132119081053108,0.873025142595062,0,0.06264307723928932,negative,106
economic_inv,rd,宁夏,甘肃,-0.04971194534049391,0.04971194534049391,-0.9132119081053108,0.873025142595062,0,0.06264307723928932,negative,107
economic_inv,rd,福建,北京,-0.04963090010970717,0.04963090010970717,-0.9132119081053108,0.873025142595062,0,0.06264307723928932,negative,108
economic_inv,rd,新疆,黑龙江,-0.049025736676623584,0.049025736676623584,-0.9132119081053108,0.873025142595062,0,0.06264307723928932,negative,109
economic_inv,rd,甘肃,山西,-0.04883898720869251,0.04883898720869251,-0.9132119081053108,0.873025142595062,0,0.06264307723928932,negative,110
economic_inv,rd,浙江,湖南,-0.04865105739088548,0.04865105739088548,-0.9132119081053108,0.873025142595062,0,0.06264307723928932,negative,111
economic_inv,rd,浙江,湖北,-0.048320157023861124,0.048320157023861124,-0.9132119081053108,0.873025142595062,0,0.06264307723928932,negative,112
economic_inv,rd,浙江,河北,-0.0480908349703901,0.0480908349703901,-0.9132119081053108,0.873025142595062,0,0.06264307723928932,negative,113
economic_inv,rd,新疆,云南,-0.04798216830178625,0.04798216830178625,-0.9132119081053108,0.873025142595062,0,0.06264307723928932,negative,114
economic_inv,rd,河南,福建,-0.047307920824018725,0.047307920824018725,-0.9132119081053108,0.873025142595062,0,0.06264307723928932,negative,115
economic_inv,rd,重庆,陕西,-0.04713140873617964,0.04713140873617964,-0.9132119081053108,0.873025142595062,0,0.06264307723928932,negative,116
economic_inv,rd,云南,天津,-0.04688393867395852,0.04688393867395852,-0.9132119081053108,0.873025142595062,0,0.06264307723928932,negative,117
economic_inv,rd,天津,吉林,-0.04612084526715818,0.04612084526715818,-0.9132119081053108,0.873025142595062,0,0.06264307723928932,negative,118
economic_inv,rd,山西,天津,-0.04513436617257293,0.04513436617257293,-0.9132119081053108,0.873025142595062,0,0.06264307723928932,negative,119
economic_inv,rd,天津,陕西,-0.04509135754590387,0.04509135754590387,-0.9132119081053108,0.873025142595062,0,0.06264307723928932,negative,120
economic_inv,rd,广西,天津,-0.0450775092392121,0.0450775092392121,-0.9132119081053108,0.873025142595062,0,0.06264307723928932,negative,121
economic_inv,rd,山西,新疆,-0.044228840590229274,0.044228840590229274,-0.9132119081053108,0.873025142595062,0,0.06264307723928932,negative,122
economic_inv,rd,甘肃,吉林,-0.04383321342681182,0.04383321342681182,-0.9132119081053108,0.873025142595062,0,0.06264307723928932,negative,123
economic_inv,rd,新疆,海南,-0.043279872129962586,0.043279872129962586,-0.9132119081053108,0.873025142595062,0,0.06264307723928932,negative,124
economic_inv,rd,黑龙江,天津,-0.04327646782081906,0.04327646782081906,-0.9132119081053108,0.873025142595062,0,0.06264307723928932,negative,125
economic_inv,rd,重庆,云南,-0.04283334971608949,0.04283334971608949,-0.9132119081053108,0.873025142595062,0,0.06264307723928932,negative,126
economic_inv,rd,贵州,天津,-0.042665025242210074,0.042665025242210074,-0.9132119081053108,0.873025142595062,0,0.06264307723928932,negative,127
economic_inv,rd,内蒙古,天津,-0.04234589336189732,0.04234589336189732,-0.9132119081053108,0.873025142595062,0,0.06264307723928932,negative,128
economic_inv,rd,吉林,重庆,-0.04088993095061219,0.04088993095061219,-0.9132119081053108,0.873025142595062,0,0.06264307723928932,negative,129
economic_inv,rd,重庆,黑龙江,-0.04063879498514333,0.04063879498514333,-0.9132119081053108,0.873025142595062,0,0.06264307723928932,negative,130
economic_inv,rd,浙江,福建,-0.04033558958890592,0.04033558958890592,-0.9132119081053108,0.873025142595062,0,0.06264307723928932,negative,131
economic_inv,rd,河南,辽宁,-0.03997428909499218,0.03997428909499218,-0.9132119081053108,0.873025142595062,0,0.06264307723928932,negative,132
economic_inv,rd,湖南,四川,-0.03971786929278001,0.03971786929278001,-0.9132119081053108,0.873025142595062,0,0.06264307723928932,negative,133
economic_inv,rd,山东,河南,-0.039568447525261195,0.039568447525261195,-0.9132119081053108,0.873025142595062,0,0.06264307723928932,negative,134
economic_inv,rd,海南,新疆,-0.039224594609658894,0.039224594609658894,-0.9132119081053108,0.873025142595062,0,0.06264307723928932,negative,135
economic_inv,rd,贵州,甘肃,-0.03909797136664111,0.03909797136664111,-0.9132119081053108,0.873025142595062,0,0.06264307723928932,negative,136
economic_inv,rd,河南,上海,-0.03885235730801672,0.03885235730801672,-0.9132119081053108,0.873025142595062,0,0.06264307723928932,negative,137
economic_inv,rd,新疆,天津,-0.038268769764408274,0.038268769764408274,-0.9132119081053108,0.873025142595062,0,0.06264307723928932,negative,138
economic_inv,rd,新疆,宁夏,-0.038259011014850026,0.038259011014850026,-0.9132119081053108,0.873025142595062,0,0.06264307723928932,negative,139
economic_inv,rd,内蒙古,陕西,-0.038257841470570646,0.038257841470570646,-0.9132119081053108,0.873025142595062,0,0.06264307723928932,negative,140
economic_inv,rd,甘肃,黑龙江,-0.03767280091348353,0.03767280091348353,-0.9132119081053108,0.873025142595062,0,0.06264307723928932,negative,141
economic_inv,rd,甘肃,云南,-0.03714944066455472,0.03714944066455472,-0.9132119081053108,0.873025142595062,0,0.06264307723928932,negative,142
economic_inv,rd,山西,重庆,-0.03680898838175697,0.03680898838175697,-0.9132119081053108,0.873025142595062,0,0.06264307723928932,negative,143
economic_inv,rd,贵州,重庆,-0.03664312456459193,0.03664312456459193,-0.9132119081053108,0.873025142595062,0,0.06264307723928932,negative,144
economic_inv,rd,吉林,广西,-0.03644510506224058,0.03644510506224058,-0.9132119081053108,0.873025142595062,0,0.06264307723928932,negative,145
economic_inv,rd,天津,山西,-0.03622865235943212,0.03622865235943212,-0.9132119081053108,0.873025142595062,0,0.06264307723928932,negative,146
economic_inv,rd,浙江,辽宁,-0.03619047455481263,0.03619047455481263,-0.9132119081053108,0.873025142595062,0,0.06264307723928932,negative,147
economic_inv,rd,浙江,上海,-0.03551069024748917,0.03551069024748917,-0.9132119081053108,0.873025142595062,0,0.06264307723928932,negative,148
economic_inv,rd,吉林,内蒙古,-0.03545229489767147,0.03545229489767147,-0.9132119081053108,0.873025142595062,0,0.06264307723928932,negative,149
economic_inv,rd,新疆,青海,-0.035219691861402544,0.035219691861402544,-0.9132119081053108,0.873025142595062,0,0.06264307723928932,negative,150
economic_inv,rd,广西,陕西,-0.03471671650374079,0.03471671650374079,-0.9132119081053108,0.873025142595062,0,0.06264307723928932,negative,151
economic_inv,rd,四川,辽宁,-0.03453476972583878,0.03453476972583878,-0.9132119081053108,0.873025142595062,0,0.06264307723928932,negative,152
economic_inv,rd,黑龙江,山西,-0.03446405168593791,0.03446405168593791,-0.9132119081053108,0.873025142595062,0,0.06264307723928932,negative,153
economic_inv,rd,新疆,重庆,-0.03441612593930477,0.03441612593930477,-0.9132119081053108,0.873025142595062,0,0.06264307723928932,negative,154
economic_inv,rd,浙江,山东,-0.034280035200738274,0.034280035200738274,-0.9132119081053108,0.873025142595062,0,0.06264307723928932,negative,155
economic_inv,rd,河南,安徽,-0.034114308585221916,0.034114308585221916,-0.9132119081053108,0.873025142595062,0,0.06264307723928932,negative,156
economic_inv,rd,陕西,云南,-0.03409676701713754,0.03409676701713754,-0.9132119081053108,0.873025142595062,0,0.06264307723928932,negative,157
economic_inv,rd,贵州,广西,-0.03402341030979054,0.03402341030979054,-0.9132119081053108,0.873025142595062,0,0.06264307723928932,negative,158
economic_inv,rd,安徽,福建,-0.03379397502635387,0.03379397502635387,-0.9132119081053108,0.873025142595062,0,0.06264307723928932,negative,159
economic_inv,rd,吉林,新疆,-0.03349756681463246,0.03349756681463246,-0.9132119081053108,0.873025142595062,0,0.06264307723928932,negative,160
economic_inv,rd,山西,广西,-0.03344367793268978,0.03344367793268978,-0.9132119081053108,0.873025142595062,0,0.06264307723928932,negative,161
economic_inv,rd,贵州,内蒙古,-0.03340809652943787,0.03340809652943787,-0.9132119081053108,0.873025142595062,0,0.06264307723928932,negative,162
economic_inv,rd,河南,北京,-0.03330469924705166,0.03330469924705166,-0.9132119081053108,0.873025142595062,0,0.06264307723928932,negative,163
economic_inv,rd,江西,云南,-0.03330160990698044,0.03330160990698044,-0.9132119081053108,0.873025142595062,0,0.06264307723928932,negative,164
economic_inv,rd,陕西,黑龙江,-0.033158684820466064,0.033158684820466064,-0.9132119081053108,0.873025142595062,0,0.06264307723928932,negative,165
economic_inv,rd,山西,内蒙古,-0.03267409001889994,0.03267409001889994,-0.9132119081053108,0.873025142595062,0,0.06264307723928932,negative,166
economic_inv,rd,新疆,广西,-0.03262440073931441,0.03262440073931441,-0.9132119081053108,0.873025142595062,0,0.06264307723928932,negative,167
economic_inv,rd,四川,上海,-0.0325749383371351,0.0325749383371351,-0.9132119081053108,0.873025142595062,0,0.06264307723928932,negative,168
economic_inv,rd,浙江,安徽,-0.0324906514577142,0.0324906514577142,-0.9132119081053108,0.873025142595062,0,0.06264307723928932,negative,169
economic_inv,rd,云南,山西,-0.03244858944280809,0.03244858944280809,-0.9132119081053108,0.873025142595062,0,0.06264307723928932,negative,170
economic_inv,rd,江西,黑龙江,-0.032237384860657796,0.032237384860657796,-0.9132119081053108,0.873025142595062,0,0.06264307723928932,negative,171
economic_inv,rd,新疆,内蒙古,-0.032192633771208116,0.032192633771208116,-0.9132119081053108,0.873025142595062,0,0.06264307723928932,negative,172
economic_inv,rd,浙江,北京,-0.03194902623910094,0.03194902623910094,-0.9132119081053108,0.873025142595062,0,0.06264307723928932,negative,173
economic_inv,rd,四川,河南,-0.03187440057204502,0.03187440057204502,-0.9132119081053108,0.873025142595062,0,0.06264307723928932,negative,174
economic_inv,rd,甘肃,天津,-0.0318700323409863,0.0318700323409863,-0.9132119081053108,0.873025142595062,0,0.06264307723928932,negative,175
economic_inv,rd,北京,陕西,-0.03175504973892674,0.03175504973892674,-0.9132119081053108,0.873025142595062,0,0.06264307723928932,negative,176
economic_inv,rd,山东,四川,-0.031717830408362346,0.031717830408362346,-0.9132119081053108,0.873025142595062,0,0.06264307723928932,negative,177
economic_inv,rd,北京,福建,-0.03164687183915894,0.03164687183915894,-0.9132119081053108,0.873025142595062,0,0.06264307723928932,negative,178
economic_inv,rd,山东,湖南,-0.03062400710965029,0.03062400710965029,-0.9132119081053108,0.873025142595062,0,0.06264307723928932,negative,179
economic_inv,rd,山东,湖北,-0.03053756463658995,0.03053756463658995,-0.9132119081053108,0.873025142595062,0,0.06264307723928932,negative,180
economic_inv,rd,山东,河北,-0.03047725044800025,0.03047725044800025,-0.9132119081053108,0.873025142595062,0,0.06264307723928932,negative,181
economic_inv,rd,青海,新疆,-0.030462370169303837,0.030462370169303837,-0.9132119081053108,0.873025142595062,0,0.06264307723928932,negative,182
economic_inv,rd,云南,重庆,-0.030189756456504298,0.030189756456504298,-0.9132119081053108,0.873025142595062,0,0.06264307723928932,negative,183
economic_inv,rd,陕西,北京,-0.029941631184026322,0.029941631184026322,-0.9132119081053108,0.873025142595062,0,0.06264307723928932,negative,184
economic_inv,rd,辽宁,河北,-0.029849615049485117,0.029849615049485117,-0.9132119081053108,0.873025142595062,0,0.06264307723928932,negative,185
economic_inv,rd,甘肃,重庆,-0.02954800823061741,0.02954800823061741,-0.9132119081053108,0.873025142595062,0,0.06264307723928932,negative,186
economic_inv,rd,辽宁,湖北,-0.029424929889869344,0.029424929889869344,-0.9132119081053108,0.873025142595062,0,0.06264307723928932,negative,187
economic_inv,rd,江苏,浙江,-0.02936325435219993,0.02936325435219993,-0.9132119081053108,0.873025142595062,0,0.06264307723928932,negative,188
economic_inv,rd,贵州,江西,-0.029267061961038912,0.029267061961038912,-0.9132119081053108,0.873025142595062,0,0.06264307723928932,negative,189
economic_inv,rd,吉林,江西,-0.029223900339869043,0.029223900339869043,-0.9132119081053108,0.873025142595062,0,0.06264307723928932,negative,190
economic_inv,rd,新疆,江西,-0.02917208866286329,0.02917208866286329,-0.9132119081053108,0.873025142595062,0,0.06264307723928932,negative,191
economic_inv,rd,安徽,陕西,-0.02886830283213787,0.02886830283213787,-0.9132119081053108,0.873025142595062,0,0.06264307723928932,negative,192
economic_inv,rd,辽宁,湖南,-0.02883968144286384,0.02883968144286384,-0.9132119081053108,0.873025142595062,0,0.06264307723928932,negative,193
economic_inv,rd,海南,贵州,-0.02882934658804735,0.02882934658804735,-0.9132119081053108,0.873025142595062,0,0.06264307723928932,negative,194
economic_inv,rd,黑龙江,重庆,-0.028656323827200833,0.028656323827200833,-0.9132119081053108,0.873025142595062,0,0.06264307723928932,negative,195
economic_inv,rd,宁夏,新疆,-0.028615272388576557,0.028615272388576557,-0.9132119081053108,0.873025142595062,0,0.06264307723928932,negative,196
economic_inv,rd,广东,浙江,-0.028547274706976454,0.028547274706976454,-0.9132119081053108,0.873025142595062,0,0.06264307723928932,negative,197
economic_inv,rd,河北,四川,-0.028497537522387897,0.028497537522387897,-0.9132119081053108,0.873025142595062,0,0.06264307723928932,negative,198
economic_inv,rd,甘肃,广西,-0.028418473807528634,0.028418473807528634,-0.9132119081053108,0.873025142595062,0,0.06264307723928932,negative,199
economic_inv,rd,山东,福建,-0.028219268375566216,0.028219268375566216,-0.9132119081053108,0.873025142595062,0,0.06264307723928932,negative,200
economic_inv,rd,北京,江西,-0.028211853478959187,0.028211853478959187,-0.9132119081053108,0.873025142595062,0,0.06264307723928932,negative,201
economic_inv,rd,甘肃,内蒙古,-0.02814133367489122,0.02814133367489122,-0.9132119081053108,0.873025142595062,0,0.06264307723928932,negative,202
economic_inv,rd,陕西,安徽,-0.02771218205070528,0.02771218205070528,-0.9132119081053108,0.873025142595062,0,0.06264307723928932,negative,203
economic_inv,rd,山西,江西,-0.02768910308520153,0.02768910308520153,-0.9132119081053108,0.873025142595062,0,0.06264307723928932,negative,204
economic_inv,rd,上海,河北,-0.02739384818152906,0.02739384818152906,-0.9132119081053108,0.873025142595062,0,0.06264307723928932,negative,205
economic_inv,rd,新疆,陕西,-0.027380712003695126,0.027380712003695126,-0.9132119081053108,0.873025142595062,0,0.06264307723928932,negative,206
economic_inv,rd,上海,湖北,-0.02703171809239833,0.02703171809239833,-0.9132119081053108,0.873025142595062,0,0.06264307723928932,negative,207
economic_inv,rd,贵州,陕西,-0.026938716681384024,0.026938716681384024,-0.9132119081053108,0.873025142595062,0,0.06264307723928932,negative,208
economic_inv,rd,重庆,吉林,-0.02689317180977487,0.02689317180977487,-0.9132119081053108,0.873025142595062,0,0.06264307723928932,negative,209
economic_inv,rd,山东,辽宁,-0.02680859076322093,0.02680859076322093,-0.9132119081053108,0.873025142595062,0,0.06264307723928932,negative,210
economic_inv,rd,山东,上海,-0.026561250744926046,0.026561250744926046,-0.9132119081053108,0.873025142595062,0,0.06264307723928932,negative,211
economic_inv,rd,上海,湖南,-0.02653145993857651,0.02653145993857651,-0.9132119081053108,0.873025142595062,0,0.06264307723928932,negative,212
economic_inv,rd,浙江,陕西,-0.026465146566976933,0.026465146566976933,-0.9132119081053108,0.873025142595062,0,0.06264307723928932,negative,213
economic_inv,rd,天津,贵州,-0.026323473778670527,0.026323473778670527,-0.9132119081053108,0.873025142595062,0,0.06264307723928932,negative,214
economic_inv,rd,甘肃,江西,-0.02614642970713687,0.02614642970713687,-0.9132119081053108,0.873025142595062,0,0.06264307723928932,negative,215
economic_inv,rd,吉林,陕西,-0.026034596003292693,0.026034596003292693,-0.9132119081053108,0.873025142595062,0,0.06264307723928932,negative,216
economic_inv,rd,陕西,吉林,-0.026017744978354428,0.026017744978354428,-0.9132119081053108,0.873025142595062,0,0.06264307723928932,negative,217
economic_inv,rd,浙江,江西,-0.025906669348141058,0.025906669348141058,-0.9132119081053108,0.873025142595062,0,0.06264307723928932,negative,218
economic_inv,rd,安徽,江西,-0.025862072943096785,0.025862072943096785,-0.9132119081053108,0.873025142595062,0,0.06264307723928932,negative,219
economic_inv,rd,河南,陕西,-0.025718048367825302,0.025718048367825302,-0.9132119081053108,0.873025142595062,0,0.06264307723928932,negative,220
economic_inv,rd,湖北,四川,-0.025447806410533666,0.025447806410533666,-0.9132119081053108,0.873025142595062,0,0.06264307723928932,negative,221
economic_inv,rd,四川,安徽,-0.025432731850496725,0.025432731850496725,-0.9132119081053108,0.873025142595062,0,0.06264307723928932,negative,222
economic_inv,rd,山东,安徽,-0.025401519533067914,0.025401519533067914,-0.9132119081053108,0.873025142595062,0,0.06264307723928932,negative,223
economic_inv,rd,云南,广西,-0.025279311936070355,0.025279311936070355,-0.9132119081053108,0.873025142595062,0,0.06264307723928932,negative,224
economic_inv,rd,山东,北京,-0.0251823436253538,0.0251823436253538,-0.9132119081053108,0.873025142595062,0,0.06264307723928932,negative,225
economic_inv,rd,浙江,内蒙古,-0.025145675564000908,0.025145675564000908,-0.9132119081053108,0.873025142595062,0,0.06264307723928932,negative,226
economic_inv,rd,浙江,广西,-0.025051617859487715,0.025051617859487715,-0.9132119081053108,0.873025142595062,0,0.06264307723928932,negative,227
economic_inv,rd,山西,陕西,-0.025026679719599522,0.025026679719599522,-0.9132119081053108,0.873025142595062,0,0.06264307723928932,negative,228
economic_inv,rd,河南,江西,-0.02500273604249518,0.02500273604249518,-0.9132119081053108,0.873025142595062,0,0.06264307723928932,negative,229
economic_inv,rd,海南,山西,-0.02496469776925599,0.02496469776925599,-0.9132119081053108,0.873025142595062,0,0.06264307723928932,negative,230
economic_inv,rd,甘肃,陕西,-0.0249148866740366,0.0249148866740366,-0.9132119081053108,0.873025142595062,0,0.06264307723928932,negative,231
economic_inv,rd,福建,陕西,-0.024857790778956838,0.024857790778956838,-0.9132119081053108,0.873025142595062,0,0.06264307723928932,negative,232
economic_inv,rd,浙江,江苏,-0.024804938499971525,0.024804938499971525,-0.9132119081053108,0.873025142595062,0,0.06264307723928932,negative,233
economic_inv,rd,浙江,重庆,-0.02469308990774561,0.02469308990774561,-0.9132119081053108,0.873025142595062,0,0.06264307723928932,negative,234
economic_inv,rd,江西,吉林,-0.0244443751556377,0.0244443751556377,-0.9132119081053108,0.873025142595062,0,0.06264307723928932,negative,235
economic_inv,rd,四川,北京,-0.024367726815476002,0.024367726815476002,-0.9132119081053108,0.873025142595062,0,0.06264307723928932,negative,236
economic_inv,rd,北京,内蒙古,-0.02432018429084089,0.02432018429084089,-0.9132119081053108,0.873025142595062,0,0.06264307723928932,negative,237
economic_inv,rd,云南,内蒙古,-0.024262635723826,0.024262635723826,-0.9132119081053108,0.873025142595062,0,0.06264307723928932,negative,238
economic_inv,rd,黑龙江,广西,-0.024196940558492763,0.024196940558492763,-0.9132119081053108,0.873025142595062,0,0.06264307723928932,negative,239
economic_inv,rd,贵州,海南,-0.024157144624377187,0.024157144624377187,-0.9132119081053108,0.873025142595062,0,0.06264307723928932,negative,240
economic_inv,rd,浙江,天津,-0.02406183964687625,0.02406183964687625,-0.9132119081053108,0.873025142595062,0,0.06264307723928932,negative,241
economic_inv,rd,河南,内蒙古,-0.024043677248493614,0.024043677248493614,-0.9132119081053108,0.873025142595062,0,0.06264307723928932,negative,242
economic_inv,rd,山西,甘肃,-0.024031447924845566,0.024031447924845566,-0.9132119081053108,0.873025142595062,0,0.06264307723928932,negative,243
economic_inv,rd,河南,广西,-0.023926370340821186,0.023926370340821186,-0.9132119081053108,0.873025142595062,0,0.06264307723928932,negative,244
economic_inv,rd,北京,广西,-0.023898808466723494,0.023898808466723494,-0.9132119081053108,0.873025142595062,0,0.06264307723928932,negative,245
economic_inv,rd,江苏,河南,-0.02385253984685877,0.02385253984685877,-0.9132119081053108,0.873025142595062,0,0.06264307723928932,negative,246
economic_inv,rd,青海,贵州,-0.02355167866119794,0.02355167866119794,-0.9132119081053108,0.873025142595062,0,0.06264307723928932,negative,247
economic_inv,rd,广东,河南,-0.023513417509258776,0.023513417509258776,-0.9132119081053108,0.873025142595062,0,0.06264307723928932,negative,248
economic_inv,rd,河南,重庆,-0.023481669266696415,0.023481669266696415,-0.9132119081053108,0.873025142595062,0,0.06264307723928932,negative,249
economic_inv,rd,福建,江西,-0.0233914049202158,0.0233914049202158,-0.9132119081053108,0.873025142595062,0,0.06264307723928932,negative,250
economic_inv,rd,黑龙江,内蒙古,-0.02326427212451013,0.02326427212451013,-0.9132119081053108,0.873025142595062,0,0.06264307723928932,negative,251
economic_inv,rd,辽宁,四川,-0.0232145151699095,0.0232145151699095,-0.9132119081053108,0.873025142595062,0,0.06264307723928932,negative,252
economic_inv,rd,海南,吉林,-0.023192549943445332,0.023192549943445332,-0.9132119081053108,0.873025142595062,0,0.06264307723928932,negative,253
economic_inv,rd,浙江,云南,-0.022998621457064793,0.022998621457064793,-0.9132119081053108,0.873025142595062,0,0.06264307723928932,negative,254
economic_inv,rd,浙江,广东,-0.022985291106769522,0.022985291106769522,-0.9132119081053108,0.873025142595062,0,0.06264307723928932,negative,255
economic_inv,rd,陕西,山西,-0.022923456080605833,0.022923456080605833,-0.9132119081053108,0.873025142595062,0,0.06264307723928932,negative,256
economic_inv,rd,浙江,黑龙江,-0.02291371140973242,0.02291371140973242,-0.9132119081053108,0.873025142595062,0,0.06264307723928932,negative,257
economic_inv,rd,山东,陕西,-0.022743096173742504,0.022743096173742504,-0.9132119081053108,0.873025142595062,0,0.06264307723928932,negative,258
economic_inv,rd,河南,天津,-0.022707999313012803,0.022707999313012803,-0.9132119081053108,0.873025142595062,0,0.06264307723928932,negative,259
economic_inv,rd,安徽,内蒙古,-0.02250159612280021,0.02250159612280021,-0.9132119081053108,0.873025142595062,0,0.06264307723928932,negative,260
economic_inv,rd,山东,江西,-0.022469744686502327,0.022469744686502327,-0.9132119081053108,0.873025142595062,0,0.06264307723928932,negative,261
economic_inv,rd,北京,重庆,-0.022392799168819515,0.022392799168819515,-0.9132119081053108,0.873025142595062,0,0.06264307723928932,negative,262
economic_inv,rd,江西,北京,-0.022264668399267815,0.022264668399267815,-0.9132119081053108,0.873025142595062,0,0.06264307723928932,negative,263
economic_inv,rd,重庆,山西,-0.02218899237268877,0.02218899237268877,-0.9132119081053108,0.873025142595062,0,0.06264307723928932,negative,264
economic_inv,rd,安徽,广西,-0.022133986990212073,0.022133986990212073,-0.9132119081053108,0.873025142595062,0,0.06264307723928932,negative,265
economic_inv,rd,浙江,吉林,-0.02209975207222292,0.02209975207222292,-0.9132119081053108,0.873025142595062,0,0.06264307723928932,negative,266
economic_inv,rd,山东,内蒙古,-0.02208899939668625,0.02208899939668625,-0.9132119081053108,0.873025142595062,0,0.06264307723928932,negative,267
economic_inv,rd,山东,广西,-0.022041261649334076,0.022041261649334076,-0.9132119081053108,0.873025142595062,0,0.06264307723928932,negative,268
economic_inv,rd,贵州,宁夏,-0.022032061424060924,0.022032061424060924,-0.9132119081053108,0.873025142595062,0,0.06264307723928932,negative,269
economic_inv,rd,山东,重庆,-0.02185789902822559,0.02185789902822559,-0.9132119081053108,0.873025142595062,0,0.06264307723928932,negative,270
economic_inv,rd,宁夏,贵州,-0.02169881332962572,0.02169881332962572,-0.9132119081053108,0.873025142595062,0,0.06264307723928932,negative,271
economic_inv,rd,上海,四川,-0.02165018700764496,0.02165018700764496,-0.9132119081053108,0.873025142595062,0,0.06264307723928932,negative,272
economic_inv,rd,浙江,山西,-0.02161841012720613,0.02161841012720613,-0.9132119081053108,0.873025142595062,0,0.06264307723928932,negative,273
economic_inv,rd,福建,内蒙古,-0.021566841650294516,0.021566841650294516,-0.9132119081053108,0.873025142595062,0,0.06264307723928932,negative,274
economic_inv,rd,山东,天津,-0.02152958047429918,0.02152958047429918,-0.9132119081053108,0.873025142595062,0,0.06264307723928932,negative,275
economic_inv,rd,河南,云南,-0.021431074933179917,0.021431074933179917,-0.9132119081053108,0.873025142595062,0,0.06264307723928932,negative,276
economic_inv,rd,福建,广西,-0.021353944523161368,0.021353944523161368,-0.9132119081053108,0.873025142595062,0,0.06264307723928932,negative,277
economic_inv,rd,河南,黑龙江,-0.021330484402631016,0.021330484402631016,-0.9132119081053108,0.873025142595062,0,0.06264307723928932,negative,278
economic_inv,rd,江西,山西,-0.021227932600841642,0.021227932600841642,-0.9132119081053108,0.873025142595062,0,0.06264307723928932,negative,279
economic_inv,rd,上海,陕西,-0.020966019851405907,0.020966019851405907,-0.9132119081053108,0.873025142595062,0,0.06264307723928932,negative,280
economic_inv,rd,山东,云南,-0.020960232772140507,0.020960232772140507,-0.9132119081053108,0.873025142595062,0,0.06264307723928932,negative,281
economic_inv,rd,山东,黑龙江,-0.02091385113312375,0.02091385113312375,-0.9132119081053108,0.873025142595062,0,0.06264307723928932,negative,282
economic_inv,rd,福建,河南,-0.020867700565173185,0.020867700565173185,-0.9132119081053108,0.873025142595062,0,0.06264307723928932,negative,283
economic_inv,rd,海南,黑龙江,-0.020833128901304038,0.020833128901304038,-0.9132119081053108,0.873025142595062,0,0.06264307723928932,negative,284
economic_inv,rd,浙江,贵州,-0.020822748962944938,0.020822748962944938,-0.9132119081053108,0.873025142595062,0,0.06264307723928932,negative,285
economic_inv,rd,安徽,重庆,-0.02081407036285561,0.02081407036285561,-0.9132119081053108,0.873025142595062,0,0.06264307723928932,negative,286
economic_inv,rd,青海,山西,-0.020795908214684886,0.020795908214684886,-0.9132119081053108,0.873025142595062,0,0.06264307723928932,negative,287
economic_inv,rd,江西,安徽,-0.020779483849408163,0.020779483849408163,-0.9132119081053108,0.873025142595062,0,0.06264307723928932,negative,288
economic_inv,rd,广西,云南,-0.020772204489033993,0.020772204489033993,-0.9132119081053108,0.873025142595062,0,0.06264307723928932,negative,289
economic_inv,rd,贵州,青海,-0.020678880467867637,0.020678880467867637,-0.9132119081053108,0.873025142595062,0,0.06264307723928932,negative,290
economic_inv,rd,海南,云南,-0.020622825122325463,0.020622825122325463,-0.9132119081053108,0.873025142595062,0,0.06264307723928932,negative,291
economic_inv,rd,福建,重庆,-0.020565905713240934,0.020565905713240934,-0.9132119081053108,0.873025142595062,0,0.06264307723928932,negative,292
economic_inv,rd,黑龙江,贵州,-0.020563886922270833,0.020563886922270833,-0.9132119081053108,0.873025142595062,0,0.06264307723928932,negative,293
economic_inv,rd,山东,吉林,-0.020462141752850868,0.020462141752850868,-0.9132119081053108,0.873025142595062,0,0.06264307723928932,negative,294
economic_inv,rd,内蒙古,云南,-0.020431715199846878,0.020431715199846878,-0.9132119081053108,0.873025142595062,0,0.06264307723928932,negative,295
economic_inv,rd,河南,吉林,-0.020376375161545692,0.020376375161545692,-0.9132119081053108,0.873025142595062,0,0.06264307723928932,negative,296
economic_inv,rd,安徽,河北,-0.020261565718272357,0.020261565718272357,-0.9132119081053108,0.873025142595062,0,0.06264307723928932,negative,297
economic_inv,rd,山东,山西,-0.020188829610814186,0.020188829610814186,-0.9132119081053108,0.873025142595062,0,0.06264307723928932,negative,298
economic_inv,rd,陕西,上海,-0.020175773154642647,0.020175773154642647,-0.9132119081053108,0.873025142595062,0,0.06264307723928932,negative,299
economic_inv,rd,辽宁,陕西,-0.020100486941551927,0.020100486941551927,-0.9132119081053108,0.873025142595062,0,0.06264307723928932,negative,300
economic_inv,rd,北京,天津,-0.020073963197950927,0.020073963197950927,-0.9132119081053108,0.873025142595062,0,0.06264307723928932,negative,301
economic_inv,rd,安徽,湖北,-0.020063254365768394,0.020063254365768394,-0.9132119081053108,0.873025142595062,0,0.06264307723928932,negative,302
economic_inv,rd,江苏,四川,-0.020011525209577344,0.020011525209577344,-0.9132119081053108,0.873025142595062,0,0.06264307723928932,negative,303
economic_inv,rd,广东,四川,-0.019920841510655696,0.019920841510655696,-0.9132119081053108,0.873025142595062,0,0.06264307723928932,negative,304
economic_inv,rd,广西,黑龙江,-0.019873562001598174,0.019873562001598174,-0.9132119081053108,0.873025142595062,0,0.06264307723928932,negative,305
economic_inv,rd,云南,贵州,-0.019825414685211686,0.019825414685211686,-0.9132119081053108,0.873025142595062,0,0.06264307723928932,negative,306
economic_inv,rd,河南,山西,-0.019820677504514144,0.019820677504514144,-0.9132119081053108,0.873025142595062,0,0.06264307723928932,negative,307
economic_inv,rd,安徽,湖南,-0.01978702080296742,0.01978702080296742,-0.9132119081053108,0.873025142595062,0,0.06264307723928932,negative,308
economic_inv,rd,吉林,甘肃,-0.01976854241848241,0.01976854241848241,-0.9132119081053108,0.873025142595062,0,0.06264307723928932,negative,309
economic_inv,rd,山东,贵州,-0.01972657285366507,0.01972657285366507,-0.9132119081053108,0.873025142595062,0,0.06264307723928932,negative,310
economic_inv,rd,北京,河北,-0.019603631546999012,0.019603631546999012,-0.9132119081053108,0.873025142595062,0,0.06264307723928932,negative,311
economic_inv,rd,浙江,新疆,-0.019588512062411637,0.019588512062411637,-0.9132119081053108,0.873025142595062,0,0.06264307723928932,negative,312
economic_inv,rd,内蒙古,黑龙江,-0.019581873188027746,0.019581873188027746,-0.9132119081053108,0.873025142595062,0,0.06264307723928932,negative,313
economic_inv,rd,青海,吉林,-0.01949563458002514,0.01949563458002514,-0.9132119081053108,0.873025142595062,0,0.06264307723928932,negative,314
economic_inv,rd,江苏,湖南,-0.019447743582356868,0.019447743582356868,-0.9132119081053108,0.873025142595062,0,0.06264307723928932,negative,315
economic_inv,rd,北京,湖北,-0.019421200402044623,0.019421200402044623,-0.9132119081053108,0.873025142595062,0,0.06264307723928932,negative,316
economic_inv,rd,江苏,湖北,-0.019402874633749397,0.019402874633749397,-0.9132119081053108,0.873025142595062,0,0.06264307723928932,negative,317
economic_inv,rd,广东,湖南,-0.01938757529172427,0.01938757529172427,-0.9132119081053108,0.873025142595062,0,0.06264307723928932,negative,318
economic_inv,rd,江苏,河北,-0.019371540379078036,0.019371540379078036,-0.9132119081053108,0.873025142595062,0,0.06264307723928932,negative,319
economic_inv,rd,广东,湖北,-0.019345068751511704,0.019345068751511704,-0.9132119081053108,0.873025142595062,0,0.06264307723928932,negative,320
economic_inv,rd,上海,江西,-0.019330133349139023,0.019330133349139023,-0.9132119081053108,0.873025142595062,0,0.06264307723928932,negative,321
economic_inv,rd,广东,河北,-0.019315378490060486,0.019315378490060486,-0.9132119081053108,0.873025142595062,0,0.06264307723928932,negative,322
economic_inv,rd,福建,天津,-0.019262814716140636,0.019262814716140636,-0.9132119081053108,0.873025142595062,0,0.06264307723928932,negative,323
economic_inv,rd,北京,湖南,-0.019166790905679257,0.019166790905679257,-0.9132119081053108,0.873025142595062,0,0.06264307723928932,negative,324
economic_inv,rd,陕西,辽宁,-0.019124750073316914,0.019124750073316914,-0.9132119081053108,0.873025142595062,0,0.06264307723928932,negative,325
economic_inv,rd,河南,山东,-0.019026222136086873,0.019026222136086873,-0.9132119081053108,0.873025142595062,0,0.06264307723928932,negative,326
economic_inv,rd,宁夏,山西,-0.019014256481280082,0.019014256481280082,-0.9132119081053108,0.873025142595062,0,0.06264307723928932,negative,327
economic_inv,rd,山东,新疆,-0.018982495478017825,0.018982495478017825,-0.9132119081053108,0.873025142595062,0,0.06264307723928932,negative,328
economic_inv,rd,陕西,贵州,-0.018966191194434996,0.018966191194434996,-0.9132119081053108,0.873025142595062,0,0.06264307723928932,negative,329
economic_inv,rd,河南,贵州,-0.018915660103166098,0.018915660103166098,-0.9132119081053108,0.873025142595062,0,0.06264307723928932,negative,330
economic_inv,rd,安徽,天津,-0.01876302524857288,0.01876302524857288,-0.9132119081053108,0.873025142595062,0,0.06264307723928932,negative,331
economic_inv,rd,辽宁,江西,-0.01860776755432056,0.01860776755432056,-0.9132119081053108,0.873025142595062,0,0.06264307723928932,negative,332
economic_inv,rd,云南,江西,-0.01845557951113159,0.01845557951113159,-0.9132119081053108,0.873025142595062,0,0.06264307723928932,negative,333
economic_inv,rd,海南,天津,-0.018407136469101904,0.018407136469101904,-0.9132119081053108,0.873025142595062,0,0.06264307723928932,negative,334
economic_inv,rd,新疆,北京,-0.018389395988326757,0.018389395988326757,-0.9132119081053108,0.873025142595062,0,0.06264307723928932,negative,335
economic_inv,rd,广东,福建,-0.01818469900942167,0.01818469900942167,-0.9132119081053108,0.873025142595062,0,0.06264307723928932,negative,336
economic_inv,rd,江苏,福建,-0.01818198610439608,0.01818198610439608,-0.9132119081053108,0.873025142595062,0,0.06264307723928932,negative,337
economic_inv,rd,浙江,甘肃,-0.018155731748613686,0.018155731748613686,-0.9132119081053108,0.873025142595062,0,0.06264307723928932,negative,338
economic_inv,rd,甘肃,北京,-0.01811943578293938,0.01811943578293938,-0.9132119081053108,0.873025142595062,0,0.06264307723928932,negative,339
economic_inv,rd,山东,甘肃,-0.018074789705991218,0.018074789705991218,-0.9132119081053108,0.873025142595062,0,0.06264307723928932,negative,340
economic_inv,rd,天津,新疆,-0.0179307720486936,0.0179307720486936,-0.9132119081053108,0.873025142595062,0,0.06264307723928932,negative,341
economic_inv,rd,新疆,安徽,-0.017916082986364906,0.017916082986364906,-0.9132119081053108,0.873025142595062,0,0.06264307723928932,negative,342
economic_inv,rd,黑龙江,江西,-0.017874106671184012,0.017874106671184012,-0.9132119081053108,0.873025142595062,0,0.06264307723928932,negative,343
economic_inv,rd,宁夏,吉林,-0.017761699885061103,0.017761699885061103,-0.9132119081053108,0.873025142595062,0,0.06264307723928932,negative,344
economic_inv,rd,甘肃,安徽,-0.017730386683731617,0.017730386683731617,-0.9132119081053108,0.873025142595062,0,0.06264307723928932,negative,345
economic_inv,rd,青海,黑龙江,-0.01772725433751549,0.01772725433751549,-0.9132119081053108,0.873025142595062,0,0.06264307723928932,negative,346
economic_inv,rd,青海,云南,-0.017567522762934773,0.017567522762934773,-0.9132119081053108,0.873025142595062,0,0.06264307723928932,negative,347
economic_inv,rd,河南,新疆,-0.017544254199814622,0.017544254199814622,-0.9132119081053108,0.873025142595062,0,0.06264307723928932,negative,348
economic_inv,rd,广东,辽宁,-0.017458826385119478,0.017458826385119478,-0.9132119081053108,0.873025142595062,0,0.06264307723928932,negative,349
economic_inv,rd,江苏,辽宁,-0.017422131538404797,0.017422131538404797,-0.9132119081053108,0.873025142595062,0,0.06264307723928932,negative,350
economic_inv,rd,上海,内蒙古,-0.017384802070859663,0.017384802070859663,-0.9132119081053108,0.873025142595062,0,0.06264307723928932,negative,351
economic_inv,rd,海南,重庆,-0.01737487929302675,0.01737487929302675,-0.9132119081053108,0.873025142595062,0,0.06264307723928932,negative,352
economic_inv,rd,广东,上海,-0.017329967051755775,0.017329967051755775,-0.9132119081053108,0.873025142595062,0,0.06264307723928932,negative,353
economic_inv,rd,江苏,上海,-0.017287549704986013,0.017287549704986013,-0.9132119081053108,0.873025142595062,0,0.06264307723928932,negative,354
economic_inv,rd,福建,云南,-0.017282525713603905,0.017282525713603905,-0.9132119081053108,0.873025142595062,0,0.06264307723928932,negative,355
economic_inv,rd,江西,贵州,-0.017246632172205137,0.017246632172205137,-0.9132119081053108,0.873025142595062,0,0.06264307723928932,negative,356
economic_inv,rd,山东,海南,-0.017184819641228224,0.017184819641228224,-0.9132119081053108,0.873025142595062,0,0.06264307723928932,negative,357
economic_inv,rd,上海,广西,-0.017164018494742386,0.017164018494742386,-0.9132119081053108,0.873025142595062,0,0.06264307723928932,negative,358
economic_inv,rd,福建,黑龙江,-0.017134799377575487,0.017134799377575487,-0.9132119081053108,0.873025142595062,0,0.06264307723928932,negative,359
economic_inv,rd,重庆,贵州,-0.016978626706527288,0.016978626706527288,-0.9132119081053108,0.873025142595062,0,0.06264307723928932,negative,360
economic_inv,rd,山东,宁夏,-0.016973867780938567,0.016973867780938567,-0.9132119081053108,0.873025142595062,0,0.06264307723928932,negative,361
economic_inv,rd,安徽,四川,-0.0169447741522409,0.0169447741522409,-0.9132119081053108,0.873025142595062,0,0.06264307723928932,negative,362
economic_inv,rd,北京,云南,-0.016907739153076133,0.016907739153076133,-0.9132119081053108,0.873025142595062,0,0.06264307723928932,negative,363
economic_inv,rd,海南,广西,-0.016859115370049742,0.016859115370049742,-0.9132119081053108,0.873025142595062,0,0.06264307723928932,negative,364
economic_inv,rd,浙江,海南,-0.01682306401359522,0.01682306401359522,-0.9132119081053108,0.873025142595062,0,0.06264307723928932,negative,365
economic_inv,rd,山东,青海,-0.016820275285639796,0.016820275285639796,-0.9132119081053108,0.873025142595062,0,0.06264307723928932,negative,366
economic_inv,rd,辽宁,内蒙古,-0.01681674827381618,0.01681674827381618,-0.9132119081053108,0.873025142595062,0,0.06264307723928932,negative,367
economic_inv,rd,海南,内蒙古,-0.016731165793626344,0.016731165793626344,-0.9132119081053108,0.873025142595062,0,0.06264307723928932,negative,368
economic_inv,rd,广东,安徽,-0.016719311285137137,0.016719311285137137,-0.9132119081053108,0.873025142595062,0,0.06264307723928932,negative,369
economic_inv,rd,北京,黑龙江,-0.016687011292884746,0.016687011292884746,-0.9132119081053108,0.873025142595062,0,0.06264307723928932,negative,370
economic_inv,rd,江苏,安徽,-0.016651041790932148,0.016651041790932148,-0.9132119081053108,0.873025142595062,0,0.06264307723928932,negative,371
economic_inv,rd,辽宁,广西,-0.01661237375273565,0.01661237375273565,-0.9132119081053108,0.873025142595062,0,0.06264307723928932,negative,372
economic_inv,rd,广东,北京,-0.01660269341158155,0.01660269341158155,-0.9132119081053108,0.873025142595062,0,0.06264307723928932,negative,373
economic_inv,rd,天津,北京,-0.016586843795665343,0.016586843795665343,-0.9132119081053108,0.873025142595062,0,0.06264307723928932,negative,374
economic_inv,rd,江苏,北京,-0.01652972418890716,0.01652972418890716,-0.9132119081053108,0.873025142595062,0,0.06264307723928932,negative,375
economic_inv,rd,北京,四川,-0.01652892470668554,0.01652892470668554,-0.9132119081053108,0.873025142595062,0,0.06264307723928932,negative,376
economic_inv,rd,浙江,宁夏,-0.016517050212215393,0.016517050212215393,-0.9132119081053108,0.873025142595062,0,0.06264307723928932,negative,377
economic_inv,rd,贵州,北京,-0.01649202684191377,0.01649202684191377,-0.9132119081053108,0.873025142595062,0,0.06264307723928932,negative,378
economic_inv,rd,上海,重庆,-0.01635764842904716,0.01635764842904716,-0.9132119081053108,0.873025142595062,0,0.06264307723928932,negative,379
economic_inv,rd,浙江,青海,-0.016296539433015927,0.016296539433015927,-0.9132119081053108,0.873025142595062,0,0.06264307723928932,negative,380
economic_inv,rd,四川,浙江,-0.016116310490156348,0.016116310490156348,-0.9132119081053108,0.873025142595062,0,0.06264307723928932,negative,381
economic_inv,rd,山西,海南,-0.01607916437286009,0.01607916437286009,-0.9132119081053108,0.873025142595062,0,0.06264307723928932,negative,382
economic_inv,rd,湖南,福建,-0.016073390294792964,0.016073390294792964,-0.9132119081053108,0.873025142595062,0,0.06264307723928932,negative,383
economic_inv,rd,宁夏,黑龙江,-0.01607250804013692,0.01607250804013692,-0.9132119081053108,0.873025142595062,0,0.06264307723928932,negative,384
economic_inv,rd,四川,陕西,-0.01602598762704905,0.01602598762704905,-0.9132119081053108,0.873025142595062,0,0.06264307723928932,negative,385
economic_inv,rd,甘肃,上海,-0.016006286544089282,0.016006286544089282,-0.9132119081053108,0.873025142595062,0,0.06264307723928932,negative,386
economic_inv,rd,河南,甘肃,-0.015999834318611367,0.015999834318611367,-0.9132119081053108,0.873025142595062,0,0.06264307723928932,negative,387
economic_inv,rd,贵州,安徽,-0.015993072786970524,0.015993072786970524,-0.9132119081053108,0.873025142595062,0,0.06264307723928932,negative,388
economic_inv,rd,安徽,云南,-0.015925133992607064,0.015925133992607064,-0.9132119081053108,0.873025142595062,0,0.06264307723928932,negative,389
economic_inv,rd,宁夏,云南,-0.01592073330432336,0.01592073330432336,-0.9132119081053108,0.873025142595062,0,0.06264307723928932,negative,390
economic_inv,rd,新疆,上海,-0.015867299165863432,0.015867299165863432,-0.9132119081053108,0.873025142595062,0,0.06264307723928932,negative,391
economic_inv,rd,辽宁,重庆,-0.01586400757376186,0.01586400757376186,-0.9132119081053108,0.873025142595062,0,0.06264307723928932,negative,392
economic_inv,rd,青海,天津,-0.015863135582064213,0.015863135582064213,-0.9132119081053108,0.873025142595062,0,0.06264307723928932,negative,393
economic_inv,rd,云南,陕西,-0.01581603480825403,0.01581603480825403,-0.9132119081053108,0.873025142595062,0,0.06264307723928932,negative,394
economic_inv,rd,海南,江西,-0.015793407648274194,0.015793407648274194,-0.9132119081053108,0.873025142595062,0,0.06264307723928932,negative,395
economic_inv,rd,福建,吉林,-0.015788477230523807,0.015788477230523807,-0.9132119081053108,0.873025142595062,0,0.06264307723928932,negative,396
economic_inv,rd,天津,安徽,-0.015784117524002328,0.015784117524002328,-0.9132119081053108,0.873025142595062,0,0.06264307723928932,negative,397
economic_inv,rd,安徽,黑龙江,-0.015725666548146406,0.015725666548146406,-0.9132119081053108,0.873025142595062,0,0.06264307723928932,negative,398
economic_inv,rd,甘肃,辽宁,-0.015697821175950193,0.015697821175950193,-0.9132119081053108,0.873025142595062,0,0.06264307723928932,negative,399
economic_inv,rd,江西,上海,-0.015569368442668204,0.015569368442668204,-0.9132119081053108,0.873025142595062,0,0.06264307723928932,negative,400
economic_inv,rd,新疆,辽宁,-0.015508908202355487,0.015508908202355487,-0.9132119081053108,0.873025142595062,0,0.06264307723928932,negative,401
economic_inv,rd,黑龙江,陕西,-0.01538805715279454,0.01538805715279454,-0.9132119081053108,0.873025142595062,0,0.06264307723928932,negative,402
economic_inv,rd,四川,江西,-0.015365372852502538,0.015365372852502538,-0.9132119081053108,0.873025142595062,0,0.06264307723928932,negative,403
economic_inv,rd,广东,陕西,-0.01527808134262458,0.01527808134262458,-0.9132119081053108,0.873025142595062,0,0.06264307723928932,negative,404
economic_inv,rd,海南,陕西,-0.01519938366823126,0.01519938366823126,-0.9132119081053108,0.873025142595062,0,0.06264307723928932,negative,405
economic_inv,rd,江苏,陕西,-0.015157041949504346,0.015157041949504346,-0.9132119081053108,0.873025142595062,0,0.06264307723928932,negative,406
economic_inv,rd,广东,江西,-0.015126511592969055,0.015126511592969055,-0.9132119081053108,0.873025142595062,0,0.06264307723928932,negative,407
economic_inv,rd,上海,天津,-0.015060635729031328,0.015060635729031328,-0.9132119081053108,0.873025142595062,0,0.06264307723928932,negative,408
economic_inv,rd,青海,重庆,-0.015055424080138966,0.015055424080138966,-0.9132119081053108,0.873025142595062,0,0.06264307723928932,negative,409
economic_inv,rd,福建,山西,-0.015047415208405844,0.015047415208405844,-0.9132119081053108,0.873025142595062,0,0.06264307723928932,negative,410
economic_inv,rd,江苏,江西,-0.015000591654798416,0.015000591654798416,-0.9132119081053108,0.873025142595062,0,0.06264307723928932,negative,411
economic_inv,rd,陕西,福建,-0.014945272022544158,0.014945272022544158,-0.9132119081053108,0.873025142595062,0,0.06264307723928932,negative,412
economic_inv,rd,广东,内蒙古,-0.014914317282016658,0.014914317282016658,-0.9132119081053108,0.873025142595062,0,0.06264307723928932,negative,413
economic_inv,rd,广东,广西,-0.0148876235436244,0.0148876235436244,-0.9132119081053108,0.873025142595062,0,0.06264307723928932,negative,414
economic_inv,rd,山西,宁夏,-0.014839691067826635,0.014839691067826635,-0.9132119081053108,0.873025142595062,0,0.06264307723928932,negative,415
economic_inv,rd,江西,辽宁,-0.014818539928815905,0.014818539928815905,-0.9132119081053108,0.873025142595062,0,0.06264307723928932,negative,416
economic_inv,rd,广东,重庆,-0.014784906826972102,0.014784906826972102,-0.9132119081053108,0.873025142595062,0,0.06264307723928932,negative,417
economic_inv,rd,江苏,内蒙古,-0.014781777587319165,0.014781777587319165,-0.9132119081053108,0.873025142595062,0,0.06264307723928932,negative,418
economic_inv,rd,北京,吉林,-0.014764188640795638,0.014764188640795638,-0.9132119081053108,0.873025142595062,0,0.06264307723928932,negative,419
economic_inv,rd,河南,江苏,-0.014754279644505245,0.014754279644505245,-0.9132119081053108,0.873025142595062,0,0.06264307723928932,negative,420
economic_inv,rd,江苏,广西,-0.014754268663055946,0.014754268663055946,-0.9132119081053108,0.873025142595062,0,0.06264307723928932,negative,421
economic_inv,rd,辽宁,天津,-0.014653907197119804,0.014653907197119804,-0.9132119081053108,0.873025142595062,0,0.06264307723928932,negative,422
economic_inv,rd,青海,广西,-0.014648535101233097,0.014648535101233097,-0.9132119081053108,0.873025142595062,0,0.06264307723928932,negative,423
economic_inv,rd,江苏,重庆,-0.014648451726813252,0.014648451726813252,-0.9132119081053108,0.873025142595062,0,0.06264307723928932,negative,424
economic_inv,rd,陕西,新疆,-0.014639668870157503,0.014639668870157503,-0.9132119081053108,0.873025142595062,0,0.06264307723928932,negative,425
economic_inv,rd,河南,海南,-0.014607202976950421,0.014607202976950421,-0.9132119081053108,0.873025142595062,0,0.06264307723928932,negative,426
economic_inv,rd,广东,天津,-0.014600251606233492,0.014600251606233492,-0.9132119081053108,0.873025142595062,0,0.06264307723928932,negative,427
economic_inv,rd,青海,内蒙古,-0.014547249593612683,0.014547249593612683,-0.9132119081053108,0.873025142595062,0,0.06264307723928932,negative,428
economic_inv,rd,四川,内蒙古,-0.014507724193868435,0.014507724193868435,-0.9132119081053108,0.873025142595062,0,0.06264307723928932,negative,429
economic_inv,rd,江苏,天津,-0.014458369152349196,0.014458369152349196,-0.9132119081053108,0.873025142595062,0,0.06264307723928932,negative,430
economic_inv,rd,四川,广西,-0.01440495398133176,0.01440495398133176,-0.9132119081053108,0.873025142595062,0,0.06264307723928932,negative,431
economic_inv,rd,宁夏,天津,-0.014309460690401576,0.014309460690401576,-0.9132119081053108,0.873025142595062,0,0.06264307723928932,negative,432
economic_inv,rd,河南,宁夏,-0.014293188125787238,0.014293188125787238,-0.9132119081053108,0.873025142595062,0,0.06264307723928932,negative,433
economic_inv,rd,广东,云南,-0.014277775161154018,0.014277775161154018,-0.9132119081053108,0.873025142595062,0,0.06264307723928932,negative,434
economic_inv,rd,广东,黑龙江,-0.014251377553027147,0.014251377553027147,-0.9132119081053108,0.873025142595062,0,0.06264307723928932,negative,435
economic_inv,rd,甘肃,福建,-0.014226062223748096,0.014226062223748096,-0.9132119081053108,0.873025142595062,0,0.06264307723928932,negative,436
economic_inv,rd,山西,北京,-0.014174564967123434,0.014174564967123434,-0.9132119081053108,0.873025142595062,0,0.06264307723928932,negative,437
economic_inv,rd,江苏,云南,-0.014126863610172518,0.014126863610172518,-0.9132119081053108,0.873025142595062,0,0.06264307723928932,negative,438
economic_inv,rd,江苏,黑龙江,-0.014099752141982865,0.014099752141982865,-0.9132119081053108,0.873025142595062,0,0.06264307723928932,negative,439
economic_inv,rd,河南,青海,-0.014068220101539073,0.014068220101539073,-0.9132119081053108,0.873025142595062,0,0.06264307723928932,negative,440
economic_inv,rd,山西,青海,-0.014034902815718023,0.014034902815718023,-0.9132119081053108,0.873025142595062,0,0.06264307723928932,negative,441
economic_inv,rd,四川,重庆,-0.014019461587185306,0.014019461587185306,-0.9132119081053108,0.873025142595062,0,0.06264307723928932,negative,442
economic_inv,rd,广东,吉林,-0.013993281338494638,0.013993281338494638,-0.9132119081053108,0.873025142595062,0,0.06264307723928932,negative,443
economic_inv,rd,安徽,吉林,-0.013978953305451977,0.013978953305451977,-0.9132119081053108,0.873025142595062,0,0.06264307723928932,negative,444
economic_inv,rd,河北,福建,-0.01393008875241918,0.01393008875241918,-0.9132119081053108,0.873025142595062,0,0.06264307723928932,negative,445
economic_inv,rd,吉林,北京,-0.013930074368484736,0.013930074368484736,-0.9132119081053108,0.873025142595062,0,0.06264307723928932,negative,446
economic_inv,rd,福建,贵州,-0.013902603068714324,0.013902603068714324,-0.9132119081053108,0.873025142595062,0,0.06264307723928932,negative,447
economic_inv,rd,重庆,北京,-0.013895618553209726,0.013895618553209726,-0.9132119081053108,0.873025142595062,0,0.06264307723928932,negative,448
economic_inv,rd,贵州,上海,-0.013885594294496664,0.013885594294496664,-0.9132119081053108,0.873025142595062,0,0.06264307723928932,negative,449
economic_inv,rd,广西,吉林,-0.013882246976800607,0.013882246976800607,-0.9132119081053108,0.873025142595062,0,0.06264307723928932,negative,450
economic_inv,rd,河南,广东,-0.013862786112278624,0.013862786112278624,-0.9132119081053108,0.873025142595062,0,0.06264307723928932,negative,451
economic_inv,rd,内蒙古,吉林,-0.01383930948162575,0.01383930948162575,-0.9132119081053108,0.873025142595062,0,0.06264307723928932,negative,452
economic_inv,rd,广东,山西,-0.013836221559105516,0.013836221559105516,-0.9132119081053108,0.873025142595062,0,0.06264307723928932,negative,453
economic_inv,rd,江苏,吉林,-0.01383487735023937,0.01383487735023937,-0.9132119081053108,0.873025142595062,0,0.06264307723928932,negative,454
economic_inv,rd,新疆,福建,-0.013831773081794894,0.013831773081794894,-0.9132119081053108,0.873025142595062,0,0.06264307723928932,negative,455
economic_inv,rd,青海,江西,-0.013800689408255793,0.013800689408255793,-0.9132119081053108,0.873025142595062,0,0.06264307723928932,negative,456
economic_inv,rd,北京,山西,-0.013769682898356202,0.013769682898356202,-0.9132119081053108,0.873025142595062,0,0.06264307723928932,negative,457
economic_inv,rd,山西,安徽,-0.01369675450155747,0.01369675450155747,-0.9132119081053108,0.873025142595062,0,0.06264307723928932,negative,458
economic_inv,rd,吉林,海南,-0.013691269284645237,0.013691269284645237,-0.9132119081053108,0.873025142595062,0,0.06264307723928932,negative,459
economic_inv,rd,江苏,山西,-0.013673870886679308,0.013673870886679308,-0.9132119081053108,0.873025142595062,0,0.06264307723928932,negative,460
economic_inv,rd,广东,贵州,-0.013569032849989192,0.013569032849989192,-0.9132119081053108,0.873025142595062,0,0.06264307723928932,negative,461
economic_inv,rd,宁夏,重庆,-0.013551083074454837,0.013551083074454837,-0.9132119081053108,0.873025142595062,0,0.06264307723928932,negative,462
economic_inv,rd,贵州,辽宁,-0.013525426431602329,0.013525426431602329,-0.9132119081053108,0.873025142595062,0,0.06264307723928932,negative,463
economic_inv,rd,吉林,安徽,-0.013427813956823291,0.013427813956823291,-0.9132119081053108,0.873025142595062,0,0.06264307723928932,negative,464
economic_inv,rd,江苏,贵州,-0.013400277509305928,0.013400277509305928,-0.9132119081053108,0.873025142595062,0,0.06264307723928932,negative,465
economic_inv,rd,四川,天津,-0.01336388682188614,0.01336388682188614,-0.9132119081053108,0.873025142595062,0,0.06264307723928932,negative,466
economic_inv,rd,青海,陕西,-0.013323897819463812,0.013323897819463812,-0.9132119081053108,0.873025142595062,0,0.06264307723928932,negative,467
economic_inv,rd,上海,云南,-0.013171918835706942,0.013171918835706942,-0.9132119081053108,0.873025142595062,0,0.06264307723928932,negative,468
economic_inv,rd,宁夏,广西,-0.013170304455821374,0.013170304455821374,-0.9132119081053108,0.873025142595062,0,0.06264307723928932,negative,469
economic_inv,rd,重庆,安徽,-0.013149623820048983,0.013149623820048983,-0.9132119081053108,0.873025142595062,0,0.06264307723928932,negative,470
economic_inv,rd,广东,新疆,-0.013134805756592271,0.013134805756592271,-0.9132119081053108,0.873025142595062,0,0.06264307723928932,negative,471
economic_inv,rd,宁夏,内蒙古,-0.01307564907911343,0.01307564907911343,-0.9132119081053108,0.873025142595062,0,0.06264307723928932,negative,472
economic_inv,rd,安徽,山西,-0.013069081313403398,0.013069081313403398,-0.9132119081053108,0.873025142595062,0,0.06264307723928932,negative,473
economic_inv,rd,江西,新疆,-0.013054973475050078,0.013054973475050078,-0.9132119081053108,0.873025142595062,0,0.06264307723928932,negative,474
economic_inv,rd,上海,黑龙江,-0.013034830962697714,0.013034830962697714,-0.9132119081053108,0.873025142595062,0,0.06264307723928932,negative,475
economic_inv,rd,福建,浙江,-0.013028024227184075,0.013028024227184075,-0.9132119081053108,0.873025142595062,0,0.06264307723928932,negative,476
economic_inv,rd,江苏,新疆,-0.01295647116372411,0.01295647116372411,-0.9132119081053108,0.873025142595062,0,0.06264307723928932,negative,477
economic_inv,rd,辽宁,云南,-0.012877528820015766,0.012877528820015766,-0.9132119081053108,0.873025142595062,0,0.06264307723928932,negative,478
economic_inv,rd,辽宁,黑龙江,-0.012747932735999877,0.012747932735999877,-0.9132119081053108,0.873025142595062,0,0.06264307723928932,negative,479
economic_inv,rd,吉林,宁夏,-0.012705392602141943,0.012705392602141943,-0.9132119081053108,0.873025142595062,0,0.06264307723928932,negative,480
economic_inv,rd,天津,上海,-0.012700636019402191,0.012700636019402191,-0.9132119081053108,0.873025142595062,0,0.06264307723928932,negative,481
economic_inv,rd,广东,甘肃,-0.012598049969631006,0.012598049969631006,-0.9132119081053108,0.873025142595062,0,0.06264307723928932,negative,482
economic_inv,rd,天津,甘肃,-0.012587533074316466,0.012587533074316466,-0.9132119081053108,0.873025142595062,0,0.06264307723928932,negative,483
economic_inv,rd,甘肃,河北,-0.012567144543931399,0.012567144543931399,-0.9132119081053108,0.873025142595062,0,0.06264307723928932,negative,484
economic_inv,rd,甘肃,湖北,-0.012531075152319162,0.012531075152319162,-0.9132119081053108,0.873025142595062,0,0.06264307723928932,negative,485
economic_inv,rd,甘肃,湖南,-0.012479984937516671,0.012479984937516671,-0.9132119081053108,0.873025142595062,0,0.06264307723928932,negative,486
economic_inv,rd,江苏,甘肃,-0.012409288919378807,0.012409288919378807,-0.9132119081053108,0.873025142595062,0,0.06264307723928932,negative,487
economic_inv,rd,宁夏,江西,-0.012379558797369775,0.012379558797369775,-0.9132119081053108,0.873025142595062,0,0.06264307723928932,negative,488
economic_inv,rd,四川,云南,-0.012321898215608145,0.012321898215608145,-0.9132119081053108,0.873025142595062,0,0.06264307723928932,negative,489
economic_inv,rd,北京,贵州,-0.012314437966116268,0.012314437966116268,-0.9132119081053108,0.873025142595062,0,0.06264307723928932,negative,490
economic_inv,rd,福建,新疆,-0.01230050880167065,0.01230050880167065,-0.9132119081053108,0.873025142595062,0,0.06264307723928932,negative,491
economic_inv,rd,四川,黑龙江,-0.012241850795866144,0.012241850795866144,-0.9132119081053108,0.873025142595062,0,0.06264307723928932,negative,492
economic_inv,rd,天津,辽宁,-0.012218294779267875,0.012218294779267875,-0.9132119081053108,0.873025142595062,0,0.06264307723928932,negative,493
economic_inv,rd,黑龙江,新疆,-0.012164580552029996,0.012164580552029996,-0.9132119081053108,0.873025142595062,0,0.06264307723928932,negative,494
economic_inv,rd,重庆,新疆,-0.012110312170975865,0.012110312170975865,-0.9132119081053108,0.873025142595062,0,0.06264307723928932,negative,495
economic_inv,rd,广东,海南,-0.012064116398606738,0.012064116398606738,-0.9132119081053108,0.873025142595062,0,0.06264307723928932,negative,496
economic_inv,rd,吉林,青海,-0.012059434512114109,0.012059434512114109,-0.9132119081053108,0.873025142595062,0,0.06264307723928932,negative,497
economic_inv,rd,新疆,河北,-0.012004067735659095,0.012004067735659095,-0.9132119081053108,0.873025142595062,0,0.06264307723928932,negative,498
economic_inv,rd,新疆,湖北,-0.011965041838205244,0.011965041838205244,-0.9132119081053108,0.873025142595062,0,0.06264307723928932,negative,499
economic_inv,rd,宁夏,陕西,-0.011936469201089617,0.011936469201089617,-0.9132119081053108,0.873025142595062,0,0.06264307723928932,negative,500
economic_inv,rd,广东,宁夏,-0.01193642589307547,0.01193642589307547,-0.9132119081053108,0.873025142595062,0,0.06264307723928932,negative,501
economic_inv,rd,新疆,湖南,-0.0119098149040994,0.0119098149040994,-0.9132119081053108,0.873025142595062,0,0.06264307723928932,negative,502
economic_inv,rd,云南,新疆,-0.01190010507643566,0.01190010507643566,-0.9132119081053108,0.873025142595062,0,0.06264307723928932,negative,503
economic_inv,rd,甘肃,四川,-0.011889428657336248,0.011889428657336248,-0.9132119081053108,0.873025142595062,0,0.06264307723928932,negative,504
economic_inv,rd,贵州,福建,-0.011872281834773745,0.011872281834773745,-0.9132119081053108,0.873025142595062,0,0.06264307723928932,negative,505
economic_inv,rd,江苏,海南,-0.011866529205996557,0.011866529205996557,-0.9132119081053108,0.873025142595062,0,0.06264307723928932,negative,506
economic_inv,rd,广东,青海,-0.011843179953036909,0.011843179953036909,-0.9132119081053108,0.873025142595062,0,0.06264307723928932,negative,507
economic_inv,rd,上海,吉林,-0.01180876841063905,0.01180876841063905,-0.9132119081053108,0.873025142595062,0,0.06264307723928932,negative,508
economic_inv,rd,江西,福建,-0.011771167922946194,0.011771167922946194,-0.9132119081053108,0.873025142595062,0,0.06264307723928932,negative,509
economic_inv,rd,江苏,宁夏,-0.01173695559299887,0.01173695559299887,-0.9132119081053108,0.873025142595062,0,0.06264307723928932,negative,510
economic_inv,rd,安徽,贵州,-0.011729666500967755,0.011729666500967755,-0.9132119081053108,0.873025142595062,0,0.06264307723928932,negative,511
economic_inv,rd,山西,上海,-0.011715583359521959,0.011715583359521959,-0.9132119081053108,0.873025142595062,0,0.06264307723928932,negative,512
economic_inv,rd,海南,北京,-0.011696532564243309,0.011696532564243309,-0.9132119081053108,0.873025142595062,0,0.06264307723928932,negative,513
economic_inv,rd,内蒙古,山西,-0.011690460507316376,0.011690460507316376,-0.9132119081053108,0.873025142595062,0,0.06264307723928932,negative,514
economic_inv,rd,广西,山西,-0.01167596117625554,0.01167596117625554,-0.9132119081053108,0.873025142595062,0,0.06264307723928932,negative,515
economic_inv,rd,江苏,青海,-0.011642389921172393,0.011642389921172393,-0.9132119081053108,0.873025142595062,0,0.06264307723928932,negative,516
economic_inv,rd,辽宁,吉林,-0.01158485685356107,0.01158485685356107,-0.9132119081053108,0.873025142595062,0,0.06264307723928932,negative,517
economic_inv,rd,湖北,福建,-0.011526660643999348,0.011526660643999348,-0.9132119081053108,0.873025142595062,0,0.06264307723928932,negative,518
economic_inv,rd,四川,吉林,-0.0114967696392542,0.0114967696392542,-0.9132119081053108,0.873025142595062,0,0.06264307723928932,negative,519
economic_inv,rd,海南,安徽,-0.011483619967975454,0.011483619967975454,-0.9132119081053108,0.873025142595062,0,0.06264307723928932,negative,520
economic_inv,rd,陕西,河北,-0.011428733973530112,0.011428733973530112,-0.9132119081053108,0.873025142595062,0,0.06264307723928932,negative,521
economic_inv,rd,山西,辽宁,-0.011382863588765675,0.011382863588765675,-0.9132119081053108,0.873025142595062,0,0.06264307723928932,negative,522
economic_inv,rd,吉林,上海,-0.011371034819714305,0.011371034819714305,-0.9132119081053108,0.873025142595062,0,0.06264307723928932,negative,523
economic_inv,rd,陕西,湖北,-0.011362739903519398,0.011362739903519398,-0.9132119081053108,0.873025142595062,0,0.06264307723928932,negative,524
economic_inv,rd,新疆,四川,-0.011275750900238399,0.011275750900238399,-0.9132119081053108,0.873025142595062,0,0.06264307723928932,negative,525
economic_inv,rd,陕西,湖南,-0.011269918310389251,0.011269918310389251,-0.9132119081053108,0.873025142595062,0,0.06264307723928932,negative,526
economic_inv,rd,陕西,甘肃,-0.011229206402887121,0.011229206402887121,-0.9132119081053108,0.873025142595062,0,0.06264307723928932,negative,527
economic_inv,rd,上海,山西,-0.0111513278491742,0.0111513278491742,-0.9132119081053108,0.873025142595062,0,0.06264307723928932,negative,528
economic_inv,rd,辽宁,河南,-0.011142267736405625,0.011142267736405625,-0.9132119081053108,0.873025142595062,0,0.06264307723928932,negative,529
economic_inv,rd,四川,山西,-0.011074300033082773,0.011074300033082773,-0.9132119081053108,0.873025142595062,0,0.06264307723928932,negative,530
economic_inv,rd,吉林,辽宁,-0.011029632749651625,0.011029632749651625,-0.9132119081053108,0.873025142595062,0,0.06264307723928932,negative,531
economic_inv,rd,辽宁,山西,-0.01095819945128804,0.01095819945128804,-0.9132119081053108,0.873025142595062,0,0.06264307723928932,negative,532
economic_inv,rd,上海,河南,-0.010707429196657361,0.010707429196657361,-0.9132119081053108,0.873025142595062,0,0.06264307723928932,negative,533
economic_inv,rd,福建,甘肃,-0.010664329536571891,0.010664329536571891,-0.9132119081053108,0.873025142595062,0,0.06264307723928932,negative,534
economic_inv,rd,海南,上海,-0.010522707404184987,0.010522707404184987,-0.9132119081053108,0.873025142595062,0,0.06264307723928932,negative,535
economic_inv,rd,青海,北京,-0.010449433300499338,0.010449433300499338,-0.9132119081053108,0.873025142595062,0,0.06264307723928932,negative,536
economic_inv,rd,北京,新疆,-0.010427767081003006,0.010427767081003006,-0.9132119081053108,0.873025142595062,0,0.06264307723928932,negative,537
economic_inv,rd,四川,贵州,-0.010403601814687378,0.010403601814687378,-0.9132119081053108,0.873025142595062,0,0.06264307723928932,negative,538
economic_inv,rd,重庆,上海,-0.010359574142117462,0.010359574142117462,-0.9132119081053108,0.873025142595062,0,0.06264307723928932,negative,539
economic_inv,rd,海南,辽宁,-0.010347733591972524,0.010347733591972524,-0.9132119081053108,0.873025142595062,0,0.06264307723928932,negative,540
economic_inv,rd,青海,安徽,-0.010271165772556322,0.010271165772556322,-0.9132119081053108,0.873025142595062,0,0.06264307723928932,negative,541
economic_inv,rd,陕西,四川,-0.010249839063966417,0.010249839063966417,-0.9132119081053108,0.873025142595062,0,0.06264307723928932,negative,542
economic_inv,rd,上海,贵州,-0.010159059405958657,0.010159059405958657,-0.9132119081053108,0.873025142595062,0,0.06264307723928932,negative,543
economic_inv,rd,天津,福建,-0.010149134665772323,0.010149134665772323,-0.9132119081053108,0.873025142595062,0,0.06264307723928932,negative,544
economic_inv,rd,贵州,河北,-0.010129172052192704,0.010129172052192704,-0.9132119081053108,0.873025142595062,0,0.06264307723928932,negative,545
economic_inv,rd,贵州,湖北,-0.01009259541645423,0.01009259541645423,-0.9132119081053108,0.873025142595062,0,0.06264307723928932,negative,546
economic_inv,rd,贵州,湖南,-0.010040879642186874,0.010040879642186874,-0.9132119081053108,0.873025142595062,0,0.06264307723928932,negative,547
economic_inv,rd,辽宁,贵州,-0.0100084079244727,0.0100084079244727,-0.9132119081053108,0.873025142595062,0,0.06264307723928932,negative,548
economic_inv,rd,安徽,新疆,-0.009978841186790802,0.009978841186790802,-0.9132119081053108,0.873025142595062,0,0.06264307723928932,negative,549
economic_inv,rd,重庆,辽宁,-0.009933651919308395,0.009933651919308395,-0.9132119081053108,0.873025142595062,0,0.06264307723928932,negative,550
economic_inv,rd,山西,福建,-0.00987702927892643,0.00987702927892643,-0.9132119081053108,0.873025142595062,0,0.06264307723928932,negative,551
economic_inv,rd,江西,甘肃,-0.009863351160939034,0.009863351160939034,-0.9132119081053108,0.873025142595062,0,0.06264307723928932,negative,552
economic_inv,rd,湖南,辽宁,-0.009624134604769675,0.009624134604769675,-0.9132119081053108,0.873025142595062,0,0.06264307723928932,negative,553
economic_inv,rd,天津,海南,-0.009516302214625844,0.009516302214625844,-0.9132119081053108,0.873025142595062,0,0.06264307723928932,negative,554
economic_inv,rd,海南,福建,-0.009499738448342145,0.009499738448342145,-0.9132119081053108,0.873025142595062,0,0.06264307723928932,negative,555
economic_inv,rd,吉林,福建,-0.00949866850036338,0.00949866850036338,-0.9132119081053108,0.873025142595062,0,0.06264307723928932,negative,556
economic_inv,rd,青海,上海,-0.009461421216208849,0.009461421216208849,-0.9132119081053108,0.873025142595062,0,0.06264307723928932,negative,557
economic_inv,rd,贵州,四川,-0.009450890765509696,0.009450890765509696,-0.9132119081053108,0.873025142595062,0,0.06264307723928932,negative,558
economic_inv,rd,四川,新疆,-0.00942626719653136,0.00942626719653136,-0.9132119081053108,0.873025142595062,0,0.06264307723928932,negative,559
economic_inv,rd,安徽,河南,-0.009424734690073806,0.009424734690073806,-0.9132119081053108,0.873025142595062,0,0.06264307723928932,negative,560
economic_inv,rd,甘肃,河南,-0.009414719120487825,0.009414719120487825,-0.9132119081053108,0.873025142595062,0,0.06264307723928932,negative,561
economic_inv,rd,北京,河南,-0.009367525582664649,0.009367525582664649,-0.9132119081053108,0.873025142595062,0,0.06264307723928932,negative,562
economic_inv,rd,福建,海南,-0.009321469309733684,0.009321469309733684,-0.9132119081053108,0.873025142595062,0,0.06264307723928932,negative,563
economic_inv,rd,青海,辽宁,-0.009313052242485501,0.009313052242485501,-0.9132119081053108,0.873025142595062,0,0.06264307723928932,negative,564
economic_inv,rd,宁夏,北京,-0.00928918575305859,0.00928918575305859,-0.9132119081053108,0.873025142595062,0,0.06264307723928932,negative,565
economic_inv,rd,内蒙古,贵州,-0.009187687430240257,0.009187687430240257,-0.9132119081053108,0.873025142595062,0,0.06264307723928932,negative,566
economic_inv,rd,广西,贵州,-0.009130253052608442,0.009130253052608442,-0.9132119081053108,0.873025142595062,0,0.06264307723928932,negative,567
economic_inv,rd,江西,河北,-0.009128180035790214,0.009128180035790214,-0.9132119081053108,0.873025142595062,0,0.06264307723928932,negative,568
economic_inv,rd,宁夏,安徽,-0.009126350456664883,0.009126350456664883,-0.9132119081053108,0.873025142595062,0,0.06264307723928932,negative,569
economic_inv,rd,江西,湖北,-0.009077868237203341,0.009077868237203341,-0.9132119081053108,0.873025142595062,0,0.06264307723928932,negative,570
economic_inv,rd,福建,宁夏,-0.00903432939036318,0.00903432939036318,-0.9132119081053108,0.873025142595062,0,0.06264307723928932,negative,571
economic_inv,rd,江西,湖南,-0.00900705896793213,0.00900705896793213,-0.9132119081053108,0.873025142595062,0,0.06264307723928932,negative,572
economic_inv,rd,陕西,海南,-0.008966851951392628,0.008966851951392628,-0.9132119081053108,0.873025142595062,0,0.06264307723928932,negative,573
economic_inv,rd,天津,宁夏,-0.008964242766880189,0.008964242766880189,-0.9132119081053108,0.873025142595062,0,0.06264307723928932,negative,574
economic_inv,rd,内蒙古,北京,-0.008957375472755689,0.008957375472755689,-0.9132119081053108,0.873025142595062,0,0.06264307723928932,negative,575
economic_inv,rd,湖南,上海,-0.008954830745108397,0.008954830745108397,-0.9132119081053108,0.873025142595062,0,0.06264307723928932,negative,576
economic_inv,rd,福建,青海,-0.008831950895554497,0.008831950895554497,-0.9132119081053108,0.873025142595062,0,0.06264307723928932,negative,577
economic_inv,rd,上海,新疆,-0.00881607615181678,0.00881607615181678,-0.9132119081053108,0.873025142595062,0,0.06264307723928932,negative,578
economic_inv,rd,重庆,甘肃,-0.008764460728420003,0.008764460728420003,-0.9132119081053108,0.873025142595062,0,0.06264307723928932,negative,579
economic_inv,rd,辽宁,新疆,-0.008715223959456344,0.008715223959456344,-0.9132119081053108,0.873025142595062,0,0.06264307723928932,negative,580
economic_inv,rd,新疆,河南,-0.008702227357647202,0.008702227357647202,-0.9132119081053108,0.873025142595062,0,0.06264307723928932,negative,581
economic_inv,rd,北京,甘肃,-0.008661082182251771,0.008661082182251771,-0.9132119081053108,0.873025142595062,0,0.06264307723928932,negative,582
economic_inv,rd,天津,青海,-0.008593407079437272,0.008593407079437272,-0.9132119081053108,0.873025142595062,0,0.06264307723928932,negative,583
economic_inv,rd,青海,福建,-0.008589928806477042,0.008589928806477042,-0.9132119081053108,0.873025142595062,0,0.06264307723928932,negative,584
economic_inv,rd,广西,北京,-0.00858896154390376,0.00858896154390376,-0.9132119081053108,0.873025142595062,0,0.06264307723928932,negative,585
economic_inv,rd,陕西,宁夏,-0.008532931383620832,0.008532931383620832,-0.9132119081053108,0.873025142595062,0,0.06264307723928932,negative,586
economic_inv,rd,海南,河北,-0.008517024867305517,0.008517024867305517,-0.9132119081053108,0.873025142595062,0,0.06264307723928932,negative,587
economic_inv,rd,海南,湖北,-0.008495332545212075,0.008495332545212075,-0.9132119081053108,0.873025142595062,0,0.06264307723928932,negative,588
economic_inv,rd,海南,湖南,-0.0084645825442181,0.0084645825442181,-0.9132119081053108,0.873025142595062,0,0.06264307723928932,negative,589
economic_inv,rd,内蒙古,安徽,-0.008437505224714268,0.008437505224714268,-0.9132119081053108,0.873025142595062,0,0.06264307723928932,negative,590
economic_inv,rd,宁夏,上海,-0.008388657682119431,0.008388657682119431,-0.9132119081053108,0.873025142595062,0,0.06264307723928932,negative,591
economic_inv,rd,四川,甘肃,-0.00837835755559817,0.00837835755559817,-0.9132119081053108,0.873025142595062,0,0.06264307723928932,negative,592
economic_inv,rd,山西,河北,-0.00832620174449738,0.00832620174449738,-0.9132119081053108,0.873025142595062,0,0.06264307723928932,negative,593
economic_inv,rd,安徽,甘肃,-0.008324513939441282,0.008324513939441282,-0.9132119081053108,0.873025142595062,0,0.06264307723928932,negative,594
economic_inv,rd,山西,湖北,-0.008294056664500412,0.008294056664500412,-0.9132119081053108,0.873025142595062,0,0.06264307723928932,negative,595
economic_inv,rd,宁夏,辽宁,-0.008253836843993497,0.008253836843993497,-0.9132119081053108,0.873025142595062,0,0.06264307723928932,negative,596
economic_inv,rd,山西,湖南,-0.008248634159208578,0.008248634159208578,-0.9132119081053108,0.873025142595062,0,0.06264307723928932,negative,597
economic_inv,rd,陕西,青海,-0.008236442494381843,0.008236442494381843,-0.9132119081053108,0.873025142595062,0,0.06264307723928932,negative,598
economic_inv,rd,江西,四川,-0.008225405156428693,0.008225405156428693,-0.9132119081053108,0.873025142595062,0,0.06264307723928932,negative,599
economic_inv,rd,天津,河北,-0.008195113045240187,0.008195113045240187,-0.9132119081053108,0.873025142595062,0,0.06264307723928932,negative,600
economic_inv,rd,天津,湖北,-0.008156351006816309,0.008156351006816309,-0.9132119081053108,0.873025142595062,0,0.06264307723928932,negative,601
economic_inv,rd,河北,辽宁,-0.008145076750431838,0.008145076750431838,-0.9132119081053108,0.873025142595062,0,0.06264307723928932,negative,602
economic_inv,rd,重庆,福建,-0.008137593202860779,0.008137593202860779,-0.9132119081053108,0.873025142595062,0,0.06264307723928932,negative,603
economic_inv,rd,海南,四川,-0.008107079223282144,0.008107079223282144,-0.9132119081053108,0.873025142595062,0,0.06264307723928932,negative,604
economic_inv,rd,天津,湖南,-0.008101693611117863,0.008101693611117863,-0.9132119081053108,0.873025142595062,0,0.06264307723928932,negative,605
economic_inv,rd,广西,安徽,-0.008098617202753018,0.008098617202753018,-0.9132119081053108,0.873025142595062,0,0.06264307723928932,negative,606
economic_inv,rd,吉林,河北,-0.007945806392432806,0.007945806392432806,-0.9132119081053108,0.873025142595062,0,0.06264307723928932,negative,607
economic_inv,rd,吉林,湖北,-0.007913871203476301,0.007913871203476301,-0.9132119081053108,0.873025142595062,0,0.06264307723928932,negative,608
economic_inv,rd,黑龙江,甘肃,-0.007879606920775332,0.007879606920775332,-0.9132119081053108,0.873025142595062,0,0.06264307723928932,negative,609
economic_inv,rd,吉林,湖南,-0.007868762596600956,0.007868762596600956,-0.9132119081053108,0.873025142595062,0,0.06264307723928932,negative,610
economic_inv,rd,甘肃,浙江,-0.007822670772033781,0.007822670772033781,-0.9132119081053108,0.873025142595062,0,0.06264307723928932,negative,611
economic_inv,rd,江西,海南,-0.007798513338733377,0.007798513338733377,-0.9132119081053108,0.873025142595062,0,0.06264307723928932,negative,612
economic_inv,rd,云南,甘肃,-0.0077665266677499,0.0077665266677499,-0.9132119081053108,0.873025142595062,0,0.06264307723928932,negative,613
economic_inv,rd,青海,河北,-0.007743397773095012,0.007743397773095012,-0.9132119081053108,0.873025142595062,0,0.06264307723928932,negative,614
economic_inv,rd,山西,四川,-0.007732709045435458,0.007732709045435458,-0.9132119081053108,0.873025142595062,0,0.06264307723928932,negative,615
economic_inv,rd,青海,湖北,-0.007724607197892534,0.007724607197892534,-0.9132119081053108,0.873025142595062,0,0.06264307723928932,negative,616
economic_inv,rd,青海,湖南,-0.007697962808347263,0.007697962808347263,-0.9132119081053108,0.873025142595062,0,0.06264307723928932,negative,617
economic_inv,rd,宁夏,福建,-0.007598272155362679,0.007598272155362679,-0.9132119081053108,0.873025142595062,0,0.06264307723928932,negative,618
economic_inv,rd,河北,上海,-0.007560221062332358,0.007560221062332358,-0.9132119081053108,0.873025142595062,0,0.06264307723928932,negative,619
economic_inv,rd,上海,甘肃,-0.0074966380387935265,0.0074966380387935265,-0.9132119081053108,0.873025142595062,0,0.06264307723928932,negative,620
economic_inv,rd,天津,四川,-0.007490192930527434,0.007490192930527434,-0.9132119081053108,0.873025142595062,0,0.06264307723928932,negative,621
economic_inv,rd,四川,海南,-0.007478012645972387,0.007478012645972387,-0.9132119081053108,0.873025142595062,0,0.06264307723928932,negative,622
economic_inv,rd,辽宁,甘肃,-0.007436016350692221,0.007436016350692221,-0.9132119081053108,0.873025142595062,0,0.06264307723928932,negative,623
economic_inv,rd,江西,宁夏,-0.0074071218824509994,0.0074071218824509994,-0.9132119081053108,0.873025142595062,0,0.06264307723928932,negative,624
economic_inv,rd,云南,北京,-0.007394905155731845,0.007394905155731845,-0.9132119081053108,0.873025142595062,0,0.06264307723928932,negative,625
economic_inv,rd,青海,四川,-0.007387521818446187,0.007387521818446187,-0.9132119081053108,0.873025142595062,0,0.06264307723928932,negative,626
economic_inv,rd,辽宁,浙江,-0.007386463087485533,0.007386463087485533,-0.9132119081053108,0.873025142595062,0,0.06264307723928932,negative,627
economic_inv,rd,吉林,四川,-0.007357821762204028,0.007357821762204028,-0.9132119081053108,0.873025142595062,0,0.06264307723928932,negative,628
economic_inv,rd,北京,海南,-0.0073182711525160505,0.0073182711525160505,-0.9132119081053108,0.873025142595062,0,0.06264307723928932,negative,629
economic_inv,rd,黑龙江,北京,-0.007301762670649799,0.007301762670649799,-0.9132119081053108,0.873025142595062,0,0.06264307723928932,negative,630
economic_inv,rd,四川,宁夏,-0.007280536870636786,0.007280536870636786,-0.9132119081053108,0.873025142595062,0,0.06264307723928932,negative,631
economic_inv,rd,上海,浙江,-0.007165992747953398,0.007165992747953398,-0.9132119081053108,0.873025142595062,0,0.06264307723928932,negative,632
economic_inv,rd,江西,青海,-0.007140540909205244,0.007140540909205244,-0.9132119081053108,0.873025142595062,0,0.06264307723928932,negative,633
economic_inv,rd,四川,青海,-0.0071402745375938265,0.0071402745375938265,-0.9132119081053108,0.873025142595062,0,0.06264307723928932,negative,634
economic_inv,rd,贵州,河南,-0.007125253347283006,0.007125253347283006,-0.9132119081053108,0.873025142595062,0,0.06264307723928932,negative,635
economic_inv,rd,新疆,浙江,-0.0071145326343712255,0.0071145326343712255,-0.9132119081053108,0.873025142595062,0,0.06264307723928932,negative,636
economic_inv,rd,云南,安徽,-0.007091154962779962,0.007091154962779962,-0.9132119081053108,0.873025142595062,0,0.06264307723928932,negative,637
economic_inv,rd,安徽,海南,-0.007057377726167585,0.007057377726167585,-0.9132119081053108,0.873025142595062,0,0.06264307723928932,negative,638
economic_inv,rd,北京,宁夏,-0.007042670336520085,0.007042670336520085,-0.9132119081053108,0.873025142595062,0,0.06264307723928932,negative,639
economic_inv,rd,黑龙江,安徽,-0.007005595010293386,0.007005595010293386,-0.9132119081053108,0.873025142595062,0,0.06264307723928932,negative,640
economic_inv,rd,北京,青海,-0.006850755312697985,0.006850755312697985,-0.9132119081053108,0.873025142595062,0,0.06264307723928932,negative,641
economic_inv,rd,宁夏,河北,-0.006834035569763667,0.006834035569763667,-0.9132119081053108,0.873025142595062,0,0.06264307723928932,negative,642
economic_inv,rd,陕西,河南,-0.0068205600916204975,0.0068205600916204975,-0.9132119081053108,0.873025142595062,0,0.06264307723928932,negative,643
economic_inv,rd,宁夏,湖北,-0.006817110764491659,0.006817110764491659,-0.9132119081053108,0.873025142595062,0,0.06264307723928932,negative,644
economic_inv,rd,湖北,辽宁,-0.0068078712980262955,0.0068078712980262955,-0.9132119081053108,0.873025142595062,0,0.06264307723928932,negative,645
economic_inv,rd,安徽,宁夏,-0.006796260899405286,0.006796260899405286,-0.9132119081053108,0.873025142595062,0,0.06264307723928932,negative,646
economic_inv,rd,宁夏,湖南,-0.006793114874342929,0.006793114874342929,-0.9132119081053108,0.873025142595062,0,0.06264307723928932,negative,647
economic_inv,rd,重庆,海南,-0.0067459428444012065,0.0067459428444012065,-0.9132119081053108,0.873025142595062,0,0.06264307723928932,negative,648
economic_inv,rd,内蒙古,新疆,-0.0067234825787405314,0.0067234825787405314,-0.9132119081053108,0.873025142595062,0,0.06264307723928932,negative,649
economic_inv,rd,湖南,安徽,-0.006662111867511486,0.006662111867511486,-0.9132119081053108,0.873025142595062,0,0.06264307723928932,negative,650
economic_inv,rd,广西,新疆,-0.006648609256180801,0.006648609256180801,-0.9132119081053108,0.873025142595062,0,0.06264307723928932,negative,651
economic_inv,rd,安徽,青海,-0.006614220132096803,0.006614220132096803,-0.9132119081053108,0.873025142595062,0,0.06264307723928932,negative,652
economic_inv,rd,北京,浙江,-0.006580007834453303,0.006580007834453303,-0.9132119081053108,0.873025142595062,0,0.06264307723928932,negative,653
economic_inv,rd,安徽,浙江,-0.00657264827391441,0.00657264827391441,-0.9132119081053108,0.873025142595062,0,0.06264307723928932,negative,654
economic_inv,rd,海南,河南,-0.006566517006227498,0.006566517006227498,-0.9132119081053108,0.873025142595062,0,0.06264307723928932,negative,655
economic_inv,rd,内蒙古,上海,-0.006534843670426388,0.006534843670426388,-0.9132119081053108,0.873025142595062,0,0.06264307723928932,negative,656
economic_inv,rd,宁夏,四川,-0.006513782865236289,0.006513782865236289,-0.9132119081053108,0.873025142595062,0,0.06264307723928932,negative,657
economic_inv,rd,重庆,河北,-0.006486374713085059,0.006486374713085059,-0.9132119081053108,0.873025142595062,0,0.06264307723928932,negative,658
economic_inv,rd,重庆,湖北,-0.0064540487731861145,0.0064540487731861145,-0.9132119081053108,0.873025142595062,0,0.06264307723928932,negative,659
economic_inv,rd,上海,海南,-0.006451004167727258,0.006451004167727258,-0.9132119081053108,0.873025142595062,0,0.06264307723928932,negative,660
economic_inv,rd,辽宁,海南,-0.006416084436810638,0.006416084436810638,-0.9132119081053108,0.873025142595062,0,0.06264307723928932,negative,661
economic_inv,rd,重庆,湖南,-0.006408494762269977,0.006408494762269977,-0.9132119081053108,0.873025142595062,0,0.06264307723928932,negative,662
economic_inv,rd,重庆,宁夏,-0.006375338061421089,0.006375338061421089,-0.9132119081053108,0.873025142595062,0,0.06264307723928932,negative,663
economic_inv,rd,湖南,北京,-0.006338611056849081,0.006338611056849081,-0.9132119081053108,0.873025142595062,0,0.06264307723928932,negative,664
economic_inv,rd,湖北,上海,-0.00632549553446697,0.00632549553446697,-0.9132119081053108,0.873025142595062,0,0.06264307723928932,negative,665
economic_inv,rd,四川,山东,-0.006324072092089437,0.006324072092089437,-0.9132119081053108,0.873025142595062,0,0.06264307723928932,negative,666
economic_inv,rd,广西,上海,-0.006295567980074755,0.006295567980074755,-0.9132119081053108,0.873025142595062,0,0.06264307723928932,negative,667
economic_inv,rd,内蒙古,辽宁,-0.006250035322355776,0.006250035322355776,-0.9132119081053108,0.873025142595062,0,0.06264307723928932,negative,668
economic_inv,rd,上海,宁夏,-0.006231615520695613,0.006231615520695613,-0.9132119081053108,0.873025142595062,0,0.06264307723928932,negative,669
economic_inv,rd,辽宁,宁夏,-0.006201390240056584,0.006201390240056584,-0.9132119081053108,0.873025142595062,0,0.06264307723928932,negative,670
economic_inv,rd,重庆,青海,-0.006125029855009708,0.006125029855009708,-0.9132119081053108,0.873025142595062,0,0.06264307723928932,negative,671
economic_inv,rd,上海,青海,-0.006077858164086147,0.006077858164086147,-0.9132119081053108,0.873025142595062,0,0.06264307723928932,negative,672
economic_inv,rd,湖南,河南,-0.006059342131915432,0.006059342131915432,-0.9132119081053108,0.873025142595062,0,0.06264307723928932,negative,673
economic_inv,rd,辽宁,青海,-0.006050778100901594,0.006050778100901594,-0.9132119081053108,0.873025142595062,0,0.06264307723928932,negative,674
economic_inv,rd,青海,河南,-0.006035493798529797,0.006035493798529797,-0.9132119081053108,0.873025142595062,0,0.06264307723928932,negative,675
economic_inv,rd,广西,辽宁,-0.006024522543231394,0.006024522543231394,-0.9132119081053108,0.873025142595062,0,0.06264307723928932,negative,676
economic_inv,rd,福建,山东,-0.0059853566912157555,0.0059853566912157555,-0.9132119081053108,0.873025142595062,0,0.06264307723928932,negative,677
economic_inv,rd,重庆,四川,-0.00590106526508194,0.00590106526508194,-0.9132119081053108,0.873025142595062,0,0.06264307723928932,negative,678
economic_inv,rd,云南,上海,-0.005879598218314183,0.005879598218314183,-0.9132119081053108,0.873025142595062,0,0.06264307723928932,negative,679
economic_inv,rd,黑龙江,上海,-0.005821113820083495,0.005821113820083495,-0.9132119081053108,0.873025142595062,0,0.06264307723928932,negative,680
economic_inv,rd,贵州,浙江,-0.005743363259828216,0.005743363259828216,-0.9132119081053108,0.873025142595062,0,0.06264307723928932,negative,681
economic_inv,rd,山西,河南,-0.005738834054315111,0.005738834054315111,-0.9132119081053108,0.873025142595062,0,0.06264307723928932,negative,682
economic_inv,rd,黑龙江,海南,-0.005703678222953901,0.005703678222953901,-0.9132119081053108,0.873025142595062,0,0.06264307723928932,negative,683
economic_inv,rd,云南,辽宁,-0.005683372616844631,0.005683372616844631,-0.9132119081053108,0.873025142595062,0,0.06264307723928932,negative,684
economic_inv,rd,云南,海南,-0.005643474807322343,0.005643474807322343,-0.9132119081053108,0.873025142595062,0,0.06264307723928932,negative,685
economic_inv,rd,黑龙江,辽宁,-0.005628795196012978,0.005628795196012978,-0.9132119081053108,0.873025142595062,0,0.06264307723928932,negative,686
economic_inv,rd,河北,安徽,-0.005578144108488665,0.005578144108488665,-0.9132119081053108,0.873025142595062,0,0.06264307723928932,negative,687
economic_inv,rd,江西,河南,-0.005549981293668567,0.005549981293668567,-0.9132119081053108,0.873025142595062,0,0.06264307723928932,negative,688
economic_inv,rd,海南,浙江,-0.005537611957625676,0.005537611957625676,-0.9132119081053108,0.873025142595062,0,0.06264307723928932,negative,689
economic_inv,rd,吉林,河南,-0.005407420575548762,0.005407420575548762,-0.9132119081053108,0.873025142595062,0,0.06264307723928932,negative,690
economic_inv,rd,黑龙江,宁夏,-0.00533202917623505,0.00533202917623505,-0.9132119081053108,0.873025142595062,0,0.06264307723928932,negative,691
economic_inv,rd,宁夏,河南,-0.005302598799699359,0.005302598799699359,-0.9132119081053108,0.873025142595062,0,0.06264307723928932,negative,692
economic_inv,rd,河北,北京,-0.0053011054927910636,0.0053011054927910636,-0.9132119081053108,0.873025142595062,0,0.06264307723928932,negative,693
economic_inv,rd,云南,宁夏,-0.005279221072867639,0.005279221072867639,-0.9132119081053108,0.873025142595062,0,0.06264307723928932,negative,694
economic_inv,rd,天津,河南,-0.0052775076949877165,0.0052775076949877165,-0.9132119081053108,0.873025142595062,0,0.06264307723928932,negative,695
economic_inv,rd,陕西,浙江,-0.005139321035062899,0.005139321035062899,-0.9132119081053108,0.873025142595062,0,0.06264307723928932,negative,696
economic_inv,rd,四川,江苏,-0.005132788371295004,0.005132788371295004,-0.9132119081053108,0.873025142595062,0,0.06264307723928932,negative,697
economic_inv,rd,青海,浙江,-0.005119392861712893,0.005119392861712893,-0.9132119081053108,0.873025142595062,0,0.06264307723928932,negative,698
economic_inv,rd,甘肃,山东,-0.005114093776641492,0.005114093776641492,-0.9132119081053108,0.873025142595062,0,0.06264307723928932,negative,699
economic_inv,rd,黑龙江,青海,-0.0050855314775027,0.0050855314775027,-0.9132119081053108,0.873025142595062,0,0.06264307723928932,negative,700
economic_inv,rd,内蒙古,福建,-0.005064995967327348,0.005064995967327348,-0.9132119081053108,0.873025142595062,0,0.06264307723928932,negative,701
economic_inv,rd,云南,青海,-0.0050373637450950495,0.0050373637450950495,-0.9132119081053108,0.873025142595062,0,0.06264307723928932,negative,702
economic_inv,rd,福建,江苏,-0.00496095670717503,0.00496095670717503,-0.9132119081053108,0.873025142595062,0,0.06264307723928932,negative,703
economic_inv,rd,内蒙古,甘肃,-0.0049543431397796826,0.0049543431397796826,-0.9132119081053108,0.873025142595062,0,0.06264307723928932,negative,704
economic_inv,rd,广西,福建,-0.004893517618554082,0.004893517618554082,-0.9132119081053108,0.873025142595062,0,0.06264307723928932,negative,705
economic_inv,rd,广西,甘肃,-0.004881942384524668,0.004881942384524668,-0.9132119081053108,0.873025142595062,0,0.06264307723928932,negative,706
economic_inv,rd,四川,广东,-0.004870036710737985,0.004870036710737985,-0.9132119081053108,0.873025142595062,0,0.06264307723928932,negative,707
economic_inv,rd,河北,河南,-0.004851282459665023,0.004851282459665023,-0.9132119081053108,0.873025142595062,0,0.06264307723928932,negative,708
economic_inv,rd,云南,福建,-0.004819843284577355,0.004819843284577355,-0.9132119081053108,0.873025142595062,0,0.06264307723928932,negative,709
economic_inv,rd,黑龙江,福建,-0.004780868667363928,0.004780868667363928,-0.9132119081053108,0.873025142595062,0,0.06264307723928932,negative,710
economic_inv,rd,福建,广东,-0.00472913399368312,0.00472913399368312,-0.9132119081053108,0.873025142595062,0,0.06264307723928932,negative,711
economic_inv,rd,湖北,安徽,-0.004683360194488852,0.004683360194488852,-0.9132119081053108,0.873025142595062,0,0.06264307723928932,negative,712
economic_inv,rd,山西,浙江,-0.0045833005404482,0.0045833005404482,-0.9132119081053108,0.873025142595062,0,0.06264307723928932,negative,713
economic_inv,rd,新疆,山东,-0.004527436538276265,0.004527436538276265,-0.9132119081053108,0.873025142595062,0,0.06264307723928932,negative,714
economic_inv,rd,甘肃,江苏,-0.004516709499247463,0.004516709499247463,-0.9132119081053108,0.873025142595062,0,0.06264307723928932,negative,715
economic_inv,rd,宁夏,浙江,-0.004486850108597264,0.004486850108597264,-0.9132119081053108,0.873025142595062,0,0.06264307723928932,negative,716
economic_inv,rd,湖北,北京,-0.004452925600887519,0.004452925600887519,-0.9132119081053108,0.873025142595062,0,0.06264307723928932,negative,717
economic_inv,rd,甘肃,广东,-0.004370488443120628,0.004370488443120628,-0.9132119081053108,0.873025142595062,0,0.06264307723928932,negative,718
economic_inv,rd,吉林,浙江,-0.004294375690620965,0.004294375690620965,-0.9132119081053108,0.873025142595062,0,0.06264307723928932,negative,719
economic_inv,rd,江西,浙江,-0.0042108035318654535,0.0042108035318654535,-0.9132119081053108,0.873025142595062,0,0.06264307723928932,negative,720
economic_inv,rd,湖北,河南,-0.004149019660312506,0.004149019660312506,-0.9132119081053108,0.873025142595062,0,0.06264307723928932,negative,721
economic_inv,rd,重庆,河南,-0.004098432975817401,0.004098432975817401,-0.9132119081053108,0.873025142595062,0,0.06264307723928932,negative,722
economic_inv,rd,天津,浙江,-0.00409475803780469,0.00409475803780469,-0.9132119081053108,0.873025142595062,0,0.06264307723928932,negative,723
economic_inv,rd,内蒙古,河北,-0.003997764881002769,0.003997764881002769,-0.9132119081053108,0.873025142595062,0,0.06264307723928932,negative,724
economic_inv,rd,内蒙古,湖北,-0.003977079951955004,0.003977079951955004,-0.9132119081053108,0.873025142595062,0,0.06264307723928932,negative,725
economic_inv,rd,新疆,江苏,-0.003975260814737284,0.003975260814737284,-0.9132119081053108,0.873025142595062,0,0.06264307723928932,negative,726
economic_inv,rd,云南,河北,-0.003970461618350683,0.003970461618350683,-0.9132119081053108,0.873025142595062,0,0.06264307723928932,negative,727
economic_inv,rd,云南,湖北,-0.003953265268469987,0.003953265268469987,-0.9132119081053108,0.873025142595062,0,0.06264307723928932,negative,728
economic_inv,rd,湖南,陕西,-0.003952781494895446,0.003952781494895446,-0.9132119081053108,0.873025142595062,0,0.06264307723928932,negative,729
economic_inv,rd,内蒙古,湖南,-0.003947943998730255,0.003947943998730255,-0.9132119081053108,0.873025142595062,0,0.06264307723928932,negative,730
economic_inv,rd,黑龙江,河北,-0.0039442967618580575,0.0039442967618580575,-0.9132119081053108,0.873025142595062,0,0.06264307723928932,negative,731
economic_inv,rd,云南,湖南,-0.003928993687690631,0.003928993687690631,-0.9132119081053108,0.873025142595062,0,0.06264307723928932,negative,732
economic_inv,rd,黑龙江,湖北,-0.003927333685561478,0.003927333685561478,-0.9132119081053108,0.873025142595062,0,0.06264307723928932,negative,733
economic_inv,rd,黑龙江,湖南,-0.0039033895924393183,0.0039033895924393183,-0.9132119081053108,0.873025142595062,0,0.06264307723928932,negative,734
economic_inv,rd,广西,河北,-0.0038704688156571453,0.0038704688156571453,-0.9132119081053108,0.873025142595062,0,0.06264307723928932,negative,735
economic_inv,rd,内蒙古,海南,-0.0038555956609812973,0.0038555956609812973,-0.9132119081053108,0.873025142595062,0,0.06264307723928932,negative,736
economic_inv,rd,广西,湖北,-0.0038505980895564202,0.0038505980895564202,-0.9132119081053108,0.873025142595062,0,0.06264307723928932,negative,737
economic_inv,rd,新疆,广东,-0.003841085163094197,0.003841085163094197,-0.9132119081053108,0.873025142595062,0,0.06264307723928932,negative,738
economic_inv,rd,广西,湖南,-0.0038226062659757263,0.0038226062659757263,-0.9132119081053108,0.873025142595062,0,0.06264307723928932,negative,739
economic_inv,rd,广西,海南,-0.003790971806622876,0.003790971806622876,-0.9132119081053108,0.873025142595062,0,0.06264307723928932,negative,740
economic_inv,rd,湖南,江西,-0.003774358019706196,0.003774358019706196,-0.9132119081053108,0.873025142595062,0,0.06264307723928932,negative,741
economic_inv,rd,海南,山东,-0.0037146383635024934,0.0037146383635024934,-0.9132119081053108,0.873025142595062,0,0.06264307723928932,negative,742
economic_inv,rd,云南,四川,-0.003655562978556186,0.003655562978556186,-0.9132119081053108,0.873025142595062,0,0.06264307723928932,negative,743
economic_inv,rd,内蒙古,宁夏,-0.0036512106256616707,0.0036512106256616707,-0.9132119081053108,0.873025142595062,0,0.06264307723928932,negative,744
economic_inv,rd,黑龙江,四川,-0.003633505477937428,0.003633505477937428,-0.9132119081053108,0.873025142595062,0,0.06264307723928932,negative,745
economic_inv,rd,内蒙古,四川,-0.0036244556709349816,0.0036244556709349816,-0.9132119081053108,0.873025142595062,0,0.06264307723928932,negative,746
economic_inv,rd,辽宁,山东,-0.0035931088837911095,0.0035931088837911095,-0.9132119081053108,0.873025142595062,0,0.06264307723928932,negative,747
economic_inv,rd,广西,宁夏,-0.0035885577241666416,0.0035885577241666416,-0.9132119081053108,0.873025142595062,0,0.06264307723928932,negative,748
economic_inv,rd,贵州,山东,-0.0035730081103106646,0.0035730081103106646,-0.9132119081053108,0.873025142595062,0,0.06264307723928932,negative,749
economic_inv,rd,湖南,内蒙古,-0.0035448818491962035,0.0035448818491962035,-0.9132119081053108,0.873025142595062,0,0.06264307723928932,negative,750
economic_inv,rd,上海,山东,-0.0035198155925504396,0.0035198155925504396,-0.9132119081053108,0.873025142595062,0,0.06264307723928932,negative,751
economic_inv,rd,湖南,广西,-0.0035175465754643215,0.0035175465754643215,-0.9132119081053108,0.873025142595062,0,0.06264307723928932,negative,752
economic_inv,rd,内蒙古,青海,-0.003512695674516597,0.003512695674516597,-0.9132119081053108,0.873025142595062,0,0.06264307723928932,negative,753
economic_inv,rd,广西,四川,-0.0035116066997588464,0.0035116066997588464,-0.9132119081053108,0.873025142595062,0,0.06264307723928932,negative,754
economic_inv,rd,青海,山东,-0.003469846836737028,0.003469846836737028,-0.9132119081053108,0.873025142595062,0,0.06264307723928932,negative,755
economic_inv,rd,广西,青海,-0.003451471754331202,0.003451471754331202,-0.9132119081053108,0.873025142595062,0,0.06264307723928932,negative,756
economic_inv,rd,湖南,重庆,-0.0034153186821832865,0.0034153186821832865,-0.9132119081053108,0.873025142595062,0,0.06264307723928932,negative,757
economic_inv,rd,北京,山东,-0.0034057994373223677,0.0034057994373223677,-0.9132119081053108,0.873025142595062,0,0.06264307723928932,negative,758
economic_inv,rd,安徽,山东,-0.0033743941461074614,0.0033743941461074614,-0.9132119081053108,0.873025142595062,0,0.06264307723928932,negative,759
economic_inv,rd,湖南,浙江,-0.0033136433811242513,0.0033136433811242513,-0.9132119081053108,0.873025142595062,0,0.06264307723928932,negative,760
economic_inv,rd,海南,江苏,-0.0032997049041890865,0.0032997049041890865,-0.9132119081053108,0.873025142595062,0,0.06264307723928932,negative,761
economic_inv,rd,河北,陕西,-0.0032776711625015346,0.0032776711625015346,-0.9132119081053108,0.873025142595062,0,0.06264307723928932,negative,762
economic_inv,rd,湖南,天津,-0.003242573900219745,0.003242573900219745,-0.9132119081053108,0.873025142595062,0,0.06264307723928932,negative,763
economic_inv,rd,海南,广东,-0.0031974097522366506,0.0031974097522366506,-0.9132119081053108,0.873025142595062,0,0.06264307723928932,negative,764
economic_inv,rd,重庆,浙江,-0.0031558308773593103,0.0031558308773593103,-0.9132119081053108,0.873025142595062,0,0.06264307723928932,negative,765
economic_inv,rd,河北,江西,-0.0031277317663516743,0.0031277317663516743,-0.9132119081053108,0.873025142595062,0,0.06264307723928932,negative,766
economic_inv,rd,贵州,江苏,-0.0031223097282504432,0.0031223097282504432,-0.9132119081053108,0.873025142595062,0,0.06264307723928932,negative,767
economic_inv,rd,青海,江苏,-0.0030895780754896947,0.0030895780754896947,-0.9132119081053108,0.873025142595062,0,0.06264307723928932,negative,768
economic_inv,rd,宁夏,山东,-0.003027917417165985,0.003027917417165985,-0.9132119081053108,0.873025142595062,0,0.06264307723928932,negative,769
economic_inv,rd,贵州,广东,-0.003013439456524327,0.003013439456524327,-0.9132119081053108,0.873025142595062,0,0.06264307723928932,negative,770
economic_inv,rd,辽宁,江苏,-0.0030038449358942014,0.0030038449358942014,-0.9132119081053108,0.873025142595062,0,0.06264307723928932,negative,771
economic_inv,rd,青海,广东,-0.0029955512153948477,0.0029955512153948477,-0.9132119081053108,0.873025142595062,0,0.06264307723928932,negative,772
economic_inv,rd,湖南,云南,-0.00297083793378504,0.00297083793378504,-0.9132119081053108,0.873025142595062,0,0.06264307723928932,negative,773
economic_inv,rd,湖南,黑龙江,-0.0029501048089982363,0.0029501048089982363,-0.9132119081053108,0.873025142595062,0,0.06264307723928932,negative,774
economic_inv,rd,上海,江苏,-0.0029470306966121016,0.0029470306966121016,-0.9132119081053108,0.873025142595062,0,0.06264307723928932,negative,775
economic_inv,rd,河北,内蒙古,-0.0029351699088695717,0.0029351699088695717,-0.9132119081053108,0.873025142595062,0,0.06264307723928932,negative,776
economic_inv,rd,河北,广西,-0.0029122528482127185,0.0029122528482127185,-0.9132119081053108,0.873025142595062,0,0.06264307723928932,negative,777
economic_inv,rd,陕西,山东,-0.0029002482314323197,0.0029002482314323197,-0.9132119081053108,0.873025142595062,0,0.06264307723928932,negative,778
economic_inv,rd,北京,江苏,-0.0028758640988931277,0.0028758640988931277,-0.9132119081053108,0.873025142595062,0,0.06264307723928932,negative,779
economic_inv,rd,辽宁,广东,-0.0028690799758504266,0.0028690799758504266,-0.9132119081053108,0.873025142595062,0,0.06264307723928932,negative,780
economic_inv,rd,安徽,江苏,-0.0028454918840489438,0.0028454918840489438,-0.9132119081053108,0.873025142595062,0,0.06264307723928932,negative,781
economic_inv,rd,河北,重庆,-0.0028265876087452332,0.0028265876087452332,-0.9132119081053108,0.873025142595062,0,0.06264307723928932,negative,782
economic_inv,rd,上海,广东,-0.0028157905135942573,0.0028157905135942573,-0.9132119081053108,0.873025142595062,0,0.06264307723928932,negative,783
economic_inv,rd,山西,山东,-0.002810734769819846,0.002810734769819846,-0.9132119081053108,0.873025142595062,0,0.06264307723928932,negative,784
economic_inv,rd,湖北,陕西,-0.002763056565310382,0.002763056565310382,-0.9132119081053108,0.873025142595062,0,0.06264307723928932,negative,785
economic_inv,rd,湖南,吉林,-0.002758082749594067,0.002758082749594067,-0.9132119081053108,0.873025142595062,0,0.06264307723928932,negative,786
economic_inv,rd,北京,广东,-0.0027531678350983025,0.0027531678350983025,-0.9132119081053108,0.873025142595062,0,0.06264307723928932,negative,787
economic_inv,rd,安徽,广东,-0.002723238703744859,0.002723238703744859,-0.9132119081053108,0.873025142595062,0,0.06264307723928932,negative,788
economic_inv,rd,宁夏,江苏,-0.002693385397724617,0.002693385397724617,-0.9132119081053108,0.873025142595062,0,0.06264307723928932,negative,789
economic_inv,rd,河北,天津,-0.002681971960620594,0.002681971960620594,-0.9132119081053108,0.873025142595062,0,0.06264307723928932,negative,790
economic_inv,rd,河北,浙江,-0.002678311078675728,0.002678311078675728,-0.9132119081053108,0.873025142595062,0,0.06264307723928932,negative,791
economic_inv,rd,湖南,山西,-0.002649969902307522,0.002649969902307522,-0.9132119081053108,0.873025142595062,0,0.06264307723928932,negative,792
economic_inv,rd,湖北,江西,-0.0026373552474467,0.0026373552474467,-0.9132119081053108,0.873025142595062,0,0.06264307723928932,negative,793
economic_inv,rd,云南,河南,-0.002636394492096971,0.002636394492096971,-0.9132119081053108,0.873025142595062,0,0.06264307723928932,negative,794
economic_inv,rd,黑龙江,河南,-0.002625241390494508,0.002625241390494508,-0.9132119081053108,0.873025142595062,0,0.06264307723928932,negative,795
economic_inv,rd,吉林,山东,-0.00261106607456608,0.00261106607456608,-0.9132119081053108,0.873025142595062,0,0.06264307723928932,negative,796
economic_inv,rd,宁夏,广东,-0.0026107707152280436,0.0026107707152280436,-0.9132119081053108,0.873025142595062,0,0.06264307723928932,negative,797
economic_inv,rd,内蒙古,河南,-0.0024907731694928065,0.0024907731694928065,-0.9132119081053108,0.873025142595062,0,0.06264307723928932,negative,798
economic_inv,rd,陕西,江苏,-0.0024864507644151777,0.0024864507644151777,-0.9132119081053108,0.873025142595062,0,0.06264307723928932,negative,799
economic_inv,rd,湖南,贵州,-0.0024794595207445996,0.0024794595207445996,-0.9132119081053108,0.873025142595062,0,0.06264307723928932,negative,800
economic_inv,rd,湖北,内蒙古,-0.0024758240281463084,0.0024758240281463084,-0.9132119081053108,0.873025142595062,0,0.06264307723928932,negative,801
economic_inv,rd,湖北,广西,-0.0024565926654028817,0.0024565926654028817,-0.9132119081053108,0.873025142595062,0,0.06264307723928932,negative,802
economic_inv,rd,河北,云南,-0.002454843715163448,0.002454843715163448,-0.9132119081053108,0.873025142595062,0,0.06264307723928932,negative,803
economic_inv,rd,山西,江苏,-0.0024489506120234316,0.0024489506120234316,-0.9132119081053108,0.873025142595062,0,0.06264307723928932,negative,804
economic_inv,rd,河北,黑龙江,-0.0024375321102273555,0.0024375321102273555,-0.9132119081053108,0.873025142595062,0,0.06264307723928932,negative,805
economic_inv,rd,广西,河南,-0.002418580805194627,0.002418580805194627,-0.9132119081053108,0.873025142595062,0,0.06264307723928932,negative,806
economic_inv,rd,天津,山东,-0.0024059639845494295,0.0024059639845494295,-0.9132119081053108,0.873025142595062,0,0.06264307723928932,negative,807
economic_inv,rd,江西,山东,-0.0023983119590558896,0.0023983119590558896,-0.9132119081053108,0.873025142595062,0,0.06264307723928932,negative,808
economic_inv,rd,陕西,广东,-0.00238883204353882,0.00238883204353882,-0.9132119081053108,0.873025142595062,0,0.06264307723928932,negative,809
economic_inv,rd,湖北,重庆,-0.0023846910058295543,0.0023846910058295543,-0.9132119081053108,0.873025142595062,0,0.06264307723928932,negative,810
economic_inv,rd,山西,广东,-0.002361877921282676,0.002361877921282676,-0.9132119081053108,0.873025142595062,0,0.06264307723928932,negative,811
economic_inv,rd,湖北,浙江,-0.0022817417608097077,0.0022817417608097077,-0.9132119081053108,0.873025142595062,0,0.06264307723928932,negative,812
economic_inv,rd,河北,吉林,-0.0022773199194095683,0.0022773199194095683,-0.9132119081053108,0.873025142595062,0,0.06264307723928932,negative,813
economic_inv,rd,吉林,江苏,-0.0022710249998914374,0.0022710249998914374,-0.9132119081053108,0.873025142595062,0,0.06264307723928932,negative,814
economic_inv,rd,湖北,天津,-0.0022632610296488857,0.0022632610296488857,-0.9132119081053108,0.873025142595062,0,0.06264307723928932,negative,815
economic_inv,rd,湖南,新疆,-0.0022334362874296618,0.0022334362874296618,-0.9132119081053108,0.873025142595062,0,0.06264307723928932,negative,816
economic_inv,rd,吉林,广东,-0.0021893618905692975,0.0021893618905692975,-0.9132119081053108,0.873025142595062,0,0.06264307723928932,negative,817
economic_inv,rd,河北,山西,-0.0021872128333555296,0.0021872128333555296,-0.9132119081053108,0.873025142595062,0,0.06264307723928932,negative,818
economic_inv,rd,天津,江苏,-0.0020785127473471735,0.0020785127473471735,-0.9132119081053108,0.873025142595062,0,0.06264307723928932,negative,819
economic_inv,rd,湖北,云南,-0.0020724223016099783,0.0020724223016099783,-0.9132119081053108,0.873025142595062,0,0.06264307723928932,negative,820
economic_inv,rd,云南,浙江,-0.0020716560803209164,0.0020716560803209164,-0.9132119081053108,0.873025142595062,0,0.06264307723928932,negative,821
economic_inv,rd,黑龙江,浙江,-0.0020649682417522124,0.0020649682417522124,-0.9132119081053108,0.873025142595062,0,0.06264307723928932,negative,822
economic_inv,rd,江西,江苏,-0.002059661033746397,0.002059661033746397,-0.9132119081053108,0.873025142595062,0,0.06264307723928932,negative,823
economic_inv,rd,湖北,黑龙江,-0.0020578703929231765,0.0020578703929231765,-0.9132119081053108,0.873025142595062,0,0.06264307723928932,negative,824
economic_inv,rd,河北,贵州,-0.002045240697154608,0.002045240697154608,-0.9132119081053108,0.873025142595062,0,0.06264307723928932,negative,825
economic_inv,rd,天津,广东,-0.0020005301918105114,0.0020005301918105114,-0.9132119081053108,0.873025142595062,0,0.06264307723928932,negative,826
economic_inv,rd,江西,广东,-0.001979600410226948,0.001979600410226948,-0.9132119081053108,0.873025142595062,0,0.06264307723928932,negative,827
economic_inv,rd,湖南,甘肃,-0.0019728144911122627,0.0019728144911122627,-0.9132119081053108,0.873025142595062,0,0.06264307723928932,negative,828
economic_inv,rd,湖北,吉林,-0.0019231559275968153,0.0019231559275968153,-0.9132119081053108,0.873025142595062,0,0.06264307723928932,negative,829
economic_inv,rd,内蒙古,浙江,-0.0019074185865217668,0.0019074185865217668,-0.9132119081053108,0.873025142595062,0,0.06264307723928932,negative,830
economic_inv,rd,广西,浙江,-0.0018542529240718408,0.0018542529240718408,-0.9132119081053108,0.873025142595062,0,0.06264307723928932,negative,831
economic_inv,rd,湖北,山西,-0.001847355882012991,0.001847355882012991,-0.9132119081053108,0.873025142595062,0,0.06264307723928932,negative,832
economic_inv,rd,河北,新疆,-0.0018406966000951554,0.0018406966000951554,-0.9132119081053108,0.873025142595062,0,0.06264307723928932,negative,833
economic_inv,rd,重庆,山东,-0.0018344287056934487,0.0018344287056934487,-0.9132119081053108,0.873025142595062,0,0.06264307723928932,negative,834
economic_inv,rd,湖南,海南,-0.001751465574912891,0.001751465574912891,-0.9132119081053108,0.873025142595062,0,0.06264307723928932,negative,835
economic_inv,rd,湖北,贵州,-0.0017278768885544715,0.0017278768885544715,-0.9132119081053108,0.873025142595062,0,0.06264307723928932,negative,836
economic_inv,rd,湖南,宁夏,-0.0017032302820836549,0.0017032302820836549,-0.9132119081053108,0.873025142595062,0,0.06264307723928932,negative,837
economic_inv,rd,湖南,青海,-0.0016690380025986139,0.0016690380025986139,-0.9132119081053108,0.873025142595062,0,0.06264307723928932,negative,838
economic_inv,rd,河北,甘肃,-0.001624403868713003,0.001624403868713003,-0.9132119081053108,0.873025142595062,0,0.06264307723928932,negative,839
economic_inv,rd,重庆,江苏,-0.0015814809871700743,0.0015814809871700743,-0.9132119081053108,0.873025142595062,0,0.06264307723928932,negative,840
economic_inv,rd,湖北,新疆,-0.0015556340775093047,0.0015556340775093047,-0.9132119081053108,0.873025142595062,0,0.06264307723928932,negative,841
economic_inv,rd,重庆,广东,-0.001521395858172121,0.001521395858172121,-0.9132119081053108,0.873025142595062,0,0.06264307723928932,negative,842
economic_inv,rd,河北,海南,-0.0014410172950013725,0.0014410172950013725,-0.9132119081053108,0.873025142595062,0,0.06264307723928932,negative,843
economic_inv,rd,河北,宁夏,-0.001401092675751083,0.001401092675751083,-0.9132119081053108,0.873025142595062,0,0.06264307723928932,negative,844
economic_inv,rd,湖北,甘肃,-0.0013733625272437978,0.0013733625272437978,-0.9132119081053108,0.873025142595062,0,0.06264307723928932,negative,845
economic_inv,rd,河北,青海,-0.0013727997859306288,0.0013727997859306288,-0.9132119081053108,0.873025142595062,0,0.06264307723928932,negative,846
economic_inv,rd,湖南,山东,-0.0013697131943864653,0.0013697131943864653,-0.9132119081053108,0.873025142595062,0,0.06264307723928932,negative,847
economic_inv,rd,云南,山东,-0.0012398412864584865,0.0012398412864584865,-0.9132119081053108,0.873025142595062,0,0.06264307723928932,negative,848
economic_inv,rd,黑龙江,山东,-0.0012376734907363662,0.0012376734907363662,-0.9132119081053108,0.873025142595062,0,0.06264307723928932,negative,849
economic_inv,rd,湖北,海南,-0.0012187120789872263,0.0012187120789872263,-0.9132119081053108,0.873025142595062,0,0.06264307723928932,negative,850
economic_inv,rd,湖北,宁夏,-0.0011850302380144245,0.0011850302380144245,-0.9132119081053108,0.873025142595062,0,0.06264307723928932,negative,851
economic_inv,rd,湖北,青海,-0.0011611584629846684,0.0011611584629846684,-0.9132119081053108,0.873025142595062,0,0.06264307723928932,negative,852
economic_inv,rd,湖南,江苏,-0.0011189654334242773,0.0011189654334242773,-0.9132119081053108,0.873025142595062,0,0.06264307723928932,negative,853
economic_inv,rd,河北,山东,-0.0011146245980501036,0.0011146245980501036,-0.9132119081053108,0.873025142595062,0,0.06264307723928932,negative,854
economic_inv,rd,内蒙古,山东,-0.0011003044885296727,0.0011003044885296727,-0.9132119081053108,0.873025142595062,0,0.06264307723928932,negative,855
economic_inv,rd,云南,江苏,-0.0010749680925779795,0.0010749680925779795,-0.9132119081053108,0.873025142595062,0,0.06264307723928932,negative,856
economic_inv,rd,黑龙江,江苏,-0.0010734044307201093,0.0010734044307201093,-0.9132119081053108,0.873025142595062,0,0.06264307723928932,negative,857
economic_inv,rd,广西,山东,-0.001071331274787382,0.001071331274787382,-0.9132119081053108,0.873025142595062,0,0.06264307723928932,negative,858
economic_inv,rd,湖南,广东,-0.0010632180357664962,0.0010632180357664962,-0.9132119081053108,0.873025142595062,0,0.06264307723928932,negative,859
economic_inv,rd,云南,广东,-0.001035527762305636,0.001035527762305636,-0.9132119081053108,0.873025142595062,0,0.06264307723928932,negative,860
economic_inv,rd,黑龙江,广东,-0.0010340942844203219,0.0010340942844203219,-0.9132119081053108,0.873025142595062,0,0.06264307723928932,negative,861
economic_inv,rd,内蒙古,江苏,-0.0009472035853609352,0.0009472035853609352,-0.9132119081053108,0.873025142595062,0,0.06264307723928932,negative,862
economic_inv,rd,湖北,山东,-0.0009469492233972906,0.0009469492233972906,-0.9132119081053108,0.873025142595062,0,0.06264307723928932,negative,863
economic_inv,rd,广西,江苏,-0.0009225392426500365,0.0009225392426500365,-0.9132119081053108,0.873025142595062,0,0.06264307723928932,negative,864
economic_inv,rd,河北,江苏,-0.0009113743969992373,0.0009113743969992373,-0.9132119081053108,0.873025142595062,0,0.06264307723928932,negative,865
economic_inv,rd,内蒙古,广东,-0.0009109015360851027,0.0009109015360851027,-0.9132119081053108,0.873025142595062,0,0.06264307723928932,negative,866
economic_inv,rd,广西,广东,-0.0008872457483746091,0.0008872457483746091,-0.9132119081053108,0.873025142595062,0,0.06264307723928932,negative,867
economic_inv,rd,河北,广东,-0.0008661383676287672,0.0008661383676287672,-0.9132119081053108,0.873025142595062,0,0.06264307723928932,negative,868
economic_inv,rd,湖北,江苏,-0.0007739950784919683,0.0007739950784919683,-0.9132119081053108,0.873025142595062,0,0.06264307723928932,negative,869
economic_inv,rd,湖北,广东,-0.0007355188134657356,0.0007355188134657356,-0.9132119081053108,0.873025142595062,0,0.06264307723928932,negative,870
economic_inv,urb,河北,湖北,0.2581396664622892,0.2581396664622892,0.4177176036546963,0.5815803235621608,1,0.028653936592047166,positive,1
economic_inv,urb,黑龙江,云南,0.2558393310427127,0.2558393310427127,0.4177176036546963,0.5815803235621608,1,0.028653936592047166,positive,2
economic_inv,urb,云南,黑龙江,0.2557203127635231,0.2557203127635231,0.4177176036546963,0.5815803235621608,1,0.028653936592047166,positive,3
economic_inv,urb,内蒙古,广西,0.23237993447436828,0.23237993447436828,0.4177176036546963,0.5815803235621608,1,0.028653936592047166,positive,4
economic_inv,urb,广西,内蒙古,0.22675095080366015,0.22675095080366015,0.4177176036546963,0.5815803235621608,1,0.028653936592047166,positive,5
economic_inv,urb,湖南,湖北,0.22133396659135182,0.22133396659135182,0.4177176036546963,0.5815803235621608,1,0.028653936592047166,positive,6
economic_inv,urb,湖北,河北,0.2188740118668984,0.2188740118668984,0.4177176036546963,0.5815803235621608,1,0.028653936592047166,positive,7
economic_inv,urb,北京,安徽,0.1805498635732042,0.1805498635732042,0.4177176036546963,0.5815803235621608,1,0.028653936592047166,positive,8
economic_inv,urb,广东,江苏,0.17800277839129408,0.17800277839129408,0.4177176036546963,0.5815803235621608,1,0.028653936592047166,positive,9
economic_inv,urb,安徽,北京,0.17734148992630963,0.17734148992630963,0.4177176036546963,0.5815803235621608,1,0.028653936592047166,positive,10
economic_inv,urb,辽宁,上海,0.1764963478195754,0.1764963478195754,0.4177176036546963,0.5815803235621608,1,0.028653936592047166,positive,11
economic_inv,urb,青海,宁夏,0.1754011092868706,0.1754011092868706,0.4177176036546963,0.5815803235621608,1,0.028653936592047166,positive,12
economic_inv,urb,上海,辽宁,0.17450614288460659,0.17450614288460659,0.4177176036546963,0.5815803235621608,1,0.028653936592047166,positive,13
economic_inv,urb,江苏,广东,0.16965949416616002,0.16965949416616002,0.4177176036546963,0.5815803235621608,1,0.028653936592047166,positive,14
economic_inv,urb,湖北,湖南,0.15345206525008243,0.15345206525008243,0.4177176036546963,0.5815803235621608,1,0.028653936592047166,positive,15
economic_inv,urb,宁夏,青海,0.1516765149080329,0.1516765149080329,0.4177176036546963,0.5815803235621608,1,0.028653936592047166,positive,16
economic_inv,urb,海南,宁夏,0.13671784583325347,0.13671784583325347,0.4177176036546963,0.5815803235621608,1,0.028653936592047166,positive,17
economic_inv,urb,湖南,河北,0.13011243694070485,0.13011243694070485,0.4177176036546963,0.5815803235621608,1,0.028653936592047166,positive,18
economic_inv,urb,宁夏,海南,0.11282799144689512,0.11282799144689512,0.4177176036546963,0.5815803235621608,1,0.028653936592047166,positive,19
economic_inv,urb,陕西,江西,0.10904934947848136,0.10904934947848136,0.4177176036546963,0.5815803235621608,1,0.028653936592047166,positive,20
economic_inv,urb,河北,湖南,0.10639078854839382,0.10639078854839382,0.4177176036546963,0.5815803235621608,1,0.028653936592047166,positive,21
economic_inv,urb,重庆,广西,0.10086434933891497,0.10086434933891497,0.4177176036546963,0.5815803235621608,1,0.028653936592047166,positive,22
economic_inv,urb,山西,吉林,0.09625498730565464,0.09625498730565464,0.4177176036546963,0.5815803235621608,1,0.028653936592047166,positive,23
economic_inv,urb,江西,陕西,0.09127356878193227,0.09127356878193227,0.4177176036546963,0.5815803235621608,1,0.028653936592047166,positive,24
economic_inv,urb,吉林,山西,0.08822289213654681,0.08822289213654681,0.4177176036546963,0.5815803235621608,1,0.028653936592047166,positive,25
economic_inv,urb,四川,湖南,0.080988409706151,0.080988409706151,0.4177176036546963,0.5815803235621608,1,0.028653936592047166,positive,26
economic_inv,urb,重庆,内蒙古,0.08020241674336415,0.08020241674336415,0.4177176036546963,0.5815803235621608,1,0.028653936592047166,positive,27
economic_inv,urb,海南,青海,0.07839899088106168,0.07839899088106168,0.4177176036546963,0.5815803235621608,1,0.028653936592047166,positive,28
economic_inv,urb,四川,湖北,0.07484496862333383,0.07484496862333383,0.4177176036546963,0.5815803235621608,1,0.028653936592047166,positive,29
economic_inv,urb,青海,海南,0.07481972663194454,0.07481972663194454,0.4177176036546963,0.5815803235621608,1,0.028653936592047166,positive,30
economic_inv,urb,天津,重庆,0.07326782899010663,0.07326782899010663,0.4177176036546963,0.5815803235621608,1,0.028653936592047166,positive,31
economic_inv,urb,贵州,山西,0.07137943209898058,0.07137943209898058,0.4177176036546963,0.5815803235621608,1,0.028653936592047166,positive,32
economic_inv,urb,四川,河北,0.07106553769983166,0.07106553769983166,0.4177176036546963,0.5815803235621608,1,0.028653936592047166,positive,33
economic_inv,urb,江西,内蒙古,0.06364413509094632,0.06364413509094632,0.4177176036546963,0.5815803235621608,1,0.028653936592047166,positive,34
economic_inv,urb,山东,江苏,0.0625104803042499,0.0625104803042499,0.4177176036546963,0.5815803235621608,1,0.028653936592047166,positive,35
economic_inv,urb,广西,重庆,0.05841610579484034,0.05841610579484034,0.4177176036546963,0.5815803235621608,1,0.028653936592047166,positive,36
economic_inv,urb,江西,广西,0.056431254022029795,0.056431254022029795,0.4177176036546963,0.5815803235621608,1,0.028653936592047166,positive,37
economic_inv,urb,吉林,黑龙江,0.05529730642810065,0.05529730642810065,0.4177176036546963,0.5815803235621608,1,0.028653936592047166,positive,38
economic_inv,urb,重庆,天津,0.055024004076406605,0.055024004076406605,0.4177176036546963,0.5815803235621608,1,0.028653936592047166,positive,39
economic_inv,urb,新疆,贵州,0.05490313258552646,0.05490313258552646,0.4177176036546963,0.5815803235621608,1,0.028653936592047166,positive,40
economic_inv,urb,山西,贵州,0.054865513784767034,0.054865513784767034,0.4177176036546963,0.5815803235621608,1,0.028653936592047166,positive,41
economic_inv,urb,福建,辽宁,0.0520292373353045,0.0520292373353045,0.4177176036546963,0.5815803235621608,1,0.028653936592047166,positive,42
economic_inv,urb,吉林,云南,0.050259303288950306,0.050259303288950306,0.4177176036546963,0.5815803235621608,1,0.028653936592047166,positive,43
economic_inv,urb,浙江,河南,0.049110695492311,0.049110695492311,0.4177176036546963,0.5815803235621608,1,0.028653936592047166,positive,44
economic_inv,urb,甘肃,新疆,0.0489201868670152,0.0489201868670152,0.4177176036546963,0.5815803235621608,1,0.028653936592047166,positive,45
economic_inv,urb,江苏,山东,0.04859292114138474,0.04859292114138474,0.4177176036546963,0.5815803235621608,1,0.028653936592047166,positive,46
economic_inv,urb,山东,广东,0.0485928022998752,0.0485928022998752,0.4177176036546963,0.5815803235621608,1,0.028653936592047166,positive,47
economic_inv,urb,内蒙古,重庆,0.047602731531381635,0.047602731531381635,0.4177176036546963,0.5815803235621608,1,0.028653936592047166,positive,48
economic_inv,urb,天津,广西,0.04740644016472875,0.04740644016472875,0.4177176036546963,0.5815803235621608,1,0.028653936592047166,positive,49
economic_inv,urb,贵州,吉林,0.04546455498093252,0.04546455498093252,0.4177176036546963,0.5815803235621608,1,0.028653936592047166,positive,50
economic_inv,urb,甘肃,海南,0.0451699363841843,0.0451699363841843,0.4177176036546963,0.5815803235621608,1,0.028653936592047166,positive,51
economic_inv,urb,陕西,内蒙古,0.04480024784955077,0.04480024784955077,0.4177176036546963,0.5815803235621608,1,0.028653936592047166,positive,52
economic_inv,urb,福建,上海,0.0438591919553774,0.0438591919553774,0.4177176036546963,0.5815803235621608,1,0.028653936592047166,positive,53
economic_inv,urb,天津,内蒙古,0.043454947035665846,0.043454947035665846,0.4177176036546963,0.5815803235621608,1,0.028653936592047166,positive,54
economic_inv,urb,贵州,新疆,0.041694658337068556,0.041694658337068556,0.4177176036546963,0.5815803235621608,1,0.028653936592047166,positive,55
economic_inv,urb,陕西,广西,0.041662766486133915,0.041662766486133915,0.4177176036546963,0.5815803235621608,1,0.028653936592047166,positive,56
economic_inv,urb,新疆,甘肃,0.04123744405988587,0.04123744405988587,0.4177176036546963,0.5815803235621608,1,0.028653936592047166,positive,57
economic_inv,urb,天津,云南,0.04051528171815081,0.04051528171815081,0.4177176036546963,0.5815803235621608,1,0.028653936592047166,positive,58
economic_inv,urb,广东,山东,0.039631520050455366,0.039631520050455366,0.4177176036546963,0.5815803235621608,1,0.028653936592047166,positive,59
economic_inv,urb,江西,重庆,0.039190735839914274,0.039190735839914274,0.4177176036546963,0.5815803235621608,1,0.028653936592047166,positive,60
economic_inv,urb,天津,黑龙江,0.03738044755477226,0.03738044755477226,0.4177176036546963,0.5815803235621608,1,0.028653936592047166,positive,61
economic_inv,urb,山西,黑龙江,0.03708635844644367,0.03708635844644367,0.4177176036546963,0.5815803235621608,1,0.028653936592047166,positive,62
economic_inv,urb,福建,河北,0.03695358210382473,0.03695358210382473,0.4177176036546963,0.5815803235621608,1,0.028653936592047166,positive,63
economic_inv,urb,甘肃,宁夏,0.03606651612698458,0.03606651612698458,0.4177176036546963,0.5815803235621608,1,0.028653936592047166,positive,64
economic_inv,urb,福建,湖北,0.03606340367921553,0.03606340367921553,0.4177176036546963,0.5815803235621608,1,0.028653936592047166,positive,65
economic_inv,urb,河南,浙江,0.03596048145098969,0.03596048145098969,0.4177176036546963,0.5815803235621608,1,0.028653936592047166,positive,66
economic_inv,urb,安徽,上海,0.03535071458528446,0.03535071458528446,0.4177176036546963,0.5815803235621608,1,0.028653936592047166,positive,67
economic_inv,urb,上海,安徽,0.035264154406181476,0.035264154406181476,0.4177176036546963,0.5815803235621608,1,0.028653936592047166,positive,68
economic_inv,urb,河南,四川,0.03516118074537066,0.03516118074537066,0.4177176036546963,0.5815803235621608,1,0.028653936592047166,positive,69
economic_inv,urb,山西,云南,0.03493379481170787,0.03493379481170787,0.4177176036546963,0.5815803235621608,1,0.028653936592047166,positive,70
economic_inv,urb,福建,湖南,0.03486545738519983,0.03486545738519983,0.4177176036546963,0.5815803235621608,1,0.028653936592047166,positive,71
economic_inv,urb,新疆,山西,0.034658288289535974,0.034658288289535974,0.4177176036546963,0.5815803235621608,1,0.028653936592047166,positive,72
economic_inv,urb,海南,甘肃,0.03450846216738927,0.03450846216738927,0.4177176036546963,0.5815803235621608,1,0.028653936592047166,positive,73
economic_inv,urb,辽宁,福建,0.0328775589970433,0.0328775589970433,0.4177176036546963,0.5815803235621608,1,0.028653936592047166,positive,74
economic_inv,urb,陕西,重庆,0.03275780498975065,0.03275780498975065,0.4177176036546963,0.5815803235621608,1,0.028653936592047166,positive,75
economic_inv,urb,吉林,贵州,0.032030030801400315,0.032030030801400315,0.4177176036546963,0.5815803235621608,1,0.028653936592047166,positive,76
economic_inv,urb,甘肃,青海,0.0313644257758721,0.0313644257758721,0.4177176036546963,0.5815803235621608,1,0.028653936592047166,positive,77
economic_inv,urb,重庆,江西,0.030815435149210153,0.030815435149210153,0.4177176036546963,0.5815803235621608,1,0.028653936592047166,positive,78
economic_inv,urb,北京,上海,0.030008465567621233,0.030008465567621233,0.4177176036546963,0.5815803235621608,1,0.028653936592047166,positive,79
economic_inv,urb,河南,湖南,0.029797005181767342,0.029797005181767342,0.4177176036546963,0.5815803235621608,1,0.028653936592047166,positive,80
economic_inv,urb,内蒙古,江西,0.02970213686038329,0.02970213686038329,0.4177176036546963,0.5815803235621608,1,0.028653936592047166,positive,81
economic_inv,urb,辽宁,安徽,0.029670523148505715,0.029670523148505715,0.4177176036546963,0.5815803235621608,1,0.028653936592047166,positive,82
economic_inv,urb,河南,湖北,0.02942848898251543,0.02942848898251543,0.4177176036546963,0.5815803235621608,1,0.028653936592047166,positive,83
economic_inv,urb,安徽,辽宁,0.02940796161403042,0.02940796161403042,0.4177176036546963,0.5815803235621608,1,0.028653936592047166,positive,84
economic_inv,urb,上海,北京,0.029403041346736374,0.029403041346736374,0.4177176036546963,0.5815803235621608,1,0.028653936592047166,positive,85
economic_inv,urb,河南,河北,0.029175512008979616,0.029175512008979616,0.4177176036546963,0.5815803235621608,1,0.028653936592047166,positive,86
economic_inv,urb,贵州,黑龙江,0.0287890082093163,0.0287890082093163,0.4177176036546963,0.5815803235621608,1,0.028653936592047166,positive,87
economic_inv,urb,新疆,吉林,0.028638928634572815,0.028638928634572815,0.4177176036546963,0.5815803235621608,0,0.028653936592047166,positive,88
economic_inv,urb,甘肃,贵州,0.027936919034452213,0.027936919034452213,0.4177176036546963,0.5815803235621608,0,0.028653936592047166,positive,89
economic_inv,urb,贵州,云南,0.02776808055312347,0.02776808055312347,0.4177176036546963,0.5815803235621608,0,0.028653936592047166,positive,90
economic_inv,urb,上海,福建,0.02740234490183679,0.02740234490183679,0.4177176036546963,0.5815803235621608,0,0.028653936592047166,positive,91
economic_inv,urb,天津,江西,0.026302362330604373,0.026302362330604373,0.4177176036546963,0.5815803235621608,0,0.028653936592047166,positive,92
economic_inv,urb,广西,江西,0.025698010320551516,0.025698010320551516,0.4177176036546963,0.5815803235621608,0,0.028653936592047166,positive,93
economic_inv,urb,北京,辽宁,0.025681342406579606,0.025681342406579606,0.4177176036546963,0.5815803235621608,0,0.028653936592047166,positive,94
economic_inv,urb,黑龙江,吉林,0.025645388387122315,0.025645388387122315,0.4177176036546963,0.5815803235621608,0,0.028653936592047166,positive,95
economic_inv,urb,辽宁,北京,0.025450199470169747,0.025450199470169747,0.4177176036546963,0.5815803235621608,0,0.028653936592047166,positive,96
economic_inv,urb,江西,天津,0.025121683320238838,0.025121683320238838,0.4177176036546963,0.5815803235621608,0,0.028653936592047166,positive,97
economic_inv,urb,福建,四川,0.024820763852523332,0.024820763852523332,0.4177176036546963,0.5815803235621608,0,0.028653936592047166,positive,98
economic_inv,urb,福建,安徽,0.02468076778379748,0.02468076778379748,0.4177176036546963,0.5815803235621608,0,0.028653936592047166,positive,99
economic_inv,urb,浙江,四川,0.02427938250330367,0.02427938250330367,0.4177176036546963,0.5815803235621608,0,0.028653936592047166,positive,100
economic_inv,urb,吉林,天津,0.024089161783696175,0.024089161783696175,0.4177176036546963,0.5815803235621608,0,0.028653936592047166,positive,101
economic_inv,urb,山东,浙江,0.02387802113257829,0.02387802113257829,0.4177176036546963,0.5815803235621608,0,0.028653936592047166,positive,102
economic_inv,urb,陕西,天津,0.023536211094520396,0.023536211094520396,0.4177176036546963,0.5815803235621608,0,0.028653936592047166,positive,103
economic_inv,urb,四川,福建,0.02333265691049501,0.02333265691049501,0.4177176036546963,0.5815803235621608,0,0.028653936592047166,positive,104
economic_inv,urb,云南,吉林,0.023298055939166687,0.023298055939166687,0.4177176036546963,0.5815803235621608,0,0.028653936592047166,positive,105
economic_inv,urb,青海,甘肃,0.022867522348097403,0.022867522348097403,0.4177176036546963,0.5815803235621608,0,0.028653936592047166,positive,106
economic_inv,urb,宁夏,甘肃,0.022739031868000668,0.022739031868000668,0.4177176036546963,0.5815803235621608,0,0.028653936592047166,positive,107
economic_inv,urb,福建,北京,0.022701960494651938,0.022701960494651938,0.4177176036546963,0.5815803235621608,0,0.028653936592047166,positive,108
economic_inv,urb,新疆,黑龙江,0.022425149146876593,0.022425149146876593,0.4177176036546963,0.5815803235621608,0,0.028653936592047166,positive,109
economic_inv,urb,甘肃,山西,0.02233972697975899,0.02233972697975899,0.4177176036546963,0.5815803235621608,0,0.028653936592047166,positive,110
economic_inv,urb,浙江,湖南,0.022253764901896376,0.022253764901896376,0.4177176036546963,0.5815803235621608,0,0.028653936592047166,positive,111
economic_inv,urb,浙江,湖北,0.02210240582835051,0.02210240582835051,0.4177176036546963,0.5815803235621608,0,0.028653936592047166,positive,112
economic_inv,urb,浙江,河北,0.021997510285715904,0.021997510285715904,0.4177176036546963,0.5815803235621608,0,0.028653936592047166,positive,113
economic_inv,urb,新疆,云南,0.021947804428834865,0.021947804428834865,0.4177176036546963,0.5815803235621608,0,0.028653936592047166,positive,114
economic_inv,urb,河南,福建,0.021639392943851476,0.021639392943851476,0.4177176036546963,0.5815803235621608,0,0.028653936592047166,positive,115
economic_inv,urb,重庆,陕西,0.021558653516678208,0.021558653516678208,0.4177176036546963,0.5815803235621608,0,0.028653936592047166,positive,116
economic_inv,urb,云南,天津,0.021445456787146117,0.021445456787146117,0.4177176036546963,0.5815803235621608,0,0.028653936592047166,positive,117
economic_inv,urb,天津,吉林,0.021096405765774002,0.021096405765774002,0.4177176036546963,0.5815803235621608,0,0.028653936592047166,positive,118
economic_inv,urb,山西,天津,0.020645174589539617,0.020645174589539617,0.4177176036546963,0.5815803235621608,0,0.028653936592047166,positive,119
economic_inv,urb,天津,陕西,0.020625501761897726,0.020625501761897726,0.4177176036546963,0.5815803235621608,0,0.028653936592047166,positive,120
economic_inv,urb,广西,天津,0.020619167326883663,0.020619167326883663,0.4177176036546963,0.5815803235621608,0,0.028653936592047166,positive,121
economic_inv,urb,山西,新疆,0.020230972833137427,0.020230972833137427,0.4177176036546963,0.5815803235621608,0,0.028653936592047166,positive,122
economic_inv,urb,甘肃,吉林,0.020050006696825957,0.020050006696825957,0.4177176036546963,0.5815803235621608,0,0.028653936592047166,positive,123
economic_inv,urb,新疆,海南,0.019796899615685717,0.019796899615685717,0.4177176036546963,0.5815803235621608,0,0.028653936592047166,positive,124
economic_inv,urb,黑龙江,天津,0.01979534243071593,0.01979534243071593,0.4177176036546963,0.5815803235621608,0,0.028653936592047166,positive,125
economic_inv,urb,重庆,云南,0.01959265318498798,0.01959265318498798,0.4177176036546963,0.5815803235621608,0,0.028653936592047166,positive,126
economic_inv,urb,贵州,天津,0.019515658902235767,0.019515658902235767,0.4177176036546963,0.5815803235621608,0,0.028653936592047166,positive,127
economic_inv,urb,内蒙古,天津,0.019369682921074244,0.019369682921074244,0.4177176036546963,0.5815803235621608,0,0.028653936592047166,positive,128
economic_inv,urb,吉林,重庆,0.018703702633196522,0.018703702633196522,0.4177176036546963,0.5815803235621608,0,0.028653936592047166,positive,129
economic_inv,urb,重庆,黑龙江,0.018588829061404393,0.018588829061404393,0.4177176036546963,0.5815803235621608,0,0.028653936592047166,positive,130
economic_inv,urb,浙江,福建,0.018450138106536933,0.018450138106536933,0.4177176036546963,0.5815803235621608,0,0.028653936592047166,positive,131
economic_inv,urb,河南,辽宁,0.018284873533027338,0.018284873533027338,0.4177176036546963,0.5815803235621608,0,0.028653936592047166,positive,132
economic_inv,urb,湖南,四川,0.01816758305054567,0.01816758305054567,0.4177176036546963,0.5815803235621608,0,0.028653936592047166,positive,133
economic_inv,urb,山东,河南,0.018099235165341995,0.018099235165341995,0.4177176036546963,0.5815803235621608,0,0.028653936592047166,positive,134
economic_inv,urb,海南,新疆,0.017941951390743525,0.017941951390743525,0.4177176036546963,0.5815803235621608,0,0.028653936592047166,positive,135
economic_inv,urb,贵州,甘肃,0.017884031912065116,0.017884031912065116,0.4177176036546963,0.5815803235621608,0,0.028653936592047166,positive,136
economic_inv,urb,河南,上海,0.01777168414800086,0.01777168414800086,0.4177176036546963,0.5815803235621608,0,0.028653936592047166,positive,137
economic_inv,urb,新疆,天津,0.017504741954107856,0.017504741954107856,0.4177176036546963,0.5815803235621608,0,0.028653936592047166,positive,138
economic_inv,urb,新疆,宁夏,0.017500278147357246,0.017500278147357246,0.4177176036546963,0.5815803235621608,0,0.028653936592047166,positive,139
economic_inv,urb,内蒙古,陕西,0.017499743179263404,0.017499743179263404,0.4177176036546963,0.5815803235621608,0,0.028653936592047166,positive,140
economic_inv,urb,甘肃,黑龙江,0.017232136353971046,0.017232136353971046,0.4177176036546963,0.5815803235621608,0,0.028653936592047166,positive,141
economic_inv,urb,甘肃,云南,0.01699274307943059,0.01699274307943059,0.4177176036546963,0.5815803235621608,0,0.028653936592047166,positive,142
economic_inv,urb,山西,重庆,0.016837014808186182,0.016837014808186182,0.4177176036546963,0.5815803235621608,0,0.028653936592047166,positive,143
economic_inv,urb,贵州,重庆,0.016761146068823212,0.016761146068823212,0.4177176036546963,0.5815803235621608,0,0.028653936592047166,positive,144
economic_inv,urb,吉林,广西,0.01667056880930114,0.01667056880930114,0.4177176036546963,0.5815803235621608,0,0.028653936592047166,positive,145
economic_inv,urb,天津,山西,0.01657155991167373,0.01657155991167373,0.4177176036546963,0.5815803235621608,0,0.028653936592047166,positive,146
economic_inv,urb,浙江,辽宁,0.01655409677861895,0.01655409677861895,0.4177176036546963,0.5815803235621608,0,0.028653936592047166,positive,147
economic_inv,urb,浙江,上海,0.016243152660022905,0.016243152660022905,0.4177176036546963,0.5815803235621608,0,0.028653936592047166,positive,148
economic_inv,urb,吉林,内蒙古,0.016216441701291495,0.016216441701291495,0.4177176036546963,0.5815803235621608,0,0.028653936592047166,positive,149
economic_inv,urb,新疆,青海,0.01611004538511265,0.01611004538511265,0.4177176036546963,0.5815803235621608,0,0.028653936592047166,positive,150
economic_inv,urb,广西,陕西,0.0158799764829936,0.0158799764829936,0.4177176036546963,0.5815803235621608,0,0.028653936592047166,positive,151
economic_inv,urb,四川,辽宁,0.01579675114243096,0.01579675114243096,0.4177176036546963,0.5815803235621608,0,0.028653936592047166,positive,152
economic_inv,urb,黑龙江,山西,0.015764403589907435,0.015764403589907435,0.4177176036546963,0.5815803235621608,0,0.028653936592047166,positive,153
economic_inv,urb,新疆,重庆,0.015742481593644275,0.015742481593644275,0.4177176036546963,0.5815803235621608,0,0.028653936592047166,positive,154
economic_inv,urb,浙江,山东,0.015680231532416385,0.015680231532416385,0.4177176036546963,0.5815803235621608,0,0.028653936592047166,positive,155
economic_inv,urb,河南,安徽,0.015604425551262539,0.015604425551262539,0.4177176036546963,0.5815803235621608,0,0.028653936592047166,positive,156
economic_inv,urb,陕西,云南,0.015596401759939283,0.015596401759939283,0.4177176036546963,0.5815803235621608,0,0.028653936592047166,positive,157
economic_inv,urb,贵州,广西,0.015562847239095852,0.015562847239095852,0.4177176036546963,0.5815803235621608,0,0.028653936592047166,positive,158
economic_inv,urb,安徽,福建,0.015457899903279958,0.015457899903279958,0.4177176036546963,0.5815803235621608,0,0.028653936592047166,positive,159
economic_inv,urb,吉林,新疆,0.015322318088363936,0.015322318088363936,0.4177176036546963,0.5815803235621608,0,0.028653936592047166,positive,160
economic_inv,urb,山西,广西,0.015297668459478312,0.015297668459478312,0.4177176036546963,0.5815803235621608,0,0.028653936592047166,positive,161
economic_inv,urb,贵州,内蒙古,0.015281392961569076,0.015281392961569076,0.4177176036546963,0.5815803235621608,0,0.028653936592047166,positive,162
economic_inv,urb,河南,北京,0.015234097405478061,0.015234097405478061,0.4177176036546963,0.5815803235621608,0,0.028653936592047166,positive,163
economic_inv,urb,江西,云南,0.015232684292355062,0.015232684292355062,0.4177176036546963,0.5815803235621608,0,0.028653936592047166,positive,164
economic_inv,urb,陕西,黑龙江,0.015167308092032846,0.015167308092032846,0.4177176036546963,0.5815803235621608,0,0.028653936592047166,positive,165
economic_inv,urb,山西,内蒙古,0.01494564674765364,0.01494564674765364,0.4177176036546963,0.5815803235621608,0,0.028653936592047166,positive,166
economic_inv,urb,新疆,广西,0.014922918083461275,0.014922918083461275,0.4177176036546963,0.5815803235621608,0,0.028653936592047166,positive,167
economic_inv,urb,四川,上海,0.014900293196591134,0.014900293196591134,0.4177176036546963,0.5815803235621608,0,0.028653936592047166,positive,168
economic_inv,urb,浙江,安徽,0.014861739041768213,0.014861739041768213,0.4177176036546963,0.5815803235621608,0,0.028653936592047166,positive,169
economic_inv,urb,云南,山西,0.014842499209353056,0.014842499209353056,0.4177176036546963,0.5815803235621608,0,0.028653936592047166,positive,170
economic_inv,urb,江西,黑龙江,0.014745890885311646,0.014745890885311646,0.4177176036546963,0.5815803235621608,0,0.028653936592047166,positive,171
economic_inv,urb,新疆,内蒙古,0.014725421027571135,0.014725421027571135,0.4177176036546963,0.5815803235621608,0,0.028653936592047166,positive,172
economic_inv,urb,浙江,北京,0.014613991080544743,0.014613991080544743,0.4177176036546963,0.5815803235621608,0,0.028653936592047166,positive,173
economic_inv,urb,四川,河南,0.014579856117413999,0.014579856117413999,0.4177176036546963,0.5815803235621608,0,0.028653936592047166,positive,174
economic_inv,urb,甘肃,天津,0.014577858019279423,0.014577858019279423,0.4177176036546963,0.5815803235621608,0,0.028653936592047166,positive,175
economic_inv,urb,北京,陕西,0.014525263154311055,0.014525263154311055,0.4177176036546963,0.5815803235621608,0,0.028653936592047166,positive,176
economic_inv,urb,山东,四川,0.014508238442483496,0.014508238442483496,0.4177176036546963,0.5815803235621608,0,0.028653936592047166,positive,177
economic_inv,urb,北京,福建,0.014475780868043943,0.014475780868043943,0.4177176036546963,0.5815803235621608,0,0.028653936592047166,positive,178
economic_inv,urb,山东,湖南,0.014007906325584529,0.014007906325584529,0.4177176036546963,0.5815803235621608,0,0.028653936592047166,positive,179
economic_inv,urb,山东,湖北,0.013968366168058915,0.013968366168058915,0.4177176036546963,0.5815803235621608,0,0.028653936592047166,positive,180
economic_inv,urb,山东,河北,0.013940777502054394,0.013940777502054394,0.4177176036546963,0.5815803235621608,0,0.028653936592047166,positive,181
economic_inv,urb,青海,新疆,0.013933971026685851,0.013933971026685851,0.4177176036546963,0.5815803235621608,0,0.028653936592047166,positive,182
economic_inv,urb,云南,重庆,0.013809273192784084,0.013809273192784084,0.4177176036546963,0.5815803235621608,0,0.028653936592047166,positive,183
economic_inv,urb,陕西,北京,0.013695776759693643,0.013695776759693643,0.4177176036546963,0.5815803235621608,0,0.028653936592047166,positive,184
economic_inv,urb,辽宁,河北,0.013653687121049017,0.013653687121049017,0.4177176036546963,0.5815803235621608,0,0.028653936592047166,positive,185
economic_inv,urb,甘肃,重庆,0.013515727380812248,0.013515727380812248,0.4177176036546963,0.5815803235621608,0,0.028653936592047166,positive,186
economic_inv,urb,辽宁,湖北,0.01345942939662833,0.01345942939662833,0.4177176036546963,0.5815803235621608,0,0.028653936592047166,positive,187
economic_inv,urb,江苏,浙江,0.013431218027973672,0.013431218027973672,0.4177176036546963,0.5815803235621608,0,0.028653936592047166,positive,188
economic_inv,urb,贵州,江西,0.013387218103346142,0.013387218103346142,0.4177176036546963,0.5815803235621608,0,0.028653936592047166,positive,189
economic_inv,urb,吉林,江西,0.013367475293594201,0.013367475293594201,0.4177176036546963,0.5815803235621608,0,0.028653936592047166,positive,190
economic_inv,urb,新疆,江西,0.013343775811176066,0.013343775811176066,0.4177176036546963,0.5815803235621608,0,0.028653936592047166,positive,191
economic_inv,urb,安徽,陕西,0.013204819356372325,0.013204819356372325,0.4177176036546963,0.5815803235621608,0,0.028653936592047166,positive,192
economic_inv,urb,辽宁,湖南,0.01319172747919168,0.01319172747919168,0.4177176036546963,0.5815803235621608,0,0.028653936592047166,positive,193
economic_inv,urb,海南,贵州,0.013187000152763119,0.013187000152763119,0.4177176036546963,0.5815803235621608,0,0.028653936592047166,positive,194
economic_inv,urb,黑龙江,重庆,0.013107856799071555,0.013107856799071555,0.4177176036546963,0.5815803235621608,0,0.028653936592047166,positive,195
economic_inv,urb,宁夏,新疆,0.01308907922026809,0.01308907922026809,0.4177176036546963,0.5815803235621608,0,0.028653936592047166,positive,196
economic_inv,urb,广东,浙江,0.013057976002756395,0.013057976002756395,0.4177176036546963,0.5815803235621608,0,0.028653936592047166,positive,197
economic_inv,urb,河北,四川,0.013035225426056219,0.013035225426056219,0.4177176036546963,0.5815803235621608,0,0.028653936592047166,positive,198
economic_inv,urb,甘肃,广西,0.012999060429505122,0.012999060429505122,0.4177176036546963,0.5815803235621608,0,0.028653936592047166,positive,199
economic_inv,urb,山东,福建,0.012907940706978744,0.012907940706978744,0.4177176036546963,0.5815803235621608,0,0.028653936592047166,positive,200
economic_inv,urb,北京,江西,0.012904549015724453,0.012904549015724453,0.4177176036546963,0.5815803235621608,0,0.028653936592047166,positive,201
economic_inv,urb,甘肃,内蒙古,0.01287229213941347,0.01287229213941347,0.4177176036546963,0.5815803235621608,0,0.028653936592047166,positive,202
economic_inv,urb,陕西,安徽,0.0126759913832928,0.0126759913832928,0.4177176036546963,0.5815803235621608,0,0.028653936592047166,positive,203
economic_inv,urb,山西,江西,0.012665434698607142,0.012665434698607142,0.4177176036546963,0.5815803235621608,0,0.028653936592047166,positive,204
economic_inv,urb,上海,河北,0.012530380425075769,0.012530380425075769,0.4177176036546963,0.5815803235621608,0,0.028653936592047166,positive,205
economic_inv,urb,新疆,陕西,0.012524371729090456,0.012524371729090456,0.4177176036546963,0.5815803235621608,0,0.028653936592047166,positive,206
economic_inv,urb,上海,湖北,0.012364736381562588,0.012364736381562588,0.4177176036546963,0.5815803235621608,0,0.028653936592047166,positive,207
economic_inv,urb,贵州,陕西,0.012322196061839862,0.012322196061839862,0.4177176036546963,0.5815803235621608,0,0.028653936592047166,positive,208
economic_inv,urb,重庆,吉林,0.012301363115556003,0.012301363115556003,0.4177176036546963,0.5815803235621608,0,0.028653936592047166,positive,209
economic_inv,urb,山东,辽宁,0.01226267440402308,0.01226267440402308,0.4177176036546963,0.5815803235621608,0,0.028653936592047166,positive,210
economic_inv,urb,山东,上海,0.012149537158644395,0.012149537158644395,0.4177176036546963,0.5815803235621608,0,0.028653936592047166,positive,211
economic_inv,urb,上海,湖南,0.01213591037155498,0.01213591037155498,0.4177176036546963,0.5815803235621608,0,0.028653936592047166,positive,212
economic_inv,urb,浙江,陕西,0.01210557758413841,0.01210557758413841,0.4177176036546963,0.5815803235621608,0,0.028653936592047166,positive,213
economic_inv,urb,天津,贵州,0.012040774204868846,0.012040774204868846,0.4177176036546963,0.5815803235621608,0,0.028653936592047166,positive,214
economic_inv,urb,甘肃,江西,0.011959791439920294,0.011959791439920294,0.4177176036546963,0.5815803235621608,0,0.028653936592047166,positive,215
economic_inv,urb,吉林,陕西,0.011908636930914231,0.011908636930914231,0.4177176036546963,0.5815803235621608,0,0.028653936592047166,positive,216
economic_inv,urb,陕西,吉林,0.011900929004972987,0.011900929004972987,0.4177176036546963,0.5815803235621608,0,0.028653936592047166,positive,217
economic_inv,urb,浙江,江西,0.011850121250863177,0.011850121250863177,0.4177176036546963,0.5815803235621608,0,0.028653936592047166,positive,218
economic_inv,urb,安徽,江西,0.011829722148221866,0.011829722148221866,0.4177176036546963,0.5815803235621608,0,0.028653936592047166,positive,219
economic_inv,urb,河南,陕西,0.01176384302431227,0.01176384302431227,0.4177176036546963,0.5815803235621608,0,0.028653936592047166,positive,220
economic_inv,urb,湖北,四川,0.011640230068978578,0.011640230068978578,0.4177176036546963,0.5815803235621608,0,0.028653936592047166,positive,221
economic_inv,urb,四川,安徽,0.01163333472624499,0.01163333472624499,0.4177176036546963,0.5815803235621608,0,0.028653936592047166,positive,222
economic_inv,urb,山东,安徽,0.011619057717453106,0.011619057717453106,0.4177176036546963,0.5815803235621608,0,0.028653936592047166,positive,223
economic_inv,urb,云南,广西,0.011563158025264322,0.011563158025264322,0.4177176036546963,0.5815803235621608,0,0.028653936592047166,positive,224
economic_inv,urb,山东,北京,0.01151880318273166,0.01151880318273166,0.4177176036546963,0.5815803235621608,0,0.028653936592047166,positive,225
economic_inv,urb,浙江,内蒙古,0.011502030630180552,0.011502030630180552,0.4177176036546963,0.5815803235621608,0,0.028653936592047166,positive,226
economic_inv,urb,浙江,广西,0.011459007145066315,0.011459007145066315,0.4177176036546963,0.5815803235621608,0,0.028653936592047166,positive,227
economic_inv,urb,山西,陕西,0.011447600044544254,0.011447600044544254,0.4177176036546963,0.5815803235621608,0,0.028653936592047166,positive,228
economic_inv,urb,河南,江西,0.011436647827064458,0.011436647827064458,0.4177176036546963,0.5815803235621608,0,0.028653936592047166,positive,229
economic_inv,urb,海南,山西,0.01141924851787498,0.01141924851787498,0.4177176036546963,0.5815803235621608,0,0.028653936592047166,positive,230
economic_inv,urb,甘肃,陕西,0.01139646413328058,0.01139646413328058,0.4177176036546963,0.5815803235621608,0,0.028653936592047166,positive,231
economic_inv,urb,福建,陕西,0.011370347565746192,0.011370347565746192,0.4177176036546963,0.5815803235621608,0,0.028653936592047166,positive,232
economic_inv,urb,浙江,江苏,0.01134617209548624,0.01134617209548624,0.4177176036546963,0.5815803235621608,0,0.028653936592047166,positive,233
economic_inv,urb,浙江,重庆,0.011295010776298346,0.011295010776298346,0.4177176036546963,0.5815803235621608,0,0.028653936592047166,positive,234
economic_inv,urb,江西,吉林,0.011181244705880323,0.011181244705880323,0.4177176036546963,0.5815803235621608,0,0.028653936592047166,positive,235
economic_inv,urb,四川,北京,0.011146184540006135,0.011146184540006135,0.4177176036546963,0.5815803235621608,0,0.028653936592047166,positive,236
economic_inv,urb,北京,内蒙古,0.011124437835559983,0.011124437835559983,0.4177176036546963,0.5815803235621608,0,0.028653936592047166,positive,237
economic_inv,urb,云南,内蒙古,0.01109811420870639,0.01109811420870639,0.4177176036546963,0.5815803235621608,0,0.028653936592047166,positive,238
economic_inv,urb,黑龙江,广西,0.011068064198636292,0.011068064198636292,0.4177176036546963,0.5815803235621608,0,0.028653936592047166,positive,239
economic_inv,urb,贵州,海南,0.011049860907498259,0.011049860907498259,0.4177176036546963,0.5815803235621608,0,0.028653936592047166,positive,240
economic_inv,urb,浙江,天津,0.011006266899946765,0.011006266899946765,0.4177176036546963,0.5815803235621608,0,0.028653936592047166,positive,241
economic_inv,urb,河南,内蒙古,0.010997959131003238,0.010997959131003238,0.4177176036546963,0.5815803235621608,0,0.028653936592047166,positive,242
economic_inv,urb,山西,甘肃,0.01099236524449865,0.01099236524449865,0.4177176036546963,0.5815803235621608,0,0.028653936592047166,positive,243
economic_inv,urb,河南,广西,0.010944301091800997,0.010944301091800997,0.4177176036546963,0.5815803235621608,0,0.028653936592047166,positive,244
economic_inv,urb,北京,广西,0.0109316938536582,0.0109316938536582,0.4177176036546963,0.5815803235621608,0,0.028653936592047166,positive,245
economic_inv,urb,江苏,河南,0.010910529853448871,0.010910529853448871,0.4177176036546963,0.5815803235621608,0,0.028653936592047166,positive,246
economic_inv,urb,青海,贵州,0.010772911177661236,0.010772911177661236,0.4177176036546963,0.5815803235621608,0,0.028653936592047166,positive,247
economic_inv,urb,广东,河南,0.010755409920221158,0.010755409920221158,0.4177176036546963,0.5815803235621608,0,0.028653936592047166,positive,248
economic_inv,urb,河南,重庆,0.010740887770777321,0.010740887770777321,0.4177176036546963,0.5815803235621608,0,0.028653936592047166,positive,249
economic_inv,urb,福建,江西,0.010699599427762206,0.010699599427762206,0.4177176036546963,0.5815803235621608,0,0.028653936592047166,positive,250
economic_inv,urb,黑龙江,内蒙古,0.010641446871606565,0.010641446871606565,0.4177176036546963,0.5815803235621608,0,0.028653936592047166,positive,251
economic_inv,urb,辽宁,四川,0.01061868725178946,0.01061868725178946,0.4177176036546963,0.5815803235621608,0,0.028653936592047166,positive,252
economic_inv,urb,海南,吉林,0.010608640008996292,0.010608640008996292,0.4177176036546963,0.5815803235621608,0,0.028653936592047166,positive,253
economic_inv,urb,浙江,云南,0.010519934045032975,0.010519934045032975,0.4177176036546963,0.5815803235621608,0,0.028653936592047166,positive,254
economic_inv,urb,浙江,广东,0.010513836531485687,0.010513836531485687,0.4177176036546963,0.5815803235621608,0,0.028653936592047166,positive,255
economic_inv,urb,陕西,山西,0.010485552210265422,0.010485552210265422,0.4177176036546963,0.5815803235621608,0,0.028653936592047166,positive,256
economic_inv,urb,浙江,黑龙江,0.010481094843328442,0.010481094843328442,0.4177176036546963,0.5815803235621608,0,0.028653936592047166,positive,257
economic_inv,urb,山东,陕西,0.01040305272967209,0.01040305272967209,0.4177176036546963,0.5815803235621608,0,0.028653936592047166,positive,258
economic_inv,urb,河南,天津,0.010386998869193824,0.010386998869193824,0.4177176036546963,0.5815803235621608,0,0.028653936592047166,positive,259
economic_inv,urb,安徽,内蒙古,0.010292586777939811,0.010292586777939811,0.4177176036546963,0.5815803235621608,0,0.028653936592047166,positive,260
economic_inv,urb,山东,江西,0.010278017426045446,0.010278017426045446,0.4177176036546963,0.5815803235621608,0,0.028653936592047166,positive,261
economic_inv,urb,北京,重庆,0.010242821326462032,0.010242821326462032,0.4177176036546963,0.5815803235621608,0,0.028653936592047166,positive,262
economic_inv,urb,江西,北京,0.010184212281248621,0.010184212281248621,0.4177176036546963,0.5815803235621608,0,0.028653936592047166,positive,263
economic_inv,urb,重庆,山西,0.01014959686702095,0.01014959686702095,0.4177176036546963,0.5815803235621608,0,0.028653936592047166,positive,264
economic_inv,urb,安徽,广西,0.010124436533091506,0.010124436533091506,0.4177176036546963,0.5815803235621608,0,0.028653936592047166,positive,265
economic_inv,urb,浙江,吉林,0.010108776938886897,0.010108776938886897,0.4177176036546963,0.5815803235621608,0,0.028653936592047166,positive,266
economic_inv,urb,山东,内蒙古,0.010103858494637333,0.010103858494637333,0.4177176036546963,0.5815803235621608,0,0.028653936592047166,positive,267
economic_inv,urb,山东,广西,0.010082022492225586,0.010082022492225586,0.4177176036546963,0.5815803235621608,0,0.028653936592047166,positive,268
economic_inv,urb,贵州,宁夏,0.010077814163337105,0.010077814163337105,0.4177176036546963,0.5815803235621608,0,0.028653936592047166,positive,269
economic_inv,urb,山东,重庆,0.009998149522535348,0.009998149522535348,0.4177176036546963,0.5815803235621608,0,0.028653936592047166,positive,270
economic_inv,urb,宁夏,贵州,0.009925381202055666,0.009925381202055666,0.4177176036546963,0.5815803235621608,0,0.028653936592047166,positive,271
economic_inv,urb,上海,四川,0.009903138751522482,0.009903138751522482,0.4177176036546963,0.5815803235621608,0,0.028653936592047166,positive,272
economic_inv,urb,浙江,山西,0.00988860350265996,0.00988860350265996,0.4177176036546963,0.5815803235621608,0,0.028653936592047166,positive,273
economic_inv,urb,福建,内蒙古,0.009865015263820266,0.009865015263820266,0.4177176036546963,0.5815803235621608,0,0.028653936592047166,positive,274
economic_inv,urb,山东,天津,0.009847971411229227,0.009847971411229227,0.4177176036546963,0.5815803235621608,0,0.028653936592047166,positive,275
economic_inv,urb,河南,云南,0.009802913415141092,0.009802913415141092,0.4177176036546963,0.5815803235621608,0,0.028653936592047166,positive,276
economic_inv,urb,福建,广西,0.009767632742872265,0.009767632742872265,0.4177176036546963,0.5815803235621608,0,0.028653936592047166,positive,277
economic_inv,urb,河南,黑龙江,0.009756901711835098,0.009756901711835098,0.4177176036546963,0.5815803235621608,0,0.028653936592047166,positive,278
economic_inv,urb,江西,山西,0.00970999289197224,0.00970999289197224,0.4177176036546963,0.5815803235621608,0,0.028653936592047166,positive,279
economic_inv,urb,上海,陕西,0.009590189848352389,0.009590189848352389,0.4177176036546963,0.5815803235621608,0,0.028653936592047166,positive,280
economic_inv,urb,山东,云南,0.009587542746555482,0.009587542746555482,0.4177176036546963,0.5815803235621608,0,0.028653936592047166,positive,281
economic_inv,urb,山东,黑龙江,0.009566327049594352,0.009566327049594352,0.4177176036546963,0.5815803235621608,0,0.028653936592047166,positive,282
economic_inv,urb,福建,河南,0.009545217048202003,0.009545217048202003,0.4177176036546963,0.5815803235621608,0,0.028653936592047166,positive,283
economic_inv,urb,海南,黑龙江,0.009529403421093551,0.009529403421093551,0.4177176036546963,0.5815803235621608,0,0.028653936592047166,positive,284
economic_inv,urb,浙江,贵州,0.009524655472737904,0.009524655472737904,0.4177176036546963,0.5815803235621608,0,0.028653936592047166,positive,285
economic_inv,urb,安徽,重庆,0.009520685743477678,0.009520685743477678,0.4177176036546963,0.5815803235621608,0,0.028653936592047166,positive,286
economic_inv,urb,青海,山西,0.009512378088985045,0.009512378088985045,0.4177176036546963,0.5815803235621608,0,0.028653936592047166,positive,287
economic_inv,urb,江西,安徽,0.009504865323936705,0.009504865323936705,0.4177176036546963,0.5815803235621608,0,0.028653936592047166,positive,288
economic_inv,urb,广西,云南,0.009501535629103941,0.009501535629103941,0.4177176036546963,0.5815803235621608,0,0.028653936592047166,positive,289
economic_inv,urb,贵州,青海,0.00945884774238342,0.00945884774238342,0.4177176036546963,0.5815803235621608,0,0.028653936592047166,positive,290
economic_inv,urb,海南,云南,0.00943320713870306,0.00943320713870306,0.4177176036546963,0.5815803235621608,0,0.028653936592047166,positive,291
economic_inv,urb,福建,重庆,0.009407171298660675,0.009407171298660675,0.4177176036546963,0.5815803235621608,0,0.028653936592047166,positive,292
economic_inv,urb,黑龙江,贵州,0.009406247871667635,0.009406247871667635,0.4177176036546963,0.5815803235621608,0,0.028653936592047166,positive,293
economic_inv,urb,山东,吉林,0.009359708018237859,0.009359708018237859,0.4177176036546963,0.5815803235621608,0,0.028653936592047166,positive,294
economic_inv,urb,内蒙古,云南,0.009345790430550385,0.009345790430550385,0.4177176036546963,0.5815803235621608,0,0.028653936592047166,positive,295
economic_inv,urb,河南,吉林,0.009320477019741615,0.009320477019741615,0.4177176036546963,0.5815803235621608,0,0.028653936592047166,positive,296
economic_inv,urb,安徽,河北,0.009267961360347108,0.009267961360347108,0.4177176036546963,0.5815803235621608,0,0.028653936592047166,positive,297
economic_inv,urb,山东,山西,0.009234690711731022,0.009234690711731022,0.4177176036546963,0.5815803235621608,0,0.028653936592047166,positive,298
economic_inv,urb,陕西,上海,0.009228718481697892,0.009228718481697892,0.4177176036546963,0.5815803235621608,0,0.028653936592047166,positive,299
economic_inv,urb,辽宁,陕西,0.009194281374339381,0.009194281374339381,0.4177176036546963,0.5815803235621608,0,0.028653936592047166,positive,300
economic_inv,urb,北京,天津,0.009182148993542959,0.009182148993542959,0.4177176036546963,0.5815803235621608,0,0.028653936592047166,positive,301
economic_inv,urb,安徽,湖北,0.009177250603938612,0.009177250603938612,0.4177176036546963,0.5815803235621608,0,0.028653936592047166,positive,302
economic_inv,urb,江苏,四川,0.009153588867849302,0.009153588867849302,0.4177176036546963,0.5815803235621608,0,0.028653936592047166,positive,303
economic_inv,urb,广东,四川,0.009112108706379783,0.009112108706379783,0.4177176036546963,0.5815803235621608,0,0.028653936592047166,positive,304
economic_inv,urb,广西,黑龙江,0.00909048230942833,0.00909048230942833,0.4177176036546963,0.5815803235621608,0,0.028653936592047166,positive,305
economic_inv,urb,云南,贵州,0.009068458963647507,0.009068458963647507,0.4177176036546963,0.5815803235621608,0,0.028653936592047166,positive,306
economic_inv,urb,河南,山西,0.00906629210209928,0.00906629210209928,0.4177176036546963,0.5815803235621608,0,0.028653936592047166,positive,307
economic_inv,urb,安徽,湖南,0.009050896993261741,0.009050896993261741,0.4177176036546963,0.5815803235621608,0,0.028653936592047166,positive,308
economic_inv,urb,吉林,甘肃,0.00904244468726575,0.00904244468726575,0.4177176036546963,0.5815803235621608,0,0.028653936592047166,positive,309
economic_inv,urb,山东,贵州,0.009023247142986785,0.009023247142986785,0.4177176036546963,0.5815803235621608,0,0.028653936592047166,positive,310
economic_inv,urb,北京,河北,0.008967011840364341,0.008967011840364341,0.4177176036546963,0.5815803235621608,0,0.028653936592047166,positive,311
economic_inv,urb,浙江,新疆,0.008960095948429208,0.008960095948429208,0.4177176036546963,0.5815803235621608,0,0.028653936592047166,positive,312
economic_inv,urb,内蒙古,黑龙江,0.00895705922204184,0.00895705922204184,0.4177176036546963,0.5815803235621608,0,0.028653936592047166,positive,313
economic_inv,urb,青海,吉林,0.008917612315625446,0.008917612315625446,0.4177176036546963,0.5815803235621608,0,0.028653936592047166,positive,314
economic_inv,urb,江苏,湖南,0.008895706214089681,0.008895706214089681,0.4177176036546963,0.5815803235621608,0,0.028653936592047166,positive,315
economic_inv,urb,北京,湖北,0.008883564942633412,0.008883564942633412,0.4177176036546963,0.5815803235621608,0,0.028653936592047166,positive,316
economic_inv,urb,江苏,湖北,0.008875182445702009,0.008875182445702009,0.4177176036546963,0.5815803235621608,0,0.028653936592047166,positive,317
economic_inv,urb,广东,湖南,0.00886818428412362,0.00886818428412362,0.4177176036546963,0.5815803235621608,0,0.028653936592047166,positive,318
economic_inv,urb,江苏,河北,0.008860849660882346,0.008860849660882346,0.4177176036546963,0.5815803235621608,0,0.028653936592047166,positive,319
economic_inv,urb,广东,湖北,0.008848741118786363,0.008848741118786363,0.4177176036546963,0.5815803235621608,0,0.028653936592047166,positive,320
economic_inv,urb,上海,江西,0.008841909428974433,0.008841909428974433,0.4177176036546963,0.5815803235621608,0,0.028653936592047166,positive,321
economic_inv,urb,广东,河北,0.008835160322527348,0.008835160322527348,0.4177176036546963,0.5815803235621608,0,0.028653936592047166,positive,322
economic_inv,urb,福建,天津,0.008811116819057925,0.008811116819057925,0.4177176036546963,0.5815803235621608,0,0.028653936592047166,positive,323
economic_inv,urb,北京,湖南,0.008767194005914872,0.008767194005914872,0.4177176036546963,0.5815803235621608,0,0.028653936592047166,positive,324
economic_inv,urb,陕西,辽宁,0.00874796386273104,0.00874796386273104,0.4177176036546963,0.5815803235621608,0,0.028653936592047166,positive,325
economic_inv,urb,河南,山东,0.008702895622306797,0.008702895622306797,0.4177176036546963,0.5815803235621608,0,0.028653936592047166,positive,326
economic_inv,urb,宁夏,山西,0.008697422342110064,0.008697422342110064,0.4177176036546963,0.5815803235621608,0,0.028653936592047166,positive,327
economic_inv,urb,山东,新疆,0.008682894355719803,0.008682894355719803,0.4177176036546963,0.5815803235621608,0,0.028653936592047166,positive,328
economic_inv,urb,陕西,贵州,0.00867543651794187,0.00867543651794187,0.4177176036546963,0.5815803235621608,0,0.028653936592047166,positive,329
economic_inv,urb,河南,贵州,0.00865232279574053,0.00865232279574053,0.4177176036546963,0.5815803235621608,0,0.028653936592047166,positive,330
economic_inv,urb,安徽,天津,0.008582505193572875,0.008582505193572875,0.4177176036546963,0.5815803235621608,0,0.028653936592047166,positive,331
economic_inv,urb,辽宁,江西,0.00851148786296602,0.00851148786296602,0.4177176036546963,0.5815803235621608,0,0.028653936592047166,positive,332
economic_inv,urb,云南,江西,0.008441874639417842,0.008441874639417842,0.4177176036546963,0.5815803235621608,0,0.028653936592047166,positive,333
economic_inv,urb,海南,天津,0.008419716024039764,0.008419716024039764,0.4177176036546963,0.5815803235621608,0,0.028653936592047166,positive,334
economic_inv,urb,新疆,北京,0.008411601246898442,0.008411601246898442,0.4177176036546963,0.5815803235621608,0,0.028653936592047166,positive,335
economic_inv,urb,广东,福建,0.008317969603744564,0.008317969603744564,0.4177176036546963,0.5815803235621608,0,0.028653936592047166,positive,336
economic_inv,urb,江苏,福建,0.008316728677978951,0.008316728677978951,0.4177176036546963,0.5815803235621608,0,0.028653936592047166,positive,337
economic_inv,urb,浙江,甘肃,0.008304719519441287,0.008304719519441287,0.4177176036546963,0.5815803235621608,0,0.028653936592047166,positive,338
economic_inv,urb,甘肃,北京,0.00828811716935229,0.00828811716935229,0.4177176036546963,0.5815803235621608,0,0.028653936592047166,positive,339
economic_inv,urb,山东,甘肃,0.008267695345994707,0.008267695345994707,0.4177176036546963,0.5815803235621608,0,0.028653936592047166,positive,340
economic_inv,urb,天津,新疆,0.008201819386476024,0.008201819386476024,0.4177176036546963,0.5815803235621608,0,0.028653936592047166,positive,341
economic_inv,urb,新疆,安徽,0.008195100376505374,0.008195100376505374,0.4177176036546963,0.5815803235621608,0,0.028653936592047166,positive,342
economic_inv,urb,黑龙江,江西,0.008175899744503107,0.008175899744503107,0.4177176036546963,0.5815803235621608,0,0.028653936592047166,positive,343
economic_inv,urb,宁夏,吉林,0.00812448309857784,0.00812448309857784,0.4177176036546963,0.5815803235621608,0,0.028653936592047166,positive,344
economic_inv,urb,甘肃,安徽,0.008110159943890504,0.008110159943890504,0.4177176036546963,0.5815803235621608,0,0.028653936592047166,positive,345
economic_inv,urb,青海,黑龙江,0.008108727159075058,0.008108727159075058,0.4177176036546963,0.5815803235621608,0,0.028653936592047166,positive,346
economic_inv,urb,青海,云南,0.008035663404682848,0.008035663404682848,0.4177176036546963,0.5815803235621608,0,0.028653936592047166,positive,347
economic_inv,urb,河南,新疆,0.008025019995041812,0.008025019995041812,0.4177176036546963,0.5815803235621608,0,0.028653936592047166,positive,348
economic_inv,urb,广东,辽宁,0.007985943958337528,0.007985943958337528,0.4177176036546963,0.5815803235621608,0,0.028653936592047166,positive,349
economic_inv,urb,江苏,辽宁,0.007969159153737316,0.007969159153737316,0.4177176036546963,0.5815803235621608,0,0.028653936592047166,positive,350
economic_inv,urb,上海,内蒙古,0.007952084063508795,0.007952084063508795,0.4177176036546963,0.5815803235621608,0,0.028653936592047166,positive,351
economic_inv,urb,海南,重庆,0.00794754522762506,0.00794754522762506,0.4177176036546963,0.5815803235621608,0,0.028653936592047166,positive,352
economic_inv,urb,广东,上海,0.007927001656486793,0.007927001656486793,0.4177176036546963,0.5815803235621608,0,0.028653936592047166,positive,353
economic_inv,urb,江苏,上海,0.007907599289644232,0.007907599289644232,0.4177176036546963,0.5815803235621608,0,0.028653936592047166,positive,354
economic_inv,urb,福建,云南,0.007905301236342156,0.007905301236342156,0.4177176036546963,0.5815803235621608,0,0.028653936592047166,positive,355
economic_inv,urb,江西,贵州,0.007888882961496308,0.007888882961496308,0.4177176036546963,0.5815803235621608,0,0.028653936592047166,positive,356
economic_inv,urb,山东,海南,0.007860608929931083,0.007860608929931083,0.4177176036546963,0.5815803235621608,0,0.028653936592047166,positive,357
economic_inv,urb,上海,广西,0.007851094155773833,0.007851094155773833,0.4177176036546963,0.5815803235621608,0,0.028653936592047166,positive,358
economic_inv,urb,福建,黑龙江,0.007837728868379383,0.007837728868379383,0.4177176036546963,0.5815803235621608,0,0.028653936592047166,positive,359
economic_inv,urb,重庆,贵州,0.007766293012881226,0.007766293012881226,0.4177176036546963,0.5815803235621608,0,0.028653936592047166,positive,360
economic_inv,urb,山东,宁夏,0.007764116204875058,0.007764116204875058,0.4177176036546963,0.5815803235621608,0,0.028653936592047166,positive,361
economic_inv,urb,安徽,四川,0.007750808317895765,0.007750808317895765,0.4177176036546963,0.5815803235621608,0,0.028653936592047166,positive,362
economic_inv,urb,北京,云南,0.007733867922172546,0.007733867922172546,0.4177176036546963,0.5815803235621608,0,0.028653936592047166,positive,363
economic_inv,urb,海南,广西,0.007711626632997341,0.007711626632997341,0.4177176036546963,0.5815803235621608,0,0.028653936592047166,positive,364
economic_inv,urb,浙江,海南,0.007695136171043195,0.007695136171043195,0.4177176036546963,0.5815803235621608,0,0.028653936592047166,positive,365
economic_inv,urb,山东,青海,0.007693860562667477,0.007693860562667477,0.4177176036546963,0.5815803235621608,0,0.028653936592047166,positive,366
economic_inv,urb,辽宁,内蒙古,0.007692247251546646,0.007692247251546646,0.4177176036546963,0.5815803235621608,0,0.028653936592047166,positive,367
economic_inv,urb,海南,内蒙古,0.007653100468393221,0.007653100468393221,0.4177176036546963,0.5815803235621608,0,0.028653936592047166,positive,368
economic_inv,urb,广东,安徽,0.007647678028284123,0.007647678028284123,0.4177176036546963,0.5815803235621608,0,0.028653936592047166,positive,369
economic_inv,urb,北京,黑龙江,0.007632903499785336,0.007632903499785336,0.4177176036546963,0.5815803235621608,0,0.028653936592047166,positive,370
economic_inv,urb,江苏,安徽,0.0076164504793779855,0.0076164504793779855,0.4177176036546963,0.5815803235621608,0,0.028653936592047166,positive,371
economic_inv,urb,辽宁,广西,0.007598763105713552,0.007598763105713552,0.4177176036546963,0.5815803235621608,0,0.028653936592047166,positive,372
economic_inv,urb,广东,北京,0.007594335164209984,0.007594335164209984,0.4177176036546963,0.5815803235621608,0,0.028653936592047166,positive,373
economic_inv,urb,天津,北京,0.007587085298630482,0.007587085298630482,0.4177176036546963,0.5815803235621608,0,0.028653936592047166,positive,374
economic_inv,urb,江苏,北京,0.007560957884998491,0.007560957884998491,0.4177176036546963,0.5815803235621608,0,0.028653936592047166,positive,375
economic_inv,urb,北京,四川,0.007560592189156359,0.007560592189156359,0.4177176036546963,0.5815803235621608,0,0.028653936592047166,positive,376
economic_inv,urb,浙江,宁夏,0.007555160607142747,0.007555160607142747,0.4177176036546963,0.5815803235621608,0,0.028653936592047166,positive,377
economic_inv,urb,贵州,北京,0.007543714520878449,0.007543714520878449,0.4177176036546963,0.5815803235621608,0,0.028653936592047166,positive,378
economic_inv,urb,上海,重庆,0.007482247704570696,0.007482247704570696,0.4177176036546963,0.5815803235621608,0,0.028653936592047166,positive,379
economic_inv,urb,浙江,青海,0.007454295481042565,0.007454295481042565,0.4177176036546963,0.5815803235621608,0,0.028653936592047166,positive,380
economic_inv,urb,四川,浙江,0.007371855905460681,0.007371855905460681,0.4177176036546963,0.5815803235621608,0,0.028653936592047166,positive,381
economic_inv,urb,山西,海南,0.007354864682542595,0.007354864682542595,0.4177176036546963,0.5815803235621608,0,0.028653936592047166,positive,382
economic_inv,urb,湖南,福建,0.007352223527699883,0.007352223527699883,0.4177176036546963,0.5815803235621608,0,0.028653936592047166,positive,383
economic_inv,urb,宁夏,黑龙江,0.007351819970434077,0.007351819970434077,0.4177176036546963,0.5815803235621608,0,0.028653936592047166,positive,384
economic_inv,urb,四川,陕西,0.0073305407960128745,0.0073305407960128745,0.4177176036546963,0.5815803235621608,0,0.028653936592047166,positive,385
economic_inv,urb,甘肃,上海,0.007321529208351441,0.007321529208351441,0.4177176036546963,0.5815803235621608,0,0.028653936592047166,positive,386
economic_inv,urb,河南,甘肃,0.007318577858132556,0.007318577858132556,0.4177176036546963,0.5815803235621608,0,0.028653936592047166,positive,387
economic_inv,urb,贵州,安徽,0.007315485026371407,0.007315485026371407,0.4177176036546963,0.5815803235621608,0,0.028653936592047166,positive,388
economic_inv,urb,安徽,云南,0.007284408744815275,0.007284408744815275,0.4177176036546963,0.5815803235621608,0,0.028653936592047166,positive,389
economic_inv,urb,宁夏,云南,0.0072823958002314546,0.0072823958002314546,0.4177176036546963,0.5815803235621608,0,0.028653936592047166,positive,390
economic_inv,urb,新疆,上海,0.007257954178223761,0.007257954178223761,0.4177176036546963,0.5815803235621608,0,0.028653936592047166,positive,391
economic_inv,urb,辽宁,重庆,0.007256448551815834,0.007256448551815834,0.4177176036546963,0.5815803235621608,0,0.028653936592047166,positive,392
economic_inv,urb,青海,天津,0.007256049688989895,0.007256049688989895,0.4177176036546963,0.5815803235621608,0,0.028653936592047166,positive,393
economic_inv,urb,云南,陕西,0.007234505048374014,0.007234505048374014,0.4177176036546963,0.5815803235621608,0,0.028653936592047166,positive,394
economic_inv,urb,海南,江西,0.007224155026697338,0.007224155026697338,0.4177176036546963,0.5815803235621608,0,0.028653936592047166,positive,395
economic_inv,urb,福建,吉林,0.007221899775457809,0.007221899775457809,0.4177176036546963,0.5815803235621608,0,0.028653936592047166,positive,396
economic_inv,urb,天津,安徽,0.007219905576581702,0.007219905576581702,0.4177176036546963,0.5815803235621608,0,0.028653936592047166,positive,397
economic_inv,urb,安徽,黑龙江,0.007193169173618592,0.007193169173618592,0.4177176036546963,0.5815803235621608,0,0.028653936592047166,positive,398
economic_inv,urb,甘肃,辽宁,0.007180432258951318,0.007180432258951318,0.4177176036546963,0.5815803235621608,0,0.028653936592047166,positive,399
economic_inv,urb,江西,上海,0.007121675942423676,0.007121675942423676,0.4177176036546963,0.5815803235621608,0,0.028653936592047166,positive,400
economic_inv,urb,新疆,辽宁,0.007094020470045733,0.007094020470045733,0.4177176036546963,0.5815803235621608,0,0.028653936592047166,positive,401
economic_inv,urb,黑龙江,陕西,0.007038741284159413,0.007038741284159413,0.4177176036546963,0.5815803235621608,0,0.028653936592047166,positive,402
economic_inv,urb,四川,江西,0.007028365125598124,0.007028365125598124,0.4177176036546963,0.5815803235621608,0,0.028653936592047166,positive,403
economic_inv,urb,广东,陕西,0.006988436605172593,0.006988436605172593,0.4177176036546963,0.5815803235621608,0,0.028653936592047166,positive,404
economic_inv,urb,海南,陕西,0.006952439041333354,0.006952439041333354,0.4177176036546963,0.5815803235621608,0,0.028653936592047166,positive,405
economic_inv,urb,江苏,陕西,0.0069330712679565,0.0069330712679565,0.4177176036546963,0.5815803235621608,0,0.028653936592047166,positive,406
economic_inv,urb,广东,江西,0.006919106198888243,0.006919106198888243,0.4177176036546963,0.5815803235621608,0,0.028653936592047166,positive,407
economic_inv,urb,上海,天津,0.006888973534411886,0.006888973534411886,0.4177176036546963,0.5815803235621608,0,0.028653936592047166,positive,408
economic_inv,urb,青海,重庆,0.006886589643589741,0.006886589643589741,0.4177176036546963,0.5815803235621608,0,0.028653936592047166,positive,409
economic_inv,urb,福建,山西,0.006882926258696656,0.006882926258696656,0.4177176036546963,0.5815803235621608,0,0.028653936592047166,positive,410
economic_inv,urb,江苏,江西,0.006861508422996208,0.006861508422996208,0.4177176036546963,0.5815803235621608,0,0.028653936592047166,positive,411
economic_inv,urb,陕西,福建,0.006836204346236795,0.006836204346236795,0.4177176036546963,0.5815803235621608,0,0.028653936592047166,positive,412
economic_inv,urb,广东,内蒙古,0.006822045157202863,0.006822045157202863,0.4177176036546963,0.5815803235621608,0,0.028653936592047166,positive,413
economic_inv,urb,广东,广西,0.00680983501809404,0.00680983501809404,0.4177176036546963,0.5815803235621608,0,0.028653936592047166,positive,414
economic_inv,urb,山西,宁夏,0.0067879099438043055,0.0067879099438043055,0.4177176036546963,0.5815803235621608,0,0.028653936592047166,positive,415
economic_inv,urb,江西,辽宁,0.006778235077517837,0.006778235077517837,0.4177176036546963,0.5815803235621608,0,0.028653936592047166,positive,416
economic_inv,urb,广东,重庆,0.006762850763558533,0.006762850763558533,0.4177176036546963,0.5815803235621608,0,0.028653936592047166,positive,417
economic_inv,urb,江苏,内蒙古,0.006761419399734337,0.006761419399734337,0.4177176036546963,0.5815803235621608,0,0.028653936592047166,positive,418
economic_inv,urb,北京,吉林,0.006753373936761935,0.006753373936761935,0.4177176036546963,0.5815803235621608,0,0.028653936592047166,positive,419
economic_inv,urb,河南,江苏,0.006748841404774223,0.006748841404774223,0.4177176036546963,0.5815803235621608,0,0.028653936592047166,positive,420
economic_inv,urb,江苏,广西,0.006748836381685229,0.006748836381685229,0.4177176036546963,0.5815803235621608,0,0.028653936592047166,positive,421
economic_inv,urb,辽宁,天津,0.006702929456164407,0.006702929456164407,0.4177176036546963,0.5815803235621608,0,0.028653936592047166,positive,422
economic_inv,urb,青海,广西,0.006700472174343527,0.006700472174343527,0.4177176036546963,0.5815803235621608,0,0.028653936592047166,positive,423
economic_inv,urb,江苏,重庆,0.006700434037562179,0.006700434037562179,0.4177176036546963,0.5815803235621608,0,0.028653936592047166,positive,424
economic_inv,urb,陕西,新疆,0.006696416619695724,0.006696416619695724,0.4177176036546963,0.5815803235621608,0,0.028653936592047166,positive,425
economic_inv,urb,河南,海南,0.0066815662054702804,0.0066815662054702804,0.4177176036546963,0.5815803235621608,0,0.028653936592047166,positive,426
economic_inv,urb,广东,天津,0.006678386538306264,0.006678386538306264,0.4177176036546963,0.5815803235621608,0,0.028653936592047166,positive,427
economic_inv,urb,青海,内蒙古,0.006654142577507751,0.006654142577507751,0.4177176036546963,0.5815803235621608,0,0.028653936592047166,positive,428
economic_inv,urb,四川,内蒙古,0.006636063033079868,0.006636063033079868,0.4177176036546963,0.5815803235621608,0,0.028653936592047166,positive,429
economic_inv,urb,江苏,天津,0.006613487254677604,0.006613487254677604,0.4177176036546963,0.5815803235621608,0,0.028653936592047166,positive,430
economic_inv,urb,四川,广西,0.006589054308678792,0.006589054308678792,0.4177176036546963,0.5815803235621608,0,0.028653936592047166,positive,431
economic_inv,urb,宁夏,天津,0.006545374163579483,0.006545374163579483,0.4177176036546963,0.5815803235621608,0,0.028653936592047166,positive,432
economic_inv,urb,河南,宁夏,0.00653793083456057,0.00653793083456057,0.4177176036546963,0.5815803235621608,0,0.028653936592047166,positive,433
economic_inv,urb,广东,云南,0.006530880700200013,0.006530880700200013,0.4177176036546963,0.5815803235621608,0,0.028653936592047166,positive,434
economic_inv,urb,广东,黑龙江,0.006518806015769046,0.006518806015769046,0.4177176036546963,0.5815803235621608,0,0.028653936592047166,positive,435
economic_inv,urb,甘肃,福建,0.006507226382840129,0.006507226382840129,0.4177176036546963,0.5815803235621608,0,0.028653936592047166,positive,436
economic_inv,urb,山西,北京,0.006483670721288721,0.006483670721288721,0.4177176036546963,0.5815803235621608,0,0.028653936592047166,positive,437
economic_inv,urb,江苏,云南,0.006461851364423396,0.006461851364423396,0.4177176036546963,0.5815803235621608,0,0.028653936592047166,positive,438
economic_inv,urb,江苏,黑龙江,0.006449450149083094,0.006449450149083094,0.4177176036546963,0.5815803235621608,0,0.028653936592047166,positive,439
economic_inv,urb,河南,青海,0.00643502689391568,0.00643502689391568,0.4177176036546963,0.5815803235621608,0,0.028653936592047166,positive,440
economic_inv,urb,山西,青海,0.006419787039211724,0.006419787039211724,0.4177176036546963,0.5815803235621608,0,0.028653936592047166,positive,441
economic_inv,urb,四川,重庆,0.006412723976495477,0.006412723976495477,0.4177176036546963,0.5815803235621608,0,0.028653936592047166,positive,442
economic_inv,urb,广东,吉林,0.006400748715716367,0.006400748715716367,0.4177176036546963,0.5815803235621608,0,0.028653936592047166,positive,443
economic_inv,urb,安徽,吉林,0.006394194846264441,0.006394194846264441,0.4177176036546963,0.5815803235621608,0,0.028653936592047166,positive,444
economic_inv,urb,河北,福建,0.00637184342507145,0.00637184342507145,0.4177176036546963,0.5815803235621608,0,0.028653936592047166,positive,445
economic_inv,urb,吉林,北京,0.006371836845631811,0.006371836845631811,0.4177176036546963,0.5815803235621608,0,0.028653936592047166,positive,446
economic_inv,urb,福建,贵州,0.006359271037622162,0.006359271037622162,0.4177176036546963,0.5815803235621608,0,0.028653936592047166,positive,447
economic_inv,urb,重庆,北京,0.006356076209506832,0.006356076209506832,0.4177176036546963,0.5815803235621608,0,0.028653936592047166,positive,448
economic_inv,urb,贵州,上海,0.006351490954659769,0.006351490954659769,0.4177176036546963,0.5815803235621608,0,0.028653936592047166,positive,449
economic_inv,urb,广西,吉林,0.006349959838481522,0.006349959838481522,0.4177176036546963,0.5815803235621608,0,0.028653936592047166,positive,450
economic_inv,urb,河南,广东,0.0063410581305416444,0.0063410581305416444,0.4177176036546963,0.5815803235621608,0,0.028653936592047166,positive,451
economic_inv,urb,内蒙古,吉林,0.006330319547512705,0.006330319547512705,0.4177176036546963,0.5815803235621608,0,0.028653936592047166,positive,452
economic_inv,urb,广东,山西,0.006328907082799997,0.006328907082799997,0.4177176036546963,0.5815803235621608,0,0.028653936592047166,positive,453
economic_inv,urb,江苏,吉林,0.006328292220355263,0.006328292220355263,0.4177176036546963,0.5815803235621608,0,0.028653936592047166,positive,454
economic_inv,urb,新疆,福建,0.00632687227875768,0.00632687227875768,0.4177176036546963,0.5815803235621608,0,0.028653936592047166,positive,455
economic_inv,urb,青海,江西,0.006312654113720304,0.006312654113720304,0.4177176036546963,0.5815803235621608,0,0.028653936592047166,positive,456
economic_inv,urb,北京,山西,0.006298471244554893,0.006298471244554893,0.4177176036546963,0.5815803235621608,0,0.028653936592047166,positive,457
economic_inv,urb,山西,安徽,0.006265112639746126,0.006265112639746126,0.4177176036546963,0.5815803235621608,0,0.028653936592047166,positive,458
economic_inv,urb,吉林,海南,0.006262603614574895,0.006262603614574895,0.4177176036546963,0.5815803235621608,0,0.028653936592047166,positive,459
economic_inv,urb,江苏,山西,0.00625464531153345,0.00625464531153345,0.4177176036546963,0.5815803235621608,0,0.028653936592047166,positive,460
economic_inv,urb,广东,贵州,0.006206690731583964,0.006206690731583964,0.4177176036546963,0.5815803235621608,0,0.028653936592047166,positive,461
economic_inv,urb,宁夏,重庆,0.006198480219701889,0.006198480219701889,0.4177176036546963,0.5815803235621608,0,0.028653936592047166,positive,462
economic_inv,urb,贵州,辽宁,0.006186744464533727,0.006186744464533727,0.4177176036546963,0.5815803235621608,0,0.028653936592047166,positive,463
economic_inv,urb,吉林,安徽,0.0061420949711471365,0.0061420949711471365,0.4177176036546963,0.5815803235621608,0,0.028653936592047166,positive,464
economic_inv,urb,江苏,贵州,0.006129499363525264,0.006129499363525264,0.4177176036546963,0.5815803235621608,0,0.028653936592047166,positive,465
economic_inv,urb,四川,天津,0.006112853686208288,0.006112853686208288,0.4177176036546963,0.5815803235621608,0,0.028653936592047166,positive,466
economic_inv,urb,青海,陕西,0.006094562082566091,0.006094562082566091,0.4177176036546963,0.5815803235621608,0,0.028653936592047166,positive,467
economic_inv,urb,上海,云南,0.006025044486116314,0.006025044486116314,0.4177176036546963,0.5815803235621608,0,0.028653936592047166,positive,468
economic_inv,urb,宁夏,广西,0.006024306043164352,0.006024306043164352,0.4177176036546963,0.5815803235621608,0,0.028653936592047166,positive,469
economic_inv,urb,重庆,安徽,0.006014846392517853,0.006014846392517853,0.4177176036546963,0.5815803235621608,0,0.028653936592047166,positive,470
economic_inv,urb,广东,新疆,0.006008068375386229,0.006008068375386229,0.4177176036546963,0.5815803235621608,0,0.028653936592047166,positive,471
economic_inv,urb,宁夏,内蒙古,0.00598100917331351,0.00598100917331351,0.4177176036546963,0.5815803235621608,0,0.028653936592047166,positive,472
economic_inv,urb,安徽,山西,0.00597800497316083,0.00597800497316083,0.4177176036546963,0.5815803235621608,0,0.028653936592047166,positive,473
economic_inv,urb,江西,新疆,0.005971551824250493,0.005971551824250493,0.4177176036546963,0.5815803235621608,0,0.028653936592047166,positive,474
economic_inv,urb,上海,黑龙江,0.00596233831978703,0.00596233831978703,0.4177176036546963,0.5815803235621608,0,0.028653936592047166,positive,475
economic_inv,urb,福建,浙江,0.005959224811057859,0.005959224811057859,0.4177176036546963,0.5815803235621608,0,0.028653936592047166,positive,476
economic_inv,urb,江苏,新疆,0.005926495305521011,0.005926495305521011,0.4177176036546963,0.5815803235621608,0,0.028653936592047166,positive,477
economic_inv,urb,辽宁,云南,0.005890385826058406,0.005890385826058406,0.4177176036546963,0.5815803235621608,0,0.028653936592047166,positive,478
economic_inv,urb,辽宁,黑龙江,0.005831106522779865,0.005831106522779865,0.4177176036546963,0.5815803235621608,0,0.028653936592047166,positive,479
economic_inv,urb,吉林,宁夏,0.005811647991176665,0.005811647991176665,0.4177176036546963,0.5815803235621608,0,0.028653936592047166,positive,480
economic_inv,urb,天津,上海,0.005809472254826756,0.005809472254826756,0.4177176036546963,0.5815803235621608,0,0.028653936592047166,positive,481
economic_inv,urb,广东,甘肃,0.005762547769394093,0.005762547769394093,0.4177176036546963,0.5815803235621608,0,0.028653936592047166,positive,482
economic_inv,urb,天津,甘肃,0.005757737174755888,0.005757737174755888,0.4177176036546963,0.5815803235621608,0,0.028653936592047166,positive,483
economic_inv,urb,甘肃,河北,0.005748411137744215,0.005748411137744215,0.4177176036546963,0.5815803235621608,0,0.028653936592047166,positive,484
economic_inv,urb,甘肃,湖北,0.0057319124262230235,0.0057319124262230235,0.4177176036546963,0.5815803235621608,0,0.028653936592047166,positive,485
economic_inv,urb,甘肃,湖南,0.005708542952053793,0.005708542952053793,0.4177176036546963,0.5815803235621608,0,0.028653936592047166,positive,486
economic_inv,urb,江苏,甘肃,0.005676205472633767,0.005676205472633767,0.4177176036546963,0.5815803235621608,0,0.028653936592047166,positive,487
economic_inv,urb,宁夏,江西,0.0056626064435237105,0.0056626064435237105,0.4177176036546963,0.5815803235621608,0,0.028653936592047166,positive,488
economic_inv,urb,四川,云南,0.0056362315793492225,0.0056362315793492225,0.4177176036546963,0.5815803235621608,0,0.028653936592047166,positive,489
economic_inv,urb,北京,贵州,0.0056328191429664345,0.0056328191429664345,0.4177176036546963,0.5815803235621608,0,0.028653936592047166,positive,490
economic_inv,urb,福建,新疆,0.005626447722333947,0.005626447722333947,0.4177176036546963,0.5815803235621608,0,0.028653936592047166,positive,491
economic_inv,urb,四川,黑龙江,0.005599616620590368,0.005599616620590368,0.4177176036546963,0.5815803235621608,0,0.028653936592047166,positive,492
economic_inv,urb,天津,辽宁,0.005588841725171522,0.005588841725171522,0.4177176036546963,0.5815803235621608,0,0.028653936592047166,positive,493
economic_inv,urb,黑龙江,新疆,0.005564271986116627,0.005564271986116627,0.4177176036546963,0.5815803235621608,0,0.028653936592047166,positive,494
economic_inv,urb,重庆,新疆,0.005539448768321336,0.005539448768321336,0.4177176036546963,0.5815803235621608,0,0.028653936592047166,positive,495
economic_inv,urb,广东,海南,0.005518318089711323,0.005518318089711323,0.4177176036546963,0.5815803235621608,0,0.028653936592047166,positive,496
economic_inv,urb,吉林,青海,0.005516176520608987,0.005516176520608987,0.4177176036546963,0.5815803235621608,0,0.028653936592047166,positive,497
economic_inv,urb,新疆,河北,0.005490850879344783,0.005490850879344783,0.4177176036546963,0.5815803235621608,0,0.028653936592047166,positive,498
economic_inv,urb,新疆,湖北,0.005472999815182996,0.005472999815182996,0.4177176036546963,0.5815803235621608,0,0.028653936592047166,positive,499
economic_inv,urb,宁夏,陕西,0.0054599302380124596,0.0054599302380124596,0.4177176036546963,0.5815803235621608,0,0.028653936592047166,positive,500
economic_inv,urb,广东,宁夏,0.005459910428240239,0.005459910428240239,0.4177176036546963,0.5815803235621608,0,0.028653936592047166,positive,501
economic_inv,urb,新疆,湖南,0.005447738140026184,0.005447738140026184,0.4177176036546963,0.5815803235621608,0,0.028653936592047166,positive,502
economic_inv,urb,云南,新疆,0.005443296710925666,0.005443296710925666,0.4177176036546963,0.5815803235621608,0,0.028653936592047166,positive,503
economic_inv,urb,甘肃,四川,0.005438413147579375,0.005438413147579375,0.4177176036546963,0.5815803235621608,0,0.028653936592047166,positive,504
economic_inv,urb,贵州,福建,0.00543056991911561,0.00543056991911561,0.4177176036546963,0.5815803235621608,0,0.028653936592047166,positive,505
economic_inv,urb,江苏,海南,0.005427938575518145,0.005427938575518145,0.4177176036546963,0.5815803235621608,0,0.028653936592047166,positive,506
economic_inv,urb,广东,青海,0.005417258257065369,0.005417258257065369,0.4177176036546963,0.5815803235621608,0,0.028653936592047166,positive,507
economic_inv,urb,上海,吉林,0.005401517872056244,0.005401517872056244,0.4177176036546963,0.5815803235621608,0,0.028653936592047166,positive,508
economic_inv,urb,江西,福建,0.0053843188129157485,0.0053843188129157485,0.4177176036546963,0.5815803235621608,0,0.028653936592047166,positive,509
economic_inv,urb,江苏,宁夏,0.005368669550839556,0.005368669550839556,0.4177176036546963,0.5815803235621608,0,0.028653936592047166,positive,510
economic_inv,urb,安徽,贵州,0.005365335404592632,0.005365335404592632,0.4177176036546963,0.5815803235621608,0,0.028653936592047166,positive,511
economic_inv,urb,山西,上海,0.0053588935524393096,0.0053588935524393096,0.4177176036546963,0.5815803235621608,0,0.028653936592047166,positive,512
economic_inv,urb,海南,北京,0.005350179416672043,0.005350179416672043,0.4177176036546963,0.5815803235621608,0,0.028653936592047166,positive,513
economic_inv,urb,内蒙古,山西,0.005347401961575081,0.005347401961575081,0.4177176036546963,0.5815803235621608,0,0.028653936592047166,positive,514
economic_inv,urb,广西,山西,0.005340769737694104,0.005340769737694104,0.4177176036546963,0.5815803235621608,0,0.028653936592047166,positive,515
economic_inv,urb,江苏,青海,0.005325413713423563,0.005325413713423563,0.4177176036546963,0.5815803235621608,0,0.028653936592047166,positive,516
economic_inv,urb,辽宁,吉林,0.005299097176242869,0.005299097176242869,0.4177176036546963,0.5815803235621608,0,0.028653936592047166,positive,517
economic_inv,urb,湖北,福建,0.0052724773074214635,0.0052724773074214635,0.4177176036546963,0.5815803235621608,0,0.028653936592047166,positive,518
economic_inv,urb,四川,吉林,0.005258804687997479,0.005258804687997479,0.4177176036546963,0.5815803235621608,0,0.028653936592047166,positive,519
economic_inv,urb,海南,安徽,0.0052527898198966,0.0052527898198966,0.4177176036546963,0.5815803235621608,0,0.028653936592047166,positive,520
economic_inv,urb,陕西,河北,0.005227684095945322,0.005227684095945322,0.4177176036546963,0.5815803235621608,0,0.028653936592047166,positive,521
economic_inv,urb,山西,辽宁,0.0052067022547839705,0.0052067022547839705,0.4177176036546963,0.5815803235621608,0,0.028653936592047166,positive,522
economic_inv,urb,吉林,上海,0.00520129158830178,0.00520129158830178,0.4177176036546963,0.5815803235621608,0,0.028653936592047166,positive,523
economic_inv,urb,陕西,湖北,0.005197497362137294,0.005197497362137294,0.4177176036546963,0.5815803235621608,0,0.028653936592047166,positive,524
economic_inv,urb,新疆,四川,0.005157707213024763,0.005157707213024763,0.4177176036546963,0.5815803235621608,0,0.028653936592047166,positive,525
economic_inv,urb,陕西,湖南,0.005155039293965383,0.005155039293965383,0.4177176036546963,0.5815803235621608,0,0.028653936592047166,positive,526
economic_inv,urb,陕西,甘肃,0.005136417022079677,0.005136417022079677,0.4177176036546963,0.5815803235621608,0,0.028653936592047166,positive,527
economic_inv,urb,上海,山西,0.005100794137024938,0.005100794137024938,0.4177176036546963,0.5815803235621608,0,0.028653936592047166,positive,528
economic_inv,urb,辽宁,河南,0.005096649897817213,0.005096649897817213,0.4177176036546963,0.5815803235621608,0,0.028653936592047166,positive,529
economic_inv,urb,四川,山西,0.005065560392844769,0.005065560392844769,0.4177176036546963,0.5815803235621608,0,0.028653936592047166,positive,530
economic_inv,urb,吉林,辽宁,0.005045128869305686,0.005045128869305686,0.4177176036546963,0.5815803235621608,0,0.028653936592047166,positive,531
economic_inv,urb,辽宁,山西,0.005012454146222524,0.005012454146222524,0.4177176036546963,0.5815803235621608,0,0.028653936592047166,positive,532
economic_inv,urb,上海,河南,0.00489774785636529,0.00489774785636529,0.4177176036546963,0.5815803235621608,0,0.028653936592047166,positive,533
economic_inv,urb,福建,甘肃,0.004878033388595606,0.004878033388595606,0.4177176036546963,0.5815803235621608,0,0.028653936592047166,positive,534
economic_inv,urb,海南,上海,0.0048132531801466545,0.0048132531801466545,0.4177176036546963,0.5815803235621608,0,0.028653936592047166,positive,535
economic_inv,urb,青海,北京,0.00477973644352742,0.00477973644352742,0.4177176036546963,0.5815803235621608,0,0.028653936592047166,positive,536
economic_inv,urb,北京,新疆,0.0047698259712614125,0.0047698259712614125,0.4177176036546963,0.5815803235621608,0,0.028653936592047166,positive,537
economic_inv,urb,四川,贵州,0.004758772395363587,0.004758772395363587,0.4177176036546963,0.5815803235621608,0,0.028653936592047166,positive,538
economic_inv,urb,重庆,上海,0.004738633439971999,0.004738633439971999,0.4177176036546963,0.5815803235621608,0,0.028653936592047166,positive,539
economic_inv,urb,海南,辽宁,0.004733217384630848,0.004733217384630848,0.4177176036546963,0.5815803235621608,0,0.028653936592047166,positive,540
economic_inv,urb,青海,安徽,0.0046981940502221235,0.0046981940502221235,0.4177176036546963,0.5815803235621608,0,0.028653936592047166,positive,541
economic_inv,urb,陕西,四川,0.004688438875626887,0.004688438875626887,0.4177176036546963,0.5815803235621608,0,0.028653936592047166,positive,542
economic_inv,urb,上海,贵州,0.004646914820950168,0.004646914820950168,0.4177176036546963,0.5815803235621608,0,0.028653936592047166,positive,543
economic_inv,urb,天津,福建,0.00464237508745487,0.00464237508745487,0.4177176036546963,0.5815803235621608,0,0.028653936592047166,positive,544
economic_inv,urb,贵州,河北,0.004633243871541946,0.004633243871541946,0.4177176036546963,0.5815803235621608,0,0.028653936592047166,positive,545
economic_inv,urb,贵州,湖北,0.0046165131385162185,0.0046165131385162185,0.4177176036546963,0.5815803235621608,0,0.028653936592047166,positive,546
economic_inv,urb,贵州,湖南,0.004592857523530944,0.004592857523530944,0.4177176036546963,0.5815803235621608,0,0.028653936592047166,positive,547
economic_inv,urb,辽宁,贵州,0.004578004445083622,0.004578004445083622,0.4177176036546963,0.5815803235621608,0,0.028653936592047166,positive,548
economic_inv,urb,安徽,新疆,0.004564480150554881,0.004564480150554881,0.4177176036546963,0.5815803235621608,0,0.028653936592047166,positive,549
economic_inv,urb,重庆,辽宁,0.004543809863235888,0.004543809863235888,0.4177176036546963,0.5815803235621608,0,0.028653936592047166,positive,550
economic_inv,urb,山西,福建,0.004517909769902646,0.004517909769902646,0.4177176036546963,0.5815803235621608,0,0.028653936592047166,positive,551
economic_inv,urb,江西,甘肃,0.004511653181899916,0.004511653181899916,0.4177176036546963,0.5815803235621608,0,0.028653936592047166,positive,552
economic_inv,urb,湖南,辽宁,0.004402231736876369,0.004402231736876369,0.4177176036546963,0.5815803235621608,0,0.028653936592047166,positive,553
economic_inv,urb,天津,海南,0.004352907492188526,0.004352907492188526,0.4177176036546963,0.5815803235621608,0,0.028653936592047166,positive,554
economic_inv,urb,海南,福建,0.00434533096290971,0.00434533096290971,0.4177176036546963,0.5815803235621608,0,0.028653936592047166,positive,555
economic_inv,urb,吉林,福建,0.004344841551742643,0.004344841551742643,0.4177176036546963,0.5815803235621608,0,0.028653936592047166,positive,556
economic_inv,urb,青海,上海,0.004327804053499812,0.004327804053499812,0.4177176036546963,0.5815803235621608,0,0.028653936592047166,positive,557
economic_inv,urb,贵州,四川,0.004322987258413795,0.004322987258413795,0.4177176036546963,0.5815803235621608,0,0.028653936592047166,positive,558
economic_inv,urb,四川,新疆,0.004311724047612704,0.004311724047612704,0.4177176036546963,0.5815803235621608,0,0.028653936592047166,positive,559
economic_inv,urb,安徽,河南,0.004311023054864632,0.004311023054864632,0.4177176036546963,0.5815803235621608,0,0.028653936592047166,positive,560
economic_inv,urb,甘肃,河南,0.004306441774562043,0.004306441774562043,0.4177176036546963,0.5815803235621608,0,0.028653936592047166,positive,561
economic_inv,urb,北京,河南,0.004284854702216058,0.004284854702216058,0.4177176036546963,0.5815803235621608,0,0.028653936592047166,positive,562
economic_inv,urb,福建,海南,0.004263787832860505,0.004263787832860505,0.4177176036546963,0.5815803235621608,0,0.028653936592047166,positive,563
economic_inv,urb,青海,辽宁,0.0042599377328678256,0.0042599377328678256,0.4177176036546963,0.5815803235621608,0,0.028653936592047166,positive,564
economic_inv,urb,宁夏,北京,0.004249020822255322,0.004249020822255322,0.4177176036546963,0.5815803235621608,0,0.028653936592047166,positive,565
economic_inv,urb,内蒙古,贵州,0.00420259388037432,0.00420259388037432,0.4177176036546963,0.5815803235621608,0,0.028653936592047166,positive,566
economic_inv,urb,广西,贵州,0.004176322485554757,0.004176322485554757,0.4177176036546963,0.5815803235621608,0,0.028653936592047166,positive,567
economic_inv,urb,江西,河北,0.004175374254799157,0.004175374254799157,0.4177176036546963,0.5815803235621608,0,0.028653936592047166,positive,568
economic_inv,urb,宁夏,安徽,0.004174537376303435,0.004174537376303435,0.4177176036546963,0.5815803235621608,0,0.028653936592047166,positive,569
economic_inv,urb,江西,湖北,0.00415236084054696,0.00415236084054696,0.4177176036546963,0.5815803235621608,0,0.028653936592047166,positive,570
economic_inv,urb,福建,宁夏,0.004132445481793378,0.004132445481793378,0.4177176036546963,0.5815803235621608,0,0.028653936592047166,positive,571
economic_inv,urb,江西,湖南,0.004119971558263204,0.004119971558263204,0.4177176036546963,0.5815803235621608,0,0.028653936592047166,positive,572
economic_inv,urb,陕西,海南,0.0041015802315076955,0.0041015802315076955,0.4177176036546963,0.5815803235621608,0,0.028653936592047166,positive,573
economic_inv,urb,天津,宁夏,0.00410038674914905,0.00410038674914905,0.4177176036546963,0.5815803235621608,0,0.028653936592047166,positive,574
economic_inv,urb,内蒙古,北京,0.004097245539951253,0.004097245539951253,0.4177176036546963,0.5815803235621608,0,0.028653936592047166,positive,575
economic_inv,urb,湖南,上海,0.004096081541184542,0.004096081541184542,0.4177176036546963,0.5815803235621608,0,0.028653936592047166,positive,576
economic_inv,urb,福建,青海,0.00403987435001946,0.00403987435001946,0.4177176036546963,0.5815803235621608,0,0.028653936592047166,positive,577
economic_inv,urb,上海,新疆,0.004032612990576054,0.004032612990576054,0.4177176036546963,0.5815803235621608,0,0.028653936592047166,positive,578
economic_inv,urb,重庆,甘肃,0.004009003277669816,0.004009003277669816,0.4177176036546963,0.5815803235621608,0,0.028653936592047166,positive,579
economic_inv,urb,辽宁,新疆,0.003986481599009414,0.003986481599009414,0.4177176036546963,0.5815803235621608,0,0.028653936592047166,positive,580
economic_inv,urb,新疆,河南,0.0039805367473105,0.0039805367473105,0.4177176036546963,0.5815803235621608,0,0.028653936592047166,positive,581
economic_inv,urb,北京,甘肃,0.003961716291821926,0.003961716291821926,0.4177176036546963,0.5815803235621608,0,0.028653936592047166,positive,582
economic_inv,urb,天津,青海,0.003930760626960515,0.003930760626960515,0.4177176036546963,0.5815803235621608,0,0.028653936592047166,positive,583
economic_inv,urb,青海,福建,0.003929169609768438,0.003929169609768438,0.4177176036546963,0.5815803235621608,0,0.028653936592047166,positive,584
economic_inv,urb,广西,北京,0.003928727168533682,0.003928727168533682,0.4177176036546963,0.5815803235621608,0,0.028653936592047166,positive,585
economic_inv,urb,陕西,宁夏,0.0039030980849901566,0.0039030980849901566,0.4177176036546963,0.5815803235621608,0,0.028653936592047166,positive,586
economic_inv,urb,海南,河北,0.003895822192266076,0.003895822192266076,0.4177176036546963,0.5815803235621608,0,0.028653936592047166,positive,587
economic_inv,urb,海南,湖北,0.003885899780258354,0.003885899780258354,0.4177176036546963,0.5815803235621608,0,0.028653936592047166,positive,588
economic_inv,urb,海南,湖南,0.0038718342423327344,0.0038718342423327344,0.4177176036546963,0.5815803235621608,0,0.028653936592047166,positive,589
economic_inv,urb,内蒙古,安徽,0.0038594486471426755,0.0038594486471426755,0.4177176036546963,0.5815803235621608,0,0.028653936592047166,positive,590
economic_inv,urb,宁夏,上海,0.003837105006793669,0.003837105006793669,0.4177176036546963,0.5815803235621608,0,0.028653936592047166,positive,591
economic_inv,urb,四川,甘肃,0.0038323935656378824,0.0038323935656378824,0.4177176036546963,0.5815803235621608,0,0.028653936592047166,positive,592
economic_inv,urb,山西,河北,0.003808536670829217,0.003808536670829217,0.4177176036546963,0.5815803235621608,0,0.028653936592047166,positive,593
economic_inv,urb,安徽,甘肃,0.0038077646420402672,0.0038077646420402672,0.4177176036546963,0.5815803235621608,0,0.028653936592047166,positive,594
economic_inv,urb,山西,湖北,0.00379383300165184,0.00379383300165184,0.4177176036546963,0.5815803235621608,0,0.028653936592047166,positive,595
economic_inv,urb,宁夏,辽宁,0.0037754358181586595,0.0037754358181586595,0.4177176036546963,0.5815803235621608,0,0.028653936592047166,positive,596
economic_inv,urb,山西,湖南,0.0037730560276613635,0.0037730560276613635,0.4177176036546963,0.5815803235621608,0,0.028653936592047166,positive,597
economic_inv,urb,陕西,青海,0.0037674793668986367,0.0037674793668986367,0.4177176036546963,0.5815803235621608,0,0.028653936592047166,positive,598
economic_inv,urb,江西,四川,0.0037624307135471027,0.0037624307135471027,0.4177176036546963,0.5815803235621608,0,0.028653936592047166,positive,599
economic_inv,urb,天津,河北,0.0037485746216773005,0.0037485746216773005,0.4177176036546963,0.5815803235621608,0,0.028653936592047166,positive,600
economic_inv,urb,天津,湖北,0.003730844250818704,0.003730844250818704,0.4177176036546963,0.5815803235621608,0,0.028653936592047166,positive,601
economic_inv,urb,河北,辽宁,0.0037256872272208833,0.0037256872272208833,0.4177176036546963,0.5815803235621608,0,0.028653936592047166,positive,602
economic_inv,urb,重庆,福建,0.003722264133927341,0.003722264133927341,0.4177176036546963,0.5815803235621608,0,0.028653936592047166,positive,603
economic_inv,urb,海南,四川,0.0037083065559386785,0.0037083065559386785,0.4177176036546963,0.5815803235621608,0,0.028653936592047166,positive,604
economic_inv,urb,天津,湖南,0.003705843091558166,0.003705843091558166,0.4177176036546963,0.5815803235621608,0,0.028653936592047166,positive,605
economic_inv,urb,广西,安徽,0.003704435893602663,0.003704435893602663,0.4177176036546963,0.5815803235621608,0,0.028653936592047166,positive,606
economic_inv,urb,吉林,河北,0.003634537806496105,0.003634537806496105,0.4177176036546963,0.5815803235621608,0,0.028653936592047166,positive,607
economic_inv,urb,吉林,湖北,0.0036199301448079785,0.0036199301448079785,0.4177176036546963,0.5815803235621608,0,0.028653936592047166,positive,608
economic_inv,urb,黑龙江,甘肃,0.003604257118718676,0.003604257118718676,0.4177176036546963,0.5815803235621608,0,0.028653936592047166,positive,609
economic_inv,urb,吉林,湖南,0.0035992967529293453,0.0035992967529293453,0.4177176036546963,0.5815803235621608,0,0.028653936592047166,positive,610
economic_inv,urb,甘肃,浙江,0.0035782136216918003,0.0035782136216918003,0.4177176036546963,0.5815803235621608,0,0.028653936592047166,positive,611
economic_inv,urb,江西,海南,0.0035671636287393114,0.0035671636287393114,0.4177176036546963,0.5815803235621608,0,0.028653936592047166,positive,612
economic_inv,urb,云南,甘肃,0.003552532418355918,0.003552532418355918,0.4177176036546963,0.5815803235621608,0,0.028653936592047166,positive,613
economic_inv,urb,青海,河北,0.0035419528952850164,0.0035419528952850164,0.4177176036546963,0.5815803235621608,0,0.028653936592047166,positive,614
economic_inv,urb,山西,四川,0.0035370637018081927,0.0035370637018081927,0.4177176036546963,0.5815803235621608,0,0.028653936592047166,positive,615
economic_inv,urb,青海,湖北,0.0035333577883057857,0.0035333577883057857,0.4177176036546963,0.5815803235621608,0,0.028653936592047166,positive,616
economic_inv,urb,青海,湖南,0.003521170222141888,0.003521170222141888,0.4177176036546963,0.5815803235621608,0,0.028653936592047166,positive,617
economic_inv,urb,宁夏,福建,0.0034755701370993153,0.0034755701370993153,0.4177176036546963,0.5815803235621608,0,0.028653936592047166,positive,618
economic_inv,urb,河北,上海,0.003458164963934146,0.003458164963934146,0.4177176036546963,0.5815803235621608,0,0.028653936592047166,positive,619
economic_inv,urb,上海,甘肃,0.0034290810810039883,0.0034290810810039883,0.4177176036546963,0.5815803235621608,0,0.028653936592047166,positive,620
economic_inv,urb,天津,四川,0.0034261329863106184,0.0034261329863106184,0.4177176036546963,0.5815803235621608,0,0.028653936592047166,positive,621
economic_inv,urb,四川,海南,0.0034205615310645707,0.0034205615310645707,0.4177176036546963,0.5815803235621608,0,0.028653936592047166,positive,622
economic_inv,urb,辽宁,甘肃,0.003401351759848159,0.003401351759848159,0.4177176036546963,0.5815803235621608,0,0.028653936592047166,positive,623
economic_inv,urb,江西,宁夏,0.003388134972018879,0.003388134972018879,0.4177176036546963,0.5815803235621608,0,0.028653936592047166,positive,624
economic_inv,urb,云南,北京,0.0033825468475492614,0.0033825468475492614,0.4177176036546963,0.5815803235621608,0,0.028653936592047166,positive,625
economic_inv,urb,青海,四川,0.003379169592028866,0.003379169592028866,0.4177176036546963,0.5815803235621608,0,0.028653936592047166,positive,626
economic_inv,urb,辽宁,浙江,0.0033786853117037034,0.0033786853117037034,0.4177176036546963,0.5815803235621608,0,0.028653936592047166,positive,627
economic_inv,urb,吉林,四川,0.0033655843154772012,0.0033655843154772012,0.4177176036546963,0.5815803235621608,0,0.028653936592047166,positive,628
economic_inv,urb,北京,海南,0.003347493239621411,0.003347493239621411,0.4177176036546963,0.5815803235621608,0,0.028653936592047166,positive,629
economic_inv,urb,黑龙江,北京,0.0033399419983115436,0.0033399419983115436,0.4177176036546963,0.5815803235621608,0,0.028653936592047166,positive,630
economic_inv,urb,四川,宁夏,0.0033302329808990515,0.0033302329808990515,0.4177176036546963,0.5815803235621608,0,0.028653936592047166,positive,631
economic_inv,urb,上海,浙江,0.003277838683348437,0.003277838683348437,0.4177176036546963,0.5815803235621608,0,0.028653936592047166,positive,632
economic_inv,urb,江西,青海,0.003266196608824307,0.003266196608824307,0.4177176036546963,0.5815803235621608,0,0.028653936592047166,positive,633
economic_inv,urb,四川,青海,0.0032660747662265313,0.0032660747662265313,0.4177176036546963,0.5815803235621608,0,0.028653936592047166,positive,634
economic_inv,urb,贵州,河南,0.003259203835651726,0.003259203835651726,0.4177176036546963,0.5815803235621608,0,0.028653936592047166,positive,635
economic_inv,urb,新疆,浙江,0.003254300011613481,0.003254300011613481,0.4177176036546963,0.5815803235621608,0,0.028653936592047166,positive,636
economic_inv,urb,云南,安徽,0.003243606694028092,0.003243606694028092,0.4177176036546963,0.5815803235621608,0,0.028653936592047166,positive,637
economic_inv,urb,安徽,海南,0.0032281564505407144,0.0032281564505407144,0.4177176036546963,0.5815803235621608,0,0.028653936592047166,positive,638
economic_inv,urb,北京,宁夏,0.0032214290573639036,0.0032214290573639036,0.4177176036546963,0.5815803235621608,0,0.028653936592047166,positive,639
economic_inv,urb,黑龙江,安徽,0.0032044702154032634,0.0032044702154032634,0.4177176036546963,0.5815803235621608,0,0.028653936592047166,positive,640
economic_inv,urb,北京,青海,0.0031336440830936636,0.0031336440830936636,0.4177176036546963,0.5815803235621608,0,0.028653936592047166,positive,641
economic_inv,urb,宁夏,河北,0.003125996207622202,0.003125996207622202,0.4177176036546963,0.5815803235621608,0,0.028653936592047166,positive,642
economic_inv,urb,陕西,河南,0.0031198323102966125,0.0031198323102966125,0.4177176036546963,0.5815803235621608,0,0.028653936592047166,positive,643
economic_inv,urb,宁夏,湖北,0.003118254533386685,0.003118254533386685,0.4177176036546963,0.5815803235621608,0,0.028653936592047166,positive,644
economic_inv,urb,湖北,辽宁,0.0031140282549548073,0.0031140282549548073,0.4177176036546963,0.5815803235621608,0,0.028653936592047166,positive,645
economic_inv,urb,安徽,宁夏,0.0031087174745692272,0.0031087174745692272,0.4177176036546963,0.5815803235621608,0,0.028653936592047166,positive,646
economic_inv,urb,宁夏,湖南,0.0031072784328326692,0.0031072784328326692,0.4177176036546963,0.5815803235621608,0,0.028653936592047166,positive,647
economic_inv,urb,重庆,海南,0.0030857011985326193,0.0030857011985326193,0.4177176036546963,0.5815803235621608,0,0.028653936592047166,positive,648
economic_inv,urb,内蒙古,新疆,0.0030754275169632556,0.0030754275169632556,0.4177176036546963,0.5815803235621608,0,0.028653936592047166,positive,649
economic_inv,urb,湖南,安徽,0.003047355580754749,0.003047355580754749,0.4177176036546963,0.5815803235621608,0,0.028653936592047166,positive,650
economic_inv,urb,广西,新疆,0.003041179272279056,0.003041179272279056,0.4177176036546963,0.5815803235621608,0,0.028653936592047166,positive,651
economic_inv,urb,安徽,青海,0.003025449141762081,0.003025449141762081,0.4177176036546963,0.5815803235621608,0,0.028653936592047166,positive,652
economic_inv,urb,北京,浙江,0.0030097998944621698,0.0030097998944621698,0.4177176036546963,0.5815803235621608,0,0.028653936592047166,positive,653
economic_inv,urb,安徽,浙江,0.0030064335148026707,0.0030064335148026707,0.4177176036546963,0.5815803235621608,0,0.028653936592047166,positive,654
economic_inv,urb,海南,河南,0.003003628975765443,0.003003628975765443,0.4177176036546963,0.5815803235621608,0,0.028653936592047166,positive,655
economic_inv,urb,内蒙古,上海,0.0029891410898616774,0.0029891410898616774,0.4177176036546963,0.5815803235621608,0,0.028653936592047166,positive,656
economic_inv,urb,宁夏,四川,0.0029795075436968017,0.0029795075436968017,0.4177176036546963,0.5815803235621608,0,0.028653936592047166,positive,657
economic_inv,urb,重庆,河北,0.002966970620409228,0.002966970620409228,0.4177176036546963,0.5815803235621608,0,0.028653936592047166,positive,658
economic_inv,urb,重庆,湖北,0.002952184223045566,0.002952184223045566,0.4177176036546963,0.5815803235621608,0,0.028653936592047166,positive,659
economic_inv,urb,上海,海南,0.0029507915722434253,0.0029507915722434253,0.4177176036546963,0.5815803235621608,0,0.028653936592047166,positive,660
economic_inv,urb,辽宁,海南,0.0029348187337496514,0.0029348187337496514,0.4177176036546963,0.5815803235621608,0,0.028653936592047166,positive,661
economic_inv,urb,重庆,湖南,0.002931347096297812,0.002931347096297812,0.4177176036546963,0.5815803235621608,0,0.028653936592047166,positive,662
economic_inv,urb,重庆,宁夏,0.0029161806957058306,0.0029161806957058306,0.4177176036546963,0.5815803235621608,0,0.028653936592047166,positive,663
economic_inv,urb,湖南,北京,0.0028993811815918894,0.0028993811815918894,0.4177176036546963,0.5815803235621608,0,0.028653936592047166,positive,664
economic_inv,urb,湖北,上海,0.002893381933737685,0.002893381933737685,0.4177176036546963,0.5815803235621608,0,0.028653936592047166,positive,665
economic_inv,urb,四川,山东,0.002892730828628776,0.002892730828628776,0.4177176036546963,0.5815803235621608,0,0.028653936592047166,positive,666
economic_inv,urb,广西,上海,0.002879692595925721,0.002879692595925721,0.4177176036546963,0.5815803235621608,0,0.028653936592047166,positive,667
economic_inv,urb,内蒙古,辽宁,0.002858865236468853,0.002858865236468853,0.4177176036546963,0.5815803235621608,0,0.028653936592047166,positive,668
economic_inv,urb,上海,宁夏,0.002850439727185644,0.002850439727185644,0.4177176036546963,0.5815803235621608,0,0.028653936592047166,positive,669
economic_inv,urb,辽宁,宁夏,0.0028366142046686187,0.0028366142046686187,0.4177176036546963,0.5815803235621608,0,0.028653936592047166,positive,670
economic_inv,urb,重庆,青海,0.002801685754028822,0.002801685754028822,0.4177176036546963,0.5815803235621608,0,0.028653936592047166,positive,671
economic_inv,urb,上海,青海,0.0027801086748010535,0.0027801086748010535,0.4177176036546963,0.5815803235621608,0,0.028653936592047166,positive,672
economic_inv,urb,湖南,河南,0.002771639148156804,0.002771639148156804,0.4177176036546963,0.5815803235621608,0,0.028653936592047166,positive,673
economic_inv,urb,辽宁,青海,0.0027677218246079387,0.0027677218246079387,0.4177176036546963,0.5815803235621608,0,0.028653936592047166,positive,674
economic_inv,urb,青海,河南,0.0027607305424054026,0.0027607305424054026,0.4177176036546963,0.5815803235621608,0,0.028653936592047166,positive,675
economic_inv,urb,广西,辽宁,0.0027557121163077386,0.0027557121163077386,0.4177176036546963,0.5815803235621608,0,0.028653936592047166,positive,676
economic_inv,urb,福建,山东,0.0027377970347107297,0.0027377970347107297,0.4177176036546963,0.5815803235621608,0,0.028653936592047166,positive,677
economic_inv,urb,重庆,四川,0.0026992408001492397,0.0026992408001492397,0.4177176036546963,0.5815803235621608,0,0.028653936592047166,positive,678
economic_inv,urb,云南,上海,0.002689421432646712,0.002689421432646712,0.4177176036546963,0.5815803235621608,0,0.028653936592047166,positive,679
economic_inv,urb,黑龙江,上海,0.0026626697417595486,0.0026626697417595486,0.4177176036546963,0.5815803235621608,0,0.028653936592047166,positive,680
economic_inv,urb,贵州,浙江,0.0026271054029413776,0.0026271054029413776,0.4177176036546963,0.5815803235621608,0,0.028653936592047166,positive,681
economic_inv,urb,山西,河南,0.0026250336725394834,0.0026250336725394834,0.4177176036546963,0.5815803235621608,0,0.028653936592047166,positive,682
economic_inv,urb,黑龙江,海南,0.002608952837959521,0.002608952837959521,0.4177176036546963,0.5815803235621608,0,0.028653936592047166,positive,683
economic_inv,urb,云南,辽宁,0.002599664731826172,0.002599664731826172,0.4177176036546963,0.5815803235621608,0,0.028653936592047166,positive,684
economic_inv,urb,云南,海南,0.0025814148412621088,0.0025814148412621088,0.4177176036546963,0.5815803235621608,0,0.028653936592047166,positive,685
economic_inv,urb,黑龙江,辽宁,0.002574700154337523,0.002574700154337523,0.4177176036546963,0.5815803235621608,0,0.028653936592047166,positive,686
economic_inv,urb,河北,安徽,0.002551531543946691,0.002551531543946691,0.4177176036546963,0.5815803235621608,0,0.028653936592047166,positive,687
economic_inv,urb,江西,河南,0.0025386494259909253,0.0025386494259909253,0.4177176036546963,0.5815803235621608,0,0.028653936592047166,positive,688
economic_inv,urb,海南,浙江,0.002532991495597359,0.002532991495597359,0.4177176036546963,0.5815803235621608,0,0.028653936592047166,positive,689
economic_inv,urb,吉林,河南,0.002473439893548615,0.002473439893548615,0.4177176036546963,0.5815803235621608,0,0.028653936592047166,positive,690
economic_inv,urb,黑龙江,宁夏,0.0024389546723442212,0.0024389546723442212,0.4177176036546963,0.5815803235621608,0,0.028653936592047166,positive,691
economic_inv,urb,宁夏,河南,0.00242549275156545,0.00242549275156545,0.4177176036546963,0.5815803235621608,0,0.028653936592047166,positive,692
economic_inv,urb,河北,北京,0.002424809689312628,0.002424809689312628,0.4177176036546963,0.5815803235621608,0,0.028653936592047166,positive,693
economic_inv,urb,云南,宁夏,0.0024147994087122,0.0024147994087122,0.4177176036546963,0.5815803235621608,0,0.028653936592047166,positive,694
economic_inv,urb,天津,河南,0.002414015682508234,0.002414015682508234,0.4177176036546963,0.5815803235621608,0,0.028653936592047166,positive,695
economic_inv,urb,陕西,浙江,0.002350806913625005,0.002350806913625005,0.4177176036546963,0.5815803235621608,0,0.028653936592047166,positive,696
economic_inv,urb,四川,江苏,0.0023478187696571186,0.0023478187696571186,0.4177176036546963,0.5815803235621608,0,0.028653936592047166,positive,697
economic_inv,urb,青海,浙江,0.0023416914512190768,0.0023416914512190768,0.4177176036546963,0.5815803235621608,0,0.028653936592047166,positive,698
economic_inv,urb,甘肃,山东,0.0023392675657025372,0.0023392675657025372,0.4177176036546963,0.5815803235621608,0,0.028653936592047166,positive,699
economic_inv,urb,黑龙江,青海,0.00232620271728649,0.00232620271728649,0.4177176036546963,0.5815803235621608,0,0.028653936592047166,positive,700
economic_inv,urb,内蒙古,福建,0.002316809449388712,0.002316809449388712,0.4177176036546963,0.5815803235621608,0,0.028653936592047166,positive,701
economic_inv,urb,云南,青海,0.0023041700328939384,0.0023041700328939384,0.4177176036546963,0.5815803235621608,0,0.028653936592047166,positive,702
economic_inv,urb,福建,江苏,0.0022692202424903912,0.0022692202424903912,0.4177176036546963,0.5815803235621608,0,0.028653936592047166,positive,703
economic_inv,urb,内蒙古,甘肃,0.002266195091920766,0.002266195091920766,0.4177176036546963,0.5815803235621608,0,0.028653936592047166,positive,704
economic_inv,urb,广西,福建,0.0022383725342625758,0.0022383725342625758,0.4177176036546963,0.5815803235621608,0,0.028653936592047166,positive,705
economic_inv,urb,广西,甘肃,0.002233077838718646,0.002233077838718646,0.4177176036546963,0.5815803235621608,0,0.028653936592047166,positive,706
economic_inv,urb,四川,广东,0.002227631994791374,0.002227631994791374,0.4177176036546963,0.5815803235621608,0,0.028653936592047166,positive,707
economic_inv,urb,河北,河南,0.00221905350304482,0.00221905350304482,0.4177176036546963,0.5815803235621608,0,0.028653936592047166,positive,708
economic_inv,urb,云南,福建,0.002204672725963465,0.002204672725963465,0.4177176036546963,0.5815803235621608,0,0.028653936592047166,positive,709
economic_inv,urb,黑龙江,福建,0.002186845118196578,0.002186845118196578,0.4177176036546963,0.5815803235621608,0,0.028653936592047166,positive,710
economic_inv,urb,福建,广东,0.002163180858319984,0.002163180858319984,0.4177176036546963,0.5815803235621608,0,0.028653936592047166,positive,711
economic_inv,urb,湖北,安徽,0.002142243196929572,0.002142243196929572,0.4177176036546963,0.5815803235621608,0,0.028653936592047166,positive,712
economic_inv,urb,山西,浙江,0.0020964743249542853,0.0020964743249542853,0.4177176036546963,0.5815803235621608,0,0.028653936592047166,positive,713
economic_inv,urb,新疆,山东,0.002070921244764785,0.002070921244764785,0.4177176036546963,0.5815803235621608,0,0.028653936592047166,positive,714
economic_inv,urb,甘肃,江苏,0.002066014527060328,0.002066014527060328,0.4177176036546963,0.5815803235621608,0,0.028653936592047166,positive,715
economic_inv,urb,宁夏,浙江,0.0020523563684245426,0.0020523563684245426,0.4177176036546963,0.5815803235621608,0,0.028653936592047166,positive,716
economic_inv,urb,湖北,北京,0.0020368387608025824,0.0020368387608025824,0.4177176036546963,0.5815803235621608,0,0.028653936592047166,positive,717
economic_inv,urb,甘肃,广东,0.00199913069798731,0.00199913069798731,0.4177176036546963,0.5815803235621608,0,0.028653936592047166,positive,718
economic_inv,urb,吉林,浙江,0.0019643155184002566,0.0019643155184002566,0.4177176036546963,0.5815803235621608,0,0.028653936592047166,positive,719
economic_inv,urb,江西,浙江,0.001926088288139943,0.001926088288139943,0.4177176036546963,0.5815803235621608,0,0.028653936592047166,positive,720
economic_inv,urb,湖北,河南,0.0018978273658495704,0.0018978273658495704,0.4177176036546963,0.5815803235621608,0,0.028653936592047166,positive,721
economic_inv,urb,重庆,河南,0.0018746882144252608,0.0018746882144252608,0.4177176036546963,0.5815803235621608,0,0.028653936592047166,positive,722
economic_inv,urb,天津,浙江,0.001873007239520505,0.001873007239520505,0.4177176036546963,0.5815803235621608,0,0.028653936592047166,positive,723
economic_inv,urb,内蒙古,河北,0.0018286410319945181,0.0018286410319945181,0.4177176036546963,0.5815803235621608,0,0.028653936592047166,positive,724
economic_inv,urb,内蒙古,湖北,0.0018191794175358034,0.0018191794175358034,0.4177176036546963,0.5815803235621608,0,0.028653936592047166,positive,725
economic_inv,urb,新疆,江苏,0.001818347315334156,0.001818347315334156,0.4177176036546963,0.5815803235621608,0,0.028653936592047166,positive,726
economic_inv,urb,云南,河北,0.0018161520868266363,0.0018161520868266363,0.4177176036546963,0.5815803235621608,0,0.028653936592047166,positive,727
economic_inv,urb,云南,湖北,0.0018082862037823867,0.0018082862037823867,0.4177176036546963,0.5815803235621608,0,0.028653936592047166,positive,728
economic_inv,urb,湖南,陕西,0.0018080649180802675,0.0018080649180802675,0.4177176036546963,0.5815803235621608,0,0.028653936592047166,positive,729
economic_inv,urb,内蒙古,湖南,0.0018058521706468655,0.0018058521706468655,0.4177176036546963,0.5815803235621608,0,0.028653936592047166,positive,730
economic_inv,urb,黑龙江,河北,0.0018041838666829186,0.0018041838666829186,0.4177176036546963,0.5815803235621608,0,0.028653936592047166,positive,731
economic_inv,urb,云南,湖南,0.001797183997963478,0.001797183997963478,0.4177176036546963,0.5815803235621608,0,0.028653936592047166,positive,732
economic_inv,urb,黑龙江,湖北,0.0017964246866740638,0.0017964246866740638,0.4177176036546963,0.5815803235621608,0,0.028653936592047166,positive,733
economic_inv,urb,黑龙江,湖南,0.0017854722789011244,0.0017854722789011244,0.4177176036546963,0.5815803235621608,0,0.028653936592047166,positive,734
economic_inv,urb,广西,河北,0.0017704137937172952,0.0017704137937172952,0.4177176036546963,0.5815803235621608,0,0.028653936592047166,positive,735
economic_inv,urb,内蒙古,海南,0.0017636105769886928,0.0017636105769886928,0.4177176036546963,0.5815803235621608,0,0.028653936592047166,positive,736
economic_inv,urb,广西,湖北,0.0017613246085938826,0.0017613246085938826,0.4177176036546963,0.5815803235621608,0,0.028653936592047166,positive,737
economic_inv,urb,新疆,广东,0.0017569732452243582,0.0017569732452243582,0.4177176036546963,0.5815803235621608,0,0.028653936592047166,positive,738
economic_inv,urb,广西,湖南,0.001748520704741696,0.001748520704741696,0.4177176036546963,0.5815803235621608,0,0.028653936592047166,positive,739
economic_inv,urb,广西,海南,0.001734050601541661,0.001734050601541661,0.4177176036546963,0.5815803235621608,0,0.028653936592047166,positive,740
economic_inv,urb,湖南,江西,0.001726451192032357,0.001726451192032357,0.4177176036546963,0.5815803235621608,0,0.028653936592047166,positive,741
economic_inv,urb,海南,山东,0.0016991344745661452,0.0016991344745661452,0.4177176036546963,0.5815803235621608,0,0.028653936592047166,positive,742
economic_inv,urb,云南,四川,0.001672112456986514,0.001672112456986514,0.4177176036546963,0.5815803235621608,0,0.028653936592047166,positive,743
economic_inv,urb,内蒙古,宁夏,0.0016701216217759563,0.0016701216217759563,0.4177176036546963,0.5815803235621608,0,0.028653936592047166,positive,744
economic_inv,urb,黑龙江,四川,0.001662023006532242,0.001662023006532242,0.4177176036546963,0.5815803235621608,0,0.028653936592047166,positive,745
economic_inv,urb,内蒙古,四川,0.0016578834813453197,0.0016578834813453197,0.4177176036546963,0.5815803235621608,0,0.028653936592047166,positive,746
economic_inv,urb,辽宁,山东,0.0016435449639740569,0.0016435449639740569,0.4177176036546963,0.5815803235621608,0,0.028653936592047166,positive,747
economic_inv,urb,广西,宁夏,0.0016414631914135928,0.0016414631914135928,0.4177176036546963,0.5815803235621608,0,0.028653936592047166,positive,748
economic_inv,urb,贵州,山东,0.0016343505515322855,0.0016343505515322855,0.4177176036546963,0.5815803235621608,0,0.028653936592047166,positive,749
economic_inv,urb,湖南,内蒙古,0.0016214851538209538,0.0016214851538209538,0.4177176036546963,0.5815803235621608,0,0.028653936592047166,positive,750
economic_inv,urb,上海,山东,0.00161001945066298,0.00161001945066298,0.4177176036546963,0.5815803235621608,0,0.028653936592047166,positive,751
economic_inv,urb,湖南,广西,0.0016089815662777105,0.0016089815662777105,0.4177176036546963,0.5815803235621608,0,0.028653936592047166,positive,752
economic_inv,urb,内蒙古,青海,0.0016067626872842751,0.0016067626872842751,0.4177176036546963,0.5815803235621608,0,0.028653936592047166,positive,753
economic_inv,urb,广西,四川,0.0016062645729668747,0.0016062645729668747,0.4177176036546963,0.5815803235621608,0,0.028653936592047166,positive,754
economic_inv,urb,青海,山东,0.001587162949613524,0.001587162949613524,0.4177176036546963,0.5815803235621608,0,0.028653936592047166,positive,755
economic_inv,urb,广西,青海,0.0015787578956261705,0.0015787578956261705,0.4177176036546963,0.5815803235621608,0,0.028653936592047166,positive,756
economic_inv,urb,湖南,重庆,0.001562220907301396,0.001562220907301396,0.4177176036546963,0.5815803235621608,0,0.028653936592047166,positive,757
economic_inv,urb,北京,山东,0.001557866653796144,0.001557866653796144,0.4177176036546963,0.5815803235621608,0,0.028653936592047166,positive,758
economic_inv,urb,安徽,山东,0.0015435013757353418,0.0015435013757353418,0.4177176036546963,0.5815803235621608,0,0.028653936592047166,positive,759
economic_inv,urb,湖南,浙江,0.0015157130127675105,0.0015157130127675105,0.4177176036546963,0.5815803235621608,0,0.028653936592047166,positive,760
economic_inv,urb,海南,江苏,0.001509337332454676,0.001509337332454676,0.4177176036546963,0.5815803235621608,0,0.028653936592047166,positive,761
economic_inv,urb,河北,陕西,0.0014992587497121813,0.0014992587497121813,0.4177176036546963,0.5815803235621608,0,0.028653936592047166,positive,762
economic_inv,urb,湖南,天津,0.0014832047055576248,0.0014832047055576248,0.4177176036546963,0.5815803235621608,0,0.028653936592047166,positive,763
economic_inv,urb,海南,广东,0.00146254590829583,0.00146254590829583,0.4177176036546963,0.5815803235621608,0,0.028653936592047166,positive,764
economic_inv,urb,重庆,浙江,0.0014435270717889168,0.0014435270717889168,0.4177176036546963,0.5815803235621608,0,0.028653936592047166,positive,765
economic_inv,urb,河北,江西,0.0014306740929668498,0.0014306740929668498,0.4177176036546963,0.5815803235621608,0,0.028653936592047166,positive,766
economic_inv,urb,贵州,江苏,0.0014281939667853266,0.0014281939667853266,0.4177176036546963,0.5815803235621608,0,0.028653936592047166,positive,767
economic_inv,urb,青海,江苏,0.0014132219899270259,0.0014132219899270259,0.4177176036546963,0.5815803235621608,0,0.028653936592047166,positive,768
economic_inv,urb,宁夏,山东,0.001385017427320971,0.001385017427320971,0.4177176036546963,0.5815803235621608,0,0.028653936592047166,positive,769
economic_inv,urb,贵州,广东,0.0013783949786085054,0.0013783949786085054,0.4177176036546963,0.5815803235621608,0,0.028653936592047166,positive,770
economic_inv,urb,辽宁,江苏,0.001374006292773093,0.001374006292773093,0.4177176036546963,0.5815803235621608,0,0.028653936592047166,positive,771
economic_inv,urb,青海,广东,0.0013702126135387083,0.0013702126135387083,0.4177176036546963,0.5815803235621608,0,0.028653936592047166,positive,772
economic_inv,urb,湖南,云南,0.0013589083667577934,0.0013589083667577934,0.4177176036546963,0.5815803235621608,0,0.028653936592047166,positive,773
economic_inv,urb,湖南,黑龙江,0.001349424706804009,0.001349424706804009,0.4177176036546963,0.5815803235621608,0,0.028653936592047166,positive,774
economic_inv,urb,上海,江苏,0.0013480185590655663,0.0013480185590655663,0.4177176036546963,0.5815803235621608,0,0.028653936592047166,positive,775
economic_inv,urb,河北,内蒙古,0.0013425932467264555,0.0013425932467264555,0.4177176036546963,0.5815803235621608,0,0.028653936592047166,positive,776
economic_inv,urb,河北,广西,0.0013321106198843993,0.0013321106198843993,0.4177176036546963,0.5815803235621608,0,0.028653936592047166,positive,777
economic_inv,urb,陕西,山东,0.0013266195178632868,0.0013266195178632868,0.4177176036546963,0.5815803235621608,0,0.028653936592047166,positive,778
economic_inv,urb,北京,江苏,0.0013154658290851777,0.0013154658290851777,0.4177176036546963,0.5815803235621608,0,0.028653936592047166,positive,779
economic_inv,urb,辽宁,广东,0.0013123626636586828,0.0013123626636586828,0.4177176036546963,0.5815803235621608,0,0.028653936592047166,positive,780
economic_inv,urb,安徽,江苏,0.0013015730965334083,0.0013015730965334083,0.4177176036546963,0.5815803235621608,0,0.028653936592047166,positive,781
economic_inv,urb,河北,重庆,0.0012929259813254188,0.0012929259813254188,0.4177176036546963,0.5815803235621608,0,0.028653936592047166,positive,782
economic_inv,urb,上海,广东,0.0012879872188400992,0.0012879872188400992,0.4177176036546963,0.5815803235621608,0,0.028653936592047166,positive,783
economic_inv,urb,山西,山东,0.0012856746414904227,0.0012856746414904227,0.4177176036546963,0.5815803235621608,0,0.028653936592047166,positive,784
economic_inv,urb,湖北,陕西,0.0012638658749188473,0.0012638658749188473,0.4177176036546963,0.5815803235621608,0,0.028653936592047166,positive,785
economic_inv,urb,湖南,吉林,0.001261590772761726,0.001261590772761726,0.4177176036546963,0.5815803235621608,0,0.028653936592047166,positive,786
economic_inv,urb,北京,广东,0.001259342612956629,0.001259342612956629,0.4177176036546963,0.5815803235621608,0,0.028653936592047166,positive,787
economic_inv,urb,安徽,广东,0.0012456525538176002,0.0012456525538176002,0.4177176036546963,0.5815803235621608,0,0.028653936592047166,positive,788
economic_inv,urb,宁夏,江苏,0.001231997178388015,0.001231997178388015,0.4177176036546963,0.5815803235621608,0,0.028653936592047166,positive,789
economic_inv,urb,河北,天津,0.001226776491322679,0.001226776491322679,0.4177176036546963,0.5815803235621608,0,0.028653936592047166,positive,790
economic_inv,urb,河北,浙江,0.0012251019458861822,0.0012251019458861822,0.4177176036546963,0.5815803235621608,0,0.028653936592047166,positive,791
economic_inv,urb,湖南,山西,0.0012121382425307975,0.0012121382425307975,0.4177176036546963,0.5815803235621608,0,0.028653936592047166,positive,792
economic_inv,urb,湖北,江西,0.0012063680994209402,0.0012063680994209402,0.4177176036546963,0.5815803235621608,0,0.028653936592047166,positive,793
economic_inv,urb,云南,河南,0.0012059286346933942,0.0012059286346933942,0.4177176036546963,0.5815803235621608,0,0.028653936592047166,positive,794
economic_inv,urb,黑龙江,河南,0.0012008270292134964,0.0012008270292134964,0.4177176036546963,0.5815803235621608,0,0.028653936592047166,positive,795
economic_inv,urb,吉林,山东,0.001194343014990602,0.001194343014990602,0.4177176036546963,0.5815803235621608,0,0.028653936592047166,positive,796
economic_inv,urb,宁夏,广东,0.001194207912947137,0.001194207912947137,0.4177176036546963,0.5815803235621608,0,0.028653936592047166,positive,797
economic_inv,urb,内蒙古,河南,0.0011393191332410497,0.0011393191332410497,0.4177176036546963,0.5815803235621608,0,0.028653936592047166,positive,798
economic_inv,urb,陕西,江苏,0.0011373419966366903,0.0011373419966366903,0.4177176036546963,0.5815803235621608,0,0.028653936592047166,positive,799
economic_inv,urb,湖南,贵州,0.0011341440909515804,0.0011341440909515804,0.4177176036546963,0.5815803235621608,0,0.028653936592047166,positive,800
economic_inv,urb,湖北,内蒙古,0.001132481159004697,0.001132481159004697,0.4177176036546963,0.5815803235621608,0,0.028653936592047166,positive,801
economic_inv,urb,湖北,广西,0.0011236844288165576,0.0011236844288165576,0.4177176036546963,0.5815803235621608,0,0.028653936592047166,positive,802
economic_inv,urb,河北,云南,0.0011228844312514323,0.0011228844312514323,0.4177176036546963,0.5815803235621608,0,0.028653936592047166,positive,803
economic_inv,urb,山西,江苏,0.0011201888324535094,0.0011201888324535094,0.4177176036546963,0.5815803235621608,0,0.028653936592047166,positive,804
economic_inv,urb,河北,黑龙江,0.0011149658287177393,0.0011149658287177393,0.4177176036546963,0.5815803235621608,0,0.028653936592047166,positive,805
economic_inv,urb,广西,河南,0.0011062972013661482,0.0011062972013661482,0.4177176036546963,0.5815803235621608,0,0.028653936592047166,positive,806
economic_inv,urb,天津,山东,0.0011005260675921837,0.0011005260675921837,0.4177176036546963,0.5815803235621608,0,0.028653936592047166,positive,807
economic_inv,urb,江西,山东,0.0010970259098260658,0.0010970259098260658,0.4177176036546963,0.5815803235621608,0,0.028653936592047166,positive,808
economic_inv,urb,陕西,广东,0.0010926896461861675,0.0010926896461861675,0.4177176036546963,0.5815803235621608,0,0.028653936592047166,positive,809
economic_inv,urb,湖北,重庆,0.0010907954698912625,0.0010907954698912625,0.4177176036546963,0.5815803235621608,0,0.028653936592047166,positive,810
economic_inv,urb,山西,广东,0.0010803604033702123,0.0010803604033702123,0.4177176036546963,0.5815803235621608,0,0.028653936592047166,positive,811
economic_inv,urb,湖北,浙江,0.0010437048531942324,0.0010437048531942324,0.4177176036546963,0.5815803235621608,0,0.028653936592047166,positive,812
economic_inv,urb,河北,吉林,0.001041682232839621,0.001041682232839621,0.4177176036546963,0.5815803235621608,0,0.028653936592047166,positive,813
economic_inv,urb,吉林,江苏,0.0010388028368604682,0.0010388028368604682,0.4177176036546963,0.5815803235621608,0,0.028653936592047166,positive,814
economic_inv,urb,湖北,天津,0.0010352514737915243,0.0010352514737915243,0.4177176036546963,0.5815803235621608,0,0.028653936592047166,positive,815
economic_inv,urb,湖南,新疆,0.0010216091638973386,0.0010216091638973386,0.4177176036546963,0.5815803235621608,0,0.028653936592047166,positive,816
economic_inv,urb,吉林,广东,0.0010014488360745935,0.0010014488360745935,0.4177176036546963,0.5815803235621608,0,0.028653936592047166,positive,817
economic_inv,urb,河北,山西,0.0010004658232366267,0.0010004658232366267,0.4177176036546963,0.5815803235621608,0,0.028653936592047166,positive,818
economic_inv,urb,天津,江苏,0.0009507446807050143,0.0009507446807050143,0.4177176036546963,0.5815803235621608,0,0.028653936592047166,positive,819
economic_inv,urb,湖北,云南,0.0009479588142747259,0.0009479588142747259,0.4177176036546963,0.5815803235621608,0,0.028653936592047166,positive,820
economic_inv,urb,云南,浙江,0.000947608332510422,0.000947608332510422,0.4177176036546963,0.5815803235621608,0,0.028653936592047166,positive,821
economic_inv,urb,黑龙江,浙江,0.0009445492091287037,0.0009445492091287037,0.4177176036546963,0.5815803235621608,0,0.028653936592047166,positive,822
economic_inv,urb,江西,江苏,0.0009421216080531923,0.0009421216080531923,0.4177176036546963,0.5815803235621608,0,0.028653936592047166,positive,823
economic_inv,urb,湖北,黑龙江,0.0009413025405541342,0.0009413025405541342,0.4177176036546963,0.5815803235621608,0,0.028653936592047166,positive,824
economic_inv,urb,河北,贵州,0.0009355255174946343,0.0009355255174946343,0.4177176036546963,0.5815803235621608,0,0.028653936592047166,positive,825
economic_inv,urb,天津,广东,0.0009150742235673843,0.0009150742235673843,0.4177176036546963,0.5815803235621608,0,0.028653936592047166,positive,826
economic_inv,urb,江西,广东,0.0009055006096772179,0.0009055006096772179,0.4177176036546963,0.5815803235621608,0,0.028653936592047166,positive,827
economic_inv,urb,湖南,甘肃,0.000902396622698925,0.000902396622698925,0.4177176036546963,0.5815803235621608,0,0.028653936592047166,positive,828
economic_inv,urb,湖北,吉林,0.0008796820085239474,0.0008796820085239474,0.4177176036546963,0.5815803235621608,0,0.028653936592047166,positive,829
economic_inv,urb,内蒙古,浙江,0.0008724834992366508,0.0008724834992366508,0.4177176036546963,0.5815803235621608,0,0.028653936592047166,positive,830
economic_inv,urb,广西,浙江,0.0008481646824120058,0.0008481646824120058,0.4177176036546963,0.5815803235621608,0,0.028653936592047166,positive,831
economic_inv,urb,湖北,山西,0.0008450098660374518,0.0008450098660374518,0.4177176036546963,0.5815803235621608,0,0.028653936592047166,positive,832
economic_inv,urb,河北,新疆,0.0008419638049205412,0.0008419638049205412,0.4177176036546963,0.5815803235621608,0,0.028653936592047166,positive,833
economic_inv,urb,重庆,山东,0.0008390967706580623,0.0008390967706580623,0.4177176036546963,0.5815803235621608,0,0.028653936592047166,positive,834
economic_inv,urb,湖南,海南,0.000801148119448239,0.000801148119448239,0.4177176036546963,0.5815803235621608,0,0.028653936592047166,positive,835
economic_inv,urb,湖北,贵州,0.0007903582803631962,0.0007903582803631962,0.4177176036546963,0.5815803235621608,0,0.028653936592047166,positive,836
economic_inv,urb,湖南,宁夏,0.0007790845318478377,0.0007790845318478377,0.4177176036546963,0.5815803235621608,0,0.028653936592047166,positive,837
economic_inv,urb,湖南,青海,0.0007634444411709476,0.0007634444411709476,0.4177176036546963,0.5815803235621608,0,0.028653936592047166,positive,838
economic_inv,urb,河北,甘肃,0.0007430280807595039,0.0007430280807595039,0.4177176036546963,0.5815803235621608,0,0.028653936592047166,positive,839
economic_inv,urb,重庆,江苏,0.0007233944742975971,0.0007233944742975971,0.4177176036546963,0.5815803235621608,0,0.028653936592047166,positive,840
economic_inv,urb,湖北,新疆,0.000711571688075091,0.000711571688075091,0.4177176036546963,0.5815803235621608,0,0.028653936592047166,positive,841
economic_inv,urb,重庆,广东,0.0006959105837815594,0.0006959105837815594,0.4177176036546963,0.5815803235621608,0,0.028653936592047166,positive,842
economic_inv,urb,河北,海南,0.0006591441547688741,0.0006591441547688741,0.4177176036546963,0.5815803235621608,0,0.028653936592047166,positive,843
economic_inv,urb,河北,宁夏,0.0006408820010102156,0.0006408820010102156,0.4177176036546963,0.5815803235621608,0,0.028653936592047166,positive,844
economic_inv,urb,湖北,甘肃,0.0006281977914848662,0.0006281977914848662,0.4177176036546963,0.5815803235621608,0,0.028653936592047166,positive,845
economic_inv,urb,河北,青海,0.0006279403846872455,0.0006279403846872455,0.4177176036546963,0.5815803235621608,0,0.028653936592047166,positive,846
economic_inv,urb,湖南,山东,0.0006265285287840916,0.0006265285287840916,0.4177176036546963,0.5815803235621608,0,0.028653936592047166,positive,847
economic_inv,urb,云南,山东,0.0005671230592756031,0.0005671230592756031,0.4177176036546963,0.5815803235621608,0,0.028653936592047166,positive,848
economic_inv,urb,黑龙江,山东,0.0005661314751468593,0.0005661314751468593,0.4177176036546963,0.5815803235621608,0,0.028653936592047166,positive,849
economic_inv,urb,湖北,海南,0.0005574582248229627,0.0005574582248229627,0.4177176036546963,0.5815803235621608,0,0.028653936592047166,positive,850
economic_inv,urb,湖北,宁夏,0.0005420516168134065,0.0005420516168134065,0.4177176036546963,0.5815803235621608,0,0.028653936592047166,positive,851
economic_inv,urb,湖北,青海,0.0005311322884823706,0.0005311322884823706,0.4177176036546963,0.5815803235621608,0,0.028653936592047166,positive,852
economic_inv,urb,湖南,江苏,0.0005118325278874115,0.0005118325278874115,0.4177176036546963,0.5815803235621608,0,0.028653936592047166,positive,853
economic_inv,urb,河北,山东,0.0005098469609732421,0.0005098469609732421,0.4177176036546963,0.5815803235621608,0,0.028653936592047166,positive,854
economic_inv,urb,内蒙古,山东,0.0005032967158659943,0.0005032967158659943,0.4177176036546963,0.5815803235621608,0,0.028653936592047166,positive,855
economic_inv,urb,云南,江苏,0.0004917074467070475,0.0004917074467070475,0.4177176036546963,0.5815803235621608,0,0.028653936592047166,positive,856
economic_inv,urb,黑龙江,江苏,0.0004909922029849733,0.0004909922029849733,0.4177176036546963,0.5815803235621608,0,0.028653936592047166,positive,857
economic_inv,urb,广西,山东,0.0004900439085961955,0.0004900439085961955,0.4177176036546963,0.5815803235621608,0,0.028653936592047166,positive,858
economic_inv,urb,湖南,广东,0.0004863327844511833,0.0004863327844511833,0.4177176036546963,0.5815803235621608,0,0.028653936592047166,positive,859
economic_inv,urb,云南,广东,0.0004736668144041963,0.0004736668144041963,0.4177176036546963,0.5815803235621608,0,0.028653936592047166,positive,860
economic_inv,urb,黑龙江,广东,0.00047301111889493845,0.00047301111889493845,0.4177176036546963,0.5815803235621608,0,0.028653936592047166,positive,861
economic_inv,urb,内蒙古,江苏,0.0004332659356917615,0.0004332659356917615,0.4177176036546963,0.5815803235621608,0,0.028653936592047166,positive,862
economic_inv,urb,湖北,山东,0.00043314958649726294,0.00043314958649726294,0.4177176036546963,0.5815803235621608,0,0.028653936592047166,positive,863
economic_inv,urb,广西,江苏,0.000421984074339022,0.000421984074339022,0.4177176036546963,0.5815803235621608,0,0.028653936592047166,positive,864
economic_inv,urb,河北,江苏,0.00041687709694523994,0.00041687709694523994,0.4177176036546963,0.5815803235621608,0,0.028653936592047166,positive,865
economic_inv,urb,内蒙古,广东,0.00041666080286698596,0.00041666080286698596,0.4177176036546963,0.5815803235621608,0,0.028653936592047166,positive,866
economic_inv,urb,广西,广东,0.0004058402705597658,0.0004058402705597658,0.4177176036546963,0.5815803235621608,0,0.028653936592047166,positive,867
economic_inv,urb,河北,广东,0.0003961854199973446,0.0003961854199973446,0.4177176036546963,0.5815803235621608,0,0.028653936592047166,positive,868
economic_inv,urb,湖北,江苏,0.0003540376188249503,0.0003540376188249503,0.4177176036546963,0.5815803235621608,0,0.028653936592047166,positive,869
economic_inv,urb,湖北,广东,0.0003364379652487209,0.0003364379652487209,0.4177176036546963,0.5815803235621608,0,0.028653936592047166,positive,870
