variable,label,vif,tolerance,judge
ind,产业结构 ind,1.4019019803586341,0.7133166326965172,可接受
es,能源结构 es,2.340544024019596,0.427251096214214,可接受
rd,研发投入 rd,3.4647101353945358,0.28862443347980893,可接受
urb,城镇化率 urb,3.9360257911200094,0.2540633758691522,可接受
lntl,夜间灯光 lntl,5.484731630957302,0.1823243263819383,需关注
open,对外开放度 open,7.130633440619111,0.1402399952721698,需关注
